cliente_id,nombre,email,ciudad,fecha_alta
1,Cliente00001,cliente00001@example.com,Santa Fe,2021-04-28
2,Cliente00002,cliente00002@example.com,Tucumán,2020-07-22
3,Cliente00003,cliente00003@example.com,Tucumán,2023-01-20
4,Cliente00004,cliente00004@example.com,Tucumán,2020-05-04
5,Cliente00005,cliente00005@example.com,Neuquén,2021-07-19
6,Cliente00006,cliente00006@example.com,Mendoza,2020-09-07
7,Cliente00007,cliente00007@example.com,Santa Fe,2020-07-06
8,Cliente00008,cliente00008@example.com,Mendoza,2023-08-07
9,Cliente00009,cliente00009@example.com,San Luis,2020-02-13
10,Cliente00010,cliente00010@example.com,CABA,2021-11-14
11,Cliente00011,cliente00011@example.com,Mendoza,2020-09-14
12,Cliente00012,cliente00012@example.com,San Luis,2021-02-24
13,Cliente00013,cliente00013@example.com,Córdoba,2023-02-09
14,Cliente00014,cliente00014@example.com,Mendoza,2023-04-15
15,Cliente00015,cliente00015@example.com,Mendoza,2021-04-22
16,Cliente00016,cliente00016@example.com,Tucumán,2020-10-29
17,Cliente00017,cliente00017@example.com,San Luis,2020-01-06
18,Cliente00018,cliente00018@example.com,Salta,2020-10-23
19,Cliente00019,cliente00019@example.com,Rosario,2023-01-11
20,Cliente00020,cliente00020@example.com,Salta,2020-12-23
21,Cliente00021,cliente00021@example.com,Córdoba,2023-09-15
22,Cliente00022,cliente00022@example.com,CABA,2020-09-26
23,Cliente00023,cliente00023@example.com,CABA,2022-01-03
24,Cliente00024,cliente00024@example.com,Mendoza,2023-04-20
25,Cliente00025,cliente00025@example.com,Tucumán,2020-02-02
26,Cliente00026,cliente00026@example.com,Rosario,2021-06-27
27,Cliente00027,cliente00027@example.com,CABA,2020-09-16
28,Cliente00028,cliente00028@example.com,Neuquén,2022-12-13
29,Cliente00029,cliente00029@example.com,Córdoba,2020-05-10
30,Cliente00030,cliente00030@example.com,Santa Fe,2022-07-07
31,Cliente00031,cliente00031@example.com,Tucumán,2022-11-17
32,Cliente00032,cliente00032@example.com,San Luis,2020-08-11
33,Cliente00033,cliente00033@example.com,Santa Fe,2022-10-28
34,Cliente00034,cliente00034@example.com,Mendoza,2023-06-13
35,Cliente00035,cliente00035@example.com,CABA,2023-09-11
36,Cliente00036,cliente00036@example.com,Chubut,2021-09-09
37,Cliente00037,cliente00037@example.com,Santa Fe,2023-08-10
38,Cliente00038,cliente00038@example.com,CABA,2020-05-04
39,Cliente00039,cliente00039@example.com,Santa Fe,2022-04-02
40,Cliente00040,cliente00040@example.com,Neuquén,2023-11-06
41,Cliente00041,cliente00041@example.com,Córdoba,2022-10-01
42,Cliente00042,cliente00042@example.com,Santa Fe,2020-05-30
43,Cliente00043,cliente00043@example.com,Córdoba,2021-10-21
44,Cliente00044,cliente00044@example.com,San Luis,2020-10-30
45,Cliente00045,cliente00045@example.com,Córdoba,2020-09-15
46,Cliente00046,cliente00046@example.com,Salta,2023-07-02
47,Cliente00047,cliente00047@example.com,San Luis,2023-01-28
48,Cliente00048,cliente00048@example.com,Tucumán,2022-02-19
49,Cliente00049,cliente00049@example.com,San Luis,2022-12-22
50,Cliente00050,cliente00050@example.com,Salta,2022-07-18
51,Cliente00051,cliente00051@example.com,Chubut,2023-05-24
52,Cliente00052,cliente00052@example.com,Neuquén,2020-07-22
53,Cliente00053,cliente00053@example.com,Córdoba,2023-09-02
54,Cliente00054,cliente00054@example.com,Chubut,2021-03-16
55,Cliente00055,cliente00055@example.com,Neuquén,2022-07-13
56,Cliente00056,cliente00056@example.com,Mendoza,2022-04-27
57,Cliente00057,cliente00057@example.com,Tucumán,2022-07-17
58,Cliente00058,cliente00058@example.com,Neuquén,2022-05-01
59,Cliente00059,cliente00059@example.com,Córdoba,2021-10-02
60,Cliente00060,cliente00060@example.com,Neuquén,2021-10-02
61,Cliente00061,cliente00061@example.com,Salta,2022-02-05
62,Cliente00062,cliente00062@example.com,Rosario,2023-11-07
63,Cliente00063,cliente00063@example.com,Santa Fe,2020-05-17
64,Cliente00064,cliente00064@example.com,Córdoba,2020-06-23
65,Cliente00065,cliente00065@example.com,Córdoba,2022-06-03
66,Cliente00066,cliente00066@example.com,Córdoba,2022-02-02
67,Cliente00067,cliente00067@example.com,Rosario,2023-02-13
68,Cliente00068,cliente00068@example.com,CABA,2023-04-16
69,Cliente00069,cliente00069@example.com,Chubut,2023-02-24
70,Cliente00070,cliente00070@example.com,Tucumán,2023-10-04
71,Cliente00071,cliente00071@example.com,Córdoba,2022-04-21
72,Cliente00072,cliente00072@example.com,Tucumán,2023-09-24
73,Cliente00073,cliente00073@example.com,Neuquén,2020-04-15
74,Cliente00074,cliente00074@example.com,Salta,2023-05-14
75,Cliente00075,cliente00075@example.com,Salta,2021-12-21
76,Cliente00076,cliente00076@example.com,Córdoba,2023-03-29
77,Cliente00077,cliente00077@example.com,Chubut,2021-03-11
78,Cliente00078,cliente00078@example.com,Rosario,2023-09-06
79,Cliente00079,cliente00079@example.com,Santa Fe,2021-04-04
80,Cliente00080,cliente00080@example.com,Córdoba,2021-12-18
81,Cliente00081,cliente00081@example.com,Chubut,2022-01-22
82,Cliente00082,cliente00082@example.com,Córdoba,2021-07-24
83,Cliente00083,cliente00083@example.com,San Luis,2021-04-08
84,Cliente00084,cliente00084@example.com,Neuquén,2023-02-22
85,Cliente00085,cliente00085@example.com,San Luis,2023-06-10
86,Cliente00086,cliente00086@example.com,Chubut,2020-02-23
87,Cliente00087,cliente00087@example.com,San Luis,2023-09-09
88,Cliente00088,cliente00088@example.com,Salta,2020-02-29
89,Cliente00089,cliente00089@example.com,Rosario,2021-07-13
90,Cliente00090,cliente00090@example.com,Salta,2021-11-26
91,Cliente00091,cliente00091@example.com,Tucumán,2020-01-13
92,Cliente00092,cliente00092@example.com,Rosario,2020-10-20
93,Cliente00093,cliente00093@example.com,San Luis,2023-09-08
94,Cliente00094,cliente00094@example.com,Neuquén,2020-05-22
95,Cliente00095,cliente00095@example.com,Rosario,2023-07-20
96,Cliente00096,cliente00096@example.com,CABA,2020-07-06
97,Cliente00097,cliente00097@example.com,Chubut,2021-03-16
98,Cliente00098,cliente00098@example.com,Neuquén,2022-05-09
99,Cliente00099,cliente00099@example.com,Santa Fe,2021-11-29
100,Cliente00100,cliente00100@example.com,Rosario,2022-01-27
101,Cliente00101,cliente00101@example.com,Salta,2021-10-26
102,Cliente00102,cliente00102@example.com,San Luis,2023-05-06
103,Cliente00103,cliente00103@example.com,Córdoba,2020-04-17
104,Cliente00104,cliente00104@example.com,Rosario,2020-11-18
105,Cliente00105,cliente00105@example.com,San Luis,2020-04-11
106,Cliente00106,cliente00106@example.com,Córdoba,2021-07-11
107,Cliente00107,cliente00107@example.com,Santa Fe,2023-09-17
108,Cliente00108,cliente00108@example.com,Neuquén,2022-09-21
109,Cliente00109,cliente00109@example.com,San Luis,2022-06-24
110,Cliente00110,cliente00110@example.com,Neuquén,2021-07-13
111,Cliente00111,cliente00111@example.com,Mendoza,2022-11-15
112,Cliente00112,cliente00112@example.com,Córdoba,2021-12-07
113,Cliente00113,cliente00113@example.com,Neuquén,2020-08-15
114,Cliente00114,cliente00114@example.com,Salta,2023-10-20
115,Cliente00115,cliente00115@example.com,San Luis,2022-09-23
116,Cliente00116,cliente00116@example.com,Chubut,2023-09-28
117,Cliente00117,cliente00117@example.com,Salta,2020-04-03
118,Cliente00118,cliente00118@example.com,Mendoza,2022-03-20
119,Cliente00119,cliente00119@example.com,San Luis,2020-04-22
120,Cliente00120,cliente00120@example.com,CABA,2021-02-22
121,Cliente00121,cliente00121@example.com,Salta,2021-03-08
122,Cliente00122,cliente00122@example.com,Rosario,2021-06-07
123,Cliente00123,cliente00123@example.com,Salta,2021-11-02
124,Cliente00124,cliente00124@example.com,Córdoba,2020-01-16
125,Cliente00125,cliente00125@example.com,Santa Fe,2022-05-31
126,Cliente00126,cliente00126@example.com,Rosario,2020-09-21
127,Cliente00127,cliente00127@example.com,Neuquén,2022-12-26
128,Cliente00128,cliente00128@example.com,Mendoza,2022-10-21
129,Cliente00129,cliente00129@example.com,Chubut,2023-09-30
130,Cliente00130,cliente00130@example.com,Tucumán,2020-05-27
131,Cliente00131,cliente00131@example.com,Neuquén,2020-03-27
132,Cliente00132,cliente00132@example.com,Neuquén,2020-02-08
133,Cliente00133,cliente00133@example.com,Santa Fe,2020-06-08
134,Cliente00134,cliente00134@example.com,Tucumán,2023-03-25
135,Cliente00135,cliente00135@example.com,Neuquén,2023-03-20
136,Cliente00136,cliente00136@example.com,Neuquén,2023-12-24
137,Cliente00137,cliente00137@example.com,Neuquén,2021-08-15
138,Cliente00138,cliente00138@example.com,Córdoba,2022-04-09
139,Cliente00139,cliente00139@example.com,CABA,2021-10-27
140,Cliente00140,cliente00140@example.com,Rosario,2023-06-19
141,Cliente00141,cliente00141@example.com,Santa Fe,2023-11-13
142,Cliente00142,cliente00142@example.com,Tucumán,2020-06-29
143,Cliente00143,cliente00143@example.com,Neuquén,2020-08-04
144,Cliente00144,cliente00144@example.com,Mendoza,2022-06-11
145,Cliente00145,cliente00145@example.com,San Luis,2022-03-31
146,Cliente00146,cliente00146@example.com,Chubut,2020-06-10
147,Cliente00147,cliente00147@example.com,Neuquén,2021-09-27
148,Cliente00148,cliente00148@example.com,Tucumán,2021-03-29
149,Cliente00149,cliente00149@example.com,Tucumán,2020-12-10
150,Cliente00150,cliente00150@example.com,Córdoba,2022-11-11
151,Cliente00151,cliente00151@example.com,Córdoba,2022-12-22
152,Cliente00152,cliente00152@example.com,Chubut,2021-02-01
153,Cliente00153,cliente00153@example.com,Tucumán,2021-12-20
154,Cliente00154,cliente00154@example.com,Rosario,2021-04-28
155,Cliente00155,cliente00155@example.com,Córdoba,2020-10-26
156,Cliente00156,cliente00156@example.com,Salta,2021-02-08
157,Cliente00157,cliente00157@example.com,Rosario,2023-05-18
158,Cliente00158,cliente00158@example.com,Rosario,2023-09-04
159,Cliente00159,cliente00159@example.com,Córdoba,2020-12-28
160,Cliente00160,cliente00160@example.com,Santa Fe,2022-08-08
161,Cliente00161,cliente00161@example.com,San Luis,2023-04-01
162,Cliente00162,cliente00162@example.com,Santa Fe,2023-10-26
163,Cliente00163,cliente00163@example.com,San Luis,2023-08-09
164,Cliente00164,cliente00164@example.com,San Luis,2021-10-23
165,Cliente00165,cliente00165@example.com,Tucumán,2020-11-05
166,Cliente00166,cliente00166@example.com,Santa Fe,2020-05-19
167,Cliente00167,cliente00167@example.com,Santa Fe,2022-06-24
168,Cliente00168,cliente00168@example.com,Salta,2021-07-16
169,Cliente00169,cliente00169@example.com,San Luis,2020-04-25
170,Cliente00170,cliente00170@example.com,Tucumán,2022-11-05
171,Cliente00171,cliente00171@example.com,Córdoba,2021-09-27
172,Cliente00172,cliente00172@example.com,Santa Fe,2022-07-14
173,Cliente00173,cliente00173@example.com,CABA,2020-04-26
174,Cliente00174,cliente00174@example.com,Tucumán,2021-08-10
175,Cliente00175,cliente00175@example.com,Córdoba,2023-08-13
176,Cliente00176,cliente00176@example.com,Córdoba,2023-06-13
177,Cliente00177,cliente00177@example.com,San Luis,2022-11-04
178,Cliente00178,cliente00178@example.com,Neuquén,2022-08-05
179,Cliente00179,cliente00179@example.com,San Luis,2023-02-09
180,Cliente00180,cliente00180@example.com,CABA,2022-07-10
181,Cliente00181,cliente00181@example.com,San Luis,2023-08-27
182,Cliente00182,cliente00182@example.com,Mendoza,2021-10-20
183,Cliente00183,cliente00183@example.com,San Luis,2022-09-01
184,Cliente00184,cliente00184@example.com,Chubut,2020-11-04
185,Cliente00185,cliente00185@example.com,CABA,2022-07-11
186,Cliente00186,cliente00186@example.com,Córdoba,2021-12-04
187,Cliente00187,cliente00187@example.com,Córdoba,2022-10-30
188,Cliente00188,cliente00188@example.com,Rosario,2020-03-21
189,Cliente00189,cliente00189@example.com,Mendoza,2023-12-20
190,Cliente00190,cliente00190@example.com,Santa Fe,2022-06-18
191,Cliente00191,cliente00191@example.com,Chubut,2022-12-06
192,Cliente00192,cliente00192@example.com,San Luis,2020-11-21
193,Cliente00193,cliente00193@example.com,Tucumán,2022-02-02
194,Cliente00194,cliente00194@example.com,Salta,2022-03-04
195,Cliente00195,cliente00195@example.com,Neuquén,2021-11-23
196,Cliente00196,cliente00196@example.com,San Luis,2020-04-17
197,Cliente00197,cliente00197@example.com,Tucumán,2020-05-14
198,Cliente00198,cliente00198@example.com,Tucumán,2020-07-12
199,Cliente00199,cliente00199@example.com,Chubut,2023-10-21
200,Cliente00200,cliente00200@example.com,Neuquén,2021-08-04
201,Cliente00201,cliente00201@example.com,Salta,2023-09-06
202,Cliente00202,cliente00202@example.com,San Luis,2020-11-03
203,Cliente00203,cliente00203@example.com,Tucumán,2020-06-15
204,Cliente00204,cliente00204@example.com,San Luis,2023-09-21
205,Cliente00205,cliente00205@example.com,Rosario,2021-12-17
206,Cliente00206,cliente00206@example.com,Salta,2023-09-05
207,Cliente00207,cliente00207@example.com,Neuquén,2020-09-21
208,Cliente00208,cliente00208@example.com,San Luis,2023-12-22
209,Cliente00209,cliente00209@example.com,Córdoba,2021-09-26
210,Cliente00210,cliente00210@example.com,Chubut,2022-02-10
211,Cliente00211,cliente00211@example.com,Tucumán,2020-09-18
212,Cliente00212,cliente00212@example.com,Chubut,2020-07-10
213,Cliente00213,cliente00213@example.com,Neuquén,2022-11-07
214,Cliente00214,cliente00214@example.com,Tucumán,2020-02-07
215,Cliente00215,cliente00215@example.com,Tucumán,2021-09-24
216,Cliente00216,cliente00216@example.com,Rosario,2021-03-14
217,Cliente00217,cliente00217@example.com,Tucumán,2022-09-22
218,Cliente00218,cliente00218@example.com,Mendoza,2021-04-08
219,Cliente00219,cliente00219@example.com,Rosario,2020-11-13
220,Cliente00220,cliente00220@example.com,Córdoba,2021-08-28
221,Cliente00221,cliente00221@example.com,Córdoba,2022-11-05
222,Cliente00222,cliente00222@example.com,Chubut,2022-12-14
223,Cliente00223,cliente00223@example.com,CABA,2023-09-17
224,Cliente00224,cliente00224@example.com,Tucumán,2023-06-19
225,Cliente00225,cliente00225@example.com,Rosario,2023-05-08
226,Cliente00226,cliente00226@example.com,Neuquén,2020-11-11
227,Cliente00227,cliente00227@example.com,Rosario,2021-01-05
228,Cliente00228,cliente00228@example.com,San Luis,2020-12-05
229,Cliente00229,cliente00229@example.com,Santa Fe,2020-03-30
230,Cliente00230,cliente00230@example.com,Neuquén,2022-01-16
231,Cliente00231,cliente00231@example.com,Mendoza,2022-06-28
232,Cliente00232,cliente00232@example.com,San Luis,2021-08-06
233,Cliente00233,cliente00233@example.com,Santa Fe,2021-04-24
234,Cliente00234,cliente00234@example.com,Chubut,2021-05-04
235,Cliente00235,cliente00235@example.com,Salta,2022-08-18
236,Cliente00236,cliente00236@example.com,Mendoza,2022-01-23
237,Cliente00237,cliente00237@example.com,San Luis,2022-06-21
238,Cliente00238,cliente00238@example.com,Santa Fe,2021-07-31
239,Cliente00239,cliente00239@example.com,Neuquén,2022-10-26
240,Cliente00240,cliente00240@example.com,Chubut,2022-05-07
241,Cliente00241,cliente00241@example.com,Rosario,2021-02-12
242,Cliente00242,cliente00242@example.com,San Luis,2020-10-10
243,Cliente00243,cliente00243@example.com,Salta,2020-04-16
244,Cliente00244,cliente00244@example.com,Santa Fe,2022-01-30
245,Cliente00245,cliente00245@example.com,Chubut,2020-07-29
246,Cliente00246,cliente00246@example.com,Chubut,2020-09-12
247,Cliente00247,cliente00247@example.com,Salta,2020-06-20
248,Cliente00248,cliente00248@example.com,Rosario,2021-07-12
249,Cliente00249,cliente00249@example.com,Santa Fe,2022-11-17
250,Cliente00250,cliente00250@example.com,Rosario,2022-06-14
251,Cliente00251,cliente00251@example.com,Córdoba,2021-03-30
252,Cliente00252,cliente00252@example.com,Santa Fe,2021-12-16
253,Cliente00253,cliente00253@example.com,CABA,2022-04-29
254,Cliente00254,cliente00254@example.com,CABA,2022-03-22
255,Cliente00255,cliente00255@example.com,Chubut,2022-02-04
256,Cliente00256,cliente00256@example.com,Mendoza,2022-03-01
257,Cliente00257,cliente00257@example.com,Córdoba,2022-02-06
258,Cliente00258,cliente00258@example.com,Mendoza,2020-02-27
259,Cliente00259,cliente00259@example.com,Tucumán,2020-07-21
260,Cliente00260,cliente00260@example.com,Tucumán,2020-10-26
261,Cliente00261,cliente00261@example.com,Rosario,2020-03-19
262,Cliente00262,cliente00262@example.com,Salta,2022-08-25
263,Cliente00263,cliente00263@example.com,Rosario,2023-12-15
264,Cliente00264,cliente00264@example.com,Santa Fe,2022-07-07
265,Cliente00265,cliente00265@example.com,San Luis,2020-01-11
266,Cliente00266,cliente00266@example.com,Córdoba,2020-02-08
267,Cliente00267,cliente00267@example.com,Salta,2021-03-17
268,Cliente00268,cliente00268@example.com,Rosario,2023-01-28
269,Cliente00269,cliente00269@example.com,San Luis,2022-12-16
270,Cliente00270,cliente00270@example.com,Neuquén,2020-08-15
271,Cliente00271,cliente00271@example.com,Salta,2021-05-01
272,Cliente00272,cliente00272@example.com,Salta,2020-09-06
273,Cliente00273,cliente00273@example.com,CABA,2021-05-03
274,Cliente00274,cliente00274@example.com,Neuquén,2023-08-01
275,Cliente00275,cliente00275@example.com,San Luis,2022-07-25
276,Cliente00276,cliente00276@example.com,Córdoba,2020-08-15
277,Cliente00277,cliente00277@example.com,Santa Fe,2023-05-07
278,Cliente00278,cliente00278@example.com,Chubut,2020-02-03
279,Cliente00279,cliente00279@example.com,Chubut,2023-03-23
280,Cliente00280,cliente00280@example.com,Mendoza,2020-10-21
281,Cliente00281,cliente00281@example.com,Salta,2022-05-29
282,Cliente00282,cliente00282@example.com,CABA,2023-06-13
283,Cliente00283,cliente00283@example.com,Tucumán,2021-05-07
284,Cliente00284,cliente00284@example.com,San Luis,2022-05-03
285,Cliente00285,cliente00285@example.com,Rosario,2023-09-22
286,Cliente00286,cliente00286@example.com,Córdoba,2022-12-08
287,Cliente00287,cliente00287@example.com,Tucumán,2020-05-18
288,Cliente00288,cliente00288@example.com,Chubut,2023-01-19
289,Cliente00289,cliente00289@example.com,Chubut,2022-11-05
290,Cliente00290,cliente00290@example.com,Chubut,2020-02-11
291,Cliente00291,cliente00291@example.com,Neuquén,2022-08-20
292,Cliente00292,cliente00292@example.com,CABA,2023-07-25
293,Cliente00293,cliente00293@example.com,Neuquén,2022-02-03
294,Cliente00294,cliente00294@example.com,Salta,2020-02-03
295,Cliente00295,cliente00295@example.com,Tucumán,2020-05-18
296,Cliente00296,cliente00296@example.com,Tucumán,2021-05-08
297,Cliente00297,cliente00297@example.com,Córdoba,2023-04-06
298,Cliente00298,cliente00298@example.com,Tucumán,2020-09-30
299,Cliente00299,cliente00299@example.com,CABA,2021-12-22
300,Cliente00300,cliente00300@example.com,Chubut,2021-11-24
301,Cliente00301,cliente00301@example.com,Rosario,2023-11-03
302,Cliente00302,cliente00302@example.com,Santa Fe,2023-11-25
303,Cliente00303,cliente00303@example.com,Santa Fe,2023-07-17
304,Cliente00304,cliente00304@example.com,Rosario,2020-10-03
305,Cliente00305,cliente00305@example.com,Córdoba,2022-07-26
306,Cliente00306,cliente00306@example.com,CABA,2021-08-23
307,Cliente00307,cliente00307@example.com,Mendoza,2020-03-30
308,Cliente00308,cliente00308@example.com,Mendoza,2020-03-26
309,Cliente00309,cliente00309@example.com,Tucumán,2021-09-27
310,Cliente00310,cliente00310@example.com,Chubut,2022-03-26
311,Cliente00311,cliente00311@example.com,Chubut,2022-08-27
312,Cliente00312,cliente00312@example.com,Salta,2020-03-15
313,Cliente00313,cliente00313@example.com,Mendoza,2021-08-08
314,Cliente00314,cliente00314@example.com,Tucumán,2020-04-07
315,Cliente00315,cliente00315@example.com,Tucumán,2021-07-13
316,Cliente00316,cliente00316@example.com,Córdoba,2022-01-23
317,Cliente00317,cliente00317@example.com,Neuquén,2022-03-30
318,Cliente00318,cliente00318@example.com,Santa Fe,2022-03-02
319,Cliente00319,cliente00319@example.com,Tucumán,2021-01-17
320,Cliente00320,cliente00320@example.com,Santa Fe,2023-11-18
321,Cliente00321,cliente00321@example.com,Santa Fe,2022-01-22
322,Cliente00322,cliente00322@example.com,Chubut,2021-06-30
323,Cliente00323,cliente00323@example.com,Córdoba,2022-05-19
324,Cliente00324,cliente00324@example.com,Córdoba,2022-05-31
325,Cliente00325,cliente00325@example.com,San Luis,2021-01-04
326,Cliente00326,cliente00326@example.com,Chubut,2021-08-24
327,Cliente00327,cliente00327@example.com,Tucumán,2020-07-29
328,Cliente00328,cliente00328@example.com,Córdoba,2021-11-02
329,Cliente00329,cliente00329@example.com,Salta,2021-09-19
330,Cliente00330,cliente00330@example.com,Santa Fe,2023-05-19
331,Cliente00331,cliente00331@example.com,Neuquén,2020-12-07
332,Cliente00332,cliente00332@example.com,Santa Fe,2021-12-20
333,Cliente00333,cliente00333@example.com,Santa Fe,2020-03-27
334,Cliente00334,cliente00334@example.com,Tucumán,2023-06-13
335,Cliente00335,cliente00335@example.com,Neuquén,2021-07-16
336,Cliente00336,cliente00336@example.com,CABA,2020-06-02
337,Cliente00337,cliente00337@example.com,Neuquén,2022-01-14
338,Cliente00338,cliente00338@example.com,Chubut,2023-10-23
339,Cliente00339,cliente00339@example.com,Rosario,2020-03-04
340,Cliente00340,cliente00340@example.com,Rosario,2023-05-29
341,Cliente00341,cliente00341@example.com,Santa Fe,2020-03-12
342,Cliente00342,cliente00342@example.com,Rosario,2020-05-17
343,Cliente00343,cliente00343@example.com,Mendoza,2023-08-14
344,Cliente00344,cliente00344@example.com,Tucumán,2022-01-11
345,Cliente00345,cliente00345@example.com,Neuquén,2023-03-07
346,Cliente00346,cliente00346@example.com,CABA,2023-05-24
347,Cliente00347,cliente00347@example.com,Rosario,2023-10-22
348,Cliente00348,cliente00348@example.com,Santa Fe,2022-01-29
349,Cliente00349,cliente00349@example.com,Tucumán,2022-06-28
350,Cliente00350,cliente00350@example.com,Córdoba,2023-03-21
351,Cliente00351,cliente00351@example.com,Rosario,2022-12-20
352,Cliente00352,cliente00352@example.com,Tucumán,2022-03-26
353,Cliente00353,cliente00353@example.com,Tucumán,2023-08-23
354,Cliente00354,cliente00354@example.com,Salta,2021-05-26
355,Cliente00355,cliente00355@example.com,Córdoba,2020-02-23
356,Cliente00356,cliente00356@example.com,Rosario,2022-10-19
357,Cliente00357,cliente00357@example.com,Chubut,2022-03-03
358,Cliente00358,cliente00358@example.com,Chubut,2020-08-29
359,Cliente00359,cliente00359@example.com,Salta,2021-06-17
360,Cliente00360,cliente00360@example.com,Santa Fe,2021-03-15
361,Cliente00361,cliente00361@example.com,San Luis,2021-08-07
362,Cliente00362,cliente00362@example.com,Santa Fe,2021-02-13
363,Cliente00363,cliente00363@example.com,Córdoba,2020-10-04
364,Cliente00364,cliente00364@example.com,Córdoba,2022-07-14
365,Cliente00365,cliente00365@example.com,Rosario,2023-12-31
366,Cliente00366,cliente00366@example.com,Santa Fe,2020-06-28
367,Cliente00367,cliente00367@example.com,Tucumán,2023-09-29
368,Cliente00368,cliente00368@example.com,Tucumán,2023-12-24
369,Cliente00369,cliente00369@example.com,Córdoba,2023-01-31
370,Cliente00370,cliente00370@example.com,Chubut,2021-08-17
371,Cliente00371,cliente00371@example.com,Salta,2020-11-18
372,Cliente00372,cliente00372@example.com,Rosario,2022-01-10
373,Cliente00373,cliente00373@example.com,Chubut,2021-04-04
374,Cliente00374,cliente00374@example.com,Córdoba,2021-02-15
375,Cliente00375,cliente00375@example.com,Rosario,2021-04-29
376,Cliente00376,cliente00376@example.com,Santa Fe,2020-02-23
377,Cliente00377,cliente00377@example.com,Tucumán,2023-02-08
378,Cliente00378,cliente00378@example.com,San Luis,2022-01-25
379,Cliente00379,cliente00379@example.com,Santa Fe,2023-02-03
380,Cliente00380,cliente00380@example.com,Rosario,2023-06-07
381,Cliente00381,cliente00381@example.com,Córdoba,2020-05-14
382,Cliente00382,cliente00382@example.com,Salta,2022-03-26
383,Cliente00383,cliente00383@example.com,Santa Fe,2022-12-12
384,Cliente00384,cliente00384@example.com,Neuquén,2022-04-18
385,Cliente00385,cliente00385@example.com,San Luis,2020-05-31
386,Cliente00386,cliente00386@example.com,Rosario,2021-10-11
387,Cliente00387,cliente00387@example.com,Córdoba,2022-07-10
388,Cliente00388,cliente00388@example.com,Santa Fe,2023-10-24
389,Cliente00389,cliente00389@example.com,Chubut,2021-12-06
390,Cliente00390,cliente00390@example.com,Rosario,2023-02-03
391,Cliente00391,cliente00391@example.com,San Luis,2021-01-07
392,Cliente00392,cliente00392@example.com,Rosario,2022-06-05
393,Cliente00393,cliente00393@example.com,Chubut,2020-04-23
394,Cliente00394,cliente00394@example.com,Córdoba,2022-11-27
395,Cliente00395,cliente00395@example.com,Rosario,2021-09-14
396,Cliente00396,cliente00396@example.com,Rosario,2020-11-27
397,Cliente00397,cliente00397@example.com,Tucumán,2023-12-23
398,Cliente00398,cliente00398@example.com,Mendoza,2021-12-09
399,Cliente00399,cliente00399@example.com,Chubut,2021-08-04
400,Cliente00400,cliente00400@example.com,Córdoba,2021-05-28
401,Cliente00401,cliente00401@example.com,Mendoza,2023-07-24
402,Cliente00402,cliente00402@example.com,Chubut,2021-07-16
403,Cliente00403,cliente00403@example.com,Rosario,2023-07-04
404,Cliente00404,cliente00404@example.com,Salta,2023-06-12
405,Cliente00405,cliente00405@example.com,Chubut,2020-07-10
406,Cliente00406,cliente00406@example.com,Chubut,2023-08-05
407,Cliente00407,cliente00407@example.com,Rosario,2023-04-27
408,Cliente00408,cliente00408@example.com,San Luis,2020-11-11
409,Cliente00409,cliente00409@example.com,Rosario,2023-09-11
410,Cliente00410,cliente00410@example.com,San Luis,2023-05-24
411,Cliente00411,cliente00411@example.com,Tucumán,2023-02-28
412,Cliente00412,cliente00412@example.com,CABA,2020-02-28
413,Cliente00413,cliente00413@example.com,Córdoba,2020-04-03
414,Cliente00414,cliente00414@example.com,San Luis,2021-06-26
415,Cliente00415,cliente00415@example.com,Mendoza,2023-03-17
416,Cliente00416,cliente00416@example.com,Neuquén,2023-06-19
417,Cliente00417,cliente00417@example.com,CABA,2022-10-16
418,Cliente00418,cliente00418@example.com,Chubut,2021-08-16
419,Cliente00419,cliente00419@example.com,Salta,2022-09-16
420,Cliente00420,cliente00420@example.com,Mendoza,2023-11-03
421,Cliente00421,cliente00421@example.com,Neuquén,2021-09-01
422,Cliente00422,cliente00422@example.com,Santa Fe,2020-05-29
423,Cliente00423,cliente00423@example.com,CABA,2020-11-19
424,Cliente00424,cliente00424@example.com,Santa Fe,2022-05-01
425,Cliente00425,cliente00425@example.com,Santa Fe,2022-08-09
426,Cliente00426,cliente00426@example.com,Mendoza,2021-11-27
427,Cliente00427,cliente00427@example.com,San Luis,2020-10-21
428,Cliente00428,cliente00428@example.com,Tucumán,2021-10-15
429,Cliente00429,cliente00429@example.com,Tucumán,2022-03-27
430,Cliente00430,cliente00430@example.com,Rosario,2022-01-28
431,Cliente00431,cliente00431@example.com,Chubut,2023-02-24
432,Cliente00432,cliente00432@example.com,Córdoba,2021-10-15
433,Cliente00433,cliente00433@example.com,Mendoza,2022-08-13
434,Cliente00434,cliente00434@example.com,Córdoba,2021-07-01
435,Cliente00435,cliente00435@example.com,Santa Fe,2021-05-22
436,Cliente00436,cliente00436@example.com,Rosario,2020-07-17
437,Cliente00437,cliente00437@example.com,CABA,2021-08-17
438,Cliente00438,cliente00438@example.com,Neuquén,2023-06-14
439,Cliente00439,cliente00439@example.com,Neuquén,2021-05-23
440,Cliente00440,cliente00440@example.com,Rosario,2021-11-01
441,Cliente00441,cliente00441@example.com,San Luis,2021-10-02
442,Cliente00442,cliente00442@example.com,Mendoza,2020-11-22
443,Cliente00443,cliente00443@example.com,Santa Fe,2022-11-20
444,Cliente00444,cliente00444@example.com,Santa Fe,2022-10-18
445,Cliente00445,cliente00445@example.com,Salta,2022-10-15
446,Cliente00446,cliente00446@example.com,CABA,2020-07-03
447,Cliente00447,cliente00447@example.com,Neuquén,2022-11-01
448,Cliente00448,cliente00448@example.com,Santa Fe,2021-05-08
449,Cliente00449,cliente00449@example.com,Mendoza,2023-04-09
450,Cliente00450,cliente00450@example.com,Tucumán,2020-04-09
451,Cliente00451,cliente00451@example.com,CABA,2021-07-30
452,Cliente00452,cliente00452@example.com,Santa Fe,2023-05-08
453,Cliente00453,cliente00453@example.com,Santa Fe,2021-08-08
454,Cliente00454,cliente00454@example.com,Chubut,2020-01-17
455,Cliente00455,cliente00455@example.com,Córdoba,2022-06-01
456,Cliente00456,cliente00456@example.com,Rosario,2021-06-25
457,Cliente00457,cliente00457@example.com,Tucumán,2022-04-05
458,Cliente00458,cliente00458@example.com,Tucumán,2020-04-02
459,Cliente00459,cliente00459@example.com,Neuquén,2020-04-14
460,Cliente00460,cliente00460@example.com,San Luis,2023-02-24
461,Cliente00461,cliente00461@example.com,Mendoza,2022-01-12
462,Cliente00462,cliente00462@example.com,Chubut,2021-08-14
463,Cliente00463,cliente00463@example.com,Córdoba,2022-03-02
464,Cliente00464,cliente00464@example.com,Chubut,2022-07-11
465,Cliente00465,cliente00465@example.com,Chubut,2021-07-26
466,Cliente00466,cliente00466@example.com,San Luis,2023-10-25
467,Cliente00467,cliente00467@example.com,San Luis,2020-08-31
468,Cliente00468,cliente00468@example.com,Rosario,2020-07-17
469,Cliente00469,cliente00469@example.com,Neuquén,2022-02-03
470,Cliente00470,cliente00470@example.com,Tucumán,2023-02-16
471,Cliente00471,cliente00471@example.com,Tucumán,2020-10-22
472,Cliente00472,cliente00472@example.com,Mendoza,2023-05-18
473,Cliente00473,cliente00473@example.com,Chubut,2022-04-02
474,Cliente00474,cliente00474@example.com,Chubut,2020-03-23
475,Cliente00475,cliente00475@example.com,CABA,2020-03-20
476,Cliente00476,cliente00476@example.com,Rosario,2021-11-13
477,Cliente00477,cliente00477@example.com,Santa Fe,2022-11-29
478,Cliente00478,cliente00478@example.com,Santa Fe,2020-11-01
479,Cliente00479,cliente00479@example.com,San Luis,2022-11-21
480,Cliente00480,cliente00480@example.com,Rosario,2021-11-02
481,Cliente00481,cliente00481@example.com,San Luis,2021-10-14
482,Cliente00482,cliente00482@example.com,Rosario,2022-03-15
483,Cliente00483,cliente00483@example.com,San Luis,2021-09-04
484,Cliente00484,cliente00484@example.com,San Luis,2021-11-19
485,Cliente00485,cliente00485@example.com,Chubut,2022-11-09
486,Cliente00486,cliente00486@example.com,Chubut,2022-09-30
487,Cliente00487,cliente00487@example.com,San Luis,2021-09-05
488,Cliente00488,cliente00488@example.com,Santa Fe,2020-02-04
489,Cliente00489,cliente00489@example.com,Tucumán,2021-11-09
490,Cliente00490,cliente00490@example.com,Córdoba,2022-05-03
491,Cliente00491,cliente00491@example.com,San Luis,2021-09-22
492,Cliente00492,cliente00492@example.com,CABA,2023-05-07
493,Cliente00493,cliente00493@example.com,Santa Fe,2021-06-27
494,Cliente00494,cliente00494@example.com,San Luis,2023-03-28
495,Cliente00495,cliente00495@example.com,Mendoza,2020-04-15
496,Cliente00496,cliente00496@example.com,San Luis,2022-09-10
497,Cliente00497,cliente00497@example.com,Rosario,2022-12-09
498,Cliente00498,cliente00498@example.com,San Luis,2022-02-17
499,Cliente00499,cliente00499@example.com,Rosario,2023-10-26
500,Cliente00500,cliente00500@example.com,Mendoza,2020-03-05
501,Cliente00501,cliente00501@example.com,San Luis,2023-12-05
502,Cliente00502,cliente00502@example.com,Córdoba,2021-01-25
503,Cliente00503,cliente00503@example.com,CABA,2022-06-22
504,Cliente00504,cliente00504@example.com,Tucumán,2022-05-07
505,Cliente00505,cliente00505@example.com,Rosario,2022-04-25
506,Cliente00506,cliente00506@example.com,Mendoza,2022-04-20
507,Cliente00507,cliente00507@example.com,Chubut,2023-06-06
508,Cliente00508,cliente00508@example.com,Santa Fe,2020-05-07
509,Cliente00509,cliente00509@example.com,Rosario,2022-11-28
510,Cliente00510,cliente00510@example.com,Mendoza,2023-02-22
511,Cliente00511,cliente00511@example.com,Tucumán,2023-09-18
512,Cliente00512,cliente00512@example.com,Santa Fe,2022-12-12
513,Cliente00513,cliente00513@example.com,Neuquén,2021-10-04
514,Cliente00514,cliente00514@example.com,Rosario,2022-07-30
515,Cliente00515,cliente00515@example.com,Chubut,2021-12-02
516,Cliente00516,cliente00516@example.com,Chubut,2021-12-26
517,Cliente00517,cliente00517@example.com,Salta,2023-06-03
518,Cliente00518,cliente00518@example.com,Santa Fe,2021-01-28
519,Cliente00519,cliente00519@example.com,Mendoza,2021-07-25
520,Cliente00520,cliente00520@example.com,Chubut,2021-09-03
521,Cliente00521,cliente00521@example.com,Mendoza,2021-09-01
522,Cliente00522,cliente00522@example.com,Salta,2023-12-14
523,Cliente00523,cliente00523@example.com,Mendoza,2023-11-14
524,Cliente00524,cliente00524@example.com,Santa Fe,2021-10-11
525,Cliente00525,cliente00525@example.com,Santa Fe,2021-12-15
526,Cliente00526,cliente00526@example.com,Chubut,2021-07-14
527,Cliente00527,cliente00527@example.com,Salta,2020-09-06
528,Cliente00528,cliente00528@example.com,San Luis,2023-10-17
529,Cliente00529,cliente00529@example.com,Chubut,2022-02-16
530,Cliente00530,cliente00530@example.com,Neuquén,2021-12-07
531,Cliente00531,cliente00531@example.com,Rosario,2021-08-17
532,Cliente00532,cliente00532@example.com,CABA,2021-08-12
533,Cliente00533,cliente00533@example.com,Córdoba,2021-12-10
534,Cliente00534,cliente00534@example.com,Santa Fe,2023-09-05
535,Cliente00535,cliente00535@example.com,Salta,2022-09-08
536,Cliente00536,cliente00536@example.com,Mendoza,2021-02-17
537,Cliente00537,cliente00537@example.com,Chubut,2021-07-09
538,Cliente00538,cliente00538@example.com,Chubut,2023-11-26
539,Cliente00539,cliente00539@example.com,Salta,2020-10-08
540,Cliente00540,cliente00540@example.com,Córdoba,2023-06-14
541,Cliente00541,cliente00541@example.com,San Luis,2021-05-05
542,Cliente00542,cliente00542@example.com,Mendoza,2020-04-13
543,Cliente00543,cliente00543@example.com,Chubut,2021-04-07
544,Cliente00544,cliente00544@example.com,Mendoza,2020-04-17
545,Cliente00545,cliente00545@example.com,Córdoba,2022-04-26
546,Cliente00546,cliente00546@example.com,Tucumán,2022-08-25
547,Cliente00547,cliente00547@example.com,Córdoba,2023-10-27
548,Cliente00548,cliente00548@example.com,Rosario,2020-01-11
549,Cliente00549,cliente00549@example.com,Chubut,2020-11-19
550,Cliente00550,cliente00550@example.com,Neuquén,2023-08-30
551,Cliente00551,cliente00551@example.com,Santa Fe,2022-09-04
552,Cliente00552,cliente00552@example.com,Mendoza,2021-08-11
553,Cliente00553,cliente00553@example.com,Tucumán,2021-08-07
554,Cliente00554,cliente00554@example.com,CABA,2020-07-02
555,Cliente00555,cliente00555@example.com,San Luis,2021-04-20
556,Cliente00556,cliente00556@example.com,Chubut,2020-03-17
557,Cliente00557,cliente00557@example.com,Rosario,2022-05-05
558,Cliente00558,cliente00558@example.com,Rosario,2020-03-15
559,Cliente00559,cliente00559@example.com,Neuquén,2022-10-11
560,Cliente00560,cliente00560@example.com,Rosario,2021-08-15
561,Cliente00561,cliente00561@example.com,CABA,2020-01-19
562,Cliente00562,cliente00562@example.com,Salta,2023-03-09
563,Cliente00563,cliente00563@example.com,San Luis,2020-08-07
564,Cliente00564,cliente00564@example.com,Tucumán,2021-08-05
565,Cliente00565,cliente00565@example.com,Santa Fe,2023-08-06
566,Cliente00566,cliente00566@example.com,Chubut,2022-12-09
567,Cliente00567,cliente00567@example.com,Santa Fe,2020-10-01
568,Cliente00568,cliente00568@example.com,Chubut,2022-08-16
569,Cliente00569,cliente00569@example.com,Salta,2021-01-29
570,Cliente00570,cliente00570@example.com,Córdoba,2021-11-08
571,Cliente00571,cliente00571@example.com,Rosario,2022-07-28
572,Cliente00572,cliente00572@example.com,Salta,2021-01-16
573,Cliente00573,cliente00573@example.com,CABA,2021-11-21
574,Cliente00574,cliente00574@example.com,Salta,2023-03-08
575,Cliente00575,cliente00575@example.com,Mendoza,2020-12-25
576,Cliente00576,cliente00576@example.com,San Luis,2023-08-01
577,Cliente00577,cliente00577@example.com,Neuquén,2022-05-25
578,Cliente00578,cliente00578@example.com,Chubut,2021-11-02
579,Cliente00579,cliente00579@example.com,Córdoba,2022-03-31
580,Cliente00580,cliente00580@example.com,Córdoba,2021-01-13
581,Cliente00581,cliente00581@example.com,Rosario,2022-09-04
582,Cliente00582,cliente00582@example.com,Tucumán,2021-05-23
583,Cliente00583,cliente00583@example.com,CABA,2021-06-18
584,Cliente00584,cliente00584@example.com,Neuquén,2021-04-27
585,Cliente00585,cliente00585@example.com,Santa Fe,2021-06-30
586,Cliente00586,cliente00586@example.com,Tucumán,2021-09-10
587,Cliente00587,cliente00587@example.com,San Luis,2023-03-19
588,Cliente00588,cliente00588@example.com,CABA,2021-06-19
589,Cliente00589,cliente00589@example.com,Tucumán,2023-11-19
590,Cliente00590,cliente00590@example.com,Mendoza,2020-05-07
591,Cliente00591,cliente00591@example.com,Córdoba,2022-08-11
592,Cliente00592,cliente00592@example.com,Salta,2020-11-23
593,Cliente00593,cliente00593@example.com,Neuquén,2023-11-06
594,Cliente00594,cliente00594@example.com,Chubut,2023-12-11
595,Cliente00595,cliente00595@example.com,Salta,2023-11-14
596,Cliente00596,cliente00596@example.com,Córdoba,2023-08-01
597,Cliente00597,cliente00597@example.com,Salta,2022-01-22
598,Cliente00598,cliente00598@example.com,San Luis,2021-03-28
599,Cliente00599,cliente00599@example.com,Mendoza,2020-09-30
600,Cliente00600,cliente00600@example.com,Santa Fe,2020-11-09
601,Cliente00601,cliente00601@example.com,Santa Fe,2023-05-25
602,Cliente00602,cliente00602@example.com,Tucumán,2022-05-01
603,Cliente00603,cliente00603@example.com,Chubut,2022-08-22
604,Cliente00604,cliente00604@example.com,Chubut,2023-09-22
605,Cliente00605,cliente00605@example.com,Mendoza,2021-05-21
606,Cliente00606,cliente00606@example.com,San Luis,2020-06-16
607,Cliente00607,cliente00607@example.com,Chubut,2022-07-03
608,Cliente00608,cliente00608@example.com,Chubut,2023-12-12
609,Cliente00609,cliente00609@example.com,Tucumán,2020-06-08
610,Cliente00610,cliente00610@example.com,San Luis,2020-08-17
611,Cliente00611,cliente00611@example.com,CABA,2023-01-26
612,Cliente00612,cliente00612@example.com,Chubut,2021-02-18
613,Cliente00613,cliente00613@example.com,San Luis,2023-01-04
614,Cliente00614,cliente00614@example.com,Rosario,2020-12-02
615,Cliente00615,cliente00615@example.com,Tucumán,2022-12-01
616,Cliente00616,cliente00616@example.com,Santa Fe,2020-08-26
617,Cliente00617,cliente00617@example.com,Mendoza,2023-04-09
618,Cliente00618,cliente00618@example.com,Santa Fe,2020-07-05
619,Cliente00619,cliente00619@example.com,Chubut,2022-07-01
620,Cliente00620,cliente00620@example.com,CABA,2022-07-17
621,Cliente00621,cliente00621@example.com,Rosario,2022-11-17
622,Cliente00622,cliente00622@example.com,Neuquén,2022-07-24
623,Cliente00623,cliente00623@example.com,San Luis,2020-04-28
624,Cliente00624,cliente00624@example.com,Chubut,2022-08-04
625,Cliente00625,cliente00625@example.com,Salta,2020-02-14
626,Cliente00626,cliente00626@example.com,Neuquén,2021-06-05
627,Cliente00627,cliente00627@example.com,CABA,2021-03-22
628,Cliente00628,cliente00628@example.com,San Luis,2020-05-29
629,Cliente00629,cliente00629@example.com,CABA,2022-05-17
630,Cliente00630,cliente00630@example.com,Tucumán,2023-12-05
631,Cliente00631,cliente00631@example.com,Córdoba,2023-01-13
632,Cliente00632,cliente00632@example.com,CABA,2020-05-21
633,Cliente00633,cliente00633@example.com,Santa Fe,2020-03-05
634,Cliente00634,cliente00634@example.com,Salta,2022-04-17
635,Cliente00635,cliente00635@example.com,Rosario,2020-10-04
636,Cliente00636,cliente00636@example.com,Neuquén,2022-02-05
637,Cliente00637,cliente00637@example.com,Neuquén,2022-07-07
638,Cliente00638,cliente00638@example.com,Neuquén,2022-02-08
639,Cliente00639,cliente00639@example.com,Córdoba,2023-10-30
640,Cliente00640,cliente00640@example.com,Chubut,2020-09-29
641,Cliente00641,cliente00641@example.com,Tucumán,2020-08-30
642,Cliente00642,cliente00642@example.com,Rosario,2023-01-05
643,Cliente00643,cliente00643@example.com,Neuquén,2022-12-19
644,Cliente00644,cliente00644@example.com,Rosario,2021-04-01
645,Cliente00645,cliente00645@example.com,CABA,2020-02-16
646,Cliente00646,cliente00646@example.com,Salta,2022-08-06
647,Cliente00647,cliente00647@example.com,Chubut,2022-05-18
648,Cliente00648,cliente00648@example.com,Chubut,2022-02-15
649,Cliente00649,cliente00649@example.com,Mendoza,2021-05-21
650,Cliente00650,cliente00650@example.com,Santa Fe,2021-12-09
651,Cliente00651,cliente00651@example.com,Rosario,2021-07-18
652,Cliente00652,cliente00652@example.com,Mendoza,2020-08-19
653,Cliente00653,cliente00653@example.com,CABA,2023-09-14
654,Cliente00654,cliente00654@example.com,Neuquén,2023-06-13
655,Cliente00655,cliente00655@example.com,CABA,2021-05-07
656,Cliente00656,cliente00656@example.com,Mendoza,2020-05-17
657,Cliente00657,cliente00657@example.com,Córdoba,2023-05-01
658,Cliente00658,cliente00658@example.com,CABA,2022-07-03
659,Cliente00659,cliente00659@example.com,San Luis,2023-10-08
660,Cliente00660,cliente00660@example.com,CABA,2021-05-16
661,Cliente00661,cliente00661@example.com,CABA,2022-04-03
662,Cliente00662,cliente00662@example.com,Santa Fe,2021-04-24
663,Cliente00663,cliente00663@example.com,Chubut,2021-03-20
664,Cliente00664,cliente00664@example.com,CABA,2020-10-13
665,Cliente00665,cliente00665@example.com,Chubut,2021-08-15
666,Cliente00666,cliente00666@example.com,Mendoza,2023-03-25
667,Cliente00667,cliente00667@example.com,Tucumán,2023-03-28
668,Cliente00668,cliente00668@example.com,San Luis,2023-10-09
669,Cliente00669,cliente00669@example.com,Tucumán,2021-04-30
670,Cliente00670,cliente00670@example.com,Salta,2020-10-20
671,Cliente00671,cliente00671@example.com,Chubut,2021-03-28
672,Cliente00672,cliente00672@example.com,Neuquén,2021-09-07
673,Cliente00673,cliente00673@example.com,Salta,2020-05-04
674,Cliente00674,cliente00674@example.com,Chubut,2023-04-26
675,Cliente00675,cliente00675@example.com,Rosario,2023-07-06
676,Cliente00676,cliente00676@example.com,Neuquén,2023-02-12
677,Cliente00677,cliente00677@example.com,Santa Fe,2020-04-06
678,Cliente00678,cliente00678@example.com,Tucumán,2023-08-10
679,Cliente00679,cliente00679@example.com,Neuquén,2022-12-10
680,Cliente00680,cliente00680@example.com,Tucumán,2023-11-27
681,Cliente00681,cliente00681@example.com,Neuquén,2022-04-16
682,Cliente00682,cliente00682@example.com,Rosario,2021-09-06
683,Cliente00683,cliente00683@example.com,Neuquén,2021-01-11
684,Cliente00684,cliente00684@example.com,Chubut,2022-08-27
685,Cliente00685,cliente00685@example.com,Mendoza,2021-04-06
686,Cliente00686,cliente00686@example.com,Salta,2023-12-20
687,Cliente00687,cliente00687@example.com,Rosario,2022-08-06
688,Cliente00688,cliente00688@example.com,CABA,2023-02-25
689,Cliente00689,cliente00689@example.com,Neuquén,2022-05-03
690,Cliente00690,cliente00690@example.com,Chubut,2022-12-21
691,Cliente00691,cliente00691@example.com,Rosario,2022-03-06
692,Cliente00692,cliente00692@example.com,Mendoza,2021-06-06
693,Cliente00693,cliente00693@example.com,Mendoza,2021-11-07
694,Cliente00694,cliente00694@example.com,Córdoba,2022-07-10
695,Cliente00695,cliente00695@example.com,Tucumán,2020-07-08
696,Cliente00696,cliente00696@example.com,Chubut,2021-01-25
697,Cliente00697,cliente00697@example.com,CABA,2021-07-03
698,Cliente00698,cliente00698@example.com,Neuquén,2023-10-11
699,Cliente00699,cliente00699@example.com,San Luis,2023-05-19
700,Cliente00700,cliente00700@example.com,CABA,2020-05-29
701,Cliente00701,cliente00701@example.com,Mendoza,2023-04-18
702,Cliente00702,cliente00702@example.com,Chubut,2021-03-20
703,Cliente00703,cliente00703@example.com,Santa Fe,2021-03-03
704,Cliente00704,cliente00704@example.com,Tucumán,2021-09-12
705,Cliente00705,cliente00705@example.com,CABA,2021-03-09
706,Cliente00706,cliente00706@example.com,Mendoza,2020-08-28
707,Cliente00707,cliente00707@example.com,Santa Fe,2021-05-11
708,Cliente00708,cliente00708@example.com,San Luis,2023-12-12
709,Cliente00709,cliente00709@example.com,Mendoza,2022-03-23
710,Cliente00710,cliente00710@example.com,Mendoza,2023-02-04
711,Cliente00711,cliente00711@example.com,Tucumán,2021-08-02
712,Cliente00712,cliente00712@example.com,Neuquén,2022-08-12
713,Cliente00713,cliente00713@example.com,Chubut,2023-08-21
714,Cliente00714,cliente00714@example.com,Tucumán,2021-09-23
715,Cliente00715,cliente00715@example.com,Salta,2022-01-06
716,Cliente00716,cliente00716@example.com,Chubut,2022-10-15
717,Cliente00717,cliente00717@example.com,Santa Fe,2020-07-20
718,Cliente00718,cliente00718@example.com,Santa Fe,2021-10-17
719,Cliente00719,cliente00719@example.com,Mendoza,2022-01-29
720,Cliente00720,cliente00720@example.com,Tucumán,2022-04-27
721,Cliente00721,cliente00721@example.com,CABA,2023-02-26
722,Cliente00722,cliente00722@example.com,Mendoza,2020-10-25
723,Cliente00723,cliente00723@example.com,CABA,2021-06-18
724,Cliente00724,cliente00724@example.com,Chubut,2023-04-11
725,Cliente00725,cliente00725@example.com,San Luis,2022-05-05
726,Cliente00726,cliente00726@example.com,Salta,2020-11-08
727,Cliente00727,cliente00727@example.com,Mendoza,2021-11-06
728,Cliente00728,cliente00728@example.com,Mendoza,2022-02-16
729,Cliente00729,cliente00729@example.com,San Luis,2021-05-18
730,Cliente00730,cliente00730@example.com,Santa Fe,2023-02-01
731,Cliente00731,cliente00731@example.com,Tucumán,2021-06-11
732,Cliente00732,cliente00732@example.com,Santa Fe,2023-08-07
733,Cliente00733,cliente00733@example.com,Santa Fe,2022-08-01
734,Cliente00734,cliente00734@example.com,Rosario,2021-12-22
735,Cliente00735,cliente00735@example.com,Rosario,2020-10-13
736,Cliente00736,cliente00736@example.com,Chubut,2022-09-27
737,Cliente00737,cliente00737@example.com,Rosario,2023-01-15
738,Cliente00738,cliente00738@example.com,CABA,2022-12-09
739,Cliente00739,cliente00739@example.com,CABA,2020-06-01
740,Cliente00740,cliente00740@example.com,CABA,2020-01-14
741,Cliente00741,cliente00741@example.com,Neuquén,2020-10-08
742,Cliente00742,cliente00742@example.com,Mendoza,2020-05-19
743,Cliente00743,cliente00743@example.com,Rosario,2020-01-19
744,Cliente00744,cliente00744@example.com,Mendoza,2022-11-01
745,Cliente00745,cliente00745@example.com,Santa Fe,2022-02-03
746,Cliente00746,cliente00746@example.com,CABA,2023-06-19
747,Cliente00747,cliente00747@example.com,San Luis,2022-09-16
748,Cliente00748,cliente00748@example.com,Santa Fe,2020-02-02
749,Cliente00749,cliente00749@example.com,CABA,2022-12-25
750,Cliente00750,cliente00750@example.com,Chubut,2022-04-22
751,Cliente00751,cliente00751@example.com,CABA,2020-02-04
752,Cliente00752,cliente00752@example.com,Chubut,2021-07-16
753,Cliente00753,cliente00753@example.com,Chubut,2021-08-10
754,Cliente00754,cliente00754@example.com,CABA,2022-10-25
755,Cliente00755,cliente00755@example.com,Neuquén,2021-01-02
756,Cliente00756,cliente00756@example.com,Córdoba,2020-07-16
757,Cliente00757,cliente00757@example.com,Chubut,2020-10-31
758,Cliente00758,cliente00758@example.com,Mendoza,2021-01-28
759,Cliente00759,cliente00759@example.com,San Luis,2022-12-14
760,Cliente00760,cliente00760@example.com,Salta,2021-12-26
761,Cliente00761,cliente00761@example.com,Salta,2022-03-23
762,Cliente00762,cliente00762@example.com,Córdoba,2022-02-03
763,Cliente00763,cliente00763@example.com,Neuquén,2022-07-29
764,Cliente00764,cliente00764@example.com,San Luis,2021-05-13
765,Cliente00765,cliente00765@example.com,Mendoza,2021-09-06
766,Cliente00766,cliente00766@example.com,Córdoba,2023-08-31
767,Cliente00767,cliente00767@example.com,CABA,2020-07-10
768,Cliente00768,cliente00768@example.com,Neuquén,2022-02-15
769,Cliente00769,cliente00769@example.com,Neuquén,2023-02-05
770,Cliente00770,cliente00770@example.com,Santa Fe,2020-04-24
771,Cliente00771,cliente00771@example.com,CABA,2023-12-10
772,Cliente00772,cliente00772@example.com,Rosario,2020-06-18
773,Cliente00773,cliente00773@example.com,Santa Fe,2022-06-07
774,Cliente00774,cliente00774@example.com,Tucumán,2023-03-04
775,Cliente00775,cliente00775@example.com,Córdoba,2022-12-17
776,Cliente00776,cliente00776@example.com,CABA,2021-04-15
777,Cliente00777,cliente00777@example.com,Mendoza,2023-11-18
778,Cliente00778,cliente00778@example.com,San Luis,2022-08-31
779,Cliente00779,cliente00779@example.com,Salta,2020-04-05
780,Cliente00780,cliente00780@example.com,Córdoba,2023-11-02
781,Cliente00781,cliente00781@example.com,Salta,2023-01-17
782,Cliente00782,cliente00782@example.com,San Luis,2023-09-09
783,Cliente00783,cliente00783@example.com,CABA,2021-01-02
784,Cliente00784,cliente00784@example.com,Tucumán,2020-02-02
785,Cliente00785,cliente00785@example.com,Mendoza,2023-04-17
786,Cliente00786,cliente00786@example.com,Rosario,2023-12-30
787,Cliente00787,cliente00787@example.com,Neuquén,2020-06-06
788,Cliente00788,cliente00788@example.com,Salta,2020-11-28
789,Cliente00789,cliente00789@example.com,San Luis,2021-05-07
790,Cliente00790,cliente00790@example.com,San Luis,2022-03-07
791,Cliente00791,cliente00791@example.com,Chubut,2021-11-10
792,Cliente00792,cliente00792@example.com,Neuquén,2020-10-13
793,Cliente00793,cliente00793@example.com,Córdoba,2022-10-22
794,Cliente00794,cliente00794@example.com,Tucumán,2020-04-19
795,Cliente00795,cliente00795@example.com,Córdoba,2022-06-14
796,Cliente00796,cliente00796@example.com,Mendoza,2020-06-04
797,Cliente00797,cliente00797@example.com,Tucumán,2023-05-24
798,Cliente00798,cliente00798@example.com,San Luis,2023-05-04
799,Cliente00799,cliente00799@example.com,Neuquén,2021-10-30
800,Cliente00800,cliente00800@example.com,CABA,2023-07-22
801,Cliente00801,cliente00801@example.com,Salta,2022-07-11
802,Cliente00802,cliente00802@example.com,Santa Fe,2021-04-12
803,Cliente00803,cliente00803@example.com,Tucumán,2023-02-06
804,Cliente00804,cliente00804@example.com,Neuquén,2022-06-03
805,Cliente00805,cliente00805@example.com,Rosario,2023-10-24
806,Cliente00806,cliente00806@example.com,San Luis,2023-09-15
807,Cliente00807,cliente00807@example.com,Neuquén,2020-06-24
808,Cliente00808,cliente00808@example.com,San Luis,2021-08-27
809,Cliente00809,cliente00809@example.com,Mendoza,2023-12-31
810,Cliente00810,cliente00810@example.com,Córdoba,2020-06-17
811,Cliente00811,cliente00811@example.com,Salta,2020-11-11
812,Cliente00812,cliente00812@example.com,Neuquén,2023-12-28
813,Cliente00813,cliente00813@example.com,Rosario,2022-03-08
814,Cliente00814,cliente00814@example.com,Tucumán,2022-01-08
815,Cliente00815,cliente00815@example.com,Córdoba,2020-07-06
816,Cliente00816,cliente00816@example.com,CABA,2021-09-23
817,Cliente00817,cliente00817@example.com,Santa Fe,2022-01-07
818,Cliente00818,cliente00818@example.com,Salta,2020-07-28
819,Cliente00819,cliente00819@example.com,Rosario,2020-06-27
820,Cliente00820,cliente00820@example.com,Rosario,2022-06-01
821,Cliente00821,cliente00821@example.com,Santa Fe,2023-02-14
822,Cliente00822,cliente00822@example.com,Chubut,2022-11-15
823,Cliente00823,cliente00823@example.com,Neuquén,2020-07-30
824,Cliente00824,cliente00824@example.com,CABA,2020-07-02
825,Cliente00825,cliente00825@example.com,Tucumán,2023-02-09
826,Cliente00826,cliente00826@example.com,Córdoba,2023-05-07
827,Cliente00827,cliente00827@example.com,San Luis,2021-10-26
828,Cliente00828,cliente00828@example.com,Neuquén,2020-01-26
829,Cliente00829,cliente00829@example.com,Salta,2022-04-27
830,Cliente00830,cliente00830@example.com,Neuquén,2020-06-22
831,Cliente00831,cliente00831@example.com,Chubut,2021-05-12
832,Cliente00832,cliente00832@example.com,San Luis,2022-12-03
833,Cliente00833,cliente00833@example.com,Rosario,2023-11-04
834,Cliente00834,cliente00834@example.com,Neuquén,2020-12-13
835,Cliente00835,cliente00835@example.com,Rosario,2021-07-04
836,Cliente00836,cliente00836@example.com,Salta,2021-07-03
837,Cliente00837,cliente00837@example.com,Santa Fe,2020-10-25
838,Cliente00838,cliente00838@example.com,Córdoba,2020-12-08
839,Cliente00839,cliente00839@example.com,Neuquén,2021-07-19
840,Cliente00840,cliente00840@example.com,Neuquén,2021-09-05
841,Cliente00841,cliente00841@example.com,Santa Fe,2020-06-06
842,Cliente00842,cliente00842@example.com,Tucumán,2021-05-30
843,Cliente00843,cliente00843@example.com,Mendoza,2023-07-04
844,Cliente00844,cliente00844@example.com,Santa Fe,2023-05-01
845,Cliente00845,cliente00845@example.com,San Luis,2021-02-04
846,Cliente00846,cliente00846@example.com,Santa Fe,2020-08-07
847,Cliente00847,cliente00847@example.com,Rosario,2021-09-15
848,Cliente00848,cliente00848@example.com,CABA,2022-03-21
849,Cliente00849,cliente00849@example.com,Tucumán,2023-06-24
850,Cliente00850,cliente00850@example.com,Neuquén,2021-11-05
851,Cliente00851,cliente00851@example.com,Santa Fe,2021-11-16
852,Cliente00852,cliente00852@example.com,Neuquén,2023-08-26
853,Cliente00853,cliente00853@example.com,San Luis,2020-10-05
854,Cliente00854,cliente00854@example.com,Salta,2021-10-18
855,Cliente00855,cliente00855@example.com,San Luis,2023-11-24
856,Cliente00856,cliente00856@example.com,Mendoza,2022-09-08
857,Cliente00857,cliente00857@example.com,Tucumán,2020-12-29
858,Cliente00858,cliente00858@example.com,Neuquén,2021-10-15
859,Cliente00859,cliente00859@example.com,Salta,2023-11-24
860,Cliente00860,cliente00860@example.com,Santa Fe,2023-03-25
861,Cliente00861,cliente00861@example.com,Mendoza,2021-10-29
862,Cliente00862,cliente00862@example.com,Neuquén,2021-07-28
863,Cliente00863,cliente00863@example.com,Neuquén,2022-01-17
864,Cliente00864,cliente00864@example.com,Córdoba,2023-02-28
865,Cliente00865,cliente00865@example.com,Mendoza,2023-04-27
866,Cliente00866,cliente00866@example.com,Chubut,2021-01-03
867,Cliente00867,cliente00867@example.com,Chubut,2020-02-25
868,Cliente00868,cliente00868@example.com,Santa Fe,2023-12-21
869,Cliente00869,cliente00869@example.com,Mendoza,2022-06-16
870,Cliente00870,cliente00870@example.com,Salta,2023-11-19
871,Cliente00871,cliente00871@example.com,Córdoba,2022-04-17
872,Cliente00872,cliente00872@example.com,Santa Fe,2020-10-12
873,Cliente00873,cliente00873@example.com,Salta,2021-05-10
874,Cliente00874,cliente00874@example.com,Salta,2023-09-10
875,Cliente00875,cliente00875@example.com,Rosario,2022-05-16
876,Cliente00876,cliente00876@example.com,Neuquén,2020-05-31
877,Cliente00877,cliente00877@example.com,Santa Fe,2023-05-09
878,Cliente00878,cliente00878@example.com,Santa Fe,2023-04-07
879,Cliente00879,cliente00879@example.com,Neuquén,2022-12-30
880,Cliente00880,cliente00880@example.com,Chubut,2023-11-17
881,Cliente00881,cliente00881@example.com,Neuquén,2023-01-18
882,Cliente00882,cliente00882@example.com,CABA,2022-01-06
883,Cliente00883,cliente00883@example.com,Chubut,2023-05-01
884,Cliente00884,cliente00884@example.com,Córdoba,2020-08-11
885,Cliente00885,cliente00885@example.com,Mendoza,2023-09-08
886,Cliente00886,cliente00886@example.com,Tucumán,2020-12-06
887,Cliente00887,cliente00887@example.com,San Luis,2020-03-31
888,Cliente00888,cliente00888@example.com,San Luis,2023-08-14
889,Cliente00889,cliente00889@example.com,Neuquén,2021-11-10
890,Cliente00890,cliente00890@example.com,Neuquén,2020-08-04
891,Cliente00891,cliente00891@example.com,CABA,2020-07-20
892,Cliente00892,cliente00892@example.com,Salta,2021-03-30
893,Cliente00893,cliente00893@example.com,Chubut,2022-11-28
894,Cliente00894,cliente00894@example.com,Chubut,2023-04-03
895,Cliente00895,cliente00895@example.com,San Luis,2021-03-28
896,Cliente00896,cliente00896@example.com,Santa Fe,2022-02-05
897,Cliente00897,cliente00897@example.com,Neuquén,2022-08-06
898,Cliente00898,cliente00898@example.com,San Luis,2023-11-15
899,Cliente00899,cliente00899@example.com,Chubut,2020-11-04
900,Cliente00900,cliente00900@example.com,Tucumán,2020-02-20
901,Cliente00901,cliente00901@example.com,Santa Fe,2020-08-02
902,Cliente00902,cliente00902@example.com,Salta,2022-05-01
903,Cliente00903,cliente00903@example.com,Córdoba,2020-08-25
904,Cliente00904,cliente00904@example.com,Rosario,2021-12-14
905,Cliente00905,cliente00905@example.com,Salta,2021-12-03
906,Cliente00906,cliente00906@example.com,Santa Fe,2021-02-27
907,Cliente00907,cliente00907@example.com,Chubut,2022-09-16
908,Cliente00908,cliente00908@example.com,Tucumán,2022-09-02
909,Cliente00909,cliente00909@example.com,Córdoba,2022-06-16
910,Cliente00910,cliente00910@example.com,Santa Fe,2021-10-15
911,Cliente00911,cliente00911@example.com,Córdoba,2021-09-06
912,Cliente00912,cliente00912@example.com,CABA,2023-12-26
913,Cliente00913,cliente00913@example.com,Córdoba,2020-02-16
914,Cliente00914,cliente00914@example.com,Tucumán,2023-08-20
915,Cliente00915,cliente00915@example.com,Córdoba,2023-10-18
916,Cliente00916,cliente00916@example.com,Rosario,2021-05-14
917,Cliente00917,cliente00917@example.com,Chubut,2020-12-23
918,Cliente00918,cliente00918@example.com,Chubut,2020-11-23
919,Cliente00919,cliente00919@example.com,Tucumán,2023-02-20
920,Cliente00920,cliente00920@example.com,Neuquén,2022-08-04
921,Cliente00921,cliente00921@example.com,Mendoza,2022-04-09
922,Cliente00922,cliente00922@example.com,Rosario,2021-01-16
923,Cliente00923,cliente00923@example.com,Neuquén,2022-03-21
924,Cliente00924,cliente00924@example.com,CABA,2023-06-11
925,Cliente00925,cliente00925@example.com,Mendoza,2022-07-09
926,Cliente00926,cliente00926@example.com,San Luis,2022-05-29
927,Cliente00927,cliente00927@example.com,Neuquén,2020-01-10
928,Cliente00928,cliente00928@example.com,Mendoza,2021-02-25
929,Cliente00929,cliente00929@example.com,Salta,2023-12-12
930,Cliente00930,cliente00930@example.com,Córdoba,2023-03-28
931,Cliente00931,cliente00931@example.com,Córdoba,2023-01-04
932,Cliente00932,cliente00932@example.com,Rosario,2022-01-19
933,Cliente00933,cliente00933@example.com,Tucumán,2021-02-07
934,Cliente00934,cliente00934@example.com,Santa Fe,2020-08-21
935,Cliente00935,cliente00935@example.com,Salta,2023-10-05
936,Cliente00936,cliente00936@example.com,Santa Fe,2022-12-16
937,Cliente00937,cliente00937@example.com,Tucumán,2023-05-07
938,Cliente00938,cliente00938@example.com,Neuquén,2023-06-05
939,Cliente00939,cliente00939@example.com,Neuquén,2023-04-17
940,Cliente00940,cliente00940@example.com,Córdoba,2021-12-13
941,Cliente00941,cliente00941@example.com,Tucumán,2022-07-26
942,Cliente00942,cliente00942@example.com,San Luis,2020-12-19
943,Cliente00943,cliente00943@example.com,Salta,2023-06-12
944,Cliente00944,cliente00944@example.com,San Luis,2020-06-22
945,Cliente00945,cliente00945@example.com,Rosario,2021-10-03
946,Cliente00946,cliente00946@example.com,Córdoba,2021-05-03
947,Cliente00947,cliente00947@example.com,Salta,2020-08-27
948,Cliente00948,cliente00948@example.com,Rosario,2022-02-03
949,Cliente00949,cliente00949@example.com,Rosario,2022-11-12
950,Cliente00950,cliente00950@example.com,Neuquén,2022-05-06
951,Cliente00951,cliente00951@example.com,San Luis,2020-10-09
952,Cliente00952,cliente00952@example.com,San Luis,2022-02-24
953,Cliente00953,cliente00953@example.com,Neuquén,2021-01-15
954,Cliente00954,cliente00954@example.com,Santa Fe,2023-07-25
955,Cliente00955,cliente00955@example.com,Chubut,2023-11-21
956,Cliente00956,cliente00956@example.com,Rosario,2023-02-10
957,Cliente00957,cliente00957@example.com,Rosario,2022-09-29
958,Cliente00958,cliente00958@example.com,Salta,2020-10-14
959,Cliente00959,cliente00959@example.com,Rosario,2021-10-06
960,Cliente00960,cliente00960@example.com,Santa Fe,2023-06-22
961,Cliente00961,cliente00961@example.com,CABA,2022-01-05
962,Cliente00962,cliente00962@example.com,CABA,2022-09-19
963,Cliente00963,cliente00963@example.com,Rosario,2021-02-03
964,Cliente00964,cliente00964@example.com,Neuquén,2023-02-24
965,Cliente00965,cliente00965@example.com,Chubut,2023-08-30
966,Cliente00966,cliente00966@example.com,Santa Fe,2022-04-17
967,Cliente00967,cliente00967@example.com,Santa Fe,2022-05-01
968,Cliente00968,cliente00968@example.com,Santa Fe,2022-09-27
969,Cliente00969,cliente00969@example.com,Rosario,2020-06-18
970,Cliente00970,cliente00970@example.com,San Luis,2020-03-04
971,Cliente00971,cliente00971@example.com,Mendoza,2021-08-21
972,Cliente00972,cliente00972@example.com,CABA,2021-07-16
973,Cliente00973,cliente00973@example.com,Mendoza,2023-01-06
974,Cliente00974,cliente00974@example.com,Salta,2020-12-10
975,Cliente00975,cliente00975@example.com,Santa Fe,2023-03-04
976,Cliente00976,cliente00976@example.com,Santa Fe,2023-01-30
977,Cliente00977,cliente00977@example.com,Chubut,2020-08-19
978,Cliente00978,cliente00978@example.com,San Luis,2020-08-21
979,Cliente00979,cliente00979@example.com,Salta,2023-01-17
980,Cliente00980,cliente00980@example.com,Tucumán,2023-01-15
981,Cliente00981,cliente00981@example.com,CABA,2022-06-22
982,Cliente00982,cliente00982@example.com,Chubut,2021-03-23
983,Cliente00983,cliente00983@example.com,Neuquén,2020-07-28
984,Cliente00984,cliente00984@example.com,Mendoza,2021-09-01
985,Cliente00985,cliente00985@example.com,CABA,2022-07-10
986,Cliente00986,cliente00986@example.com,Salta,2021-12-14
987,Cliente00987,cliente00987@example.com,Córdoba,2022-06-18
988,Cliente00988,cliente00988@example.com,Córdoba,2021-04-30
989,Cliente00989,cliente00989@example.com,Mendoza,2023-04-19
990,Cliente00990,cliente00990@example.com,Tucumán,2023-12-26
991,Cliente00991,cliente00991@example.com,San Luis,2023-07-19
992,Cliente00992,cliente00992@example.com,Neuquén,2020-12-05
993,Cliente00993,cliente00993@example.com,San Luis,2020-10-12
994,Cliente00994,cliente00994@example.com,Mendoza,2021-02-27
995,Cliente00995,cliente00995@example.com,CABA,2023-03-13
996,Cliente00996,cliente00996@example.com,Tucumán,2022-12-26
997,Cliente00997,cliente00997@example.com,Salta,2023-05-07
998,Cliente00998,cliente00998@example.com,Chubut,2020-12-10
999,Cliente00999,cliente00999@example.com,Tucumán,2023-12-12
1000,Cliente01000,cliente01000@example.com,Salta,2021-08-15
1001,Cliente01001,cliente01001@example.com,San Luis,2021-07-01
1002,Cliente01002,cliente01002@example.com,Chubut,2023-10-23
1003,Cliente01003,cliente01003@example.com,Córdoba,2020-10-04
1004,Cliente01004,cliente01004@example.com,Neuquén,2020-05-01
1005,Cliente01005,cliente01005@example.com,Salta,2023-09-05
1006,Cliente01006,cliente01006@example.com,Rosario,2023-12-07
1007,Cliente01007,cliente01007@example.com,Rosario,2021-05-26
1008,Cliente01008,cliente01008@example.com,Rosario,2023-12-27
1009,Cliente01009,cliente01009@example.com,Tucumán,2021-05-21
1010,Cliente01010,cliente01010@example.com,Neuquén,2022-09-29
1011,Cliente01011,cliente01011@example.com,Rosario,2023-03-28
1012,Cliente01012,cliente01012@example.com,Salta,2023-07-09
1013,Cliente01013,cliente01013@example.com,Neuquén,2022-02-07
1014,Cliente01014,cliente01014@example.com,Santa Fe,2020-06-03
1015,Cliente01015,cliente01015@example.com,Córdoba,2022-04-05
1016,Cliente01016,cliente01016@example.com,Chubut,2021-07-23
1017,Cliente01017,cliente01017@example.com,Tucumán,2022-07-20
1018,Cliente01018,cliente01018@example.com,Santa Fe,2021-11-01
1019,Cliente01019,cliente01019@example.com,San Luis,2020-01-06
1020,Cliente01020,cliente01020@example.com,Córdoba,2022-07-27
1021,Cliente01021,cliente01021@example.com,Tucumán,2020-05-09
1022,Cliente01022,cliente01022@example.com,Chubut,2022-03-25
1023,Cliente01023,cliente01023@example.com,Mendoza,2022-05-29
1024,Cliente01024,cliente01024@example.com,Mendoza,2022-10-10
1025,Cliente01025,cliente01025@example.com,Salta,2021-10-23
1026,Cliente01026,cliente01026@example.com,Salta,2021-11-22
1027,Cliente01027,cliente01027@example.com,Chubut,2023-03-29
1028,Cliente01028,cliente01028@example.com,Rosario,2023-03-05
1029,Cliente01029,cliente01029@example.com,Santa Fe,2021-12-04
1030,Cliente01030,cliente01030@example.com,CABA,2020-04-04
1031,Cliente01031,cliente01031@example.com,Córdoba,2023-07-06
1032,Cliente01032,cliente01032@example.com,Santa Fe,2020-02-03
1033,Cliente01033,cliente01033@example.com,Córdoba,2020-11-19
1034,Cliente01034,cliente01034@example.com,Santa Fe,2022-07-23
1035,Cliente01035,cliente01035@example.com,CABA,2022-05-26
1036,Cliente01036,cliente01036@example.com,Mendoza,2023-11-11
1037,Cliente01037,cliente01037@example.com,Rosario,2023-08-24
1038,Cliente01038,cliente01038@example.com,Salta,2020-11-21
1039,Cliente01039,cliente01039@example.com,Salta,2020-07-10
1040,Cliente01040,cliente01040@example.com,Tucumán,2021-05-27
1041,Cliente01041,cliente01041@example.com,Córdoba,2022-01-31
1042,Cliente01042,cliente01042@example.com,Rosario,2020-04-16
1043,Cliente01043,cliente01043@example.com,Neuquén,2023-07-05
1044,Cliente01044,cliente01044@example.com,Salta,2023-12-03
1045,Cliente01045,cliente01045@example.com,Mendoza,2022-05-29
1046,Cliente01046,cliente01046@example.com,Córdoba,2023-12-12
1047,Cliente01047,cliente01047@example.com,Córdoba,2020-01-03
1048,Cliente01048,cliente01048@example.com,Mendoza,2022-09-03
1049,Cliente01049,cliente01049@example.com,Córdoba,2020-09-28
1050,Cliente01050,cliente01050@example.com,San Luis,2021-04-08
1051,Cliente01051,cliente01051@example.com,Chubut,2023-10-24
1052,Cliente01052,cliente01052@example.com,Santa Fe,2020-01-20
1053,Cliente01053,cliente01053@example.com,CABA,2023-11-25
1054,Cliente01054,cliente01054@example.com,Tucumán,2020-09-03
1055,Cliente01055,cliente01055@example.com,Neuquén,2023-11-22
1056,Cliente01056,cliente01056@example.com,Rosario,2022-09-05
1057,Cliente01057,cliente01057@example.com,Córdoba,2021-04-13
1058,Cliente01058,cliente01058@example.com,Neuquén,2020-07-01
1059,Cliente01059,cliente01059@example.com,Córdoba,2020-07-30
1060,Cliente01060,cliente01060@example.com,Tucumán,2022-01-22
1061,Cliente01061,cliente01061@example.com,Salta,2020-10-07
1062,Cliente01062,cliente01062@example.com,Neuquén,2020-09-29
1063,Cliente01063,cliente01063@example.com,Rosario,2020-05-20
1064,Cliente01064,cliente01064@example.com,Chubut,2023-02-27
1065,Cliente01065,cliente01065@example.com,CABA,2023-06-03
1066,Cliente01066,cliente01066@example.com,Rosario,2022-06-20
1067,Cliente01067,cliente01067@example.com,Tucumán,2021-03-12
1068,Cliente01068,cliente01068@example.com,Rosario,2022-04-23
1069,Cliente01069,cliente01069@example.com,San Luis,2023-11-07
1070,Cliente01070,cliente01070@example.com,Santa Fe,2021-03-20
1071,Cliente01071,cliente01071@example.com,Córdoba,2020-07-24
1072,Cliente01072,cliente01072@example.com,Rosario,2020-09-09
1073,Cliente01073,cliente01073@example.com,San Luis,2022-02-25
1074,Cliente01074,cliente01074@example.com,Tucumán,2022-05-29
1075,Cliente01075,cliente01075@example.com,Tucumán,2020-10-13
1076,Cliente01076,cliente01076@example.com,Mendoza,2021-07-21
1077,Cliente01077,cliente01077@example.com,Córdoba,2021-05-23
1078,Cliente01078,cliente01078@example.com,Chubut,2023-05-15
1079,Cliente01079,cliente01079@example.com,San Luis,2023-05-29
1080,Cliente01080,cliente01080@example.com,Salta,2023-11-15
1081,Cliente01081,cliente01081@example.com,CABA,2023-09-10
1082,Cliente01082,cliente01082@example.com,Salta,2021-02-24
1083,Cliente01083,cliente01083@example.com,Chubut,2023-05-27
1084,Cliente01084,cliente01084@example.com,Chubut,2021-01-21
1085,Cliente01085,cliente01085@example.com,Neuquén,2021-08-28
1086,Cliente01086,cliente01086@example.com,CABA,2021-05-05
1087,Cliente01087,cliente01087@example.com,Santa Fe,2022-03-01
1088,Cliente01088,cliente01088@example.com,Córdoba,2021-05-08
1089,Cliente01089,cliente01089@example.com,Santa Fe,2023-07-30
1090,Cliente01090,cliente01090@example.com,San Luis,2020-05-25
1091,Cliente01091,cliente01091@example.com,Chubut,2020-01-25
1092,Cliente01092,cliente01092@example.com,Tucumán,2021-10-10
1093,Cliente01093,cliente01093@example.com,Rosario,2022-03-03
1094,Cliente01094,cliente01094@example.com,San Luis,2022-05-11
1095,Cliente01095,cliente01095@example.com,Tucumán,2023-01-23
1096,Cliente01096,cliente01096@example.com,Rosario,2022-08-22
1097,Cliente01097,cliente01097@example.com,Córdoba,2020-02-04
1098,Cliente01098,cliente01098@example.com,San Luis,2020-05-18
1099,Cliente01099,cliente01099@example.com,CABA,2021-06-20
1100,Cliente01100,cliente01100@example.com,Mendoza,2020-03-22
1101,Cliente01101,cliente01101@example.com,CABA,2022-03-26
1102,Cliente01102,cliente01102@example.com,Chubut,2021-08-09
1103,Cliente01103,cliente01103@example.com,Chubut,2022-04-30
1104,Cliente01104,cliente01104@example.com,Neuquén,2023-12-08
1105,Cliente01105,cliente01105@example.com,Neuquén,2020-06-17
1106,Cliente01106,cliente01106@example.com,Chubut,2023-01-06
1107,Cliente01107,cliente01107@example.com,San Luis,2020-11-08
1108,Cliente01108,cliente01108@example.com,Salta,2020-06-20
1109,Cliente01109,cliente01109@example.com,Salta,2020-06-10
1110,Cliente01110,cliente01110@example.com,Chubut,2021-02-20
1111,Cliente01111,cliente01111@example.com,Rosario,2023-01-03
1112,Cliente01112,cliente01112@example.com,Tucumán,2022-03-11
1113,Cliente01113,cliente01113@example.com,San Luis,2023-07-23
1114,Cliente01114,cliente01114@example.com,Córdoba,2021-09-27
1115,Cliente01115,cliente01115@example.com,Neuquén,2021-05-03
1116,Cliente01116,cliente01116@example.com,CABA,2021-05-15
1117,Cliente01117,cliente01117@example.com,Córdoba,2022-06-08
1118,Cliente01118,cliente01118@example.com,Córdoba,2022-07-17
1119,Cliente01119,cliente01119@example.com,San Luis,2023-05-31
1120,Cliente01120,cliente01120@example.com,CABA,2021-09-25
1121,Cliente01121,cliente01121@example.com,Rosario,2020-09-01
1122,Cliente01122,cliente01122@example.com,CABA,2023-12-20
1123,Cliente01123,cliente01123@example.com,Rosario,2023-12-07
1124,Cliente01124,cliente01124@example.com,CABA,2020-12-01
1125,Cliente01125,cliente01125@example.com,Santa Fe,2021-12-11
1126,Cliente01126,cliente01126@example.com,Chubut,2022-11-25
1127,Cliente01127,cliente01127@example.com,Salta,2020-12-07
1128,Cliente01128,cliente01128@example.com,Tucumán,2020-09-16
1129,Cliente01129,cliente01129@example.com,Salta,2020-08-29
1130,Cliente01130,cliente01130@example.com,CABA,2021-11-17
1131,Cliente01131,cliente01131@example.com,Neuquén,2021-07-11
1132,Cliente01132,cliente01132@example.com,Chubut,2020-05-10
1133,Cliente01133,cliente01133@example.com,Salta,2023-12-29
1134,Cliente01134,cliente01134@example.com,San Luis,2023-07-09
1135,Cliente01135,cliente01135@example.com,Córdoba,2022-10-13
1136,Cliente01136,cliente01136@example.com,Santa Fe,2022-11-12
1137,Cliente01137,cliente01137@example.com,Tucumán,2020-04-23
1138,Cliente01138,cliente01138@example.com,Santa Fe,2023-03-06
1139,Cliente01139,cliente01139@example.com,Rosario,2022-01-23
1140,Cliente01140,cliente01140@example.com,Rosario,2021-06-06
1141,Cliente01141,cliente01141@example.com,Córdoba,2023-03-21
1142,Cliente01142,cliente01142@example.com,Córdoba,2021-04-12
1143,Cliente01143,cliente01143@example.com,Chubut,2020-01-06
1144,Cliente01144,cliente01144@example.com,CABA,2020-01-26
1145,Cliente01145,cliente01145@example.com,Mendoza,2020-04-04
1146,Cliente01146,cliente01146@example.com,Santa Fe,2022-01-15
1147,Cliente01147,cliente01147@example.com,Neuquén,2020-11-03
1148,Cliente01148,cliente01148@example.com,Rosario,2020-03-13
1149,Cliente01149,cliente01149@example.com,Chubut,2023-09-04
1150,Cliente01150,cliente01150@example.com,Neuquén,2021-04-04
1151,Cliente01151,cliente01151@example.com,Tucumán,2021-05-23
1152,Cliente01152,cliente01152@example.com,Neuquén,2021-10-17
1153,Cliente01153,cliente01153@example.com,Salta,2020-06-08
1154,Cliente01154,cliente01154@example.com,San Luis,2022-02-02
1155,Cliente01155,cliente01155@example.com,Córdoba,2022-10-25
1156,Cliente01156,cliente01156@example.com,CABA,2021-01-02
1157,Cliente01157,cliente01157@example.com,Mendoza,2022-11-22
1158,Cliente01158,cliente01158@example.com,CABA,2022-04-01
1159,Cliente01159,cliente01159@example.com,Córdoba,2022-08-10
1160,Cliente01160,cliente01160@example.com,Salta,2021-09-28
1161,Cliente01161,cliente01161@example.com,Tucumán,2020-06-25
1162,Cliente01162,cliente01162@example.com,Chubut,2022-07-24
1163,Cliente01163,cliente01163@example.com,CABA,2022-01-25
1164,Cliente01164,cliente01164@example.com,Mendoza,2021-08-20
1165,Cliente01165,cliente01165@example.com,San Luis,2021-09-14
1166,Cliente01166,cliente01166@example.com,San Luis,2021-05-11
1167,Cliente01167,cliente01167@example.com,Santa Fe,2022-01-24
1168,Cliente01168,cliente01168@example.com,San Luis,2022-10-07
1169,Cliente01169,cliente01169@example.com,Mendoza,2023-01-24
1170,Cliente01170,cliente01170@example.com,Mendoza,2020-11-04
1171,Cliente01171,cliente01171@example.com,CABA,2022-04-19
1172,Cliente01172,cliente01172@example.com,CABA,2021-04-22
1173,Cliente01173,cliente01173@example.com,Chubut,2021-12-10
1174,Cliente01174,cliente01174@example.com,CABA,2021-11-17
1175,Cliente01175,cliente01175@example.com,CABA,2023-09-08
1176,Cliente01176,cliente01176@example.com,Neuquén,2021-09-21
1177,Cliente01177,cliente01177@example.com,Córdoba,2021-02-24
1178,Cliente01178,cliente01178@example.com,Chubut,2021-05-02
1179,Cliente01179,cliente01179@example.com,Neuquén,2022-10-04
1180,Cliente01180,cliente01180@example.com,CABA,2020-10-18
1181,Cliente01181,cliente01181@example.com,Salta,2020-07-09
1182,Cliente01182,cliente01182@example.com,CABA,2021-04-19
1183,Cliente01183,cliente01183@example.com,Chubut,2022-04-25
1184,Cliente01184,cliente01184@example.com,Tucumán,2022-07-27
1185,Cliente01185,cliente01185@example.com,Córdoba,2023-04-04
1186,Cliente01186,cliente01186@example.com,Córdoba,2022-11-01
1187,Cliente01187,cliente01187@example.com,Rosario,2023-07-29
1188,Cliente01188,cliente01188@example.com,Neuquén,2020-06-02
1189,Cliente01189,cliente01189@example.com,San Luis,2023-03-08
1190,Cliente01190,cliente01190@example.com,CABA,2022-06-09
1191,Cliente01191,cliente01191@example.com,Rosario,2021-04-29
1192,Cliente01192,cliente01192@example.com,Salta,2021-06-18
1193,Cliente01193,cliente01193@example.com,Tucumán,2022-03-15
1194,Cliente01194,cliente01194@example.com,Tucumán,2021-10-13
1195,Cliente01195,cliente01195@example.com,Santa Fe,2021-07-10
1196,Cliente01196,cliente01196@example.com,Mendoza,2020-06-01
1197,Cliente01197,cliente01197@example.com,Mendoza,2020-10-05
1198,Cliente01198,cliente01198@example.com,San Luis,2020-08-11
1199,Cliente01199,cliente01199@example.com,Rosario,2020-08-04
1200,Cliente01200,cliente01200@example.com,Rosario,2022-07-09
1201,Cliente01201,cliente01201@example.com,Santa Fe,2021-10-05
1202,Cliente01202,cliente01202@example.com,Neuquén,2020-09-04
1203,Cliente01203,cliente01203@example.com,Chubut,2022-01-03
1204,Cliente01204,cliente01204@example.com,Mendoza,2022-07-14
1205,Cliente01205,cliente01205@example.com,Salta,2022-08-06
1206,Cliente01206,cliente01206@example.com,Salta,2020-09-02
1207,Cliente01207,cliente01207@example.com,Córdoba,2020-11-18
1208,Cliente01208,cliente01208@example.com,Salta,2023-12-14
1209,Cliente01209,cliente01209@example.com,San Luis,2020-03-23
1210,Cliente01210,cliente01210@example.com,Mendoza,2021-11-02
1211,Cliente01211,cliente01211@example.com,Rosario,2020-07-05
1212,Cliente01212,cliente01212@example.com,Mendoza,2021-12-29
1213,Cliente01213,cliente01213@example.com,Neuquén,2022-11-17
1214,Cliente01214,cliente01214@example.com,CABA,2023-10-18
1215,Cliente01215,cliente01215@example.com,Salta,2021-06-16
1216,Cliente01216,cliente01216@example.com,Rosario,2020-03-04
1217,Cliente01217,cliente01217@example.com,Neuquén,2022-07-15
1218,Cliente01218,cliente01218@example.com,Chubut,2023-01-31
1219,Cliente01219,cliente01219@example.com,Mendoza,2020-07-12
1220,Cliente01220,cliente01220@example.com,Santa Fe,2020-07-27
1221,Cliente01221,cliente01221@example.com,Rosario,2020-09-05
1222,Cliente01222,cliente01222@example.com,CABA,2020-05-06
1223,Cliente01223,cliente01223@example.com,Mendoza,2020-09-24
1224,Cliente01224,cliente01224@example.com,Mendoza,2022-03-31
1225,Cliente01225,cliente01225@example.com,Tucumán,2023-11-06
1226,Cliente01226,cliente01226@example.com,Córdoba,2023-04-07
1227,Cliente01227,cliente01227@example.com,San Luis,2021-06-14
1228,Cliente01228,cliente01228@example.com,Córdoba,2020-02-14
1229,Cliente01229,cliente01229@example.com,Córdoba,2021-02-08
1230,Cliente01230,cliente01230@example.com,Santa Fe,2020-09-20
1231,Cliente01231,cliente01231@example.com,Córdoba,2021-11-10
1232,Cliente01232,cliente01232@example.com,Córdoba,2020-03-28
1233,Cliente01233,cliente01233@example.com,Santa Fe,2020-04-13
1234,Cliente01234,cliente01234@example.com,Rosario,2023-03-21
1235,Cliente01235,cliente01235@example.com,Neuquén,2022-03-19
1236,Cliente01236,cliente01236@example.com,Santa Fe,2020-03-01
1237,Cliente01237,cliente01237@example.com,Neuquén,2023-10-31
1238,Cliente01238,cliente01238@example.com,Neuquén,2020-12-19
1239,Cliente01239,cliente01239@example.com,Tucumán,2021-03-15
1240,Cliente01240,cliente01240@example.com,Rosario,2021-07-17
1241,Cliente01241,cliente01241@example.com,Salta,2022-07-02
1242,Cliente01242,cliente01242@example.com,Rosario,2020-03-11
1243,Cliente01243,cliente01243@example.com,San Luis,2023-06-22
1244,Cliente01244,cliente01244@example.com,San Luis,2021-05-18
1245,Cliente01245,cliente01245@example.com,Salta,2022-10-18
1246,Cliente01246,cliente01246@example.com,Neuquén,2023-02-01
1247,Cliente01247,cliente01247@example.com,Santa Fe,2020-05-04
1248,Cliente01248,cliente01248@example.com,Córdoba,2021-07-26
1249,Cliente01249,cliente01249@example.com,Neuquén,2020-10-08
1250,Cliente01250,cliente01250@example.com,Neuquén,2021-02-12
1251,Cliente01251,cliente01251@example.com,Chubut,2021-05-25
1252,Cliente01252,cliente01252@example.com,Chubut,2020-02-09
1253,Cliente01253,cliente01253@example.com,Neuquén,2023-12-31
1254,Cliente01254,cliente01254@example.com,Tucumán,2022-09-09
1255,Cliente01255,cliente01255@example.com,Chubut,2022-09-19
1256,Cliente01256,cliente01256@example.com,Tucumán,2023-03-04
1257,Cliente01257,cliente01257@example.com,Chubut,2021-10-20
1258,Cliente01258,cliente01258@example.com,Neuquén,2021-07-07
1259,Cliente01259,cliente01259@example.com,Rosario,2020-02-23
1260,Cliente01260,cliente01260@example.com,Tucumán,2023-05-07
1261,Cliente01261,cliente01261@example.com,Mendoza,2020-03-01
1262,Cliente01262,cliente01262@example.com,Salta,2020-04-29
1263,Cliente01263,cliente01263@example.com,Santa Fe,2022-12-20
1264,Cliente01264,cliente01264@example.com,Tucumán,2023-04-11
1265,Cliente01265,cliente01265@example.com,Mendoza,2020-11-22
1266,Cliente01266,cliente01266@example.com,Córdoba,2021-05-22
1267,Cliente01267,cliente01267@example.com,Mendoza,2021-06-29
1268,Cliente01268,cliente01268@example.com,Chubut,2020-04-24
1269,Cliente01269,cliente01269@example.com,Mendoza,2023-03-25
1270,Cliente01270,cliente01270@example.com,Neuquén,2021-12-27
1271,Cliente01271,cliente01271@example.com,Rosario,2020-12-26
1272,Cliente01272,cliente01272@example.com,Mendoza,2023-04-28
1273,Cliente01273,cliente01273@example.com,Tucumán,2023-11-29
1274,Cliente01274,cliente01274@example.com,Tucumán,2023-04-26
1275,Cliente01275,cliente01275@example.com,CABA,2023-12-11
1276,Cliente01276,cliente01276@example.com,Tucumán,2023-03-08
1277,Cliente01277,cliente01277@example.com,San Luis,2020-10-18
1278,Cliente01278,cliente01278@example.com,San Luis,2021-01-20
1279,Cliente01279,cliente01279@example.com,Santa Fe,2023-01-15
1280,Cliente01280,cliente01280@example.com,Salta,2020-12-25
1281,Cliente01281,cliente01281@example.com,Santa Fe,2020-03-18
1282,Cliente01282,cliente01282@example.com,Córdoba,2020-04-25
1283,Cliente01283,cliente01283@example.com,Mendoza,2023-05-17
1284,Cliente01284,cliente01284@example.com,Mendoza,2020-02-10
1285,Cliente01285,cliente01285@example.com,Chubut,2022-09-05
1286,Cliente01286,cliente01286@example.com,CABA,2021-11-10
1287,Cliente01287,cliente01287@example.com,San Luis,2021-02-16
1288,Cliente01288,cliente01288@example.com,Rosario,2021-11-28
1289,Cliente01289,cliente01289@example.com,Rosario,2021-10-24
1290,Cliente01290,cliente01290@example.com,CABA,2020-02-14
1291,Cliente01291,cliente01291@example.com,Rosario,2023-04-16
1292,Cliente01292,cliente01292@example.com,Rosario,2020-08-15
1293,Cliente01293,cliente01293@example.com,Chubut,2022-01-17
1294,Cliente01294,cliente01294@example.com,Córdoba,2022-02-04
1295,Cliente01295,cliente01295@example.com,Neuquén,2023-04-15
1296,Cliente01296,cliente01296@example.com,Córdoba,2021-11-20
1297,Cliente01297,cliente01297@example.com,Salta,2021-10-22
1298,Cliente01298,cliente01298@example.com,Rosario,2020-11-18
1299,Cliente01299,cliente01299@example.com,Neuquén,2023-08-02
1300,Cliente01300,cliente01300@example.com,Santa Fe,2023-08-22
1301,Cliente01301,cliente01301@example.com,Tucumán,2020-12-22
1302,Cliente01302,cliente01302@example.com,Chubut,2023-11-21
1303,Cliente01303,cliente01303@example.com,San Luis,2021-12-31
1304,Cliente01304,cliente01304@example.com,Mendoza,2023-09-25
1305,Cliente01305,cliente01305@example.com,San Luis,2020-12-25
1306,Cliente01306,cliente01306@example.com,Neuquén,2021-09-20
1307,Cliente01307,cliente01307@example.com,Salta,2020-09-17
1308,Cliente01308,cliente01308@example.com,Rosario,2020-01-04
1309,Cliente01309,cliente01309@example.com,San Luis,2022-03-12
1310,Cliente01310,cliente01310@example.com,San Luis,2020-03-07
1311,Cliente01311,cliente01311@example.com,Rosario,2023-05-18
1312,Cliente01312,cliente01312@example.com,Tucumán,2023-06-06
1313,Cliente01313,cliente01313@example.com,Mendoza,2023-08-02
1314,Cliente01314,cliente01314@example.com,San Luis,2020-08-01
1315,Cliente01315,cliente01315@example.com,Santa Fe,2020-10-15
1316,Cliente01316,cliente01316@example.com,Tucumán,2020-06-08
1317,Cliente01317,cliente01317@example.com,Mendoza,2021-12-11
1318,Cliente01318,cliente01318@example.com,Tucumán,2020-12-09
1319,Cliente01319,cliente01319@example.com,Córdoba,2023-12-22
1320,Cliente01320,cliente01320@example.com,Tucumán,2022-07-03
1321,Cliente01321,cliente01321@example.com,CABA,2021-06-27
1322,Cliente01322,cliente01322@example.com,Mendoza,2021-05-26
1323,Cliente01323,cliente01323@example.com,Córdoba,2021-12-18
1324,Cliente01324,cliente01324@example.com,Salta,2020-08-09
1325,Cliente01325,cliente01325@example.com,CABA,2020-04-08
1326,Cliente01326,cliente01326@example.com,Neuquén,2022-06-16
1327,Cliente01327,cliente01327@example.com,Neuquén,2020-12-06
1328,Cliente01328,cliente01328@example.com,Neuquén,2022-10-06
1329,Cliente01329,cliente01329@example.com,Neuquén,2021-12-20
1330,Cliente01330,cliente01330@example.com,Chubut,2022-02-07
1331,Cliente01331,cliente01331@example.com,Córdoba,2022-09-08
1332,Cliente01332,cliente01332@example.com,San Luis,2023-08-26
1333,Cliente01333,cliente01333@example.com,Mendoza,2020-11-29
1334,Cliente01334,cliente01334@example.com,Santa Fe,2020-05-30
1335,Cliente01335,cliente01335@example.com,CABA,2021-08-26
1336,Cliente01336,cliente01336@example.com,CABA,2021-10-14
1337,Cliente01337,cliente01337@example.com,Salta,2020-08-02
1338,Cliente01338,cliente01338@example.com,Córdoba,2021-12-01
1339,Cliente01339,cliente01339@example.com,Rosario,2022-02-07
1340,Cliente01340,cliente01340@example.com,Rosario,2020-06-02
1341,Cliente01341,cliente01341@example.com,Chubut,2020-07-09
1342,Cliente01342,cliente01342@example.com,Tucumán,2023-05-01
1343,Cliente01343,cliente01343@example.com,San Luis,2022-09-15
1344,Cliente01344,cliente01344@example.com,CABA,2022-06-02
1345,Cliente01345,cliente01345@example.com,Rosario,2023-05-28
1346,Cliente01346,cliente01346@example.com,Neuquén,2020-11-17
1347,Cliente01347,cliente01347@example.com,CABA,2020-07-26
1348,Cliente01348,cliente01348@example.com,Tucumán,2021-02-24
1349,Cliente01349,cliente01349@example.com,Mendoza,2022-04-18
1350,Cliente01350,cliente01350@example.com,Chubut,2023-01-11
1351,Cliente01351,cliente01351@example.com,Salta,2023-09-14
1352,Cliente01352,cliente01352@example.com,Salta,2021-09-01
1353,Cliente01353,cliente01353@example.com,Mendoza,2020-07-15
1354,Cliente01354,cliente01354@example.com,CABA,2022-03-15
1355,Cliente01355,cliente01355@example.com,San Luis,2023-01-30
1356,Cliente01356,cliente01356@example.com,Santa Fe,2020-11-10
1357,Cliente01357,cliente01357@example.com,CABA,2022-01-08
1358,Cliente01358,cliente01358@example.com,CABA,2022-05-25
1359,Cliente01359,cliente01359@example.com,Córdoba,2021-08-26
1360,Cliente01360,cliente01360@example.com,San Luis,2022-09-10
1361,Cliente01361,cliente01361@example.com,Mendoza,2020-07-17
1362,Cliente01362,cliente01362@example.com,CABA,2021-02-27
1363,Cliente01363,cliente01363@example.com,Rosario,2023-07-31
1364,Cliente01364,cliente01364@example.com,Salta,2020-06-16
1365,Cliente01365,cliente01365@example.com,Santa Fe,2020-08-24
1366,Cliente01366,cliente01366@example.com,Salta,2022-03-25
1367,Cliente01367,cliente01367@example.com,Santa Fe,2022-09-28
1368,Cliente01368,cliente01368@example.com,Salta,2020-07-05
1369,Cliente01369,cliente01369@example.com,Chubut,2022-03-04
1370,Cliente01370,cliente01370@example.com,Rosario,2022-01-29
1371,Cliente01371,cliente01371@example.com,Neuquén,2022-01-26
1372,Cliente01372,cliente01372@example.com,Rosario,2022-07-01
1373,Cliente01373,cliente01373@example.com,CABA,2021-06-23
1374,Cliente01374,cliente01374@example.com,Santa Fe,2022-08-10
1375,Cliente01375,cliente01375@example.com,Salta,2021-04-08
1376,Cliente01376,cliente01376@example.com,Salta,2023-03-01
1377,Cliente01377,cliente01377@example.com,CABA,2020-11-05
1378,Cliente01378,cliente01378@example.com,Córdoba,2020-06-24
1379,Cliente01379,cliente01379@example.com,Tucumán,2023-01-13
1380,Cliente01380,cliente01380@example.com,Neuquén,2023-04-22
1381,Cliente01381,cliente01381@example.com,Mendoza,2023-02-07
1382,Cliente01382,cliente01382@example.com,CABA,2022-03-03
1383,Cliente01383,cliente01383@example.com,Chubut,2022-05-07
1384,Cliente01384,cliente01384@example.com,Chubut,2023-11-08
1385,Cliente01385,cliente01385@example.com,Santa Fe,2023-03-18
1386,Cliente01386,cliente01386@example.com,Mendoza,2022-09-02
1387,Cliente01387,cliente01387@example.com,Salta,2020-06-10
1388,Cliente01388,cliente01388@example.com,Neuquén,2020-03-12
1389,Cliente01389,cliente01389@example.com,Chubut,2023-03-15
1390,Cliente01390,cliente01390@example.com,Chubut,2023-03-16
1391,Cliente01391,cliente01391@example.com,San Luis,2020-10-28
1392,Cliente01392,cliente01392@example.com,Córdoba,2022-07-08
1393,Cliente01393,cliente01393@example.com,Rosario,2020-12-08
1394,Cliente01394,cliente01394@example.com,Mendoza,2021-01-29
1395,Cliente01395,cliente01395@example.com,Rosario,2020-03-28
1396,Cliente01396,cliente01396@example.com,Neuquén,2020-06-09
1397,Cliente01397,cliente01397@example.com,Neuquén,2021-02-17
1398,Cliente01398,cliente01398@example.com,Rosario,2023-05-03
1399,Cliente01399,cliente01399@example.com,Salta,2021-10-16
1400,Cliente01400,cliente01400@example.com,Córdoba,2020-06-27
1401,Cliente01401,cliente01401@example.com,Neuquén,2023-02-13
1402,Cliente01402,cliente01402@example.com,Neuquén,2023-02-04
1403,Cliente01403,cliente01403@example.com,Tucumán,2021-07-19
1404,Cliente01404,cliente01404@example.com,Chubut,2022-07-27
1405,Cliente01405,cliente01405@example.com,CABA,2023-12-05
1406,Cliente01406,cliente01406@example.com,San Luis,2023-04-18
1407,Cliente01407,cliente01407@example.com,Chubut,2022-05-09
1408,Cliente01408,cliente01408@example.com,Córdoba,2022-04-28
1409,Cliente01409,cliente01409@example.com,Rosario,2020-10-30
1410,Cliente01410,cliente01410@example.com,San Luis,2023-04-19
1411,Cliente01411,cliente01411@example.com,San Luis,2020-07-24
1412,Cliente01412,cliente01412@example.com,Córdoba,2023-02-26
1413,Cliente01413,cliente01413@example.com,Córdoba,2021-08-08
1414,Cliente01414,cliente01414@example.com,Chubut,2021-12-05
1415,Cliente01415,cliente01415@example.com,Neuquén,2021-06-24
1416,Cliente01416,cliente01416@example.com,Neuquén,2023-09-03
1417,Cliente01417,cliente01417@example.com,Santa Fe,2023-03-17
1418,Cliente01418,cliente01418@example.com,San Luis,2022-08-26
1419,Cliente01419,cliente01419@example.com,CABA,2020-12-18
1420,Cliente01420,cliente01420@example.com,Salta,2022-04-05
1421,Cliente01421,cliente01421@example.com,Rosario,2023-06-20
1422,Cliente01422,cliente01422@example.com,San Luis,2023-10-26
1423,Cliente01423,cliente01423@example.com,Neuquén,2020-03-20
1424,Cliente01424,cliente01424@example.com,Neuquén,2021-11-09
1425,Cliente01425,cliente01425@example.com,Mendoza,2020-04-10
1426,Cliente01426,cliente01426@example.com,Santa Fe,2021-07-04
1427,Cliente01427,cliente01427@example.com,Tucumán,2020-02-11
1428,Cliente01428,cliente01428@example.com,Tucumán,2021-09-12
1429,Cliente01429,cliente01429@example.com,Salta,2021-07-28
1430,Cliente01430,cliente01430@example.com,Santa Fe,2023-11-26
1431,Cliente01431,cliente01431@example.com,Córdoba,2021-04-11
1432,Cliente01432,cliente01432@example.com,Rosario,2021-09-07
1433,Cliente01433,cliente01433@example.com,Santa Fe,2021-10-19
1434,Cliente01434,cliente01434@example.com,Salta,2022-05-03
1435,Cliente01435,cliente01435@example.com,San Luis,2023-08-15
1436,Cliente01436,cliente01436@example.com,Córdoba,2021-01-19
1437,Cliente01437,cliente01437@example.com,Santa Fe,2021-03-08
1438,Cliente01438,cliente01438@example.com,Neuquén,2022-09-19
1439,Cliente01439,cliente01439@example.com,Chubut,2022-02-04
1440,Cliente01440,cliente01440@example.com,CABA,2022-11-21
1441,Cliente01441,cliente01441@example.com,Rosario,2020-05-14
1442,Cliente01442,cliente01442@example.com,Salta,2023-12-24
1443,Cliente01443,cliente01443@example.com,Chubut,2022-04-06
1444,Cliente01444,cliente01444@example.com,Rosario,2022-12-09
1445,Cliente01445,cliente01445@example.com,San Luis,2020-02-29
1446,Cliente01446,cliente01446@example.com,Rosario,2021-01-29
1447,Cliente01447,cliente01447@example.com,Mendoza,2020-04-28
1448,Cliente01448,cliente01448@example.com,Mendoza,2020-03-08
1449,Cliente01449,cliente01449@example.com,Santa Fe,2020-04-13
1450,Cliente01450,cliente01450@example.com,Tucumán,2023-12-14
1451,Cliente01451,cliente01451@example.com,Mendoza,2021-07-15
1452,Cliente01452,cliente01452@example.com,Tucumán,2022-08-08
1453,Cliente01453,cliente01453@example.com,Chubut,2022-03-23
1454,Cliente01454,cliente01454@example.com,Córdoba,2023-10-27
1455,Cliente01455,cliente01455@example.com,CABA,2021-05-10
1456,Cliente01456,cliente01456@example.com,Tucumán,2022-09-28
1457,Cliente01457,cliente01457@example.com,San Luis,2022-07-02
1458,Cliente01458,cliente01458@example.com,Rosario,2022-08-29
1459,Cliente01459,cliente01459@example.com,San Luis,2023-02-03
1460,Cliente01460,cliente01460@example.com,Tucumán,2021-12-06
1461,Cliente01461,cliente01461@example.com,Rosario,2021-06-13
1462,Cliente01462,cliente01462@example.com,Córdoba,2021-08-06
1463,Cliente01463,cliente01463@example.com,CABA,2022-03-02
1464,Cliente01464,cliente01464@example.com,CABA,2020-11-29
1465,Cliente01465,cliente01465@example.com,San Luis,2021-03-14
1466,Cliente01466,cliente01466@example.com,Mendoza,2023-08-18
1467,Cliente01467,cliente01467@example.com,Mendoza,2023-10-19
1468,Cliente01468,cliente01468@example.com,Mendoza,2021-07-05
1469,Cliente01469,cliente01469@example.com,Neuquén,2022-11-17
1470,Cliente01470,cliente01470@example.com,CABA,2023-10-29
1471,Cliente01471,cliente01471@example.com,CABA,2022-08-28
1472,Cliente01472,cliente01472@example.com,Rosario,2023-08-18
1473,Cliente01473,cliente01473@example.com,Rosario,2023-05-16
1474,Cliente01474,cliente01474@example.com,CABA,2021-04-03
1475,Cliente01475,cliente01475@example.com,Salta,2023-05-30
1476,Cliente01476,cliente01476@example.com,Salta,2023-12-30
1477,Cliente01477,cliente01477@example.com,Salta,2022-05-17
1478,Cliente01478,cliente01478@example.com,Neuquén,2021-12-15
1479,Cliente01479,cliente01479@example.com,Santa Fe,2021-05-31
1480,Cliente01480,cliente01480@example.com,Mendoza,2022-08-13
1481,Cliente01481,cliente01481@example.com,Salta,2023-10-18
1482,Cliente01482,cliente01482@example.com,Chubut,2023-07-01
1483,Cliente01483,cliente01483@example.com,Neuquén,2023-04-12
1484,Cliente01484,cliente01484@example.com,Córdoba,2020-01-16
1485,Cliente01485,cliente01485@example.com,Chubut,2023-09-18
1486,Cliente01486,cliente01486@example.com,Tucumán,2023-02-23
1487,Cliente01487,cliente01487@example.com,San Luis,2023-06-01
1488,Cliente01488,cliente01488@example.com,Salta,2021-09-03
1489,Cliente01489,cliente01489@example.com,Córdoba,2022-09-13
1490,Cliente01490,cliente01490@example.com,Córdoba,2021-11-19
1491,Cliente01491,cliente01491@example.com,Salta,2023-08-04
1492,Cliente01492,cliente01492@example.com,Tucumán,2021-07-21
1493,Cliente01493,cliente01493@example.com,Salta,2023-09-05
1494,Cliente01494,cliente01494@example.com,Salta,2021-01-20
1495,Cliente01495,cliente01495@example.com,Rosario,2022-11-25
1496,Cliente01496,cliente01496@example.com,Mendoza,2020-04-26
1497,Cliente01497,cliente01497@example.com,San Luis,2022-04-07
1498,Cliente01498,cliente01498@example.com,Tucumán,2023-10-26
1499,Cliente01499,cliente01499@example.com,Rosario,2020-02-22
1500,Cliente01500,cliente01500@example.com,Santa Fe,2021-08-28
1501,Cliente01501,cliente01501@example.com,Salta,2022-05-07
1502,Cliente01502,cliente01502@example.com,Neuquén,2022-03-06
1503,Cliente01503,cliente01503@example.com,CABA,2023-04-09
1504,Cliente01504,cliente01504@example.com,San Luis,2021-01-23
1505,Cliente01505,cliente01505@example.com,Tucumán,2023-12-31
1506,Cliente01506,cliente01506@example.com,Mendoza,2023-11-06
1507,Cliente01507,cliente01507@example.com,Chubut,2023-07-31
1508,Cliente01508,cliente01508@example.com,Santa Fe,2023-10-07
1509,Cliente01509,cliente01509@example.com,Tucumán,2022-11-04
1510,Cliente01510,cliente01510@example.com,Salta,2020-12-14
1511,Cliente01511,cliente01511@example.com,Chubut,2021-01-05
1512,Cliente01512,cliente01512@example.com,Salta,2020-07-18
1513,Cliente01513,cliente01513@example.com,Santa Fe,2020-09-19
1514,Cliente01514,cliente01514@example.com,Salta,2023-02-18
1515,Cliente01515,cliente01515@example.com,Rosario,2023-10-24
1516,Cliente01516,cliente01516@example.com,Tucumán,2023-09-02
1517,Cliente01517,cliente01517@example.com,Córdoba,2021-03-31
1518,Cliente01518,cliente01518@example.com,Tucumán,2021-04-02
1519,Cliente01519,cliente01519@example.com,Salta,2022-05-11
1520,Cliente01520,cliente01520@example.com,Tucumán,2022-01-31
1521,Cliente01521,cliente01521@example.com,Salta,2023-04-14
1522,Cliente01522,cliente01522@example.com,Salta,2022-08-07
1523,Cliente01523,cliente01523@example.com,Córdoba,2022-08-21
1524,Cliente01524,cliente01524@example.com,CABA,2023-07-23
1525,Cliente01525,cliente01525@example.com,San Luis,2023-04-03
1526,Cliente01526,cliente01526@example.com,San Luis,2020-05-25
1527,Cliente01527,cliente01527@example.com,Santa Fe,2021-02-02
1528,Cliente01528,cliente01528@example.com,Chubut,2020-09-02
1529,Cliente01529,cliente01529@example.com,Neuquén,2022-12-21
1530,Cliente01530,cliente01530@example.com,Salta,2022-04-26
1531,Cliente01531,cliente01531@example.com,CABA,2020-11-04
1532,Cliente01532,cliente01532@example.com,Rosario,2021-02-14
1533,Cliente01533,cliente01533@example.com,Tucumán,2022-04-18
1534,Cliente01534,cliente01534@example.com,San Luis,2022-07-26
1535,Cliente01535,cliente01535@example.com,Rosario,2021-10-09
1536,Cliente01536,cliente01536@example.com,Rosario,2020-06-14
1537,Cliente01537,cliente01537@example.com,Santa Fe,2021-11-12
1538,Cliente01538,cliente01538@example.com,Rosario,2021-10-03
1539,Cliente01539,cliente01539@example.com,CABA,2020-01-10
1540,Cliente01540,cliente01540@example.com,Santa Fe,2021-07-14
1541,Cliente01541,cliente01541@example.com,Mendoza,2020-12-11
1542,Cliente01542,cliente01542@example.com,San Luis,2020-11-20
1543,Cliente01543,cliente01543@example.com,Santa Fe,2020-06-29
1544,Cliente01544,cliente01544@example.com,Rosario,2023-06-12
1545,Cliente01545,cliente01545@example.com,Neuquén,2023-07-21
1546,Cliente01546,cliente01546@example.com,Neuquén,2022-04-06
1547,Cliente01547,cliente01547@example.com,Neuquén,2022-09-04
1548,Cliente01548,cliente01548@example.com,Neuquén,2020-01-10
1549,Cliente01549,cliente01549@example.com,CABA,2022-12-29
1550,Cliente01550,cliente01550@example.com,Mendoza,2022-02-03
1551,Cliente01551,cliente01551@example.com,CABA,2021-10-21
1552,Cliente01552,cliente01552@example.com,Chubut,2021-01-25
1553,Cliente01553,cliente01553@example.com,CABA,2023-10-17
1554,Cliente01554,cliente01554@example.com,CABA,2023-07-07
1555,Cliente01555,cliente01555@example.com,Mendoza,2021-04-08
1556,Cliente01556,cliente01556@example.com,Tucumán,2021-10-01
1557,Cliente01557,cliente01557@example.com,Rosario,2020-07-29
1558,Cliente01558,cliente01558@example.com,Neuquén,2022-10-27
1559,Cliente01559,cliente01559@example.com,San Luis,2021-09-18
1560,Cliente01560,cliente01560@example.com,Rosario,2020-05-13
1561,Cliente01561,cliente01561@example.com,CABA,2021-09-02
1562,Cliente01562,cliente01562@example.com,Salta,2022-07-22
1563,Cliente01563,cliente01563@example.com,Chubut,2023-05-06
1564,Cliente01564,cliente01564@example.com,Chubut,2021-11-22
1565,Cliente01565,cliente01565@example.com,Neuquén,2023-11-07
1566,Cliente01566,cliente01566@example.com,Rosario,2021-12-02
1567,Cliente01567,cliente01567@example.com,Santa Fe,2022-01-05
1568,Cliente01568,cliente01568@example.com,Mendoza,2020-12-03
1569,Cliente01569,cliente01569@example.com,Neuquén,2020-02-09
1570,Cliente01570,cliente01570@example.com,Mendoza,2021-04-04
1571,Cliente01571,cliente01571@example.com,Rosario,2021-03-08
1572,Cliente01572,cliente01572@example.com,CABA,2023-04-22
1573,Cliente01573,cliente01573@example.com,Chubut,2020-12-12
1574,Cliente01574,cliente01574@example.com,Córdoba,2022-01-20
1575,Cliente01575,cliente01575@example.com,CABA,2022-02-07
1576,Cliente01576,cliente01576@example.com,Salta,2022-12-31
1577,Cliente01577,cliente01577@example.com,San Luis,2020-04-09
1578,Cliente01578,cliente01578@example.com,San Luis,2020-04-08
1579,Cliente01579,cliente01579@example.com,Córdoba,2023-08-31
1580,Cliente01580,cliente01580@example.com,CABA,2020-04-08
1581,Cliente01581,cliente01581@example.com,Córdoba,2022-05-03
1582,Cliente01582,cliente01582@example.com,Santa Fe,2022-02-17
1583,Cliente01583,cliente01583@example.com,Córdoba,2023-01-25
1584,Cliente01584,cliente01584@example.com,Salta,2022-08-29
1585,Cliente01585,cliente01585@example.com,Rosario,2021-02-24
1586,Cliente01586,cliente01586@example.com,CABA,2021-09-08
1587,Cliente01587,cliente01587@example.com,Neuquén,2023-09-17
1588,Cliente01588,cliente01588@example.com,Córdoba,2023-09-18
1589,Cliente01589,cliente01589@example.com,Chubut,2021-07-06
1590,Cliente01590,cliente01590@example.com,San Luis,2023-05-25
1591,Cliente01591,cliente01591@example.com,Rosario,2022-05-07
1592,Cliente01592,cliente01592@example.com,Córdoba,2022-11-13
1593,Cliente01593,cliente01593@example.com,San Luis,2020-08-29
1594,Cliente01594,cliente01594@example.com,Salta,2020-08-21
1595,Cliente01595,cliente01595@example.com,Córdoba,2022-10-16
1596,Cliente01596,cliente01596@example.com,Mendoza,2023-06-01
1597,Cliente01597,cliente01597@example.com,Mendoza,2021-06-22
1598,Cliente01598,cliente01598@example.com,Chubut,2021-02-17
1599,Cliente01599,cliente01599@example.com,Tucumán,2023-12-11
1600,Cliente01600,cliente01600@example.com,Neuquén,2021-08-27
1601,Cliente01601,cliente01601@example.com,Rosario,2020-03-21
1602,Cliente01602,cliente01602@example.com,Chubut,2022-10-13
1603,Cliente01603,cliente01603@example.com,Mendoza,2023-11-10
1604,Cliente01604,cliente01604@example.com,Santa Fe,2021-11-08
1605,Cliente01605,cliente01605@example.com,Mendoza,2020-01-06
1606,Cliente01606,cliente01606@example.com,CABA,2023-10-07
1607,Cliente01607,cliente01607@example.com,Córdoba,2020-08-14
1608,Cliente01608,cliente01608@example.com,San Luis,2023-10-02
1609,Cliente01609,cliente01609@example.com,Santa Fe,2020-11-01
1610,Cliente01610,cliente01610@example.com,Córdoba,2022-11-13
1611,Cliente01611,cliente01611@example.com,Córdoba,2020-07-26
1612,Cliente01612,cliente01612@example.com,Salta,2023-08-12
1613,Cliente01613,cliente01613@example.com,Mendoza,2022-07-24
1614,Cliente01614,cliente01614@example.com,Salta,2021-06-24
1615,Cliente01615,cliente01615@example.com,Santa Fe,2020-04-12
1616,Cliente01616,cliente01616@example.com,Córdoba,2020-12-23
1617,Cliente01617,cliente01617@example.com,CABA,2021-08-18
1618,Cliente01618,cliente01618@example.com,Tucumán,2023-10-18
1619,Cliente01619,cliente01619@example.com,Tucumán,2022-05-22
1620,Cliente01620,cliente01620@example.com,Córdoba,2020-07-13
1621,Cliente01621,cliente01621@example.com,CABA,2020-01-20
1622,Cliente01622,cliente01622@example.com,Rosario,2023-09-20
1623,Cliente01623,cliente01623@example.com,Rosario,2021-11-04
1624,Cliente01624,cliente01624@example.com,Tucumán,2022-06-15
1625,Cliente01625,cliente01625@example.com,San Luis,2021-07-03
1626,Cliente01626,cliente01626@example.com,Córdoba,2022-02-02
1627,Cliente01627,cliente01627@example.com,Tucumán,2021-01-09
1628,Cliente01628,cliente01628@example.com,Córdoba,2022-03-31
1629,Cliente01629,cliente01629@example.com,Neuquén,2022-07-23
1630,Cliente01630,cliente01630@example.com,Salta,2022-02-28
1631,Cliente01631,cliente01631@example.com,Santa Fe,2022-05-13
1632,Cliente01632,cliente01632@example.com,Rosario,2020-08-19
1633,Cliente01633,cliente01633@example.com,Rosario,2023-11-26
1634,Cliente01634,cliente01634@example.com,CABA,2020-11-22
1635,Cliente01635,cliente01635@example.com,Córdoba,2022-05-02
1636,Cliente01636,cliente01636@example.com,San Luis,2022-09-15
1637,Cliente01637,cliente01637@example.com,San Luis,2023-10-21
1638,Cliente01638,cliente01638@example.com,Santa Fe,2021-01-06
1639,Cliente01639,cliente01639@example.com,San Luis,2022-02-16
1640,Cliente01640,cliente01640@example.com,Tucumán,2023-06-06
1641,Cliente01641,cliente01641@example.com,CABA,2023-11-02
1642,Cliente01642,cliente01642@example.com,Rosario,2022-09-16
1643,Cliente01643,cliente01643@example.com,Santa Fe,2020-08-19
1644,Cliente01644,cliente01644@example.com,Neuquén,2022-06-21
1645,Cliente01645,cliente01645@example.com,CABA,2020-05-09
1646,Cliente01646,cliente01646@example.com,Salta,2023-09-03
1647,Cliente01647,cliente01647@example.com,Tucumán,2020-01-26
1648,Cliente01648,cliente01648@example.com,Chubut,2023-03-26
1649,Cliente01649,cliente01649@example.com,San Luis,2021-04-03
1650,Cliente01650,cliente01650@example.com,Tucumán,2022-11-29
1651,Cliente01651,cliente01651@example.com,Chubut,2023-11-10
1652,Cliente01652,cliente01652@example.com,San Luis,2020-07-14
1653,Cliente01653,cliente01653@example.com,Neuquén,2023-09-17
1654,Cliente01654,cliente01654@example.com,Mendoza,2022-09-13
1655,Cliente01655,cliente01655@example.com,Tucumán,2023-09-21
1656,Cliente01656,cliente01656@example.com,Neuquén,2020-10-31
1657,Cliente01657,cliente01657@example.com,Chubut,2023-06-09
1658,Cliente01658,cliente01658@example.com,CABA,2020-01-24
1659,Cliente01659,cliente01659@example.com,Rosario,2022-11-01
1660,Cliente01660,cliente01660@example.com,Santa Fe,2022-10-12
1661,Cliente01661,cliente01661@example.com,Rosario,2020-06-02
1662,Cliente01662,cliente01662@example.com,Santa Fe,2021-10-18
1663,Cliente01663,cliente01663@example.com,Mendoza,2021-11-08
1664,Cliente01664,cliente01664@example.com,Salta,2020-04-13
1665,Cliente01665,cliente01665@example.com,Chubut,2021-04-01
1666,Cliente01666,cliente01666@example.com,Chubut,2023-08-10
1667,Cliente01667,cliente01667@example.com,Neuquén,2022-04-05
1668,Cliente01668,cliente01668@example.com,Mendoza,2020-06-10
1669,Cliente01669,cliente01669@example.com,Santa Fe,2022-06-28
1670,Cliente01670,cliente01670@example.com,San Luis,2022-07-06
1671,Cliente01671,cliente01671@example.com,Córdoba,2022-10-17
1672,Cliente01672,cliente01672@example.com,Santa Fe,2021-10-09
1673,Cliente01673,cliente01673@example.com,Córdoba,2022-10-15
1674,Cliente01674,cliente01674@example.com,CABA,2020-07-29
1675,Cliente01675,cliente01675@example.com,Neuquén,2022-04-24
1676,Cliente01676,cliente01676@example.com,CABA,2023-02-15
1677,Cliente01677,cliente01677@example.com,Chubut,2020-01-01
1678,Cliente01678,cliente01678@example.com,Córdoba,2023-05-22
1679,Cliente01679,cliente01679@example.com,San Luis,2023-07-29
1680,Cliente01680,cliente01680@example.com,Salta,2022-11-07
1681,Cliente01681,cliente01681@example.com,Chubut,2021-02-27
1682,Cliente01682,cliente01682@example.com,Santa Fe,2021-11-29
1683,Cliente01683,cliente01683@example.com,Tucumán,2020-04-21
1684,Cliente01684,cliente01684@example.com,Mendoza,2022-07-19
1685,Cliente01685,cliente01685@example.com,Tucumán,2023-02-21
1686,Cliente01686,cliente01686@example.com,San Luis,2023-05-13
1687,Cliente01687,cliente01687@example.com,Santa Fe,2023-09-07
1688,Cliente01688,cliente01688@example.com,Tucumán,2022-07-15
1689,Cliente01689,cliente01689@example.com,Córdoba,2020-07-18
1690,Cliente01690,cliente01690@example.com,Mendoza,2020-01-05
1691,Cliente01691,cliente01691@example.com,Tucumán,2021-12-28
1692,Cliente01692,cliente01692@example.com,Salta,2023-01-26
1693,Cliente01693,cliente01693@example.com,Chubut,2022-02-04
1694,Cliente01694,cliente01694@example.com,Córdoba,2020-04-03
1695,Cliente01695,cliente01695@example.com,Rosario,2022-10-05
1696,Cliente01696,cliente01696@example.com,Rosario,2022-04-18
1697,Cliente01697,cliente01697@example.com,Córdoba,2021-06-04
1698,Cliente01698,cliente01698@example.com,San Luis,2021-02-05
1699,Cliente01699,cliente01699@example.com,Mendoza,2020-09-04
1700,Cliente01700,cliente01700@example.com,Neuquén,2021-03-17
1701,Cliente01701,cliente01701@example.com,Santa Fe,2021-01-25
1702,Cliente01702,cliente01702@example.com,Tucumán,2020-08-08
1703,Cliente01703,cliente01703@example.com,Neuquén,2020-04-05
1704,Cliente01704,cliente01704@example.com,San Luis,2020-09-09
1705,Cliente01705,cliente01705@example.com,Santa Fe,2022-07-25
1706,Cliente01706,cliente01706@example.com,San Luis,2022-10-29
1707,Cliente01707,cliente01707@example.com,Rosario,2022-10-18
1708,Cliente01708,cliente01708@example.com,CABA,2022-12-22
1709,Cliente01709,cliente01709@example.com,CABA,2023-02-07
1710,Cliente01710,cliente01710@example.com,Neuquén,2023-04-13
1711,Cliente01711,cliente01711@example.com,Santa Fe,2022-11-07
1712,Cliente01712,cliente01712@example.com,Rosario,2023-11-17
1713,Cliente01713,cliente01713@example.com,San Luis,2020-12-21
1714,Cliente01714,cliente01714@example.com,Rosario,2020-07-31
1715,Cliente01715,cliente01715@example.com,Neuquén,2023-09-08
1716,Cliente01716,cliente01716@example.com,San Luis,2023-05-26
1717,Cliente01717,cliente01717@example.com,Tucumán,2022-10-29
1718,Cliente01718,cliente01718@example.com,Neuquén,2022-05-07
1719,Cliente01719,cliente01719@example.com,San Luis,2023-11-19
1720,Cliente01720,cliente01720@example.com,Mendoza,2021-07-14
1721,Cliente01721,cliente01721@example.com,Neuquén,2021-12-03
1722,Cliente01722,cliente01722@example.com,Salta,2022-07-16
1723,Cliente01723,cliente01723@example.com,Rosario,2020-10-09
1724,Cliente01724,cliente01724@example.com,Neuquén,2023-05-18
1725,Cliente01725,cliente01725@example.com,Chubut,2021-09-04
1726,Cliente01726,cliente01726@example.com,Chubut,2021-10-04
1727,Cliente01727,cliente01727@example.com,Chubut,2023-07-19
1728,Cliente01728,cliente01728@example.com,Mendoza,2021-02-15
1729,Cliente01729,cliente01729@example.com,Mendoza,2023-07-02
1730,Cliente01730,cliente01730@example.com,Salta,2023-11-07
1731,Cliente01731,cliente01731@example.com,Tucumán,2023-10-09
1732,Cliente01732,cliente01732@example.com,Rosario,2023-12-25
1733,Cliente01733,cliente01733@example.com,Rosario,2022-10-28
1734,Cliente01734,cliente01734@example.com,Chubut,2023-11-22
1735,Cliente01735,cliente01735@example.com,Tucumán,2023-12-25
1736,Cliente01736,cliente01736@example.com,Córdoba,2021-12-22
1737,Cliente01737,cliente01737@example.com,Chubut,2022-09-10
1738,Cliente01738,cliente01738@example.com,San Luis,2023-03-14
1739,Cliente01739,cliente01739@example.com,Neuquén,2023-10-12
1740,Cliente01740,cliente01740@example.com,Chubut,2021-08-08
1741,Cliente01741,cliente01741@example.com,Neuquén,2020-01-27
1742,Cliente01742,cliente01742@example.com,Chubut,2020-08-06
1743,Cliente01743,cliente01743@example.com,CABA,2022-02-19
1744,Cliente01744,cliente01744@example.com,Rosario,2020-04-18
1745,Cliente01745,cliente01745@example.com,CABA,2021-02-13
1746,Cliente01746,cliente01746@example.com,Salta,2020-11-25
1747,Cliente01747,cliente01747@example.com,Salta,2023-10-31
1748,Cliente01748,cliente01748@example.com,Salta,2020-10-26
1749,Cliente01749,cliente01749@example.com,CABA,2023-11-15
1750,Cliente01750,cliente01750@example.com,Salta,2021-02-21
1751,Cliente01751,cliente01751@example.com,Chubut,2020-03-07
1752,Cliente01752,cliente01752@example.com,Tucumán,2022-07-15
1753,Cliente01753,cliente01753@example.com,Córdoba,2023-06-15
1754,Cliente01754,cliente01754@example.com,Chubut,2021-04-04
1755,Cliente01755,cliente01755@example.com,Chubut,2022-03-07
1756,Cliente01756,cliente01756@example.com,Mendoza,2022-11-12
1757,Cliente01757,cliente01757@example.com,Salta,2023-11-20
1758,Cliente01758,cliente01758@example.com,CABA,2022-02-20
1759,Cliente01759,cliente01759@example.com,Neuquén,2022-05-03
1760,Cliente01760,cliente01760@example.com,Tucumán,2023-02-04
1761,Cliente01761,cliente01761@example.com,CABA,2020-01-27
1762,Cliente01762,cliente01762@example.com,Salta,2021-02-19
1763,Cliente01763,cliente01763@example.com,San Luis,2022-06-26
1764,Cliente01764,cliente01764@example.com,Mendoza,2023-07-21
1765,Cliente01765,cliente01765@example.com,Tucumán,2023-04-20
1766,Cliente01766,cliente01766@example.com,Chubut,2023-05-20
1767,Cliente01767,cliente01767@example.com,Mendoza,2021-01-31
1768,Cliente01768,cliente01768@example.com,Salta,2022-07-08
1769,Cliente01769,cliente01769@example.com,Rosario,2023-10-30
1770,Cliente01770,cliente01770@example.com,Córdoba,2021-01-17
1771,Cliente01771,cliente01771@example.com,Rosario,2022-11-18
1772,Cliente01772,cliente01772@example.com,Córdoba,2022-02-11
1773,Cliente01773,cliente01773@example.com,CABA,2022-05-27
1774,Cliente01774,cliente01774@example.com,Salta,2023-02-13
1775,Cliente01775,cliente01775@example.com,Salta,2020-09-23
1776,Cliente01776,cliente01776@example.com,Rosario,2023-04-11
1777,Cliente01777,cliente01777@example.com,Salta,2020-01-12
1778,Cliente01778,cliente01778@example.com,Tucumán,2022-08-13
1779,Cliente01779,cliente01779@example.com,Rosario,2020-03-22
1780,Cliente01780,cliente01780@example.com,Rosario,2021-10-22
1781,Cliente01781,cliente01781@example.com,San Luis,2020-04-14
1782,Cliente01782,cliente01782@example.com,San Luis,2023-09-17
1783,Cliente01783,cliente01783@example.com,Salta,2022-10-01
1784,Cliente01784,cliente01784@example.com,San Luis,2023-01-31
1785,Cliente01785,cliente01785@example.com,Tucumán,2020-05-29
1786,Cliente01786,cliente01786@example.com,Tucumán,2022-12-12
1787,Cliente01787,cliente01787@example.com,Mendoza,2021-01-11
1788,Cliente01788,cliente01788@example.com,Chubut,2020-05-19
1789,Cliente01789,cliente01789@example.com,Chubut,2020-11-22
1790,Cliente01790,cliente01790@example.com,Neuquén,2023-01-17
1791,Cliente01791,cliente01791@example.com,Chubut,2022-04-06
1792,Cliente01792,cliente01792@example.com,Córdoba,2021-12-16
1793,Cliente01793,cliente01793@example.com,Mendoza,2021-03-12
1794,Cliente01794,cliente01794@example.com,Tucumán,2021-11-09
1795,Cliente01795,cliente01795@example.com,Tucumán,2021-08-24
1796,Cliente01796,cliente01796@example.com,Mendoza,2023-06-20
1797,Cliente01797,cliente01797@example.com,Chubut,2022-08-30
1798,Cliente01798,cliente01798@example.com,Chubut,2023-08-22
1799,Cliente01799,cliente01799@example.com,CABA,2020-08-22
1800,Cliente01800,cliente01800@example.com,Tucumán,2022-07-01
1801,Cliente01801,cliente01801@example.com,Mendoza,2023-08-08
1802,Cliente01802,cliente01802@example.com,San Luis,2023-06-26
1803,Cliente01803,cliente01803@example.com,Mendoza,2020-03-22
1804,Cliente01804,cliente01804@example.com,Tucumán,2022-02-20
1805,Cliente01805,cliente01805@example.com,Córdoba,2022-03-01
1806,Cliente01806,cliente01806@example.com,Salta,2023-01-11
1807,Cliente01807,cliente01807@example.com,Salta,2020-02-20
1808,Cliente01808,cliente01808@example.com,Chubut,2022-02-06
1809,Cliente01809,cliente01809@example.com,Chubut,2022-11-07
1810,Cliente01810,cliente01810@example.com,Santa Fe,2022-09-23
1811,Cliente01811,cliente01811@example.com,CABA,2021-08-30
1812,Cliente01812,cliente01812@example.com,Mendoza,2021-10-18
1813,Cliente01813,cliente01813@example.com,Chubut,2020-06-17
1814,Cliente01814,cliente01814@example.com,Córdoba,2020-12-08
1815,Cliente01815,cliente01815@example.com,Chubut,2022-12-28
1816,Cliente01816,cliente01816@example.com,CABA,2023-07-07
1817,Cliente01817,cliente01817@example.com,Córdoba,2021-03-07
1818,Cliente01818,cliente01818@example.com,Mendoza,2023-11-04
1819,Cliente01819,cliente01819@example.com,Neuquén,2020-07-31
1820,Cliente01820,cliente01820@example.com,Mendoza,2023-01-06
1821,Cliente01821,cliente01821@example.com,Neuquén,2023-08-17
1822,Cliente01822,cliente01822@example.com,Córdoba,2023-11-06
1823,Cliente01823,cliente01823@example.com,Rosario,2020-02-18
1824,Cliente01824,cliente01824@example.com,Santa Fe,2021-11-10
1825,Cliente01825,cliente01825@example.com,CABA,2020-06-28
1826,Cliente01826,cliente01826@example.com,Córdoba,2020-04-21
1827,Cliente01827,cliente01827@example.com,Rosario,2021-05-30
1828,Cliente01828,cliente01828@example.com,Chubut,2020-05-24
1829,Cliente01829,cliente01829@example.com,San Luis,2021-04-11
1830,Cliente01830,cliente01830@example.com,Salta,2022-04-14
1831,Cliente01831,cliente01831@example.com,Neuquén,2022-07-12
1832,Cliente01832,cliente01832@example.com,Neuquén,2022-06-05
1833,Cliente01833,cliente01833@example.com,Tucumán,2020-02-04
1834,Cliente01834,cliente01834@example.com,Neuquén,2023-10-10
1835,Cliente01835,cliente01835@example.com,Córdoba,2022-12-31
1836,Cliente01836,cliente01836@example.com,CABA,2023-08-06
1837,Cliente01837,cliente01837@example.com,San Luis,2020-05-09
1838,Cliente01838,cliente01838@example.com,San Luis,2020-04-03
1839,Cliente01839,cliente01839@example.com,Córdoba,2022-01-02
1840,Cliente01840,cliente01840@example.com,Chubut,2020-08-05
1841,Cliente01841,cliente01841@example.com,Salta,2023-11-05
1842,Cliente01842,cliente01842@example.com,Salta,2023-05-27
1843,Cliente01843,cliente01843@example.com,Córdoba,2021-07-30
1844,Cliente01844,cliente01844@example.com,Santa Fe,2022-02-20
1845,Cliente01845,cliente01845@example.com,Neuquén,2023-09-15
1846,Cliente01846,cliente01846@example.com,CABA,2022-08-28
1847,Cliente01847,cliente01847@example.com,Rosario,2022-12-28
1848,Cliente01848,cliente01848@example.com,Mendoza,2020-10-06
1849,Cliente01849,cliente01849@example.com,Neuquén,2023-01-22
1850,Cliente01850,cliente01850@example.com,Salta,2023-07-22
1851,Cliente01851,cliente01851@example.com,Rosario,2021-09-02
1852,Cliente01852,cliente01852@example.com,Tucumán,2020-01-23
1853,Cliente01853,cliente01853@example.com,Chubut,2023-02-10
1854,Cliente01854,cliente01854@example.com,Rosario,2020-09-09
1855,Cliente01855,cliente01855@example.com,CABA,2020-01-11
1856,Cliente01856,cliente01856@example.com,San Luis,2023-05-06
1857,Cliente01857,cliente01857@example.com,Neuquén,2023-01-05
1858,Cliente01858,cliente01858@example.com,Chubut,2020-06-23
1859,Cliente01859,cliente01859@example.com,Salta,2021-03-06
1860,Cliente01860,cliente01860@example.com,Tucumán,2021-03-09
1861,Cliente01861,cliente01861@example.com,Neuquén,2023-08-15
1862,Cliente01862,cliente01862@example.com,Chubut,2020-10-18
1863,Cliente01863,cliente01863@example.com,Rosario,2021-01-11
1864,Cliente01864,cliente01864@example.com,Mendoza,2023-06-17
1865,Cliente01865,cliente01865@example.com,Salta,2021-02-01
1866,Cliente01866,cliente01866@example.com,Córdoba,2021-01-06
1867,Cliente01867,cliente01867@example.com,San Luis,2020-04-21
1868,Cliente01868,cliente01868@example.com,Chubut,2022-08-02
1869,Cliente01869,cliente01869@example.com,Chubut,2020-05-29
1870,Cliente01870,cliente01870@example.com,Salta,2023-10-07
1871,Cliente01871,cliente01871@example.com,Córdoba,2021-05-28
1872,Cliente01872,cliente01872@example.com,Córdoba,2021-02-08
1873,Cliente01873,cliente01873@example.com,San Luis,2022-09-24
1874,Cliente01874,cliente01874@example.com,Tucumán,2022-01-01
1875,Cliente01875,cliente01875@example.com,Rosario,2023-10-06
1876,Cliente01876,cliente01876@example.com,Mendoza,2020-07-23
1877,Cliente01877,cliente01877@example.com,Salta,2023-06-22
1878,Cliente01878,cliente01878@example.com,Córdoba,2021-01-31
1879,Cliente01879,cliente01879@example.com,Tucumán,2022-09-22
1880,Cliente01880,cliente01880@example.com,Santa Fe,2021-11-03
1881,Cliente01881,cliente01881@example.com,San Luis,2023-09-12
1882,Cliente01882,cliente01882@example.com,Salta,2023-11-21
1883,Cliente01883,cliente01883@example.com,San Luis,2020-11-08
1884,Cliente01884,cliente01884@example.com,San Luis,2023-03-06
1885,Cliente01885,cliente01885@example.com,Tucumán,2021-10-09
1886,Cliente01886,cliente01886@example.com,Neuquén,2020-12-11
1887,Cliente01887,cliente01887@example.com,CABA,2021-10-03
1888,Cliente01888,cliente01888@example.com,Mendoza,2021-03-29
1889,Cliente01889,cliente01889@example.com,Neuquén,2021-07-20
1890,Cliente01890,cliente01890@example.com,Tucumán,2020-10-02
1891,Cliente01891,cliente01891@example.com,Tucumán,2022-09-09
1892,Cliente01892,cliente01892@example.com,Santa Fe,2022-07-01
1893,Cliente01893,cliente01893@example.com,Tucumán,2021-09-17
1894,Cliente01894,cliente01894@example.com,Santa Fe,2023-02-03
1895,Cliente01895,cliente01895@example.com,Córdoba,2020-12-25
1896,Cliente01896,cliente01896@example.com,San Luis,2020-06-16
1897,Cliente01897,cliente01897@example.com,Salta,2020-10-13
1898,Cliente01898,cliente01898@example.com,Chubut,2021-02-06
1899,Cliente01899,cliente01899@example.com,Salta,2023-07-07
1900,Cliente01900,cliente01900@example.com,Córdoba,2020-06-03
1901,Cliente01901,cliente01901@example.com,CABA,2022-11-04
1902,Cliente01902,cliente01902@example.com,CABA,2023-04-06
1903,Cliente01903,cliente01903@example.com,San Luis,2022-04-09
1904,Cliente01904,cliente01904@example.com,San Luis,2021-03-11
1905,Cliente01905,cliente01905@example.com,CABA,2023-02-03
1906,Cliente01906,cliente01906@example.com,Salta,2023-01-18
1907,Cliente01907,cliente01907@example.com,Chubut,2022-08-24
1908,Cliente01908,cliente01908@example.com,Rosario,2022-01-19
1909,Cliente01909,cliente01909@example.com,Neuquén,2021-04-02
1910,Cliente01910,cliente01910@example.com,San Luis,2021-08-18
1911,Cliente01911,cliente01911@example.com,Rosario,2022-08-09
1912,Cliente01912,cliente01912@example.com,Chubut,2022-11-11
1913,Cliente01913,cliente01913@example.com,Córdoba,2022-03-23
1914,Cliente01914,cliente01914@example.com,Tucumán,2022-10-25
1915,Cliente01915,cliente01915@example.com,CABA,2023-09-19
1916,Cliente01916,cliente01916@example.com,Mendoza,2023-06-11
1917,Cliente01917,cliente01917@example.com,Rosario,2022-11-18
1918,Cliente01918,cliente01918@example.com,Rosario,2022-07-02
1919,Cliente01919,cliente01919@example.com,Rosario,2021-01-01
1920,Cliente01920,cliente01920@example.com,San Luis,2023-03-04
1921,Cliente01921,cliente01921@example.com,Rosario,2022-09-17
1922,Cliente01922,cliente01922@example.com,Tucumán,2020-03-23
1923,Cliente01923,cliente01923@example.com,Mendoza,2022-09-25
1924,Cliente01924,cliente01924@example.com,Mendoza,2020-05-08
1925,Cliente01925,cliente01925@example.com,Salta,2022-01-26
1926,Cliente01926,cliente01926@example.com,Mendoza,2020-03-28
1927,Cliente01927,cliente01927@example.com,Mendoza,2022-11-26
1928,Cliente01928,cliente01928@example.com,Tucumán,2022-03-05
1929,Cliente01929,cliente01929@example.com,Santa Fe,2022-07-20
1930,Cliente01930,cliente01930@example.com,CABA,2020-03-22
1931,Cliente01931,cliente01931@example.com,Tucumán,2020-07-30
1932,Cliente01932,cliente01932@example.com,Chubut,2023-07-21
1933,Cliente01933,cliente01933@example.com,Salta,2021-06-23
1934,Cliente01934,cliente01934@example.com,San Luis,2023-01-19
1935,Cliente01935,cliente01935@example.com,San Luis,2020-12-22
1936,Cliente01936,cliente01936@example.com,Neuquén,2023-08-31
1937,Cliente01937,cliente01937@example.com,Neuquén,2022-01-18
1938,Cliente01938,cliente01938@example.com,San Luis,2023-08-31
1939,Cliente01939,cliente01939@example.com,Córdoba,2022-11-24
1940,Cliente01940,cliente01940@example.com,Salta,2022-02-09
1941,Cliente01941,cliente01941@example.com,Mendoza,2022-11-23
1942,Cliente01942,cliente01942@example.com,Neuquén,2021-12-23
1943,Cliente01943,cliente01943@example.com,Tucumán,2022-09-24
1944,Cliente01944,cliente01944@example.com,Santa Fe,2023-05-22
1945,Cliente01945,cliente01945@example.com,CABA,2022-10-24
1946,Cliente01946,cliente01946@example.com,Rosario,2022-06-19
1947,Cliente01947,cliente01947@example.com,Rosario,2021-04-16
1948,Cliente01948,cliente01948@example.com,Córdoba,2022-11-19
1949,Cliente01949,cliente01949@example.com,Salta,2021-03-09
1950,Cliente01950,cliente01950@example.com,Rosario,2021-01-17
1951,Cliente01951,cliente01951@example.com,Rosario,2022-01-11
1952,Cliente01952,cliente01952@example.com,San Luis,2020-08-30
1953,Cliente01953,cliente01953@example.com,Mendoza,2022-04-29
1954,Cliente01954,cliente01954@example.com,Tucumán,2020-08-20
1955,Cliente01955,cliente01955@example.com,Santa Fe,2023-10-14
1956,Cliente01956,cliente01956@example.com,Santa Fe,2022-09-08
1957,Cliente01957,cliente01957@example.com,Mendoza,2023-04-24
1958,Cliente01958,cliente01958@example.com,Rosario,2023-08-18
1959,Cliente01959,cliente01959@example.com,Neuquén,2020-02-15
1960,Cliente01960,cliente01960@example.com,Mendoza,2020-03-29
1961,Cliente01961,cliente01961@example.com,Rosario,2023-03-20
1962,Cliente01962,cliente01962@example.com,San Luis,2020-11-25
1963,Cliente01963,cliente01963@example.com,Rosario,2023-07-13
1964,Cliente01964,cliente01964@example.com,Chubut,2020-03-21
1965,Cliente01965,cliente01965@example.com,San Luis,2020-10-27
1966,Cliente01966,cliente01966@example.com,CABA,2020-12-06
1967,Cliente01967,cliente01967@example.com,Salta,2021-01-03
1968,Cliente01968,cliente01968@example.com,Chubut,2022-04-10
1969,Cliente01969,cliente01969@example.com,San Luis,2023-02-28
1970,Cliente01970,cliente01970@example.com,CABA,2023-09-17
1971,Cliente01971,cliente01971@example.com,Salta,2020-06-24
1972,Cliente01972,cliente01972@example.com,Mendoza,2022-07-08
1973,Cliente01973,cliente01973@example.com,San Luis,2022-08-23
1974,Cliente01974,cliente01974@example.com,Santa Fe,2020-12-15
1975,Cliente01975,cliente01975@example.com,Mendoza,2022-04-21
1976,Cliente01976,cliente01976@example.com,San Luis,2020-10-19
1977,Cliente01977,cliente01977@example.com,San Luis,2021-01-07
1978,Cliente01978,cliente01978@example.com,San Luis,2023-09-12
1979,Cliente01979,cliente01979@example.com,Chubut,2021-06-25
1980,Cliente01980,cliente01980@example.com,Rosario,2023-11-05
1981,Cliente01981,cliente01981@example.com,Tucumán,2022-07-17
1982,Cliente01982,cliente01982@example.com,San Luis,2023-04-24
1983,Cliente01983,cliente01983@example.com,Córdoba,2021-04-15
1984,Cliente01984,cliente01984@example.com,Neuquén,2022-02-28
1985,Cliente01985,cliente01985@example.com,Rosario,2020-08-10
1986,Cliente01986,cliente01986@example.com,CABA,2021-02-18
1987,Cliente01987,cliente01987@example.com,Chubut,2022-10-29
1988,Cliente01988,cliente01988@example.com,Neuquén,2020-11-02
1989,Cliente01989,cliente01989@example.com,San Luis,2020-07-16
1990,Cliente01990,cliente01990@example.com,Rosario,2022-09-01
1991,Cliente01991,cliente01991@example.com,San Luis,2023-05-13
1992,Cliente01992,cliente01992@example.com,CABA,2022-12-24
1993,Cliente01993,cliente01993@example.com,Chubut,2020-08-28
1994,Cliente01994,cliente01994@example.com,Córdoba,2022-09-14
1995,Cliente01995,cliente01995@example.com,Rosario,2023-05-20
1996,Cliente01996,cliente01996@example.com,Chubut,2020-01-03
1997,Cliente01997,cliente01997@example.com,Neuquén,2022-12-05
1998,Cliente01998,cliente01998@example.com,Neuquén,2022-01-28
1999,Cliente01999,cliente01999@example.com,CABA,2023-11-29
2000,Cliente02000,cliente02000@example.com,Chubut,2022-05-28
2001,Cliente02001,cliente02001@example.com,Mendoza,2022-09-14
2002,Cliente02002,cliente02002@example.com,Neuquén,2021-12-18
2003,Cliente02003,cliente02003@example.com,San Luis,2023-11-27
2004,Cliente02004,cliente02004@example.com,San Luis,2020-07-19
2005,Cliente02005,cliente02005@example.com,Neuquén,2020-10-01
2006,Cliente02006,cliente02006@example.com,Salta,2022-09-04
2007,Cliente02007,cliente02007@example.com,Mendoza,2020-06-20
2008,Cliente02008,cliente02008@example.com,Salta,2023-05-10
2009,Cliente02009,cliente02009@example.com,Chubut,2022-04-16
2010,Cliente02010,cliente02010@example.com,Salta,2021-01-22
2011,Cliente02011,cliente02011@example.com,CABA,2023-12-23
2012,Cliente02012,cliente02012@example.com,CABA,2023-03-29
2013,Cliente02013,cliente02013@example.com,Chubut,2020-08-29
2014,Cliente02014,cliente02014@example.com,Chubut,2020-01-15
2015,Cliente02015,cliente02015@example.com,Neuquén,2023-09-02
2016,Cliente02016,cliente02016@example.com,Mendoza,2023-11-09
2017,Cliente02017,cliente02017@example.com,Tucumán,2022-04-17
2018,Cliente02018,cliente02018@example.com,Tucumán,2020-08-06
2019,Cliente02019,cliente02019@example.com,Rosario,2022-05-22
2020,Cliente02020,cliente02020@example.com,San Luis,2021-06-03
2021,Cliente02021,cliente02021@example.com,Salta,2023-01-02
2022,Cliente02022,cliente02022@example.com,Neuquén,2023-03-02
2023,Cliente02023,cliente02023@example.com,Tucumán,2023-06-07
2024,Cliente02024,cliente02024@example.com,Salta,2023-10-25
2025,Cliente02025,cliente02025@example.com,Neuquén,2021-02-21
2026,Cliente02026,cliente02026@example.com,Neuquén,2023-02-04
2027,Cliente02027,cliente02027@example.com,Chubut,2022-09-15
2028,Cliente02028,cliente02028@example.com,Rosario,2022-01-28
2029,Cliente02029,cliente02029@example.com,Chubut,2023-02-10
2030,Cliente02030,cliente02030@example.com,Santa Fe,2021-06-03
2031,Cliente02031,cliente02031@example.com,Salta,2023-03-29
2032,Cliente02032,cliente02032@example.com,Tucumán,2023-12-15
2033,Cliente02033,cliente02033@example.com,Neuquén,2020-10-09
2034,Cliente02034,cliente02034@example.com,Córdoba,2021-04-15
2035,Cliente02035,cliente02035@example.com,Santa Fe,2023-12-03
2036,Cliente02036,cliente02036@example.com,Rosario,2020-07-24
2037,Cliente02037,cliente02037@example.com,Mendoza,2022-11-07
2038,Cliente02038,cliente02038@example.com,Neuquén,2021-11-24
2039,Cliente02039,cliente02039@example.com,Chubut,2023-06-11
2040,Cliente02040,cliente02040@example.com,CABA,2020-11-25
2041,Cliente02041,cliente02041@example.com,Neuquén,2023-07-26
2042,Cliente02042,cliente02042@example.com,CABA,2020-07-05
2043,Cliente02043,cliente02043@example.com,Rosario,2022-08-23
2044,Cliente02044,cliente02044@example.com,San Luis,2022-06-10
2045,Cliente02045,cliente02045@example.com,Córdoba,2020-05-11
2046,Cliente02046,cliente02046@example.com,Salta,2021-03-30
2047,Cliente02047,cliente02047@example.com,Tucumán,2020-06-12
2048,Cliente02048,cliente02048@example.com,San Luis,2020-03-18
2049,Cliente02049,cliente02049@example.com,Neuquén,2022-03-31
2050,Cliente02050,cliente02050@example.com,San Luis,2023-09-05
2051,Cliente02051,cliente02051@example.com,Chubut,2021-08-09
2052,Cliente02052,cliente02052@example.com,San Luis,2020-04-27
2053,Cliente02053,cliente02053@example.com,Rosario,2023-08-04
2054,Cliente02054,cliente02054@example.com,Santa Fe,2022-06-18
2055,Cliente02055,cliente02055@example.com,CABA,2021-02-17
2056,Cliente02056,cliente02056@example.com,Chubut,2021-08-08
2057,Cliente02057,cliente02057@example.com,Mendoza,2020-03-09
2058,Cliente02058,cliente02058@example.com,San Luis,2022-11-11
2059,Cliente02059,cliente02059@example.com,Chubut,2023-12-01
2060,Cliente02060,cliente02060@example.com,Mendoza,2023-06-13
2061,Cliente02061,cliente02061@example.com,Rosario,2023-10-12
2062,Cliente02062,cliente02062@example.com,CABA,2022-01-06
2063,Cliente02063,cliente02063@example.com,Mendoza,2023-09-03
2064,Cliente02064,cliente02064@example.com,CABA,2020-11-18
2065,Cliente02065,cliente02065@example.com,Córdoba,2021-07-19
2066,Cliente02066,cliente02066@example.com,Neuquén,2021-12-24
2067,Cliente02067,cliente02067@example.com,Neuquén,2022-04-10
2068,Cliente02068,cliente02068@example.com,San Luis,2021-02-14
2069,Cliente02069,cliente02069@example.com,Chubut,2020-02-01
2070,Cliente02070,cliente02070@example.com,Córdoba,2020-07-03
2071,Cliente02071,cliente02071@example.com,Chubut,2021-08-05
2072,Cliente02072,cliente02072@example.com,Chubut,2023-04-08
2073,Cliente02073,cliente02073@example.com,Tucumán,2021-12-12
2074,Cliente02074,cliente02074@example.com,Salta,2021-04-08
2075,Cliente02075,cliente02075@example.com,San Luis,2021-02-02
2076,Cliente02076,cliente02076@example.com,Santa Fe,2022-04-07
2077,Cliente02077,cliente02077@example.com,San Luis,2020-01-10
2078,Cliente02078,cliente02078@example.com,Salta,2020-12-24
2079,Cliente02079,cliente02079@example.com,Neuquén,2022-11-02
2080,Cliente02080,cliente02080@example.com,Córdoba,2023-02-18
2081,Cliente02081,cliente02081@example.com,Córdoba,2022-10-27
2082,Cliente02082,cliente02082@example.com,Salta,2021-11-27
2083,Cliente02083,cliente02083@example.com,Córdoba,2022-11-17
2084,Cliente02084,cliente02084@example.com,Salta,2023-01-06
2085,Cliente02085,cliente02085@example.com,San Luis,2021-05-27
2086,Cliente02086,cliente02086@example.com,Santa Fe,2022-02-11
2087,Cliente02087,cliente02087@example.com,San Luis,2022-09-17
2088,Cliente02088,cliente02088@example.com,Mendoza,2021-11-26
2089,Cliente02089,cliente02089@example.com,Santa Fe,2023-10-27
2090,Cliente02090,cliente02090@example.com,Santa Fe,2023-04-16
2091,Cliente02091,cliente02091@example.com,CABA,2022-09-14
2092,Cliente02092,cliente02092@example.com,Córdoba,2021-06-12
2093,Cliente02093,cliente02093@example.com,Córdoba,2022-02-22
2094,Cliente02094,cliente02094@example.com,Mendoza,2023-10-18
2095,Cliente02095,cliente02095@example.com,Mendoza,2021-10-08
2096,Cliente02096,cliente02096@example.com,Neuquén,2021-12-24
2097,Cliente02097,cliente02097@example.com,Chubut,2023-01-02
2098,Cliente02098,cliente02098@example.com,CABA,2023-12-06
2099,Cliente02099,cliente02099@example.com,Salta,2021-05-23
2100,Cliente02100,cliente02100@example.com,Salta,2020-07-09
2101,Cliente02101,cliente02101@example.com,Neuquén,2023-10-11
2102,Cliente02102,cliente02102@example.com,Tucumán,2020-06-04
2103,Cliente02103,cliente02103@example.com,Chubut,2020-12-31
2104,Cliente02104,cliente02104@example.com,Santa Fe,2021-10-04
2105,Cliente02105,cliente02105@example.com,Tucumán,2021-03-23
2106,Cliente02106,cliente02106@example.com,San Luis,2021-07-05
2107,Cliente02107,cliente02107@example.com,Rosario,2023-10-31
2108,Cliente02108,cliente02108@example.com,Mendoza,2022-10-18
2109,Cliente02109,cliente02109@example.com,Mendoza,2021-04-25
2110,Cliente02110,cliente02110@example.com,Mendoza,2021-06-27
2111,Cliente02111,cliente02111@example.com,Mendoza,2021-04-14
2112,Cliente02112,cliente02112@example.com,Mendoza,2021-05-26
2113,Cliente02113,cliente02113@example.com,San Luis,2021-12-30
2114,Cliente02114,cliente02114@example.com,Rosario,2020-08-06
2115,Cliente02115,cliente02115@example.com,Córdoba,2020-06-09
2116,Cliente02116,cliente02116@example.com,Santa Fe,2023-06-11
2117,Cliente02117,cliente02117@example.com,CABA,2023-01-13
2118,Cliente02118,cliente02118@example.com,CABA,2022-09-14
2119,Cliente02119,cliente02119@example.com,Tucumán,2023-06-25
2120,Cliente02120,cliente02120@example.com,Tucumán,2022-10-05
2121,Cliente02121,cliente02121@example.com,San Luis,2021-07-16
2122,Cliente02122,cliente02122@example.com,Santa Fe,2021-01-09
2123,Cliente02123,cliente02123@example.com,Chubut,2021-07-27
2124,Cliente02124,cliente02124@example.com,Neuquén,2021-03-30
2125,Cliente02125,cliente02125@example.com,San Luis,2020-09-19
2126,Cliente02126,cliente02126@example.com,CABA,2022-12-12
2127,Cliente02127,cliente02127@example.com,Neuquén,2022-09-06
2128,Cliente02128,cliente02128@example.com,Chubut,2020-03-07
2129,Cliente02129,cliente02129@example.com,Chubut,2021-12-12
2130,Cliente02130,cliente02130@example.com,Neuquén,2023-11-06
2131,Cliente02131,cliente02131@example.com,Rosario,2022-07-25
2132,Cliente02132,cliente02132@example.com,Córdoba,2023-12-01
2133,Cliente02133,cliente02133@example.com,Chubut,2022-07-31
2134,Cliente02134,cliente02134@example.com,Tucumán,2023-11-12
2135,Cliente02135,cliente02135@example.com,CABA,2020-01-25
2136,Cliente02136,cliente02136@example.com,Mendoza,2022-02-16
2137,Cliente02137,cliente02137@example.com,San Luis,2020-07-25
2138,Cliente02138,cliente02138@example.com,Tucumán,2022-01-10
2139,Cliente02139,cliente02139@example.com,San Luis,2021-06-15
2140,Cliente02140,cliente02140@example.com,Rosario,2023-01-28
2141,Cliente02141,cliente02141@example.com,Salta,2021-04-30
2142,Cliente02142,cliente02142@example.com,Salta,2022-08-23
2143,Cliente02143,cliente02143@example.com,San Luis,2021-12-03
2144,Cliente02144,cliente02144@example.com,Tucumán,2021-01-11
2145,Cliente02145,cliente02145@example.com,Santa Fe,2022-05-18
2146,Cliente02146,cliente02146@example.com,Mendoza,2022-05-08
2147,Cliente02147,cliente02147@example.com,Tucumán,2022-01-17
2148,Cliente02148,cliente02148@example.com,Neuquén,2021-07-26
2149,Cliente02149,cliente02149@example.com,Santa Fe,2021-01-03
2150,Cliente02150,cliente02150@example.com,San Luis,2020-09-25
2151,Cliente02151,cliente02151@example.com,San Luis,2023-11-05
2152,Cliente02152,cliente02152@example.com,Mendoza,2020-07-23
2153,Cliente02153,cliente02153@example.com,Salta,2021-04-27
2154,Cliente02154,cliente02154@example.com,Chubut,2022-06-04
2155,Cliente02155,cliente02155@example.com,Neuquén,2021-02-05
2156,Cliente02156,cliente02156@example.com,Rosario,2020-11-02
2157,Cliente02157,cliente02157@example.com,Santa Fe,2020-01-20
2158,Cliente02158,cliente02158@example.com,Rosario,2022-05-13
2159,Cliente02159,cliente02159@example.com,Santa Fe,2020-10-02
2160,Cliente02160,cliente02160@example.com,Chubut,2022-12-29
2161,Cliente02161,cliente02161@example.com,Tucumán,2022-09-23
2162,Cliente02162,cliente02162@example.com,Salta,2021-05-28
2163,Cliente02163,cliente02163@example.com,Chubut,2023-03-08
2164,Cliente02164,cliente02164@example.com,CABA,2022-03-26
2165,Cliente02165,cliente02165@example.com,Córdoba,2023-11-15
2166,Cliente02166,cliente02166@example.com,Rosario,2020-05-02
2167,Cliente02167,cliente02167@example.com,Mendoza,2021-06-04
2168,Cliente02168,cliente02168@example.com,Santa Fe,2023-07-13
2169,Cliente02169,cliente02169@example.com,Córdoba,2022-07-10
2170,Cliente02170,cliente02170@example.com,Tucumán,2021-06-16
2171,Cliente02171,cliente02171@example.com,Tucumán,2022-01-07
2172,Cliente02172,cliente02172@example.com,Chubut,2023-02-15
2173,Cliente02173,cliente02173@example.com,Salta,2021-12-05
2174,Cliente02174,cliente02174@example.com,CABA,2022-04-23
2175,Cliente02175,cliente02175@example.com,Córdoba,2021-12-20
2176,Cliente02176,cliente02176@example.com,San Luis,2021-02-11
2177,Cliente02177,cliente02177@example.com,San Luis,2023-03-25
2178,Cliente02178,cliente02178@example.com,Chubut,2020-12-23
2179,Cliente02179,cliente02179@example.com,Salta,2021-12-28
2180,Cliente02180,cliente02180@example.com,Tucumán,2023-10-10
2181,Cliente02181,cliente02181@example.com,Chubut,2022-09-25
2182,Cliente02182,cliente02182@example.com,Santa Fe,2020-06-09
2183,Cliente02183,cliente02183@example.com,Neuquén,2023-06-10
2184,Cliente02184,cliente02184@example.com,Salta,2022-08-07
2185,Cliente02185,cliente02185@example.com,Rosario,2020-12-09
2186,Cliente02186,cliente02186@example.com,Tucumán,2022-05-13
2187,Cliente02187,cliente02187@example.com,San Luis,2023-03-16
2188,Cliente02188,cliente02188@example.com,Neuquén,2020-05-26
2189,Cliente02189,cliente02189@example.com,Córdoba,2020-11-27
2190,Cliente02190,cliente02190@example.com,Tucumán,2021-04-12
2191,Cliente02191,cliente02191@example.com,Tucumán,2021-10-10
2192,Cliente02192,cliente02192@example.com,Salta,2023-12-25
2193,Cliente02193,cliente02193@example.com,Salta,2023-05-24
2194,Cliente02194,cliente02194@example.com,Neuquén,2021-07-09
2195,Cliente02195,cliente02195@example.com,Santa Fe,2022-01-13
2196,Cliente02196,cliente02196@example.com,San Luis,2022-12-02
2197,Cliente02197,cliente02197@example.com,Santa Fe,2022-04-27
2198,Cliente02198,cliente02198@example.com,Rosario,2021-01-11
2199,Cliente02199,cliente02199@example.com,CABA,2020-09-13
2200,Cliente02200,cliente02200@example.com,Mendoza,2023-09-17
2201,Cliente02201,cliente02201@example.com,Salta,2023-12-06
2202,Cliente02202,cliente02202@example.com,Córdoba,2021-03-07
2203,Cliente02203,cliente02203@example.com,Rosario,2022-03-24
2204,Cliente02204,cliente02204@example.com,Córdoba,2020-07-14
2205,Cliente02205,cliente02205@example.com,Córdoba,2022-08-27
2206,Cliente02206,cliente02206@example.com,Chubut,2020-04-20
2207,Cliente02207,cliente02207@example.com,CABA,2022-03-24
2208,Cliente02208,cliente02208@example.com,Chubut,2020-06-19
2209,Cliente02209,cliente02209@example.com,Córdoba,2021-06-21
2210,Cliente02210,cliente02210@example.com,San Luis,2020-11-14
2211,Cliente02211,cliente02211@example.com,Córdoba,2023-09-03
2212,Cliente02212,cliente02212@example.com,Neuquén,2021-09-25
2213,Cliente02213,cliente02213@example.com,Mendoza,2021-05-21
2214,Cliente02214,cliente02214@example.com,Salta,2022-06-26
2215,Cliente02215,cliente02215@example.com,Rosario,2020-09-25
2216,Cliente02216,cliente02216@example.com,Chubut,2020-12-15
2217,Cliente02217,cliente02217@example.com,CABA,2020-03-12
2218,Cliente02218,cliente02218@example.com,Tucumán,2021-10-28
2219,Cliente02219,cliente02219@example.com,Santa Fe,2022-08-14
2220,Cliente02220,cliente02220@example.com,Chubut,2021-07-11
2221,Cliente02221,cliente02221@example.com,Chubut,2022-06-30
2222,Cliente02222,cliente02222@example.com,Rosario,2023-11-29
2223,Cliente02223,cliente02223@example.com,Chubut,2020-12-28
2224,Cliente02224,cliente02224@example.com,San Luis,2023-05-08
2225,Cliente02225,cliente02225@example.com,Santa Fe,2023-07-16
2226,Cliente02226,cliente02226@example.com,San Luis,2022-06-09
2227,Cliente02227,cliente02227@example.com,Chubut,2023-08-03
2228,Cliente02228,cliente02228@example.com,Chubut,2021-09-26
2229,Cliente02229,cliente02229@example.com,Tucumán,2022-09-13
2230,Cliente02230,cliente02230@example.com,Chubut,2021-04-10
2231,Cliente02231,cliente02231@example.com,Córdoba,2022-06-23
2232,Cliente02232,cliente02232@example.com,Salta,2022-01-19
2233,Cliente02233,cliente02233@example.com,Neuquén,2021-06-16
2234,Cliente02234,cliente02234@example.com,Rosario,2021-09-13
2235,Cliente02235,cliente02235@example.com,CABA,2020-01-01
2236,Cliente02236,cliente02236@example.com,Chubut,2020-10-06
2237,Cliente02237,cliente02237@example.com,Tucumán,2021-08-10
2238,Cliente02238,cliente02238@example.com,Santa Fe,2022-12-31
2239,Cliente02239,cliente02239@example.com,CABA,2023-11-09
2240,Cliente02240,cliente02240@example.com,Santa Fe,2022-09-04
2241,Cliente02241,cliente02241@example.com,Salta,2020-01-19
2242,Cliente02242,cliente02242@example.com,Neuquén,2021-08-22
2243,Cliente02243,cliente02243@example.com,San Luis,2021-04-18
2244,Cliente02244,cliente02244@example.com,CABA,2023-01-27
2245,Cliente02245,cliente02245@example.com,Tucumán,2021-01-21
2246,Cliente02246,cliente02246@example.com,Neuquén,2023-02-22
2247,Cliente02247,cliente02247@example.com,Neuquén,2022-03-19
2248,Cliente02248,cliente02248@example.com,Mendoza,2020-11-30
2249,Cliente02249,cliente02249@example.com,Neuquén,2022-02-13
2250,Cliente02250,cliente02250@example.com,Mendoza,2021-06-22
2251,Cliente02251,cliente02251@example.com,Córdoba,2022-05-14
2252,Cliente02252,cliente02252@example.com,Mendoza,2022-11-24
2253,Cliente02253,cliente02253@example.com,San Luis,2023-11-22
2254,Cliente02254,cliente02254@example.com,Salta,2021-08-06
2255,Cliente02255,cliente02255@example.com,Chubut,2021-07-04
2256,Cliente02256,cliente02256@example.com,Neuquén,2021-01-20
2257,Cliente02257,cliente02257@example.com,Córdoba,2021-01-08
2258,Cliente02258,cliente02258@example.com,Rosario,2021-08-16
2259,Cliente02259,cliente02259@example.com,Córdoba,2023-07-28
2260,Cliente02260,cliente02260@example.com,Santa Fe,2023-06-19
2261,Cliente02261,cliente02261@example.com,Santa Fe,2021-07-11
2262,Cliente02262,cliente02262@example.com,San Luis,2022-10-04
2263,Cliente02263,cliente02263@example.com,Mendoza,2021-10-18
2264,Cliente02264,cliente02264@example.com,CABA,2020-11-07
2265,Cliente02265,cliente02265@example.com,CABA,2022-12-31
2266,Cliente02266,cliente02266@example.com,CABA,2021-01-15
2267,Cliente02267,cliente02267@example.com,Córdoba,2021-07-31
2268,Cliente02268,cliente02268@example.com,Salta,2020-09-13
2269,Cliente02269,cliente02269@example.com,Santa Fe,2020-01-17
2270,Cliente02270,cliente02270@example.com,Mendoza,2020-07-03
2271,Cliente02271,cliente02271@example.com,Rosario,2020-01-31
2272,Cliente02272,cliente02272@example.com,Santa Fe,2021-03-20
2273,Cliente02273,cliente02273@example.com,Tucumán,2022-05-10
2274,Cliente02274,cliente02274@example.com,Salta,2022-10-17
2275,Cliente02275,cliente02275@example.com,Tucumán,2022-08-07
2276,Cliente02276,cliente02276@example.com,CABA,2021-11-07
2277,Cliente02277,cliente02277@example.com,Córdoba,2020-10-26
2278,Cliente02278,cliente02278@example.com,CABA,2021-06-29
2279,Cliente02279,cliente02279@example.com,Neuquén,2020-05-26
2280,Cliente02280,cliente02280@example.com,Chubut,2022-08-20
2281,Cliente02281,cliente02281@example.com,Rosario,2021-01-28
2282,Cliente02282,cliente02282@example.com,Salta,2022-02-20
2283,Cliente02283,cliente02283@example.com,CABA,2020-09-06
2284,Cliente02284,cliente02284@example.com,Mendoza,2022-02-27
2285,Cliente02285,cliente02285@example.com,Santa Fe,2021-05-21
2286,Cliente02286,cliente02286@example.com,CABA,2021-02-11
2287,Cliente02287,cliente02287@example.com,Santa Fe,2020-07-11
2288,Cliente02288,cliente02288@example.com,Chubut,2023-09-25
2289,Cliente02289,cliente02289@example.com,Mendoza,2022-08-26
2290,Cliente02290,cliente02290@example.com,Neuquén,2023-10-27
2291,Cliente02291,cliente02291@example.com,Salta,2021-10-23
2292,Cliente02292,cliente02292@example.com,Rosario,2023-07-12
2293,Cliente02293,cliente02293@example.com,CABA,2023-01-30
2294,Cliente02294,cliente02294@example.com,Chubut,2020-09-07
2295,Cliente02295,cliente02295@example.com,Salta,2022-09-12
2296,Cliente02296,cliente02296@example.com,Salta,2021-02-10
2297,Cliente02297,cliente02297@example.com,Tucumán,2020-04-16
2298,Cliente02298,cliente02298@example.com,Mendoza,2020-08-19
2299,Cliente02299,cliente02299@example.com,Mendoza,2023-07-20
2300,Cliente02300,cliente02300@example.com,Neuquén,2021-10-26
2301,Cliente02301,cliente02301@example.com,CABA,2020-12-08
2302,Cliente02302,cliente02302@example.com,Salta,2023-04-12
2303,Cliente02303,cliente02303@example.com,Córdoba,2022-03-21
2304,Cliente02304,cliente02304@example.com,Mendoza,2020-01-19
2305,Cliente02305,cliente02305@example.com,CABA,2023-04-05
2306,Cliente02306,cliente02306@example.com,Santa Fe,2023-11-10
2307,Cliente02307,cliente02307@example.com,San Luis,2020-11-13
2308,Cliente02308,cliente02308@example.com,Tucumán,2020-07-02
2309,Cliente02309,cliente02309@example.com,Mendoza,2020-11-18
2310,Cliente02310,cliente02310@example.com,Santa Fe,2020-07-06
2311,Cliente02311,cliente02311@example.com,San Luis,2021-11-24
2312,Cliente02312,cliente02312@example.com,CABA,2020-05-02
2313,Cliente02313,cliente02313@example.com,Tucumán,2023-08-13
2314,Cliente02314,cliente02314@example.com,Rosario,2023-12-07
2315,Cliente02315,cliente02315@example.com,Chubut,2020-08-07
2316,Cliente02316,cliente02316@example.com,Rosario,2022-09-26
2317,Cliente02317,cliente02317@example.com,Mendoza,2021-10-10
2318,Cliente02318,cliente02318@example.com,Chubut,2023-08-13
2319,Cliente02319,cliente02319@example.com,Tucumán,2022-06-17
2320,Cliente02320,cliente02320@example.com,Mendoza,2020-02-13
2321,Cliente02321,cliente02321@example.com,Neuquén,2022-01-03
2322,Cliente02322,cliente02322@example.com,Rosario,2021-05-28
2323,Cliente02323,cliente02323@example.com,CABA,2022-09-20
2324,Cliente02324,cliente02324@example.com,Santa Fe,2023-02-18
2325,Cliente02325,cliente02325@example.com,Salta,2023-01-16
2326,Cliente02326,cliente02326@example.com,Santa Fe,2021-01-23
2327,Cliente02327,cliente02327@example.com,San Luis,2021-01-17
2328,Cliente02328,cliente02328@example.com,Chubut,2021-12-13
2329,Cliente02329,cliente02329@example.com,Tucumán,2022-08-17
2330,Cliente02330,cliente02330@example.com,Salta,2023-05-11
2331,Cliente02331,cliente02331@example.com,Chubut,2020-11-24
2332,Cliente02332,cliente02332@example.com,Córdoba,2022-12-23
2333,Cliente02333,cliente02333@example.com,Rosario,2022-07-09
2334,Cliente02334,cliente02334@example.com,Salta,2021-06-23
2335,Cliente02335,cliente02335@example.com,Chubut,2022-01-21
2336,Cliente02336,cliente02336@example.com,Santa Fe,2020-01-02
2337,Cliente02337,cliente02337@example.com,Chubut,2022-02-15
2338,Cliente02338,cliente02338@example.com,Rosario,2020-02-08
2339,Cliente02339,cliente02339@example.com,San Luis,2022-01-15
2340,Cliente02340,cliente02340@example.com,San Luis,2021-05-04
2341,Cliente02341,cliente02341@example.com,Tucumán,2020-05-09
2342,Cliente02342,cliente02342@example.com,Chubut,2022-03-04
2343,Cliente02343,cliente02343@example.com,Mendoza,2022-12-09
2344,Cliente02344,cliente02344@example.com,Santa Fe,2023-02-03
2345,Cliente02345,cliente02345@example.com,Rosario,2023-06-09
2346,Cliente02346,cliente02346@example.com,Salta,2021-10-22
2347,Cliente02347,cliente02347@example.com,Neuquén,2023-08-05
2348,Cliente02348,cliente02348@example.com,Tucumán,2020-08-14
2349,Cliente02349,cliente02349@example.com,Córdoba,2022-12-07
2350,Cliente02350,cliente02350@example.com,Córdoba,2020-03-30
2351,Cliente02351,cliente02351@example.com,Rosario,2020-12-31
2352,Cliente02352,cliente02352@example.com,CABA,2021-02-17
2353,Cliente02353,cliente02353@example.com,Córdoba,2022-09-21
2354,Cliente02354,cliente02354@example.com,Mendoza,2020-07-21
2355,Cliente02355,cliente02355@example.com,CABA,2023-03-15
2356,Cliente02356,cliente02356@example.com,Neuquén,2023-09-09
2357,Cliente02357,cliente02357@example.com,Santa Fe,2022-12-12
2358,Cliente02358,cliente02358@example.com,San Luis,2023-12-07
2359,Cliente02359,cliente02359@example.com,San Luis,2021-06-08
2360,Cliente02360,cliente02360@example.com,CABA,2022-01-20
2361,Cliente02361,cliente02361@example.com,Mendoza,2023-05-25
2362,Cliente02362,cliente02362@example.com,Córdoba,2020-01-27
2363,Cliente02363,cliente02363@example.com,Mendoza,2023-09-04
2364,Cliente02364,cliente02364@example.com,Santa Fe,2020-06-12
2365,Cliente02365,cliente02365@example.com,Santa Fe,2023-08-01
2366,Cliente02366,cliente02366@example.com,CABA,2022-01-09
2367,Cliente02367,cliente02367@example.com,Chubut,2022-05-01
2368,Cliente02368,cliente02368@example.com,Tucumán,2023-12-21
2369,Cliente02369,cliente02369@example.com,CABA,2023-06-17
2370,Cliente02370,cliente02370@example.com,Salta,2022-12-19
2371,Cliente02371,cliente02371@example.com,CABA,2020-05-24
2372,Cliente02372,cliente02372@example.com,Salta,2020-06-08
2373,Cliente02373,cliente02373@example.com,Mendoza,2022-11-29
2374,Cliente02374,cliente02374@example.com,Córdoba,2020-07-26
2375,Cliente02375,cliente02375@example.com,Mendoza,2022-12-24
2376,Cliente02376,cliente02376@example.com,Neuquén,2021-01-23
2377,Cliente02377,cliente02377@example.com,Mendoza,2022-12-13
2378,Cliente02378,cliente02378@example.com,Mendoza,2023-03-13
2379,Cliente02379,cliente02379@example.com,Rosario,2023-02-17
2380,Cliente02380,cliente02380@example.com,Chubut,2022-04-30
2381,Cliente02381,cliente02381@example.com,Córdoba,2023-07-31
2382,Cliente02382,cliente02382@example.com,San Luis,2022-01-03
2383,Cliente02383,cliente02383@example.com,Santa Fe,2023-12-09
2384,Cliente02384,cliente02384@example.com,Neuquén,2020-08-01
2385,Cliente02385,cliente02385@example.com,Rosario,2021-01-04
2386,Cliente02386,cliente02386@example.com,Chubut,2022-04-02
2387,Cliente02387,cliente02387@example.com,Chubut,2021-11-22
2388,Cliente02388,cliente02388@example.com,Rosario,2022-12-29
2389,Cliente02389,cliente02389@example.com,San Luis,2022-06-26
2390,Cliente02390,cliente02390@example.com,Tucumán,2021-10-07
2391,Cliente02391,cliente02391@example.com,Chubut,2021-10-26
2392,Cliente02392,cliente02392@example.com,Tucumán,2022-04-24
2393,Cliente02393,cliente02393@example.com,Neuquén,2021-10-24
2394,Cliente02394,cliente02394@example.com,San Luis,2021-05-07
2395,Cliente02395,cliente02395@example.com,San Luis,2023-01-22
2396,Cliente02396,cliente02396@example.com,Mendoza,2022-02-07
2397,Cliente02397,cliente02397@example.com,Chubut,2021-06-04
2398,Cliente02398,cliente02398@example.com,Tucumán,2022-07-15
2399,Cliente02399,cliente02399@example.com,Santa Fe,2022-03-24
2400,Cliente02400,cliente02400@example.com,CABA,2020-03-11
2401,Cliente02401,cliente02401@example.com,Salta,2023-05-05
2402,Cliente02402,cliente02402@example.com,CABA,2022-11-26
2403,Cliente02403,cliente02403@example.com,Rosario,2021-09-10
2404,Cliente02404,cliente02404@example.com,CABA,2021-09-07
2405,Cliente02405,cliente02405@example.com,Mendoza,2021-03-15
2406,Cliente02406,cliente02406@example.com,Tucumán,2020-02-14
2407,Cliente02407,cliente02407@example.com,Salta,2023-02-07
2408,Cliente02408,cliente02408@example.com,Chubut,2023-02-13
2409,Cliente02409,cliente02409@example.com,San Luis,2023-03-16
2410,Cliente02410,cliente02410@example.com,Rosario,2020-07-12
2411,Cliente02411,cliente02411@example.com,CABA,2022-07-31
2412,Cliente02412,cliente02412@example.com,Tucumán,2020-11-15
2413,Cliente02413,cliente02413@example.com,Rosario,2021-06-26
2414,Cliente02414,cliente02414@example.com,Tucumán,2023-04-07
2415,Cliente02415,cliente02415@example.com,Mendoza,2021-04-22
2416,Cliente02416,cliente02416@example.com,Salta,2021-09-07
2417,Cliente02417,cliente02417@example.com,Córdoba,2023-03-14
2418,Cliente02418,cliente02418@example.com,Neuquén,2023-03-11
2419,Cliente02419,cliente02419@example.com,Mendoza,2020-06-07
2420,Cliente02420,cliente02420@example.com,Tucumán,2022-09-15
2421,Cliente02421,cliente02421@example.com,Rosario,2022-09-26
2422,Cliente02422,cliente02422@example.com,San Luis,2020-07-14
2423,Cliente02423,cliente02423@example.com,San Luis,2023-08-08
2424,Cliente02424,cliente02424@example.com,Salta,2020-03-17
2425,Cliente02425,cliente02425@example.com,San Luis,2022-02-20
2426,Cliente02426,cliente02426@example.com,Córdoba,2020-04-24
2427,Cliente02427,cliente02427@example.com,Tucumán,2021-12-13
2428,Cliente02428,cliente02428@example.com,Neuquén,2022-05-03
2429,Cliente02429,cliente02429@example.com,Córdoba,2021-04-09
2430,Cliente02430,cliente02430@example.com,San Luis,2020-01-24
2431,Cliente02431,cliente02431@example.com,Neuquén,2020-04-20
2432,Cliente02432,cliente02432@example.com,Salta,2022-12-09
2433,Cliente02433,cliente02433@example.com,CABA,2021-10-15
2434,Cliente02434,cliente02434@example.com,Chubut,2023-03-02
2435,Cliente02435,cliente02435@example.com,Rosario,2021-10-31
2436,Cliente02436,cliente02436@example.com,Chubut,2023-11-30
2437,Cliente02437,cliente02437@example.com,Mendoza,2020-11-09
2438,Cliente02438,cliente02438@example.com,CABA,2023-10-11
2439,Cliente02439,cliente02439@example.com,Neuquén,2022-07-01
2440,Cliente02440,cliente02440@example.com,San Luis,2023-03-24
2441,Cliente02441,cliente02441@example.com,Chubut,2020-07-03
2442,Cliente02442,cliente02442@example.com,Mendoza,2022-06-03
2443,Cliente02443,cliente02443@example.com,Salta,2022-03-18
2444,Cliente02444,cliente02444@example.com,Rosario,2020-09-27
2445,Cliente02445,cliente02445@example.com,Tucumán,2020-06-18
2446,Cliente02446,cliente02446@example.com,Santa Fe,2023-03-16
2447,Cliente02447,cliente02447@example.com,CABA,2023-01-27
2448,Cliente02448,cliente02448@example.com,Neuquén,2021-06-21
2449,Cliente02449,cliente02449@example.com,Córdoba,2022-03-27
2450,Cliente02450,cliente02450@example.com,Chubut,2022-06-08
2451,Cliente02451,cliente02451@example.com,Rosario,2020-10-03
2452,Cliente02452,cliente02452@example.com,Santa Fe,2023-02-19
2453,Cliente02453,cliente02453@example.com,Mendoza,2022-09-26
2454,Cliente02454,cliente02454@example.com,Neuquén,2023-08-28
2455,Cliente02455,cliente02455@example.com,San Luis,2021-02-05
2456,Cliente02456,cliente02456@example.com,Chubut,2023-06-15
2457,Cliente02457,cliente02457@example.com,Chubut,2021-05-19
2458,Cliente02458,cliente02458@example.com,Mendoza,2020-05-26
2459,Cliente02459,cliente02459@example.com,Salta,2022-05-30
2460,Cliente02460,cliente02460@example.com,Tucumán,2023-11-03
2461,Cliente02461,cliente02461@example.com,San Luis,2020-07-02
2462,Cliente02462,cliente02462@example.com,Córdoba,2023-10-07
2463,Cliente02463,cliente02463@example.com,Neuquén,2022-05-17
2464,Cliente02464,cliente02464@example.com,Tucumán,2021-12-14
2465,Cliente02465,cliente02465@example.com,Mendoza,2021-10-18
2466,Cliente02466,cliente02466@example.com,Tucumán,2023-05-01
2467,Cliente02467,cliente02467@example.com,CABA,2021-09-16
2468,Cliente02468,cliente02468@example.com,Rosario,2021-12-17
2469,Cliente02469,cliente02469@example.com,San Luis,2022-06-24
2470,Cliente02470,cliente02470@example.com,San Luis,2020-10-25
2471,Cliente02471,cliente02471@example.com,Santa Fe,2020-04-01
2472,Cliente02472,cliente02472@example.com,Mendoza,2021-02-12
2473,Cliente02473,cliente02473@example.com,Tucumán,2020-11-15
2474,Cliente02474,cliente02474@example.com,Córdoba,2020-08-18
2475,Cliente02475,cliente02475@example.com,CABA,2021-05-12
2476,Cliente02476,cliente02476@example.com,San Luis,2020-10-29
2477,Cliente02477,cliente02477@example.com,Salta,2020-01-29
2478,Cliente02478,cliente02478@example.com,Tucumán,2023-11-21
2479,Cliente02479,cliente02479@example.com,Córdoba,2021-09-16
2480,Cliente02480,cliente02480@example.com,Santa Fe,2022-08-22
2481,Cliente02481,cliente02481@example.com,CABA,2021-11-10
2482,Cliente02482,cliente02482@example.com,Mendoza,2023-01-06
2483,Cliente02483,cliente02483@example.com,Mendoza,2021-02-21
2484,Cliente02484,cliente02484@example.com,Chubut,2022-12-07
2485,Cliente02485,cliente02485@example.com,Salta,2023-01-28
2486,Cliente02486,cliente02486@example.com,Santa Fe,2023-06-29
2487,Cliente02487,cliente02487@example.com,Rosario,2023-11-24
2488,Cliente02488,cliente02488@example.com,CABA,2022-02-10
2489,Cliente02489,cliente02489@example.com,San Luis,2023-09-20
2490,Cliente02490,cliente02490@example.com,Chubut,2020-03-30
2491,Cliente02491,cliente02491@example.com,Salta,2020-12-14
2492,Cliente02492,cliente02492@example.com,CABA,2021-08-04
2493,Cliente02493,cliente02493@example.com,Mendoza,2023-11-27
2494,Cliente02494,cliente02494@example.com,San Luis,2021-07-09
2495,Cliente02495,cliente02495@example.com,CABA,2022-08-10
2496,Cliente02496,cliente02496@example.com,CABA,2020-05-16
2497,Cliente02497,cliente02497@example.com,Neuquén,2023-09-14
2498,Cliente02498,cliente02498@example.com,Salta,2023-09-19
2499,Cliente02499,cliente02499@example.com,Tucumán,2020-08-08
2500,Cliente02500,cliente02500@example.com,CABA,2021-08-22
2501,Cliente02501,cliente02501@example.com,Neuquén,2021-04-18
2502,Cliente02502,cliente02502@example.com,Neuquén,2022-11-07
2503,Cliente02503,cliente02503@example.com,Córdoba,2021-10-08
2504,Cliente02504,cliente02504@example.com,Santa Fe,2023-05-07
2505,Cliente02505,cliente02505@example.com,Chubut,2020-06-29
2506,Cliente02506,cliente02506@example.com,Rosario,2021-02-11
2507,Cliente02507,cliente02507@example.com,Chubut,2022-07-26
2508,Cliente02508,cliente02508@example.com,Chubut,2023-12-30
2509,Cliente02509,cliente02509@example.com,CABA,2020-03-22
2510,Cliente02510,cliente02510@example.com,Mendoza,2022-12-20
2511,Cliente02511,cliente02511@example.com,Salta,2021-11-14
2512,Cliente02512,cliente02512@example.com,Santa Fe,2022-03-16
2513,Cliente02513,cliente02513@example.com,Rosario,2020-02-07
2514,Cliente02514,cliente02514@example.com,Tucumán,2023-11-02
2515,Cliente02515,cliente02515@example.com,Tucumán,2021-12-28
2516,Cliente02516,cliente02516@example.com,Salta,2021-04-28
2517,Cliente02517,cliente02517@example.com,Chubut,2021-07-18
2518,Cliente02518,cliente02518@example.com,CABA,2023-07-05
2519,Cliente02519,cliente02519@example.com,Salta,2022-03-03
2520,Cliente02520,cliente02520@example.com,CABA,2023-02-10
2521,Cliente02521,cliente02521@example.com,Salta,2021-04-06
2522,Cliente02522,cliente02522@example.com,Rosario,2021-11-30
2523,Cliente02523,cliente02523@example.com,Neuquén,2023-09-07
2524,Cliente02524,cliente02524@example.com,Rosario,2020-06-28
2525,Cliente02525,cliente02525@example.com,Neuquén,2022-12-02
2526,Cliente02526,cliente02526@example.com,San Luis,2023-07-05
2527,Cliente02527,cliente02527@example.com,Mendoza,2022-05-04
2528,Cliente02528,cliente02528@example.com,Mendoza,2023-03-19
2529,Cliente02529,cliente02529@example.com,Rosario,2022-05-23
2530,Cliente02530,cliente02530@example.com,Salta,2023-05-24
2531,Cliente02531,cliente02531@example.com,Tucumán,2022-07-08
2532,Cliente02532,cliente02532@example.com,Chubut,2020-09-26
2533,Cliente02533,cliente02533@example.com,Mendoza,2023-08-29
2534,Cliente02534,cliente02534@example.com,Rosario,2023-04-04
2535,Cliente02535,cliente02535@example.com,Chubut,2023-11-01
2536,Cliente02536,cliente02536@example.com,Mendoza,2020-10-09
2537,Cliente02537,cliente02537@example.com,Salta,2023-11-11
2538,Cliente02538,cliente02538@example.com,Chubut,2020-10-03
2539,Cliente02539,cliente02539@example.com,Neuquén,2020-10-24
2540,Cliente02540,cliente02540@example.com,San Luis,2020-11-19
2541,Cliente02541,cliente02541@example.com,Tucumán,2020-05-18
2542,Cliente02542,cliente02542@example.com,Chubut,2022-12-27
2543,Cliente02543,cliente02543@example.com,Córdoba,2021-01-12
2544,Cliente02544,cliente02544@example.com,Tucumán,2020-10-25
2545,Cliente02545,cliente02545@example.com,CABA,2021-10-14
2546,Cliente02546,cliente02546@example.com,Neuquén,2022-04-22
2547,Cliente02547,cliente02547@example.com,Salta,2022-06-26
2548,Cliente02548,cliente02548@example.com,Salta,2020-11-07
2549,Cliente02549,cliente02549@example.com,Mendoza,2020-08-06
2550,Cliente02550,cliente02550@example.com,Rosario,2021-01-13
2551,Cliente02551,cliente02551@example.com,CABA,2023-06-07
2552,Cliente02552,cliente02552@example.com,San Luis,2021-06-30
2553,Cliente02553,cliente02553@example.com,San Luis,2023-03-07
2554,Cliente02554,cliente02554@example.com,San Luis,2021-04-17
2555,Cliente02555,cliente02555@example.com,San Luis,2021-04-20
2556,Cliente02556,cliente02556@example.com,Mendoza,2023-11-08
2557,Cliente02557,cliente02557@example.com,CABA,2022-01-05
2558,Cliente02558,cliente02558@example.com,Córdoba,2023-11-10
2559,Cliente02559,cliente02559@example.com,Santa Fe,2020-10-01
2560,Cliente02560,cliente02560@example.com,Chubut,2023-05-23
2561,Cliente02561,cliente02561@example.com,Santa Fe,2023-12-29
2562,Cliente02562,cliente02562@example.com,Tucumán,2021-01-11
2563,Cliente02563,cliente02563@example.com,Neuquén,2022-10-03
2564,Cliente02564,cliente02564@example.com,Santa Fe,2020-10-08
2565,Cliente02565,cliente02565@example.com,Rosario,2021-01-30
2566,Cliente02566,cliente02566@example.com,Mendoza,2020-03-07
2567,Cliente02567,cliente02567@example.com,Neuquén,2020-01-31
2568,Cliente02568,cliente02568@example.com,Salta,2022-04-25
2569,Cliente02569,cliente02569@example.com,Mendoza,2023-10-06
2570,Cliente02570,cliente02570@example.com,Mendoza,2021-02-22
2571,Cliente02571,cliente02571@example.com,Córdoba,2020-12-28
2572,Cliente02572,cliente02572@example.com,Santa Fe,2023-06-17
2573,Cliente02573,cliente02573@example.com,Santa Fe,2023-11-09
2574,Cliente02574,cliente02574@example.com,Tucumán,2022-07-26
2575,Cliente02575,cliente02575@example.com,Mendoza,2022-05-25
2576,Cliente02576,cliente02576@example.com,Neuquén,2020-03-26
2577,Cliente02577,cliente02577@example.com,San Luis,2022-02-18
2578,Cliente02578,cliente02578@example.com,Tucumán,2022-03-18
2579,Cliente02579,cliente02579@example.com,San Luis,2023-03-17
2580,Cliente02580,cliente02580@example.com,San Luis,2023-01-03
2581,Cliente02581,cliente02581@example.com,Chubut,2023-08-06
2582,Cliente02582,cliente02582@example.com,CABA,2022-12-02
2583,Cliente02583,cliente02583@example.com,Córdoba,2022-07-13
2584,Cliente02584,cliente02584@example.com,Santa Fe,2020-03-27
2585,Cliente02585,cliente02585@example.com,Mendoza,2022-11-28
2586,Cliente02586,cliente02586@example.com,Chubut,2022-03-21
2587,Cliente02587,cliente02587@example.com,CABA,2023-02-16
2588,Cliente02588,cliente02588@example.com,Neuquén,2022-11-23
2589,Cliente02589,cliente02589@example.com,CABA,2021-01-23
2590,Cliente02590,cliente02590@example.com,Salta,2022-06-19
2591,Cliente02591,cliente02591@example.com,Neuquén,2021-09-15
2592,Cliente02592,cliente02592@example.com,Salta,2022-08-02
2593,Cliente02593,cliente02593@example.com,Rosario,2022-05-15
2594,Cliente02594,cliente02594@example.com,Salta,2023-06-09
2595,Cliente02595,cliente02595@example.com,CABA,2023-11-14
2596,Cliente02596,cliente02596@example.com,Chubut,2020-10-18
2597,Cliente02597,cliente02597@example.com,Santa Fe,2023-08-16
2598,Cliente02598,cliente02598@example.com,Santa Fe,2020-07-04
2599,Cliente02599,cliente02599@example.com,Chubut,2020-08-19
2600,Cliente02600,cliente02600@example.com,Rosario,2023-04-13
2601,Cliente02601,cliente02601@example.com,Chubut,2020-10-04
2602,Cliente02602,cliente02602@example.com,Neuquén,2022-04-26
2603,Cliente02603,cliente02603@example.com,Tucumán,2022-07-12
2604,Cliente02604,cliente02604@example.com,CABA,2021-01-01
2605,Cliente02605,cliente02605@example.com,Santa Fe,2023-04-23
2606,Cliente02606,cliente02606@example.com,Mendoza,2022-07-20
2607,Cliente02607,cliente02607@example.com,Córdoba,2021-05-27
2608,Cliente02608,cliente02608@example.com,Tucumán,2023-11-17
2609,Cliente02609,cliente02609@example.com,Rosario,2020-09-10
2610,Cliente02610,cliente02610@example.com,Córdoba,2020-08-21
2611,Cliente02611,cliente02611@example.com,Santa Fe,2023-07-22
2612,Cliente02612,cliente02612@example.com,Tucumán,2020-06-23
2613,Cliente02613,cliente02613@example.com,Chubut,2023-12-19
2614,Cliente02614,cliente02614@example.com,Neuquén,2022-11-13
2615,Cliente02615,cliente02615@example.com,San Luis,2020-11-23
2616,Cliente02616,cliente02616@example.com,Neuquén,2023-02-01
2617,Cliente02617,cliente02617@example.com,Neuquén,2020-03-30
2618,Cliente02618,cliente02618@example.com,Rosario,2021-11-17
2619,Cliente02619,cliente02619@example.com,San Luis,2023-09-12
2620,Cliente02620,cliente02620@example.com,Rosario,2020-11-28
2621,Cliente02621,cliente02621@example.com,Rosario,2021-01-01
2622,Cliente02622,cliente02622@example.com,CABA,2022-05-09
2623,Cliente02623,cliente02623@example.com,Salta,2021-09-25
2624,Cliente02624,cliente02624@example.com,Santa Fe,2021-08-14
2625,Cliente02625,cliente02625@example.com,Rosario,2020-08-28
2626,Cliente02626,cliente02626@example.com,Rosario,2021-02-19
2627,Cliente02627,cliente02627@example.com,CABA,2023-06-29
2628,Cliente02628,cliente02628@example.com,Salta,2020-01-26
2629,Cliente02629,cliente02629@example.com,Santa Fe,2022-10-16
2630,Cliente02630,cliente02630@example.com,Santa Fe,2023-01-18
2631,Cliente02631,cliente02631@example.com,CABA,2023-05-30
2632,Cliente02632,cliente02632@example.com,Santa Fe,2021-05-02
2633,Cliente02633,cliente02633@example.com,Mendoza,2023-04-20
2634,Cliente02634,cliente02634@example.com,Santa Fe,2022-07-18
2635,Cliente02635,cliente02635@example.com,Neuquén,2022-06-23
2636,Cliente02636,cliente02636@example.com,Córdoba,2023-05-16
2637,Cliente02637,cliente02637@example.com,San Luis,2020-01-14
2638,Cliente02638,cliente02638@example.com,Mendoza,2023-01-25
2639,Cliente02639,cliente02639@example.com,Salta,2023-06-23
2640,Cliente02640,cliente02640@example.com,Chubut,2021-03-01
2641,Cliente02641,cliente02641@example.com,CABA,2021-01-13
2642,Cliente02642,cliente02642@example.com,Rosario,2020-04-22
2643,Cliente02643,cliente02643@example.com,Tucumán,2020-03-16
2644,Cliente02644,cliente02644@example.com,Rosario,2020-03-07
2645,Cliente02645,cliente02645@example.com,San Luis,2023-05-20
2646,Cliente02646,cliente02646@example.com,Salta,2021-11-09
2647,Cliente02647,cliente02647@example.com,Córdoba,2020-04-10
2648,Cliente02648,cliente02648@example.com,Córdoba,2022-05-03
2649,Cliente02649,cliente02649@example.com,Rosario,2020-11-26
2650,Cliente02650,cliente02650@example.com,Salta,2023-06-05
2651,Cliente02651,cliente02651@example.com,San Luis,2023-03-18
2652,Cliente02652,cliente02652@example.com,Chubut,2020-12-29
2653,Cliente02653,cliente02653@example.com,Santa Fe,2023-03-31
2654,Cliente02654,cliente02654@example.com,Tucumán,2020-03-14
2655,Cliente02655,cliente02655@example.com,Córdoba,2021-09-04
2656,Cliente02656,cliente02656@example.com,Tucumán,2022-01-24
2657,Cliente02657,cliente02657@example.com,Neuquén,2020-05-18
2658,Cliente02658,cliente02658@example.com,Neuquén,2023-02-01
2659,Cliente02659,cliente02659@example.com,Córdoba,2021-08-22
2660,Cliente02660,cliente02660@example.com,Santa Fe,2020-10-02
2661,Cliente02661,cliente02661@example.com,Córdoba,2023-11-23
2662,Cliente02662,cliente02662@example.com,Salta,2021-11-05
2663,Cliente02663,cliente02663@example.com,Chubut,2022-04-27
2664,Cliente02664,cliente02664@example.com,Chubut,2021-03-05
2665,Cliente02665,cliente02665@example.com,Mendoza,2023-06-07
2666,Cliente02666,cliente02666@example.com,CABA,2020-08-11
2667,Cliente02667,cliente02667@example.com,San Luis,2023-07-12
2668,Cliente02668,cliente02668@example.com,Chubut,2020-06-28
2669,Cliente02669,cliente02669@example.com,Santa Fe,2023-11-11
2670,Cliente02670,cliente02670@example.com,San Luis,2023-12-18
2671,Cliente02671,cliente02671@example.com,Salta,2022-05-24
2672,Cliente02672,cliente02672@example.com,San Luis,2021-10-10
2673,Cliente02673,cliente02673@example.com,Salta,2022-12-12
2674,Cliente02674,cliente02674@example.com,San Luis,2023-06-30
2675,Cliente02675,cliente02675@example.com,Tucumán,2020-09-22
2676,Cliente02676,cliente02676@example.com,San Luis,2023-02-26
2677,Cliente02677,cliente02677@example.com,Santa Fe,2022-11-30
2678,Cliente02678,cliente02678@example.com,Santa Fe,2022-10-05
2679,Cliente02679,cliente02679@example.com,Rosario,2023-06-02
2680,Cliente02680,cliente02680@example.com,Mendoza,2023-12-22
2681,Cliente02681,cliente02681@example.com,Salta,2021-01-31
2682,Cliente02682,cliente02682@example.com,CABA,2020-08-30
2683,Cliente02683,cliente02683@example.com,CABA,2022-08-10
2684,Cliente02684,cliente02684@example.com,Córdoba,2021-02-28
2685,Cliente02685,cliente02685@example.com,San Luis,2022-04-29
2686,Cliente02686,cliente02686@example.com,Neuquén,2020-04-03
2687,Cliente02687,cliente02687@example.com,Tucumán,2021-12-17
2688,Cliente02688,cliente02688@example.com,Chubut,2023-07-29
2689,Cliente02689,cliente02689@example.com,Mendoza,2020-01-24
2690,Cliente02690,cliente02690@example.com,Mendoza,2023-11-14
2691,Cliente02691,cliente02691@example.com,Salta,2021-06-05
2692,Cliente02692,cliente02692@example.com,Córdoba,2021-09-22
2693,Cliente02693,cliente02693@example.com,Salta,2022-11-03
2694,Cliente02694,cliente02694@example.com,Chubut,2021-10-25
2695,Cliente02695,cliente02695@example.com,CABA,2020-08-21
2696,Cliente02696,cliente02696@example.com,Tucumán,2021-11-30
2697,Cliente02697,cliente02697@example.com,Neuquén,2023-03-11
2698,Cliente02698,cliente02698@example.com,San Luis,2020-02-29
2699,Cliente02699,cliente02699@example.com,Rosario,2021-02-01
2700,Cliente02700,cliente02700@example.com,Tucumán,2021-11-23
2701,Cliente02701,cliente02701@example.com,Santa Fe,2022-08-29
2702,Cliente02702,cliente02702@example.com,CABA,2023-08-15
2703,Cliente02703,cliente02703@example.com,Rosario,2022-09-13
2704,Cliente02704,cliente02704@example.com,Rosario,2023-07-08
2705,Cliente02705,cliente02705@example.com,Santa Fe,2023-01-04
2706,Cliente02706,cliente02706@example.com,Tucumán,2022-08-05
2707,Cliente02707,cliente02707@example.com,Neuquén,2020-04-24
2708,Cliente02708,cliente02708@example.com,Chubut,2021-09-05
2709,Cliente02709,cliente02709@example.com,San Luis,2023-10-20
2710,Cliente02710,cliente02710@example.com,Tucumán,2023-02-11
2711,Cliente02711,cliente02711@example.com,Chubut,2020-02-08
2712,Cliente02712,cliente02712@example.com,Mendoza,2023-03-28
2713,Cliente02713,cliente02713@example.com,Tucumán,2021-12-25
2714,Cliente02714,cliente02714@example.com,Córdoba,2020-11-01
2715,Cliente02715,cliente02715@example.com,Salta,2020-03-04
2716,Cliente02716,cliente02716@example.com,Tucumán,2022-02-07
2717,Cliente02717,cliente02717@example.com,Chubut,2020-12-05
2718,Cliente02718,cliente02718@example.com,San Luis,2023-05-25
2719,Cliente02719,cliente02719@example.com,Neuquén,2021-01-18
2720,Cliente02720,cliente02720@example.com,San Luis,2020-08-27
2721,Cliente02721,cliente02721@example.com,Salta,2023-12-15
2722,Cliente02722,cliente02722@example.com,Tucumán,2023-12-24
2723,Cliente02723,cliente02723@example.com,CABA,2021-07-10
2724,Cliente02724,cliente02724@example.com,Neuquén,2020-06-26
2725,Cliente02725,cliente02725@example.com,Santa Fe,2021-05-01
2726,Cliente02726,cliente02726@example.com,Tucumán,2022-07-14
2727,Cliente02727,cliente02727@example.com,Salta,2021-03-18
2728,Cliente02728,cliente02728@example.com,Chubut,2021-09-11
2729,Cliente02729,cliente02729@example.com,Rosario,2020-08-17
2730,Cliente02730,cliente02730@example.com,Tucumán,2020-03-17
2731,Cliente02731,cliente02731@example.com,Mendoza,2020-07-08
2732,Cliente02732,cliente02732@example.com,Santa Fe,2022-11-02
2733,Cliente02733,cliente02733@example.com,CABA,2022-09-15
2734,Cliente02734,cliente02734@example.com,Chubut,2020-11-11
2735,Cliente02735,cliente02735@example.com,Mendoza,2021-11-27
2736,Cliente02736,cliente02736@example.com,Santa Fe,2022-12-08
2737,Cliente02737,cliente02737@example.com,Salta,2021-11-01
2738,Cliente02738,cliente02738@example.com,Rosario,2020-07-20
2739,Cliente02739,cliente02739@example.com,Chubut,2023-10-17
2740,Cliente02740,cliente02740@example.com,Rosario,2021-02-24
2741,Cliente02741,cliente02741@example.com,CABA,2022-07-29
2742,Cliente02742,cliente02742@example.com,Neuquén,2022-12-05
2743,Cliente02743,cliente02743@example.com,Córdoba,2020-01-09
2744,Cliente02744,cliente02744@example.com,Salta,2020-03-31
2745,Cliente02745,cliente02745@example.com,San Luis,2020-06-27
2746,Cliente02746,cliente02746@example.com,Tucumán,2022-08-14
2747,Cliente02747,cliente02747@example.com,CABA,2020-07-30
2748,Cliente02748,cliente02748@example.com,Chubut,2023-09-11
2749,Cliente02749,cliente02749@example.com,Salta,2020-02-16
2750,Cliente02750,cliente02750@example.com,San Luis,2021-10-01
2751,Cliente02751,cliente02751@example.com,Mendoza,2021-10-19
2752,Cliente02752,cliente02752@example.com,Mendoza,2021-01-29
2753,Cliente02753,cliente02753@example.com,Salta,2021-07-20
2754,Cliente02754,cliente02754@example.com,Chubut,2021-10-15
2755,Cliente02755,cliente02755@example.com,Santa Fe,2023-10-06
2756,Cliente02756,cliente02756@example.com,Córdoba,2021-07-12
2757,Cliente02757,cliente02757@example.com,Rosario,2020-11-18
2758,Cliente02758,cliente02758@example.com,Salta,2020-08-22
2759,Cliente02759,cliente02759@example.com,CABA,2023-06-29
2760,Cliente02760,cliente02760@example.com,Chubut,2022-11-18
2761,Cliente02761,cliente02761@example.com,Córdoba,2021-02-27
2762,Cliente02762,cliente02762@example.com,Chubut,2021-12-18
2763,Cliente02763,cliente02763@example.com,Chubut,2021-10-14
2764,Cliente02764,cliente02764@example.com,Salta,2020-10-16
2765,Cliente02765,cliente02765@example.com,Salta,2023-03-21
2766,Cliente02766,cliente02766@example.com,Mendoza,2020-12-16
2767,Cliente02767,cliente02767@example.com,Córdoba,2021-09-29
2768,Cliente02768,cliente02768@example.com,San Luis,2021-11-24
2769,Cliente02769,cliente02769@example.com,Chubut,2022-06-27
2770,Cliente02770,cliente02770@example.com,CABA,2020-09-23
2771,Cliente02771,cliente02771@example.com,CABA,2022-08-22
2772,Cliente02772,cliente02772@example.com,CABA,2020-08-04
2773,Cliente02773,cliente02773@example.com,Neuquén,2020-04-20
2774,Cliente02774,cliente02774@example.com,Córdoba,2022-05-23
2775,Cliente02775,cliente02775@example.com,Neuquén,2021-01-01
2776,Cliente02776,cliente02776@example.com,San Luis,2023-04-28
2777,Cliente02777,cliente02777@example.com,Santa Fe,2023-06-16
2778,Cliente02778,cliente02778@example.com,Tucumán,2021-10-01
2779,Cliente02779,cliente02779@example.com,Tucumán,2021-02-09
2780,Cliente02780,cliente02780@example.com,Chubut,2020-06-09
2781,Cliente02781,cliente02781@example.com,Santa Fe,2023-03-08
2782,Cliente02782,cliente02782@example.com,Rosario,2020-07-09
2783,Cliente02783,cliente02783@example.com,Santa Fe,2020-07-18
2784,Cliente02784,cliente02784@example.com,Santa Fe,2021-09-27
2785,Cliente02785,cliente02785@example.com,Santa Fe,2022-08-21
2786,Cliente02786,cliente02786@example.com,Mendoza,2021-04-03
2787,Cliente02787,cliente02787@example.com,Rosario,2023-06-17
2788,Cliente02788,cliente02788@example.com,Salta,2022-01-14
2789,Cliente02789,cliente02789@example.com,Neuquén,2021-01-10
2790,Cliente02790,cliente02790@example.com,Tucumán,2021-10-27
2791,Cliente02791,cliente02791@example.com,Santa Fe,2022-09-25
2792,Cliente02792,cliente02792@example.com,CABA,2020-05-13
2793,Cliente02793,cliente02793@example.com,Santa Fe,2020-08-19
2794,Cliente02794,cliente02794@example.com,Tucumán,2022-09-07
2795,Cliente02795,cliente02795@example.com,Santa Fe,2020-12-15
2796,Cliente02796,cliente02796@example.com,Salta,2021-12-14
2797,Cliente02797,cliente02797@example.com,San Luis,2023-03-22
2798,Cliente02798,cliente02798@example.com,Rosario,2022-11-06
2799,Cliente02799,cliente02799@example.com,Córdoba,2022-04-10
2800,Cliente02800,cliente02800@example.com,Córdoba,2021-10-29
2801,Cliente02801,cliente02801@example.com,Chubut,2023-08-23
2802,Cliente02802,cliente02802@example.com,Córdoba,2021-09-10
2803,Cliente02803,cliente02803@example.com,Chubut,2022-08-02
2804,Cliente02804,cliente02804@example.com,Neuquén,2023-04-24
2805,Cliente02805,cliente02805@example.com,Neuquén,2021-05-03
2806,Cliente02806,cliente02806@example.com,San Luis,2021-05-14
2807,Cliente02807,cliente02807@example.com,Chubut,2020-11-21
2808,Cliente02808,cliente02808@example.com,Santa Fe,2022-02-25
2809,Cliente02809,cliente02809@example.com,Córdoba,2021-11-28
2810,Cliente02810,cliente02810@example.com,Mendoza,2023-11-22
2811,Cliente02811,cliente02811@example.com,San Luis,2022-06-01
2812,Cliente02812,cliente02812@example.com,Neuquén,2023-03-07
2813,Cliente02813,cliente02813@example.com,Tucumán,2023-01-20
2814,Cliente02814,cliente02814@example.com,Mendoza,2020-12-20
2815,Cliente02815,cliente02815@example.com,Córdoba,2023-12-28
2816,Cliente02816,cliente02816@example.com,San Luis,2022-09-23
2817,Cliente02817,cliente02817@example.com,Córdoba,2023-04-27
2818,Cliente02818,cliente02818@example.com,San Luis,2022-08-06
2819,Cliente02819,cliente02819@example.com,Tucumán,2023-02-10
2820,Cliente02820,cliente02820@example.com,Córdoba,2022-06-30
2821,Cliente02821,cliente02821@example.com,Rosario,2021-09-22
2822,Cliente02822,cliente02822@example.com,Neuquén,2020-05-22
2823,Cliente02823,cliente02823@example.com,San Luis,2020-08-10
2824,Cliente02824,cliente02824@example.com,San Luis,2022-02-15
2825,Cliente02825,cliente02825@example.com,Tucumán,2022-10-09
2826,Cliente02826,cliente02826@example.com,CABA,2020-07-04
2827,Cliente02827,cliente02827@example.com,Mendoza,2020-10-11
2828,Cliente02828,cliente02828@example.com,San Luis,2023-07-26
2829,Cliente02829,cliente02829@example.com,CABA,2020-10-27
2830,Cliente02830,cliente02830@example.com,Rosario,2022-07-16
2831,Cliente02831,cliente02831@example.com,Chubut,2021-08-19
2832,Cliente02832,cliente02832@example.com,Neuquén,2023-06-14
2833,Cliente02833,cliente02833@example.com,San Luis,2022-07-04
2834,Cliente02834,cliente02834@example.com,Mendoza,2021-02-25
2835,Cliente02835,cliente02835@example.com,Tucumán,2021-09-05
2836,Cliente02836,cliente02836@example.com,San Luis,2023-10-23
2837,Cliente02837,cliente02837@example.com,Salta,2022-06-09
2838,Cliente02838,cliente02838@example.com,Tucumán,2020-07-01
2839,Cliente02839,cliente02839@example.com,San Luis,2020-01-17
2840,Cliente02840,cliente02840@example.com,San Luis,2022-11-11
2841,Cliente02841,cliente02841@example.com,Neuquén,2020-09-18
2842,Cliente02842,cliente02842@example.com,Salta,2020-05-07
2843,Cliente02843,cliente02843@example.com,Tucumán,2023-01-29
2844,Cliente02844,cliente02844@example.com,CABA,2020-01-02
2845,Cliente02845,cliente02845@example.com,Chubut,2022-01-05
2846,Cliente02846,cliente02846@example.com,Córdoba,2021-07-31
2847,Cliente02847,cliente02847@example.com,CABA,2021-04-26
2848,Cliente02848,cliente02848@example.com,Neuquén,2023-12-09
2849,Cliente02849,cliente02849@example.com,San Luis,2022-03-18
2850,Cliente02850,cliente02850@example.com,Tucumán,2023-12-28
2851,Cliente02851,cliente02851@example.com,Neuquén,2022-04-11
2852,Cliente02852,cliente02852@example.com,Neuquén,2022-06-10
2853,Cliente02853,cliente02853@example.com,Chubut,2021-03-08
2854,Cliente02854,cliente02854@example.com,Rosario,2022-08-30
2855,Cliente02855,cliente02855@example.com,Rosario,2021-01-20
2856,Cliente02856,cliente02856@example.com,Chubut,2022-02-26
2857,Cliente02857,cliente02857@example.com,Tucumán,2022-05-04
2858,Cliente02858,cliente02858@example.com,Rosario,2021-08-13
2859,Cliente02859,cliente02859@example.com,Rosario,2020-10-02
2860,Cliente02860,cliente02860@example.com,CABA,2020-05-26
2861,Cliente02861,cliente02861@example.com,CABA,2020-10-21
2862,Cliente02862,cliente02862@example.com,Santa Fe,2023-09-09
2863,Cliente02863,cliente02863@example.com,Neuquén,2020-10-05
2864,Cliente02864,cliente02864@example.com,Córdoba,2020-10-08
2865,Cliente02865,cliente02865@example.com,Neuquén,2022-07-22
2866,Cliente02866,cliente02866@example.com,San Luis,2022-05-21
2867,Cliente02867,cliente02867@example.com,San Luis,2021-01-03
2868,Cliente02868,cliente02868@example.com,Santa Fe,2022-11-09
2869,Cliente02869,cliente02869@example.com,Neuquén,2023-02-04
2870,Cliente02870,cliente02870@example.com,Santa Fe,2022-02-26
2871,Cliente02871,cliente02871@example.com,Tucumán,2021-04-07
2872,Cliente02872,cliente02872@example.com,Rosario,2022-05-19
2873,Cliente02873,cliente02873@example.com,San Luis,2020-01-16
2874,Cliente02874,cliente02874@example.com,San Luis,2022-10-17
2875,Cliente02875,cliente02875@example.com,Mendoza,2023-12-29
2876,Cliente02876,cliente02876@example.com,Chubut,2021-07-05
2877,Cliente02877,cliente02877@example.com,Neuquén,2023-01-23
2878,Cliente02878,cliente02878@example.com,San Luis,2022-01-21
2879,Cliente02879,cliente02879@example.com,CABA,2020-03-18
2880,Cliente02880,cliente02880@example.com,San Luis,2022-09-16
2881,Cliente02881,cliente02881@example.com,Tucumán,2020-08-19
2882,Cliente02882,cliente02882@example.com,San Luis,2022-09-13
2883,Cliente02883,cliente02883@example.com,Córdoba,2020-10-17
2884,Cliente02884,cliente02884@example.com,Chubut,2021-07-26
2885,Cliente02885,cliente02885@example.com,Santa Fe,2022-11-24
2886,Cliente02886,cliente02886@example.com,Córdoba,2022-12-07
2887,Cliente02887,cliente02887@example.com,San Luis,2020-06-30
2888,Cliente02888,cliente02888@example.com,Mendoza,2022-08-25
2889,Cliente02889,cliente02889@example.com,Córdoba,2023-11-01
2890,Cliente02890,cliente02890@example.com,Chubut,2023-04-02
2891,Cliente02891,cliente02891@example.com,Salta,2023-06-09
2892,Cliente02892,cliente02892@example.com,CABA,2021-12-04
2893,Cliente02893,cliente02893@example.com,Chubut,2020-01-23
2894,Cliente02894,cliente02894@example.com,Santa Fe,2022-07-18
2895,Cliente02895,cliente02895@example.com,Chubut,2022-08-18
2896,Cliente02896,cliente02896@example.com,San Luis,2021-11-09
2897,Cliente02897,cliente02897@example.com,Neuquén,2021-12-23
2898,Cliente02898,cliente02898@example.com,Salta,2021-08-15
2899,Cliente02899,cliente02899@example.com,Rosario,2020-03-13
2900,Cliente02900,cliente02900@example.com,San Luis,2021-09-14
2901,Cliente02901,cliente02901@example.com,San Luis,2021-06-17
2902,Cliente02902,cliente02902@example.com,CABA,2023-07-12
2903,Cliente02903,cliente02903@example.com,Santa Fe,2023-03-30
2904,Cliente02904,cliente02904@example.com,Rosario,2023-03-19
2905,Cliente02905,cliente02905@example.com,CABA,2023-09-06
2906,Cliente02906,cliente02906@example.com,Salta,2023-07-02
2907,Cliente02907,cliente02907@example.com,CABA,2021-08-10
2908,Cliente02908,cliente02908@example.com,Santa Fe,2020-06-17
2909,Cliente02909,cliente02909@example.com,Rosario,2022-11-01
2910,Cliente02910,cliente02910@example.com,Córdoba,2021-07-23
2911,Cliente02911,cliente02911@example.com,Salta,2020-09-28
2912,Cliente02912,cliente02912@example.com,San Luis,2021-07-29
2913,Cliente02913,cliente02913@example.com,Salta,2021-06-10
2914,Cliente02914,cliente02914@example.com,CABA,2020-08-16
2915,Cliente02915,cliente02915@example.com,San Luis,2020-12-23
2916,Cliente02916,cliente02916@example.com,San Luis,2020-11-05
2917,Cliente02917,cliente02917@example.com,Santa Fe,2022-01-27
2918,Cliente02918,cliente02918@example.com,Rosario,2021-06-19
2919,Cliente02919,cliente02919@example.com,Mendoza,2022-09-20
2920,Cliente02920,cliente02920@example.com,Rosario,2022-12-16
2921,Cliente02921,cliente02921@example.com,CABA,2021-12-03
2922,Cliente02922,cliente02922@example.com,Córdoba,2020-10-24
2923,Cliente02923,cliente02923@example.com,San Luis,2020-11-11
2924,Cliente02924,cliente02924@example.com,Santa Fe,2022-04-25
2925,Cliente02925,cliente02925@example.com,Neuquén,2021-05-02
2926,Cliente02926,cliente02926@example.com,Santa Fe,2023-07-29
2927,Cliente02927,cliente02927@example.com,Rosario,2021-03-07
2928,Cliente02928,cliente02928@example.com,San Luis,2021-12-07
2929,Cliente02929,cliente02929@example.com,CABA,2023-08-08
2930,Cliente02930,cliente02930@example.com,Salta,2020-08-25
2931,Cliente02931,cliente02931@example.com,CABA,2020-12-09
2932,Cliente02932,cliente02932@example.com,Santa Fe,2022-03-27
2933,Cliente02933,cliente02933@example.com,Santa Fe,2021-09-09
2934,Cliente02934,cliente02934@example.com,Santa Fe,2022-12-26
2935,Cliente02935,cliente02935@example.com,Mendoza,2022-02-16
2936,Cliente02936,cliente02936@example.com,Neuquén,2022-08-29
2937,Cliente02937,cliente02937@example.com,Salta,2020-10-24
2938,Cliente02938,cliente02938@example.com,Chubut,2022-06-09
2939,Cliente02939,cliente02939@example.com,CABA,2021-08-14
2940,Cliente02940,cliente02940@example.com,Santa Fe,2022-02-21
2941,Cliente02941,cliente02941@example.com,Tucumán,2022-12-21
2942,Cliente02942,cliente02942@example.com,CABA,2020-07-18
2943,Cliente02943,cliente02943@example.com,Chubut,2023-07-29
2944,Cliente02944,cliente02944@example.com,Tucumán,2022-06-03
2945,Cliente02945,cliente02945@example.com,San Luis,2023-08-28
2946,Cliente02946,cliente02946@example.com,Salta,2021-11-17
2947,Cliente02947,cliente02947@example.com,Salta,2021-06-30
2948,Cliente02948,cliente02948@example.com,Córdoba,2021-06-06
2949,Cliente02949,cliente02949@example.com,San Luis,2022-03-12
2950,Cliente02950,cliente02950@example.com,Santa Fe,2023-10-14
2951,Cliente02951,cliente02951@example.com,Mendoza,2023-10-08
2952,Cliente02952,cliente02952@example.com,San Luis,2021-02-03
2953,Cliente02953,cliente02953@example.com,Chubut,2021-11-22
2954,Cliente02954,cliente02954@example.com,Rosario,2021-10-03
2955,Cliente02955,cliente02955@example.com,Chubut,2020-01-22
2956,Cliente02956,cliente02956@example.com,CABA,2020-05-19
2957,Cliente02957,cliente02957@example.com,CABA,2022-04-22
2958,Cliente02958,cliente02958@example.com,Córdoba,2022-12-11
2959,Cliente02959,cliente02959@example.com,Córdoba,2023-11-04
2960,Cliente02960,cliente02960@example.com,Santa Fe,2021-12-20
2961,Cliente02961,cliente02961@example.com,Mendoza,2021-08-03
2962,Cliente02962,cliente02962@example.com,Salta,2021-01-30
2963,Cliente02963,cliente02963@example.com,CABA,2020-02-18
2964,Cliente02964,cliente02964@example.com,San Luis,2020-07-07
2965,Cliente02965,cliente02965@example.com,CABA,2023-05-01
2966,Cliente02966,cliente02966@example.com,Mendoza,2023-05-12
2967,Cliente02967,cliente02967@example.com,Córdoba,2023-12-21
2968,Cliente02968,cliente02968@example.com,Córdoba,2020-06-25
2969,Cliente02969,cliente02969@example.com,San Luis,2020-09-23
2970,Cliente02970,cliente02970@example.com,Neuquén,2023-09-06
2971,Cliente02971,cliente02971@example.com,San Luis,2021-01-13
2972,Cliente02972,cliente02972@example.com,Córdoba,2023-11-25
2973,Cliente02973,cliente02973@example.com,Rosario,2021-06-02
2974,Cliente02974,cliente02974@example.com,Salta,2022-08-14
2975,Cliente02975,cliente02975@example.com,Córdoba,2023-08-01
2976,Cliente02976,cliente02976@example.com,Santa Fe,2021-07-20
2977,Cliente02977,cliente02977@example.com,Neuquén,2023-11-18
2978,Cliente02978,cliente02978@example.com,Tucumán,2021-06-11
2979,Cliente02979,cliente02979@example.com,Rosario,2020-05-31
2980,Cliente02980,cliente02980@example.com,Salta,2020-05-07
2981,Cliente02981,cliente02981@example.com,Neuquén,2022-03-06
2982,Cliente02982,cliente02982@example.com,Tucumán,2020-05-03
2983,Cliente02983,cliente02983@example.com,Salta,2021-06-26
2984,Cliente02984,cliente02984@example.com,Rosario,2022-06-21
2985,Cliente02985,cliente02985@example.com,Córdoba,2022-10-04
2986,Cliente02986,cliente02986@example.com,Mendoza,2023-06-03
2987,Cliente02987,cliente02987@example.com,Neuquén,2020-12-31
2988,Cliente02988,cliente02988@example.com,Santa Fe,2020-08-10
2989,Cliente02989,cliente02989@example.com,Rosario,2023-01-12
2990,Cliente02990,cliente02990@example.com,Neuquén,2021-03-23
2991,Cliente02991,cliente02991@example.com,San Luis,2023-08-10
2992,Cliente02992,cliente02992@example.com,Córdoba,2022-06-23
2993,Cliente02993,cliente02993@example.com,Salta,2020-07-30
2994,Cliente02994,cliente02994@example.com,CABA,2020-05-29
2995,Cliente02995,cliente02995@example.com,Córdoba,2023-03-16
2996,Cliente02996,cliente02996@example.com,Salta,2022-07-02
2997,Cliente02997,cliente02997@example.com,CABA,2022-10-16
2998,Cliente02998,cliente02998@example.com,Rosario,2023-08-30
2999,Cliente02999,cliente02999@example.com,CABA,2020-03-18
3000,Cliente03000,cliente03000@example.com,Neuquén,2021-06-29
3001,Cliente03001,cliente03001@example.com,Rosario,2023-12-04
3002,Cliente03002,cliente03002@example.com,Tucumán,2022-03-12
3003,Cliente03003,cliente03003@example.com,San Luis,2020-01-08
3004,Cliente03004,cliente03004@example.com,Chubut,2023-12-20
3005,Cliente03005,cliente03005@example.com,Santa Fe,2022-09-06
3006,Cliente03006,cliente03006@example.com,Neuquén,2022-04-07
3007,Cliente03007,cliente03007@example.com,Córdoba,2023-01-11
3008,Cliente03008,cliente03008@example.com,Mendoza,2020-01-07
3009,Cliente03009,cliente03009@example.com,Neuquén,2023-11-12
3010,Cliente03010,cliente03010@example.com,Santa Fe,2020-09-05
3011,Cliente03011,cliente03011@example.com,San Luis,2023-01-01
3012,Cliente03012,cliente03012@example.com,Tucumán,2021-11-13
3013,Cliente03013,cliente03013@example.com,Salta,2022-03-31
3014,Cliente03014,cliente03014@example.com,CABA,2023-07-18
3015,Cliente03015,cliente03015@example.com,Córdoba,2022-01-18
3016,Cliente03016,cliente03016@example.com,Chubut,2021-11-27
3017,Cliente03017,cliente03017@example.com,Córdoba,2022-07-30
3018,Cliente03018,cliente03018@example.com,Salta,2023-08-19
3019,Cliente03019,cliente03019@example.com,Mendoza,2020-12-27
3020,Cliente03020,cliente03020@example.com,Chubut,2020-03-21
3021,Cliente03021,cliente03021@example.com,Neuquén,2023-09-15
3022,Cliente03022,cliente03022@example.com,Mendoza,2021-09-04
3023,Cliente03023,cliente03023@example.com,Neuquén,2020-08-06
3024,Cliente03024,cliente03024@example.com,Tucumán,2022-09-23
3025,Cliente03025,cliente03025@example.com,Córdoba,2023-07-19
3026,Cliente03026,cliente03026@example.com,Santa Fe,2021-01-23
3027,Cliente03027,cliente03027@example.com,Rosario,2020-03-14
3028,Cliente03028,cliente03028@example.com,Mendoza,2020-02-21
3029,Cliente03029,cliente03029@example.com,San Luis,2021-05-03
3030,Cliente03030,cliente03030@example.com,Santa Fe,2022-03-07
3031,Cliente03031,cliente03031@example.com,Córdoba,2023-01-12
3032,Cliente03032,cliente03032@example.com,Salta,2022-10-20
3033,Cliente03033,cliente03033@example.com,Chubut,2022-07-09
3034,Cliente03034,cliente03034@example.com,CABA,2020-03-16
3035,Cliente03035,cliente03035@example.com,Tucumán,2020-04-24
3036,Cliente03036,cliente03036@example.com,Tucumán,2020-03-28
3037,Cliente03037,cliente03037@example.com,Neuquén,2020-08-30
3038,Cliente03038,cliente03038@example.com,Mendoza,2023-09-01
3039,Cliente03039,cliente03039@example.com,Chubut,2022-07-27
3040,Cliente03040,cliente03040@example.com,Chubut,2020-11-01
3041,Cliente03041,cliente03041@example.com,San Luis,2021-04-22
3042,Cliente03042,cliente03042@example.com,Córdoba,2020-03-16
3043,Cliente03043,cliente03043@example.com,Rosario,2022-09-28
3044,Cliente03044,cliente03044@example.com,CABA,2022-08-23
3045,Cliente03045,cliente03045@example.com,San Luis,2020-04-03
3046,Cliente03046,cliente03046@example.com,Mendoza,2023-12-07
3047,Cliente03047,cliente03047@example.com,Rosario,2020-01-30
3048,Cliente03048,cliente03048@example.com,Rosario,2023-07-19
3049,Cliente03049,cliente03049@example.com,CABA,2021-09-21
3050,Cliente03050,cliente03050@example.com,Córdoba,2022-07-23
3051,Cliente03051,cliente03051@example.com,San Luis,2020-12-15
3052,Cliente03052,cliente03052@example.com,San Luis,2020-05-10
3053,Cliente03053,cliente03053@example.com,Córdoba,2020-08-21
3054,Cliente03054,cliente03054@example.com,Santa Fe,2023-05-03
3055,Cliente03055,cliente03055@example.com,San Luis,2021-03-27
3056,Cliente03056,cliente03056@example.com,Córdoba,2021-02-19
3057,Cliente03057,cliente03057@example.com,Neuquén,2021-11-21
3058,Cliente03058,cliente03058@example.com,Neuquén,2021-10-26
3059,Cliente03059,cliente03059@example.com,Córdoba,2023-11-02
3060,Cliente03060,cliente03060@example.com,San Luis,2023-01-22
3061,Cliente03061,cliente03061@example.com,Rosario,2021-10-20
3062,Cliente03062,cliente03062@example.com,Mendoza,2020-04-03
3063,Cliente03063,cliente03063@example.com,San Luis,2020-12-21
3064,Cliente03064,cliente03064@example.com,Tucumán,2020-05-09
3065,Cliente03065,cliente03065@example.com,Córdoba,2021-07-14
3066,Cliente03066,cliente03066@example.com,Rosario,2022-04-30
3067,Cliente03067,cliente03067@example.com,Rosario,2023-11-27
3068,Cliente03068,cliente03068@example.com,Tucumán,2023-02-07
3069,Cliente03069,cliente03069@example.com,Rosario,2022-06-17
3070,Cliente03070,cliente03070@example.com,Mendoza,2023-04-06
3071,Cliente03071,cliente03071@example.com,CABA,2020-09-30
3072,Cliente03072,cliente03072@example.com,Córdoba,2023-07-18
3073,Cliente03073,cliente03073@example.com,San Luis,2022-02-09
3074,Cliente03074,cliente03074@example.com,Rosario,2020-02-02
3075,Cliente03075,cliente03075@example.com,Santa Fe,2020-06-14
3076,Cliente03076,cliente03076@example.com,CABA,2020-01-15
3077,Cliente03077,cliente03077@example.com,Rosario,2020-07-01
3078,Cliente03078,cliente03078@example.com,San Luis,2021-08-04
3079,Cliente03079,cliente03079@example.com,Neuquén,2023-11-21
3080,Cliente03080,cliente03080@example.com,Santa Fe,2023-11-18
3081,Cliente03081,cliente03081@example.com,Rosario,2021-02-26
3082,Cliente03082,cliente03082@example.com,Rosario,2023-08-03
3083,Cliente03083,cliente03083@example.com,Salta,2022-12-07
3084,Cliente03084,cliente03084@example.com,Santa Fe,2022-04-23
3085,Cliente03085,cliente03085@example.com,Mendoza,2020-12-23
3086,Cliente03086,cliente03086@example.com,San Luis,2023-11-17
3087,Cliente03087,cliente03087@example.com,CABA,2023-05-06
3088,Cliente03088,cliente03088@example.com,Rosario,2022-10-20
3089,Cliente03089,cliente03089@example.com,San Luis,2020-06-29
3090,Cliente03090,cliente03090@example.com,Salta,2021-12-13
3091,Cliente03091,cliente03091@example.com,Neuquén,2020-01-10
3092,Cliente03092,cliente03092@example.com,Chubut,2021-04-27
3093,Cliente03093,cliente03093@example.com,Mendoza,2020-08-28
3094,Cliente03094,cliente03094@example.com,Chubut,2020-07-14
3095,Cliente03095,cliente03095@example.com,San Luis,2022-01-11
3096,Cliente03096,cliente03096@example.com,Chubut,2022-11-05
3097,Cliente03097,cliente03097@example.com,Mendoza,2022-08-08
3098,Cliente03098,cliente03098@example.com,Mendoza,2021-07-20
3099,Cliente03099,cliente03099@example.com,CABA,2021-01-31
3100,Cliente03100,cliente03100@example.com,Córdoba,2020-11-01
3101,Cliente03101,cliente03101@example.com,Santa Fe,2022-10-15
3102,Cliente03102,cliente03102@example.com,Rosario,2020-11-23
3103,Cliente03103,cliente03103@example.com,CABA,2020-04-20
3104,Cliente03104,cliente03104@example.com,Tucumán,2021-08-06
3105,Cliente03105,cliente03105@example.com,Mendoza,2022-06-09
3106,Cliente03106,cliente03106@example.com,Salta,2021-11-15
3107,Cliente03107,cliente03107@example.com,San Luis,2022-07-17
3108,Cliente03108,cliente03108@example.com,CABA,2020-08-01
3109,Cliente03109,cliente03109@example.com,CABA,2023-01-05
3110,Cliente03110,cliente03110@example.com,Rosario,2020-11-19
3111,Cliente03111,cliente03111@example.com,CABA,2022-09-20
3112,Cliente03112,cliente03112@example.com,Chubut,2020-08-25
3113,Cliente03113,cliente03113@example.com,Córdoba,2021-04-26
3114,Cliente03114,cliente03114@example.com,Santa Fe,2023-04-28
3115,Cliente03115,cliente03115@example.com,San Luis,2021-10-29
3116,Cliente03116,cliente03116@example.com,Neuquén,2021-02-11
3117,Cliente03117,cliente03117@example.com,Tucumán,2021-04-16
3118,Cliente03118,cliente03118@example.com,Córdoba,2021-10-29
3119,Cliente03119,cliente03119@example.com,Mendoza,2020-07-19
3120,Cliente03120,cliente03120@example.com,Mendoza,2022-04-24
3121,Cliente03121,cliente03121@example.com,Mendoza,2022-02-08
3122,Cliente03122,cliente03122@example.com,Mendoza,2020-05-30
3123,Cliente03123,cliente03123@example.com,Santa Fe,2023-04-13
3124,Cliente03124,cliente03124@example.com,Santa Fe,2020-04-21
3125,Cliente03125,cliente03125@example.com,Neuquén,2020-10-23
3126,Cliente03126,cliente03126@example.com,Mendoza,2023-06-02
3127,Cliente03127,cliente03127@example.com,Santa Fe,2020-12-30
3128,Cliente03128,cliente03128@example.com,Neuquén,2022-02-03
3129,Cliente03129,cliente03129@example.com,Rosario,2022-07-26
3130,Cliente03130,cliente03130@example.com,Mendoza,2023-07-18
3131,Cliente03131,cliente03131@example.com,Tucumán,2021-07-06
3132,Cliente03132,cliente03132@example.com,Mendoza,2021-11-18
3133,Cliente03133,cliente03133@example.com,Rosario,2020-03-06
3134,Cliente03134,cliente03134@example.com,San Luis,2020-05-02
3135,Cliente03135,cliente03135@example.com,Salta,2020-10-06
3136,Cliente03136,cliente03136@example.com,Córdoba,2022-08-11
3137,Cliente03137,cliente03137@example.com,Santa Fe,2022-05-06
3138,Cliente03138,cliente03138@example.com,Rosario,2021-12-04
3139,Cliente03139,cliente03139@example.com,Mendoza,2021-08-27
3140,Cliente03140,cliente03140@example.com,San Luis,2020-11-17
3141,Cliente03141,cliente03141@example.com,San Luis,2020-12-14
3142,Cliente03142,cliente03142@example.com,San Luis,2023-02-06
3143,Cliente03143,cliente03143@example.com,Mendoza,2020-06-26
3144,Cliente03144,cliente03144@example.com,Neuquén,2022-12-04
3145,Cliente03145,cliente03145@example.com,Santa Fe,2021-03-19
3146,Cliente03146,cliente03146@example.com,San Luis,2022-08-27
3147,Cliente03147,cliente03147@example.com,Santa Fe,2021-07-25
3148,Cliente03148,cliente03148@example.com,CABA,2022-05-26
3149,Cliente03149,cliente03149@example.com,Mendoza,2021-05-22
3150,Cliente03150,cliente03150@example.com,Tucumán,2022-06-08
3151,Cliente03151,cliente03151@example.com,San Luis,2021-03-31
3152,Cliente03152,cliente03152@example.com,San Luis,2020-11-01
3153,Cliente03153,cliente03153@example.com,San Luis,2020-01-11
3154,Cliente03154,cliente03154@example.com,Neuquén,2020-03-31
3155,Cliente03155,cliente03155@example.com,CABA,2022-08-21
3156,Cliente03156,cliente03156@example.com,Chubut,2020-03-09
3157,Cliente03157,cliente03157@example.com,Neuquén,2022-12-23
3158,Cliente03158,cliente03158@example.com,Neuquén,2022-09-08
3159,Cliente03159,cliente03159@example.com,Córdoba,2022-07-15
3160,Cliente03160,cliente03160@example.com,Santa Fe,2021-05-07
3161,Cliente03161,cliente03161@example.com,Córdoba,2023-02-17
3162,Cliente03162,cliente03162@example.com,CABA,2023-11-20
3163,Cliente03163,cliente03163@example.com,Neuquén,2021-03-22
3164,Cliente03164,cliente03164@example.com,Rosario,2022-01-04
3165,Cliente03165,cliente03165@example.com,Salta,2021-05-04
3166,Cliente03166,cliente03166@example.com,Córdoba,2020-02-02
3167,Cliente03167,cliente03167@example.com,Santa Fe,2023-10-02
3168,Cliente03168,cliente03168@example.com,Salta,2020-11-27
3169,Cliente03169,cliente03169@example.com,Santa Fe,2023-03-14
3170,Cliente03170,cliente03170@example.com,San Luis,2020-02-19
3171,Cliente03171,cliente03171@example.com,Santa Fe,2022-08-07
3172,Cliente03172,cliente03172@example.com,Rosario,2023-12-11
3173,Cliente03173,cliente03173@example.com,Neuquén,2021-01-13
3174,Cliente03174,cliente03174@example.com,Tucumán,2023-07-07
3175,Cliente03175,cliente03175@example.com,Santa Fe,2023-12-12
3176,Cliente03176,cliente03176@example.com,CABA,2023-07-08
3177,Cliente03177,cliente03177@example.com,Córdoba,2022-02-27
3178,Cliente03178,cliente03178@example.com,Tucumán,2022-12-23
3179,Cliente03179,cliente03179@example.com,CABA,2021-08-30
3180,Cliente03180,cliente03180@example.com,Neuquén,2021-07-06
3181,Cliente03181,cliente03181@example.com,San Luis,2023-01-15
3182,Cliente03182,cliente03182@example.com,San Luis,2021-02-28
3183,Cliente03183,cliente03183@example.com,Córdoba,2023-06-24
3184,Cliente03184,cliente03184@example.com,Tucumán,2020-04-22
3185,Cliente03185,cliente03185@example.com,Chubut,2023-10-13
3186,Cliente03186,cliente03186@example.com,Tucumán,2020-04-15
3187,Cliente03187,cliente03187@example.com,Córdoba,2022-02-23
3188,Cliente03188,cliente03188@example.com,Tucumán,2022-08-11
3189,Cliente03189,cliente03189@example.com,San Luis,2020-03-24
3190,Cliente03190,cliente03190@example.com,Tucumán,2022-01-20
3191,Cliente03191,cliente03191@example.com,Rosario,2023-08-20
3192,Cliente03192,cliente03192@example.com,Chubut,2023-12-14
3193,Cliente03193,cliente03193@example.com,Córdoba,2023-02-22
3194,Cliente03194,cliente03194@example.com,Mendoza,2020-10-10
3195,Cliente03195,cliente03195@example.com,Tucumán,2021-05-03
3196,Cliente03196,cliente03196@example.com,Chubut,2020-08-20
3197,Cliente03197,cliente03197@example.com,Santa Fe,2023-04-03
3198,Cliente03198,cliente03198@example.com,Mendoza,2021-04-06
3199,Cliente03199,cliente03199@example.com,Tucumán,2021-12-23
3200,Cliente03200,cliente03200@example.com,Salta,2022-10-28
3201,Cliente03201,cliente03201@example.com,Neuquén,2021-07-21
3202,Cliente03202,cliente03202@example.com,CABA,2020-05-09
3203,Cliente03203,cliente03203@example.com,Tucumán,2021-12-08
3204,Cliente03204,cliente03204@example.com,Santa Fe,2022-09-22
3205,Cliente03205,cliente03205@example.com,Chubut,2022-12-14
3206,Cliente03206,cliente03206@example.com,Córdoba,2022-08-20
3207,Cliente03207,cliente03207@example.com,Chubut,2023-10-21
3208,Cliente03208,cliente03208@example.com,Chubut,2021-08-21
3209,Cliente03209,cliente03209@example.com,Santa Fe,2023-06-25
3210,Cliente03210,cliente03210@example.com,Tucumán,2023-10-10
3211,Cliente03211,cliente03211@example.com,Córdoba,2021-01-20
3212,Cliente03212,cliente03212@example.com,Santa Fe,2020-06-27
3213,Cliente03213,cliente03213@example.com,Córdoba,2022-03-11
3214,Cliente03214,cliente03214@example.com,Rosario,2021-08-13
3215,Cliente03215,cliente03215@example.com,Córdoba,2020-08-11
3216,Cliente03216,cliente03216@example.com,Rosario,2021-07-19
3217,Cliente03217,cliente03217@example.com,Córdoba,2023-11-28
3218,Cliente03218,cliente03218@example.com,Rosario,2022-10-13
3219,Cliente03219,cliente03219@example.com,Rosario,2021-02-22
3220,Cliente03220,cliente03220@example.com,Chubut,2023-07-08
3221,Cliente03221,cliente03221@example.com,CABA,2021-08-23
3222,Cliente03222,cliente03222@example.com,Neuquén,2023-10-29
3223,Cliente03223,cliente03223@example.com,Chubut,2020-09-27
3224,Cliente03224,cliente03224@example.com,Santa Fe,2021-12-11
3225,Cliente03225,cliente03225@example.com,Neuquén,2022-06-28
3226,Cliente03226,cliente03226@example.com,CABA,2021-08-20
3227,Cliente03227,cliente03227@example.com,Mendoza,2020-05-08
3228,Cliente03228,cliente03228@example.com,CABA,2021-04-20
3229,Cliente03229,cliente03229@example.com,Chubut,2023-08-13
3230,Cliente03230,cliente03230@example.com,Tucumán,2022-04-23
3231,Cliente03231,cliente03231@example.com,San Luis,2021-12-03
3232,Cliente03232,cliente03232@example.com,Tucumán,2022-09-22
3233,Cliente03233,cliente03233@example.com,San Luis,2023-09-25
3234,Cliente03234,cliente03234@example.com,Chubut,2023-01-28
3235,Cliente03235,cliente03235@example.com,Santa Fe,2022-07-26
3236,Cliente03236,cliente03236@example.com,Salta,2023-03-07
3237,Cliente03237,cliente03237@example.com,Rosario,2021-09-19
3238,Cliente03238,cliente03238@example.com,Rosario,2021-06-16
3239,Cliente03239,cliente03239@example.com,Mendoza,2022-09-18
3240,Cliente03240,cliente03240@example.com,Tucumán,2021-08-13
3241,Cliente03241,cliente03241@example.com,CABA,2020-10-30
3242,Cliente03242,cliente03242@example.com,Tucumán,2021-08-05
3243,Cliente03243,cliente03243@example.com,Santa Fe,2020-12-06
3244,Cliente03244,cliente03244@example.com,San Luis,2020-11-25
3245,Cliente03245,cliente03245@example.com,Chubut,2021-08-07
3246,Cliente03246,cliente03246@example.com,Rosario,2020-12-25
3247,Cliente03247,cliente03247@example.com,Rosario,2020-11-26
3248,Cliente03248,cliente03248@example.com,Mendoza,2020-08-27
3249,Cliente03249,cliente03249@example.com,CABA,2021-10-10
3250,Cliente03250,cliente03250@example.com,San Luis,2020-09-16
3251,Cliente03251,cliente03251@example.com,Santa Fe,2021-06-17
3252,Cliente03252,cliente03252@example.com,Tucumán,2021-01-12
3253,Cliente03253,cliente03253@example.com,Mendoza,2023-02-25
3254,Cliente03254,cliente03254@example.com,CABA,2023-09-25
3255,Cliente03255,cliente03255@example.com,Tucumán,2021-12-05
3256,Cliente03256,cliente03256@example.com,Rosario,2022-02-02
3257,Cliente03257,cliente03257@example.com,Santa Fe,2023-01-10
3258,Cliente03258,cliente03258@example.com,Rosario,2022-12-28
3259,Cliente03259,cliente03259@example.com,Salta,2020-09-05
3260,Cliente03260,cliente03260@example.com,CABA,2022-04-08
3261,Cliente03261,cliente03261@example.com,Santa Fe,2020-10-24
3262,Cliente03262,cliente03262@example.com,Santa Fe,2021-10-17
3263,Cliente03263,cliente03263@example.com,Rosario,2020-01-09
3264,Cliente03264,cliente03264@example.com,Chubut,2022-11-05
3265,Cliente03265,cliente03265@example.com,Tucumán,2023-08-18
3266,Cliente03266,cliente03266@example.com,Salta,2022-08-28
3267,Cliente03267,cliente03267@example.com,Salta,2023-03-20
3268,Cliente03268,cliente03268@example.com,Rosario,2023-03-03
3269,Cliente03269,cliente03269@example.com,Santa Fe,2021-11-24
3270,Cliente03270,cliente03270@example.com,Córdoba,2022-09-07
3271,Cliente03271,cliente03271@example.com,CABA,2020-10-12
3272,Cliente03272,cliente03272@example.com,Chubut,2020-08-27
3273,Cliente03273,cliente03273@example.com,Salta,2020-02-20
3274,Cliente03274,cliente03274@example.com,Neuquén,2023-06-18
3275,Cliente03275,cliente03275@example.com,Mendoza,2022-07-02
3276,Cliente03276,cliente03276@example.com,Tucumán,2020-07-08
3277,Cliente03277,cliente03277@example.com,Tucumán,2020-04-22
3278,Cliente03278,cliente03278@example.com,San Luis,2023-08-06
3279,Cliente03279,cliente03279@example.com,Mendoza,2023-04-09
3280,Cliente03280,cliente03280@example.com,Chubut,2021-03-30
3281,Cliente03281,cliente03281@example.com,Salta,2021-02-04
3282,Cliente03282,cliente03282@example.com,CABA,2020-06-20
3283,Cliente03283,cliente03283@example.com,Chubut,2022-07-01
3284,Cliente03284,cliente03284@example.com,Córdoba,2022-11-14
3285,Cliente03285,cliente03285@example.com,Neuquén,2021-02-02
3286,Cliente03286,cliente03286@example.com,Santa Fe,2021-10-12
3287,Cliente03287,cliente03287@example.com,San Luis,2023-05-24
3288,Cliente03288,cliente03288@example.com,Chubut,2020-04-24
3289,Cliente03289,cliente03289@example.com,Tucumán,2022-03-25
3290,Cliente03290,cliente03290@example.com,Rosario,2022-05-25
3291,Cliente03291,cliente03291@example.com,Tucumán,2022-03-01
3292,Cliente03292,cliente03292@example.com,Tucumán,2020-01-25
3293,Cliente03293,cliente03293@example.com,Salta,2021-12-07
3294,Cliente03294,cliente03294@example.com,Tucumán,2021-09-22
3295,Cliente03295,cliente03295@example.com,Santa Fe,2023-02-22
3296,Cliente03296,cliente03296@example.com,Córdoba,2021-03-17
3297,Cliente03297,cliente03297@example.com,Santa Fe,2022-05-01
3298,Cliente03298,cliente03298@example.com,Santa Fe,2021-08-14
3299,Cliente03299,cliente03299@example.com,Rosario,2022-05-18
3300,Cliente03300,cliente03300@example.com,Neuquén,2020-10-12
3301,Cliente03301,cliente03301@example.com,San Luis,2023-05-09
3302,Cliente03302,cliente03302@example.com,Córdoba,2020-10-21
3303,Cliente03303,cliente03303@example.com,Mendoza,2021-09-13
3304,Cliente03304,cliente03304@example.com,Santa Fe,2022-12-11
3305,Cliente03305,cliente03305@example.com,Tucumán,2020-05-15
3306,Cliente03306,cliente03306@example.com,San Luis,2022-02-08
3307,Cliente03307,cliente03307@example.com,Córdoba,2020-01-14
3308,Cliente03308,cliente03308@example.com,Neuquén,2023-08-01
3309,Cliente03309,cliente03309@example.com,Salta,2022-04-28
3310,Cliente03310,cliente03310@example.com,Rosario,2023-02-12
3311,Cliente03311,cliente03311@example.com,Santa Fe,2023-12-25
3312,Cliente03312,cliente03312@example.com,San Luis,2020-10-07
3313,Cliente03313,cliente03313@example.com,Mendoza,2021-01-15
3314,Cliente03314,cliente03314@example.com,Neuquén,2021-08-15
3315,Cliente03315,cliente03315@example.com,Chubut,2022-10-01
3316,Cliente03316,cliente03316@example.com,CABA,2021-09-10
3317,Cliente03317,cliente03317@example.com,San Luis,2021-09-14
3318,Cliente03318,cliente03318@example.com,Santa Fe,2023-02-19
3319,Cliente03319,cliente03319@example.com,Santa Fe,2021-04-04
3320,Cliente03320,cliente03320@example.com,CABA,2020-01-06
3321,Cliente03321,cliente03321@example.com,Rosario,2021-06-21
3322,Cliente03322,cliente03322@example.com,Salta,2023-08-04
3323,Cliente03323,cliente03323@example.com,Santa Fe,2020-09-11
3324,Cliente03324,cliente03324@example.com,Salta,2022-05-04
3325,Cliente03325,cliente03325@example.com,Rosario,2022-10-04
3326,Cliente03326,cliente03326@example.com,Mendoza,2020-02-28
3327,Cliente03327,cliente03327@example.com,Córdoba,2021-07-21
3328,Cliente03328,cliente03328@example.com,Santa Fe,2020-05-16
3329,Cliente03329,cliente03329@example.com,San Luis,2022-01-10
3330,Cliente03330,cliente03330@example.com,San Luis,2022-09-11
3331,Cliente03331,cliente03331@example.com,San Luis,2022-06-12
3332,Cliente03332,cliente03332@example.com,Salta,2023-07-10
3333,Cliente03333,cliente03333@example.com,Santa Fe,2023-11-22
3334,Cliente03334,cliente03334@example.com,Córdoba,2022-02-03
3335,Cliente03335,cliente03335@example.com,Chubut,2023-03-24
3336,Cliente03336,cliente03336@example.com,CABA,2021-06-15
3337,Cliente03337,cliente03337@example.com,Rosario,2023-04-06
3338,Cliente03338,cliente03338@example.com,CABA,2020-10-26
3339,Cliente03339,cliente03339@example.com,Tucumán,2022-08-02
3340,Cliente03340,cliente03340@example.com,Rosario,2022-01-01
3341,Cliente03341,cliente03341@example.com,Rosario,2020-04-18
3342,Cliente03342,cliente03342@example.com,Salta,2022-01-09
3343,Cliente03343,cliente03343@example.com,Neuquén,2023-07-27
3344,Cliente03344,cliente03344@example.com,Tucumán,2020-04-09
3345,Cliente03345,cliente03345@example.com,Salta,2021-08-20
3346,Cliente03346,cliente03346@example.com,Chubut,2023-08-01
3347,Cliente03347,cliente03347@example.com,Córdoba,2022-11-18
3348,Cliente03348,cliente03348@example.com,Mendoza,2023-07-10
3349,Cliente03349,cliente03349@example.com,Rosario,2020-07-12
3350,Cliente03350,cliente03350@example.com,San Luis,2020-12-08
3351,Cliente03351,cliente03351@example.com,Chubut,2021-10-22
3352,Cliente03352,cliente03352@example.com,Tucumán,2023-11-03
3353,Cliente03353,cliente03353@example.com,Salta,2021-07-09
3354,Cliente03354,cliente03354@example.com,Tucumán,2020-07-15
3355,Cliente03355,cliente03355@example.com,Chubut,2023-04-02
3356,Cliente03356,cliente03356@example.com,Tucumán,2020-10-21
3357,Cliente03357,cliente03357@example.com,CABA,2020-10-07
3358,Cliente03358,cliente03358@example.com,Chubut,2021-07-30
3359,Cliente03359,cliente03359@example.com,Tucumán,2022-09-20
3360,Cliente03360,cliente03360@example.com,Neuquén,2021-11-27
3361,Cliente03361,cliente03361@example.com,Rosario,2020-07-28
3362,Cliente03362,cliente03362@example.com,Mendoza,2020-11-12
3363,Cliente03363,cliente03363@example.com,Chubut,2021-03-28
3364,Cliente03364,cliente03364@example.com,Mendoza,2023-02-18
3365,Cliente03365,cliente03365@example.com,San Luis,2023-11-13
3366,Cliente03366,cliente03366@example.com,Chubut,2022-12-25
3367,Cliente03367,cliente03367@example.com,Chubut,2023-12-09
3368,Cliente03368,cliente03368@example.com,Córdoba,2022-05-04
3369,Cliente03369,cliente03369@example.com,Santa Fe,2020-06-05
3370,Cliente03370,cliente03370@example.com,Córdoba,2020-09-25
3371,Cliente03371,cliente03371@example.com,CABA,2022-09-09
3372,Cliente03372,cliente03372@example.com,Tucumán,2021-09-30
3373,Cliente03373,cliente03373@example.com,Tucumán,2020-10-11
3374,Cliente03374,cliente03374@example.com,Santa Fe,2023-05-08
3375,Cliente03375,cliente03375@example.com,Chubut,2021-12-01
3376,Cliente03376,cliente03376@example.com,Rosario,2023-12-24
3377,Cliente03377,cliente03377@example.com,Salta,2020-02-28
3378,Cliente03378,cliente03378@example.com,Córdoba,2021-03-31
3379,Cliente03379,cliente03379@example.com,Rosario,2023-11-22
3380,Cliente03380,cliente03380@example.com,Rosario,2023-11-10
3381,Cliente03381,cliente03381@example.com,Mendoza,2021-09-21
3382,Cliente03382,cliente03382@example.com,Rosario,2021-03-05
3383,Cliente03383,cliente03383@example.com,Rosario,2020-06-09
3384,Cliente03384,cliente03384@example.com,Neuquén,2023-11-15
3385,Cliente03385,cliente03385@example.com,Córdoba,2020-06-08
3386,Cliente03386,cliente03386@example.com,CABA,2022-09-18
3387,Cliente03387,cliente03387@example.com,Neuquén,2020-03-28
3388,Cliente03388,cliente03388@example.com,Mendoza,2020-08-08
3389,Cliente03389,cliente03389@example.com,CABA,2023-09-13
3390,Cliente03390,cliente03390@example.com,Chubut,2023-04-29
3391,Cliente03391,cliente03391@example.com,CABA,2022-08-18
3392,Cliente03392,cliente03392@example.com,Córdoba,2021-06-02
3393,Cliente03393,cliente03393@example.com,CABA,2020-05-15
3394,Cliente03394,cliente03394@example.com,Salta,2023-09-29
3395,Cliente03395,cliente03395@example.com,CABA,2020-07-16
3396,Cliente03396,cliente03396@example.com,Córdoba,2023-05-17
3397,Cliente03397,cliente03397@example.com,Mendoza,2023-04-18
3398,Cliente03398,cliente03398@example.com,Mendoza,2021-01-13
3399,Cliente03399,cliente03399@example.com,Tucumán,2020-02-29
3400,Cliente03400,cliente03400@example.com,Córdoba,2020-10-25
3401,Cliente03401,cliente03401@example.com,Salta,2023-04-02
3402,Cliente03402,cliente03402@example.com,Tucumán,2021-12-22
3403,Cliente03403,cliente03403@example.com,Rosario,2022-10-22
3404,Cliente03404,cliente03404@example.com,San Luis,2021-05-10
3405,Cliente03405,cliente03405@example.com,Chubut,2023-03-13
3406,Cliente03406,cliente03406@example.com,Córdoba,2020-07-21
3407,Cliente03407,cliente03407@example.com,San Luis,2020-01-29
3408,Cliente03408,cliente03408@example.com,Chubut,2021-03-20
3409,Cliente03409,cliente03409@example.com,Mendoza,2021-07-31
3410,Cliente03410,cliente03410@example.com,Rosario,2023-01-05
3411,Cliente03411,cliente03411@example.com,CABA,2020-07-21
3412,Cliente03412,cliente03412@example.com,Mendoza,2022-10-29
3413,Cliente03413,cliente03413@example.com,Santa Fe,2022-01-20
3414,Cliente03414,cliente03414@example.com,San Luis,2021-01-14
3415,Cliente03415,cliente03415@example.com,Santa Fe,2023-10-11
3416,Cliente03416,cliente03416@example.com,Córdoba,2021-01-05
3417,Cliente03417,cliente03417@example.com,Tucumán,2022-02-16
3418,Cliente03418,cliente03418@example.com,Neuquén,2021-03-14
3419,Cliente03419,cliente03419@example.com,Chubut,2021-04-11
3420,Cliente03420,cliente03420@example.com,Neuquén,2020-08-19
3421,Cliente03421,cliente03421@example.com,Tucumán,2020-09-10
3422,Cliente03422,cliente03422@example.com,Santa Fe,2020-08-13
3423,Cliente03423,cliente03423@example.com,Chubut,2020-10-05
3424,Cliente03424,cliente03424@example.com,Santa Fe,2022-01-09
3425,Cliente03425,cliente03425@example.com,Salta,2023-02-15
3426,Cliente03426,cliente03426@example.com,CABA,2020-06-17
3427,Cliente03427,cliente03427@example.com,Tucumán,2022-10-08
3428,Cliente03428,cliente03428@example.com,Córdoba,2022-02-27
3429,Cliente03429,cliente03429@example.com,Salta,2022-07-24
3430,Cliente03430,cliente03430@example.com,San Luis,2021-09-30
3431,Cliente03431,cliente03431@example.com,Santa Fe,2021-04-07
3432,Cliente03432,cliente03432@example.com,Chubut,2022-04-14
3433,Cliente03433,cliente03433@example.com,Salta,2022-05-26
3434,Cliente03434,cliente03434@example.com,Mendoza,2020-05-22
3435,Cliente03435,cliente03435@example.com,Santa Fe,2023-10-22
3436,Cliente03436,cliente03436@example.com,Tucumán,2021-01-02
3437,Cliente03437,cliente03437@example.com,CABA,2023-10-12
3438,Cliente03438,cliente03438@example.com,Santa Fe,2023-10-08
3439,Cliente03439,cliente03439@example.com,Córdoba,2022-03-22
3440,Cliente03440,cliente03440@example.com,Santa Fe,2022-12-06
3441,Cliente03441,cliente03441@example.com,Córdoba,2020-09-01
3442,Cliente03442,cliente03442@example.com,Rosario,2022-03-19
3443,Cliente03443,cliente03443@example.com,Neuquén,2023-11-24
3444,Cliente03444,cliente03444@example.com,San Luis,2020-07-27
3445,Cliente03445,cliente03445@example.com,Rosario,2020-05-12
3446,Cliente03446,cliente03446@example.com,Tucumán,2021-02-11
3447,Cliente03447,cliente03447@example.com,Tucumán,2021-02-14
3448,Cliente03448,cliente03448@example.com,San Luis,2022-04-07
3449,Cliente03449,cliente03449@example.com,Córdoba,2021-04-21
3450,Cliente03450,cliente03450@example.com,Neuquén,2022-10-19
3451,Cliente03451,cliente03451@example.com,Salta,2023-04-06
3452,Cliente03452,cliente03452@example.com,San Luis,2021-07-13
3453,Cliente03453,cliente03453@example.com,Neuquén,2021-12-30
3454,Cliente03454,cliente03454@example.com,Santa Fe,2023-09-27
3455,Cliente03455,cliente03455@example.com,San Luis,2022-04-08
3456,Cliente03456,cliente03456@example.com,Santa Fe,2022-11-13
3457,Cliente03457,cliente03457@example.com,Salta,2020-10-28
3458,Cliente03458,cliente03458@example.com,Santa Fe,2020-08-09
3459,Cliente03459,cliente03459@example.com,Córdoba,2021-05-28
3460,Cliente03460,cliente03460@example.com,Santa Fe,2022-10-15
3461,Cliente03461,cliente03461@example.com,Mendoza,2023-07-10
3462,Cliente03462,cliente03462@example.com,Rosario,2020-03-01
3463,Cliente03463,cliente03463@example.com,Córdoba,2020-04-18
3464,Cliente03464,cliente03464@example.com,Córdoba,2022-10-17
3465,Cliente03465,cliente03465@example.com,CABA,2021-01-01
3466,Cliente03466,cliente03466@example.com,Neuquén,2023-05-23
3467,Cliente03467,cliente03467@example.com,Tucumán,2020-11-08
3468,Cliente03468,cliente03468@example.com,Salta,2023-06-27
3469,Cliente03469,cliente03469@example.com,San Luis,2020-07-16
3470,Cliente03470,cliente03470@example.com,Córdoba,2023-09-15
3471,Cliente03471,cliente03471@example.com,Chubut,2022-10-05
3472,Cliente03472,cliente03472@example.com,Santa Fe,2021-02-17
3473,Cliente03473,cliente03473@example.com,Salta,2023-09-17
3474,Cliente03474,cliente03474@example.com,Santa Fe,2022-10-01
3475,Cliente03475,cliente03475@example.com,Chubut,2021-06-19
3476,Cliente03476,cliente03476@example.com,Chubut,2021-12-04
3477,Cliente03477,cliente03477@example.com,Chubut,2023-01-24
3478,Cliente03478,cliente03478@example.com,CABA,2020-03-05
3479,Cliente03479,cliente03479@example.com,Neuquén,2020-08-31
3480,Cliente03480,cliente03480@example.com,Neuquén,2022-07-10
3481,Cliente03481,cliente03481@example.com,Tucumán,2022-02-09
3482,Cliente03482,cliente03482@example.com,Santa Fe,2022-07-30
3483,Cliente03483,cliente03483@example.com,CABA,2020-03-08
3484,Cliente03484,cliente03484@example.com,Rosario,2023-02-14
3485,Cliente03485,cliente03485@example.com,Salta,2023-12-17
3486,Cliente03486,cliente03486@example.com,Rosario,2022-10-03
3487,Cliente03487,cliente03487@example.com,Neuquén,2020-10-02
3488,Cliente03488,cliente03488@example.com,Salta,2022-03-07
3489,Cliente03489,cliente03489@example.com,Santa Fe,2020-08-12
3490,Cliente03490,cliente03490@example.com,San Luis,2023-10-14
3491,Cliente03491,cliente03491@example.com,Santa Fe,2023-09-13
3492,Cliente03492,cliente03492@example.com,Chubut,2023-11-04
3493,Cliente03493,cliente03493@example.com,Chubut,2023-03-17
3494,Cliente03494,cliente03494@example.com,Santa Fe,2022-09-01
3495,Cliente03495,cliente03495@example.com,Chubut,2020-11-16
3496,Cliente03496,cliente03496@example.com,Chubut,2020-04-24
3497,Cliente03497,cliente03497@example.com,Neuquén,2021-06-23
3498,Cliente03498,cliente03498@example.com,Santa Fe,2023-04-25
3499,Cliente03499,cliente03499@example.com,Neuquén,2023-06-17
3500,Cliente03500,cliente03500@example.com,Tucumán,2021-08-05
3501,Cliente03501,cliente03501@example.com,Tucumán,2020-05-05
3502,Cliente03502,cliente03502@example.com,CABA,2023-04-24
3503,Cliente03503,cliente03503@example.com,CABA,2020-09-19
3504,Cliente03504,cliente03504@example.com,Tucumán,2021-12-15
3505,Cliente03505,cliente03505@example.com,San Luis,2020-02-25
3506,Cliente03506,cliente03506@example.com,Tucumán,2022-02-18
3507,Cliente03507,cliente03507@example.com,Córdoba,2022-05-26
3508,Cliente03508,cliente03508@example.com,Tucumán,2022-01-01
3509,Cliente03509,cliente03509@example.com,Neuquén,2021-12-20
3510,Cliente03510,cliente03510@example.com,CABA,2023-09-16
3511,Cliente03511,cliente03511@example.com,Mendoza,2021-05-22
3512,Cliente03512,cliente03512@example.com,Mendoza,2023-08-20
3513,Cliente03513,cliente03513@example.com,Salta,2023-04-28
3514,Cliente03514,cliente03514@example.com,Córdoba,2023-11-10
3515,Cliente03515,cliente03515@example.com,Córdoba,2021-09-16
3516,Cliente03516,cliente03516@example.com,Córdoba,2021-11-22
3517,Cliente03517,cliente03517@example.com,Rosario,2020-02-10
3518,Cliente03518,cliente03518@example.com,Chubut,2021-10-29
3519,Cliente03519,cliente03519@example.com,CABA,2022-08-01
3520,Cliente03520,cliente03520@example.com,Neuquén,2023-03-09
3521,Cliente03521,cliente03521@example.com,Chubut,2022-05-12
3522,Cliente03522,cliente03522@example.com,Salta,2020-02-11
3523,Cliente03523,cliente03523@example.com,Santa Fe,2023-04-19
3524,Cliente03524,cliente03524@example.com,CABA,2021-10-10
3525,Cliente03525,cliente03525@example.com,Neuquén,2023-03-14
3526,Cliente03526,cliente03526@example.com,Neuquén,2021-10-22
3527,Cliente03527,cliente03527@example.com,San Luis,2020-07-19
3528,Cliente03528,cliente03528@example.com,Santa Fe,2020-07-23
3529,Cliente03529,cliente03529@example.com,Mendoza,2021-11-19
3530,Cliente03530,cliente03530@example.com,Santa Fe,2022-10-26
3531,Cliente03531,cliente03531@example.com,Tucumán,2020-12-07
3532,Cliente03532,cliente03532@example.com,San Luis,2021-09-05
3533,Cliente03533,cliente03533@example.com,Tucumán,2022-06-11
3534,Cliente03534,cliente03534@example.com,Mendoza,2022-10-14
3535,Cliente03535,cliente03535@example.com,Córdoba,2023-01-02
3536,Cliente03536,cliente03536@example.com,Mendoza,2021-08-11
3537,Cliente03537,cliente03537@example.com,Salta,2020-04-07
3538,Cliente03538,cliente03538@example.com,Salta,2023-03-20
3539,Cliente03539,cliente03539@example.com,Neuquén,2021-04-07
3540,Cliente03540,cliente03540@example.com,San Luis,2020-07-07
3541,Cliente03541,cliente03541@example.com,San Luis,2020-07-13
3542,Cliente03542,cliente03542@example.com,San Luis,2021-11-20
3543,Cliente03543,cliente03543@example.com,Salta,2020-05-17
3544,Cliente03544,cliente03544@example.com,San Luis,2022-12-23
3545,Cliente03545,cliente03545@example.com,Santa Fe,2022-05-24
3546,Cliente03546,cliente03546@example.com,Mendoza,2021-12-12
3547,Cliente03547,cliente03547@example.com,Córdoba,2023-08-27
3548,Cliente03548,cliente03548@example.com,Salta,2022-10-30
3549,Cliente03549,cliente03549@example.com,Salta,2022-06-05
3550,Cliente03550,cliente03550@example.com,Chubut,2021-10-03
3551,Cliente03551,cliente03551@example.com,Mendoza,2022-04-28
3552,Cliente03552,cliente03552@example.com,Neuquén,2021-05-29
3553,Cliente03553,cliente03553@example.com,San Luis,2022-11-21
3554,Cliente03554,cliente03554@example.com,Santa Fe,2023-10-07
3555,Cliente03555,cliente03555@example.com,Chubut,2021-01-04
3556,Cliente03556,cliente03556@example.com,CABA,2023-07-09
3557,Cliente03557,cliente03557@example.com,Chubut,2021-01-17
3558,Cliente03558,cliente03558@example.com,San Luis,2022-10-19
3559,Cliente03559,cliente03559@example.com,Mendoza,2023-09-15
3560,Cliente03560,cliente03560@example.com,Santa Fe,2021-07-02
3561,Cliente03561,cliente03561@example.com,Chubut,2023-06-12
3562,Cliente03562,cliente03562@example.com,Neuquén,2023-03-05
3563,Cliente03563,cliente03563@example.com,CABA,2022-12-05
3564,Cliente03564,cliente03564@example.com,Mendoza,2022-01-16
3565,Cliente03565,cliente03565@example.com,Santa Fe,2020-10-29
3566,Cliente03566,cliente03566@example.com,Mendoza,2020-11-04
3567,Cliente03567,cliente03567@example.com,Salta,2022-06-10
3568,Cliente03568,cliente03568@example.com,Neuquén,2021-10-14
3569,Cliente03569,cliente03569@example.com,Córdoba,2023-07-22
3570,Cliente03570,cliente03570@example.com,Mendoza,2022-04-24
3571,Cliente03571,cliente03571@example.com,Salta,2021-08-10
3572,Cliente03572,cliente03572@example.com,Rosario,2021-06-09
3573,Cliente03573,cliente03573@example.com,San Luis,2021-04-28
3574,Cliente03574,cliente03574@example.com,Neuquén,2021-05-03
3575,Cliente03575,cliente03575@example.com,Córdoba,2020-11-03
3576,Cliente03576,cliente03576@example.com,Mendoza,2020-02-26
3577,Cliente03577,cliente03577@example.com,Mendoza,2021-09-27
3578,Cliente03578,cliente03578@example.com,Santa Fe,2022-09-21
3579,Cliente03579,cliente03579@example.com,Chubut,2022-06-12
3580,Cliente03580,cliente03580@example.com,Neuquén,2023-08-17
3581,Cliente03581,cliente03581@example.com,CABA,2021-02-17
3582,Cliente03582,cliente03582@example.com,Rosario,2021-07-12
3583,Cliente03583,cliente03583@example.com,Rosario,2020-02-29
3584,Cliente03584,cliente03584@example.com,Salta,2021-07-22
3585,Cliente03585,cliente03585@example.com,Chubut,2020-12-26
3586,Cliente03586,cliente03586@example.com,CABA,2022-09-22
3587,Cliente03587,cliente03587@example.com,CABA,2020-04-23
3588,Cliente03588,cliente03588@example.com,Córdoba,2021-10-04
3589,Cliente03589,cliente03589@example.com,San Luis,2021-09-02
3590,Cliente03590,cliente03590@example.com,Córdoba,2022-04-13
3591,Cliente03591,cliente03591@example.com,Tucumán,2023-10-07
3592,Cliente03592,cliente03592@example.com,Córdoba,2022-03-23
3593,Cliente03593,cliente03593@example.com,Rosario,2021-04-28
3594,Cliente03594,cliente03594@example.com,Córdoba,2023-03-15
3595,Cliente03595,cliente03595@example.com,Chubut,2020-09-04
3596,Cliente03596,cliente03596@example.com,Chubut,2023-09-22
3597,Cliente03597,cliente03597@example.com,San Luis,2022-12-11
3598,Cliente03598,cliente03598@example.com,Salta,2022-10-13
3599,Cliente03599,cliente03599@example.com,Córdoba,2021-05-02
3600,Cliente03600,cliente03600@example.com,San Luis,2020-09-07
3601,Cliente03601,cliente03601@example.com,Tucumán,2021-11-05
3602,Cliente03602,cliente03602@example.com,San Luis,2022-03-09
3603,Cliente03603,cliente03603@example.com,Mendoza,2022-05-16
3604,Cliente03604,cliente03604@example.com,Mendoza,2020-10-22
3605,Cliente03605,cliente03605@example.com,Córdoba,2020-12-24
3606,Cliente03606,cliente03606@example.com,Mendoza,2021-07-16
3607,Cliente03607,cliente03607@example.com,Santa Fe,2022-04-16
3608,Cliente03608,cliente03608@example.com,Salta,2023-04-22
3609,Cliente03609,cliente03609@example.com,CABA,2022-10-01
3610,Cliente03610,cliente03610@example.com,Chubut,2022-02-06
3611,Cliente03611,cliente03611@example.com,Córdoba,2021-10-10
3612,Cliente03612,cliente03612@example.com,Chubut,2022-05-17
3613,Cliente03613,cliente03613@example.com,Santa Fe,2023-10-30
3614,Cliente03614,cliente03614@example.com,Mendoza,2021-07-22
3615,Cliente03615,cliente03615@example.com,Rosario,2022-01-13
3616,Cliente03616,cliente03616@example.com,Santa Fe,2022-01-23
3617,Cliente03617,cliente03617@example.com,Salta,2020-02-13
3618,Cliente03618,cliente03618@example.com,San Luis,2020-03-12
3619,Cliente03619,cliente03619@example.com,CABA,2023-11-15
3620,Cliente03620,cliente03620@example.com,Mendoza,2021-06-02
3621,Cliente03621,cliente03621@example.com,Chubut,2022-02-26
3622,Cliente03622,cliente03622@example.com,Salta,2023-08-01
3623,Cliente03623,cliente03623@example.com,Tucumán,2023-11-04
3624,Cliente03624,cliente03624@example.com,Córdoba,2022-12-31
3625,Cliente03625,cliente03625@example.com,Mendoza,2022-06-25
3626,Cliente03626,cliente03626@example.com,Neuquén,2020-01-17
3627,Cliente03627,cliente03627@example.com,Neuquén,2021-06-07
3628,Cliente03628,cliente03628@example.com,Salta,2020-07-03
3629,Cliente03629,cliente03629@example.com,Mendoza,2021-09-01
3630,Cliente03630,cliente03630@example.com,Mendoza,2020-11-24
3631,Cliente03631,cliente03631@example.com,Santa Fe,2023-07-17
3632,Cliente03632,cliente03632@example.com,Tucumán,2023-08-12
3633,Cliente03633,cliente03633@example.com,Neuquén,2020-03-10
3634,Cliente03634,cliente03634@example.com,Salta,2020-06-13
3635,Cliente03635,cliente03635@example.com,Santa Fe,2022-08-22
3636,Cliente03636,cliente03636@example.com,Neuquén,2021-11-12
3637,Cliente03637,cliente03637@example.com,Neuquén,2020-07-24
3638,Cliente03638,cliente03638@example.com,Rosario,2023-12-01
3639,Cliente03639,cliente03639@example.com,Salta,2022-11-02
3640,Cliente03640,cliente03640@example.com,Córdoba,2021-12-21
3641,Cliente03641,cliente03641@example.com,Neuquén,2023-05-18
3642,Cliente03642,cliente03642@example.com,Chubut,2021-10-31
3643,Cliente03643,cliente03643@example.com,Santa Fe,2023-11-24
3644,Cliente03644,cliente03644@example.com,CABA,2020-04-16
3645,Cliente03645,cliente03645@example.com,Rosario,2023-07-14
3646,Cliente03646,cliente03646@example.com,Santa Fe,2023-08-05
3647,Cliente03647,cliente03647@example.com,Rosario,2020-01-07
3648,Cliente03648,cliente03648@example.com,Neuquén,2021-02-13
3649,Cliente03649,cliente03649@example.com,Salta,2021-10-04
3650,Cliente03650,cliente03650@example.com,San Luis,2020-06-17
3651,Cliente03651,cliente03651@example.com,Córdoba,2020-11-19
3652,Cliente03652,cliente03652@example.com,Mendoza,2022-11-23
3653,Cliente03653,cliente03653@example.com,Rosario,2023-05-01
3654,Cliente03654,cliente03654@example.com,Neuquén,2021-10-16
3655,Cliente03655,cliente03655@example.com,Santa Fe,2022-09-06
3656,Cliente03656,cliente03656@example.com,Rosario,2021-06-17
3657,Cliente03657,cliente03657@example.com,Rosario,2023-11-08
3658,Cliente03658,cliente03658@example.com,San Luis,2021-11-01
3659,Cliente03659,cliente03659@example.com,Salta,2021-02-10
3660,Cliente03660,cliente03660@example.com,Córdoba,2022-04-28
3661,Cliente03661,cliente03661@example.com,Tucumán,2021-01-07
3662,Cliente03662,cliente03662@example.com,Neuquén,2022-02-11
3663,Cliente03663,cliente03663@example.com,San Luis,2021-04-04
3664,Cliente03664,cliente03664@example.com,CABA,2020-02-17
3665,Cliente03665,cliente03665@example.com,Chubut,2023-08-18
3666,Cliente03666,cliente03666@example.com,San Luis,2023-07-07
3667,Cliente03667,cliente03667@example.com,Mendoza,2020-07-01
3668,Cliente03668,cliente03668@example.com,Santa Fe,2021-02-10
3669,Cliente03669,cliente03669@example.com,Salta,2023-12-07
3670,Cliente03670,cliente03670@example.com,Rosario,2020-04-11
3671,Cliente03671,cliente03671@example.com,Neuquén,2023-06-19
3672,Cliente03672,cliente03672@example.com,Neuquén,2023-05-14
3673,Cliente03673,cliente03673@example.com,Salta,2020-11-01
3674,Cliente03674,cliente03674@example.com,Córdoba,2022-01-23
3675,Cliente03675,cliente03675@example.com,Rosario,2023-03-07
3676,Cliente03676,cliente03676@example.com,Córdoba,2020-01-29
3677,Cliente03677,cliente03677@example.com,Chubut,2022-06-10
3678,Cliente03678,cliente03678@example.com,Santa Fe,2023-10-11
3679,Cliente03679,cliente03679@example.com,Santa Fe,2020-08-30
3680,Cliente03680,cliente03680@example.com,Mendoza,2021-02-20
3681,Cliente03681,cliente03681@example.com,Mendoza,2021-06-29
3682,Cliente03682,cliente03682@example.com,Salta,2022-10-09
3683,Cliente03683,cliente03683@example.com,Neuquén,2020-09-23
3684,Cliente03684,cliente03684@example.com,Neuquén,2021-02-27
3685,Cliente03685,cliente03685@example.com,San Luis,2021-03-17
3686,Cliente03686,cliente03686@example.com,Salta,2023-10-18
3687,Cliente03687,cliente03687@example.com,Mendoza,2022-05-06
3688,Cliente03688,cliente03688@example.com,Rosario,2022-04-16
3689,Cliente03689,cliente03689@example.com,Rosario,2020-02-28
3690,Cliente03690,cliente03690@example.com,Salta,2021-06-20
3691,Cliente03691,cliente03691@example.com,Mendoza,2023-06-19
3692,Cliente03692,cliente03692@example.com,Santa Fe,2021-05-23
3693,Cliente03693,cliente03693@example.com,Tucumán,2023-04-08
3694,Cliente03694,cliente03694@example.com,Santa Fe,2020-06-24
3695,Cliente03695,cliente03695@example.com,CABA,2022-08-18
3696,Cliente03696,cliente03696@example.com,Rosario,2021-10-24
3697,Cliente03697,cliente03697@example.com,Neuquén,2023-11-07
3698,Cliente03698,cliente03698@example.com,Mendoza,2023-12-31
3699,Cliente03699,cliente03699@example.com,Neuquén,2023-12-21
3700,Cliente03700,cliente03700@example.com,Neuquén,2023-05-08
3701,Cliente03701,cliente03701@example.com,Salta,2020-05-29
3702,Cliente03702,cliente03702@example.com,Córdoba,2023-02-14
3703,Cliente03703,cliente03703@example.com,CABA,2020-04-16
3704,Cliente03704,cliente03704@example.com,Tucumán,2021-04-25
3705,Cliente03705,cliente03705@example.com,Santa Fe,2021-12-26
3706,Cliente03706,cliente03706@example.com,San Luis,2023-10-05
3707,Cliente03707,cliente03707@example.com,San Luis,2023-12-24
3708,Cliente03708,cliente03708@example.com,CABA,2020-01-11
3709,Cliente03709,cliente03709@example.com,Salta,2022-10-30
3710,Cliente03710,cliente03710@example.com,San Luis,2022-02-19
3711,Cliente03711,cliente03711@example.com,Salta,2022-03-19
3712,Cliente03712,cliente03712@example.com,Tucumán,2020-09-27
3713,Cliente03713,cliente03713@example.com,Chubut,2020-03-25
3714,Cliente03714,cliente03714@example.com,San Luis,2021-01-02
3715,Cliente03715,cliente03715@example.com,Salta,2020-12-13
3716,Cliente03716,cliente03716@example.com,Chubut,2022-10-06
3717,Cliente03717,cliente03717@example.com,Tucumán,2022-08-16
3718,Cliente03718,cliente03718@example.com,Rosario,2020-07-02
3719,Cliente03719,cliente03719@example.com,Tucumán,2023-12-25
3720,Cliente03720,cliente03720@example.com,Chubut,2022-06-05
3721,Cliente03721,cliente03721@example.com,Rosario,2021-06-17
3722,Cliente03722,cliente03722@example.com,Córdoba,2021-10-03
3723,Cliente03723,cliente03723@example.com,CABA,2020-09-18
3724,Cliente03724,cliente03724@example.com,Santa Fe,2021-07-29
3725,Cliente03725,cliente03725@example.com,Tucumán,2022-05-30
3726,Cliente03726,cliente03726@example.com,Salta,2021-06-23
3727,Cliente03727,cliente03727@example.com,San Luis,2021-06-24
3728,Cliente03728,cliente03728@example.com,Chubut,2021-10-03
3729,Cliente03729,cliente03729@example.com,Neuquén,2020-12-03
3730,Cliente03730,cliente03730@example.com,Tucumán,2022-10-03
3731,Cliente03731,cliente03731@example.com,Rosario,2023-02-12
3732,Cliente03732,cliente03732@example.com,Santa Fe,2020-04-18
3733,Cliente03733,cliente03733@example.com,Mendoza,2020-10-31
3734,Cliente03734,cliente03734@example.com,CABA,2021-04-15
3735,Cliente03735,cliente03735@example.com,Rosario,2020-03-14
3736,Cliente03736,cliente03736@example.com,Santa Fe,2021-06-16
3737,Cliente03737,cliente03737@example.com,Rosario,2023-12-16
3738,Cliente03738,cliente03738@example.com,Santa Fe,2022-06-12
3739,Cliente03739,cliente03739@example.com,Córdoba,2022-10-10
3740,Cliente03740,cliente03740@example.com,CABA,2022-06-23
3741,Cliente03741,cliente03741@example.com,Tucumán,2023-12-23
3742,Cliente03742,cliente03742@example.com,Chubut,2022-09-20
3743,Cliente03743,cliente03743@example.com,Santa Fe,2022-10-06
3744,Cliente03744,cliente03744@example.com,Córdoba,2020-10-30
3745,Cliente03745,cliente03745@example.com,Córdoba,2021-12-16
3746,Cliente03746,cliente03746@example.com,Córdoba,2021-02-21
3747,Cliente03747,cliente03747@example.com,Salta,2021-01-04
3748,Cliente03748,cliente03748@example.com,Rosario,2022-11-07
3749,Cliente03749,cliente03749@example.com,Salta,2023-02-27
3750,Cliente03750,cliente03750@example.com,San Luis,2021-03-10
3751,Cliente03751,cliente03751@example.com,San Luis,2020-01-09
3752,Cliente03752,cliente03752@example.com,Chubut,2023-03-14
3753,Cliente03753,cliente03753@example.com,Rosario,2022-05-02
3754,Cliente03754,cliente03754@example.com,Córdoba,2021-05-19
3755,Cliente03755,cliente03755@example.com,Santa Fe,2023-10-18
3756,Cliente03756,cliente03756@example.com,Córdoba,2021-11-04
3757,Cliente03757,cliente03757@example.com,CABA,2021-08-05
3758,Cliente03758,cliente03758@example.com,Córdoba,2022-03-18
3759,Cliente03759,cliente03759@example.com,Tucumán,2023-04-24
3760,Cliente03760,cliente03760@example.com,Córdoba,2021-10-24
3761,Cliente03761,cliente03761@example.com,Rosario,2020-02-29
3762,Cliente03762,cliente03762@example.com,Córdoba,2022-07-31
3763,Cliente03763,cliente03763@example.com,Santa Fe,2022-07-18
3764,Cliente03764,cliente03764@example.com,Salta,2023-05-01
3765,Cliente03765,cliente03765@example.com,CABA,2021-11-05
3766,Cliente03766,cliente03766@example.com,CABA,2023-09-05
3767,Cliente03767,cliente03767@example.com,San Luis,2022-07-16
3768,Cliente03768,cliente03768@example.com,Tucumán,2023-03-11
3769,Cliente03769,cliente03769@example.com,Rosario,2021-03-08
3770,Cliente03770,cliente03770@example.com,CABA,2023-08-11
3771,Cliente03771,cliente03771@example.com,Salta,2021-10-23
3772,Cliente03772,cliente03772@example.com,CABA,2020-05-24
3773,Cliente03773,cliente03773@example.com,Chubut,2023-05-18
3774,Cliente03774,cliente03774@example.com,Neuquén,2020-07-08
3775,Cliente03775,cliente03775@example.com,Neuquén,2021-06-06
3776,Cliente03776,cliente03776@example.com,Rosario,2021-05-06
3777,Cliente03777,cliente03777@example.com,Neuquén,2020-07-01
3778,Cliente03778,cliente03778@example.com,CABA,2021-03-02
3779,Cliente03779,cliente03779@example.com,Rosario,2022-03-06
3780,Cliente03780,cliente03780@example.com,Neuquén,2021-08-06
3781,Cliente03781,cliente03781@example.com,Rosario,2020-09-03
3782,Cliente03782,cliente03782@example.com,Salta,2022-10-02
3783,Cliente03783,cliente03783@example.com,Neuquén,2021-09-27
3784,Cliente03784,cliente03784@example.com,San Luis,2020-09-25
3785,Cliente03785,cliente03785@example.com,Tucumán,2023-09-24
3786,Cliente03786,cliente03786@example.com,Córdoba,2022-01-22
3787,Cliente03787,cliente03787@example.com,Chubut,2021-02-13
3788,Cliente03788,cliente03788@example.com,Santa Fe,2022-07-01
3789,Cliente03789,cliente03789@example.com,Neuquén,2022-09-02
3790,Cliente03790,cliente03790@example.com,Salta,2023-02-27
3791,Cliente03791,cliente03791@example.com,San Luis,2022-05-16
3792,Cliente03792,cliente03792@example.com,Córdoba,2022-05-15
3793,Cliente03793,cliente03793@example.com,Tucumán,2023-06-11
3794,Cliente03794,cliente03794@example.com,Rosario,2022-06-08
3795,Cliente03795,cliente03795@example.com,Neuquén,2020-07-09
3796,Cliente03796,cliente03796@example.com,CABA,2022-11-17
3797,Cliente03797,cliente03797@example.com,Tucumán,2022-08-07
3798,Cliente03798,cliente03798@example.com,Mendoza,2023-08-19
3799,Cliente03799,cliente03799@example.com,Rosario,2022-10-11
3800,Cliente03800,cliente03800@example.com,Chubut,2023-07-13
3801,Cliente03801,cliente03801@example.com,Chubut,2020-06-20
3802,Cliente03802,cliente03802@example.com,Salta,2022-08-16
3803,Cliente03803,cliente03803@example.com,Neuquén,2020-06-11
3804,Cliente03804,cliente03804@example.com,Santa Fe,2021-09-07
3805,Cliente03805,cliente03805@example.com,Rosario,2020-09-18
3806,Cliente03806,cliente03806@example.com,Salta,2021-05-24
3807,Cliente03807,cliente03807@example.com,Chubut,2022-05-25
3808,Cliente03808,cliente03808@example.com,Salta,2023-03-10
3809,Cliente03809,cliente03809@example.com,CABA,2023-02-02
3810,Cliente03810,cliente03810@example.com,Córdoba,2020-04-02
3811,Cliente03811,cliente03811@example.com,Chubut,2020-08-08
3812,Cliente03812,cliente03812@example.com,Chubut,2022-05-20
3813,Cliente03813,cliente03813@example.com,Neuquén,2020-07-12
3814,Cliente03814,cliente03814@example.com,Santa Fe,2023-09-15
3815,Cliente03815,cliente03815@example.com,San Luis,2021-06-02
3816,Cliente03816,cliente03816@example.com,Tucumán,2021-06-05
3817,Cliente03817,cliente03817@example.com,San Luis,2020-06-16
3818,Cliente03818,cliente03818@example.com,Chubut,2020-02-03
3819,Cliente03819,cliente03819@example.com,Córdoba,2023-09-16
3820,Cliente03820,cliente03820@example.com,Santa Fe,2021-01-02
3821,Cliente03821,cliente03821@example.com,Rosario,2022-03-15
3822,Cliente03822,cliente03822@example.com,CABA,2020-06-19
3823,Cliente03823,cliente03823@example.com,Neuquén,2023-12-13
3824,Cliente03824,cliente03824@example.com,Salta,2021-10-04
3825,Cliente03825,cliente03825@example.com,San Luis,2022-07-20
3826,Cliente03826,cliente03826@example.com,Santa Fe,2023-07-01
3827,Cliente03827,cliente03827@example.com,Salta,2021-11-30
3828,Cliente03828,cliente03828@example.com,Rosario,2021-03-08
3829,Cliente03829,cliente03829@example.com,Rosario,2020-06-09
3830,Cliente03830,cliente03830@example.com,San Luis,2021-06-15
3831,Cliente03831,cliente03831@example.com,Córdoba,2022-06-07
3832,Cliente03832,cliente03832@example.com,Chubut,2020-02-06
3833,Cliente03833,cliente03833@example.com,CABA,2022-03-19
3834,Cliente03834,cliente03834@example.com,Córdoba,2020-01-28
3835,Cliente03835,cliente03835@example.com,Rosario,2023-09-05
3836,Cliente03836,cliente03836@example.com,Santa Fe,2022-07-31
3837,Cliente03837,cliente03837@example.com,Neuquén,2023-09-09
3838,Cliente03838,cliente03838@example.com,San Luis,2022-09-23
3839,Cliente03839,cliente03839@example.com,Salta,2023-06-20
3840,Cliente03840,cliente03840@example.com,San Luis,2022-01-08
3841,Cliente03841,cliente03841@example.com,Neuquén,2021-09-11
3842,Cliente03842,cliente03842@example.com,Córdoba,2020-09-13
3843,Cliente03843,cliente03843@example.com,Rosario,2020-01-29
3844,Cliente03844,cliente03844@example.com,Mendoza,2020-08-17
3845,Cliente03845,cliente03845@example.com,CABA,2023-11-26
3846,Cliente03846,cliente03846@example.com,Mendoza,2020-02-24
3847,Cliente03847,cliente03847@example.com,Mendoza,2022-09-12
3848,Cliente03848,cliente03848@example.com,Rosario,2023-08-23
3849,Cliente03849,cliente03849@example.com,Mendoza,2022-06-11
3850,Cliente03850,cliente03850@example.com,Chubut,2021-01-25
3851,Cliente03851,cliente03851@example.com,Córdoba,2021-09-08
3852,Cliente03852,cliente03852@example.com,Santa Fe,2020-10-30
3853,Cliente03853,cliente03853@example.com,Santa Fe,2022-05-14
3854,Cliente03854,cliente03854@example.com,CABA,2020-08-26
3855,Cliente03855,cliente03855@example.com,Rosario,2020-11-08
3856,Cliente03856,cliente03856@example.com,Santa Fe,2022-09-20
3857,Cliente03857,cliente03857@example.com,Santa Fe,2020-02-10
3858,Cliente03858,cliente03858@example.com,Santa Fe,2023-04-13
3859,Cliente03859,cliente03859@example.com,Mendoza,2021-02-16
3860,Cliente03860,cliente03860@example.com,Salta,2023-03-12
3861,Cliente03861,cliente03861@example.com,Neuquén,2020-04-14
3862,Cliente03862,cliente03862@example.com,Tucumán,2020-01-17
3863,Cliente03863,cliente03863@example.com,Córdoba,2023-07-15
3864,Cliente03864,cliente03864@example.com,Neuquén,2022-05-01
3865,Cliente03865,cliente03865@example.com,Santa Fe,2023-03-31
3866,Cliente03866,cliente03866@example.com,San Luis,2023-02-09
3867,Cliente03867,cliente03867@example.com,Salta,2020-03-16
3868,Cliente03868,cliente03868@example.com,Santa Fe,2022-03-29
3869,Cliente03869,cliente03869@example.com,Santa Fe,2022-11-17
3870,Cliente03870,cliente03870@example.com,San Luis,2023-06-06
3871,Cliente03871,cliente03871@example.com,Santa Fe,2021-04-19
3872,Cliente03872,cliente03872@example.com,CABA,2022-12-17
3873,Cliente03873,cliente03873@example.com,CABA,2022-05-14
3874,Cliente03874,cliente03874@example.com,San Luis,2021-10-08
3875,Cliente03875,cliente03875@example.com,Chubut,2020-05-10
3876,Cliente03876,cliente03876@example.com,Salta,2023-08-20
3877,Cliente03877,cliente03877@example.com,Neuquén,2022-08-27
3878,Cliente03878,cliente03878@example.com,Córdoba,2022-10-10
3879,Cliente03879,cliente03879@example.com,San Luis,2023-08-16
3880,Cliente03880,cliente03880@example.com,Tucumán,2022-07-07
3881,Cliente03881,cliente03881@example.com,Neuquén,2020-02-12
3882,Cliente03882,cliente03882@example.com,Rosario,2021-08-12
3883,Cliente03883,cliente03883@example.com,Mendoza,2022-08-19
3884,Cliente03884,cliente03884@example.com,Tucumán,2022-06-16
3885,Cliente03885,cliente03885@example.com,Mendoza,2022-11-05
3886,Cliente03886,cliente03886@example.com,Mendoza,2023-04-18
3887,Cliente03887,cliente03887@example.com,Tucumán,2023-05-18
3888,Cliente03888,cliente03888@example.com,Santa Fe,2020-09-25
3889,Cliente03889,cliente03889@example.com,Salta,2023-12-27
3890,Cliente03890,cliente03890@example.com,Neuquén,2022-05-03
3891,Cliente03891,cliente03891@example.com,Tucumán,2022-08-25
3892,Cliente03892,cliente03892@example.com,Rosario,2023-06-27
3893,Cliente03893,cliente03893@example.com,Mendoza,2021-08-01
3894,Cliente03894,cliente03894@example.com,Córdoba,2023-09-28
3895,Cliente03895,cliente03895@example.com,Santa Fe,2020-09-21
3896,Cliente03896,cliente03896@example.com,Rosario,2021-02-12
3897,Cliente03897,cliente03897@example.com,Rosario,2023-05-25
3898,Cliente03898,cliente03898@example.com,Santa Fe,2020-07-25
3899,Cliente03899,cliente03899@example.com,Neuquén,2022-10-08
3900,Cliente03900,cliente03900@example.com,Salta,2021-04-25
3901,Cliente03901,cliente03901@example.com,Mendoza,2023-02-14
3902,Cliente03902,cliente03902@example.com,CABA,2020-02-07
3903,Cliente03903,cliente03903@example.com,Tucumán,2021-06-18
3904,Cliente03904,cliente03904@example.com,Tucumán,2023-10-18
3905,Cliente03905,cliente03905@example.com,Rosario,2020-12-23
3906,Cliente03906,cliente03906@example.com,Chubut,2020-03-06
3907,Cliente03907,cliente03907@example.com,Córdoba,2021-11-22
3908,Cliente03908,cliente03908@example.com,Neuquén,2020-08-21
3909,Cliente03909,cliente03909@example.com,San Luis,2021-04-09
3910,Cliente03910,cliente03910@example.com,Córdoba,2023-02-24
3911,Cliente03911,cliente03911@example.com,Mendoza,2022-09-23
3912,Cliente03912,cliente03912@example.com,Salta,2021-11-27
3913,Cliente03913,cliente03913@example.com,Tucumán,2020-04-05
3914,Cliente03914,cliente03914@example.com,Chubut,2021-07-01
3915,Cliente03915,cliente03915@example.com,Rosario,2023-11-14
3916,Cliente03916,cliente03916@example.com,Chubut,2023-05-22
3917,Cliente03917,cliente03917@example.com,Córdoba,2023-12-17
3918,Cliente03918,cliente03918@example.com,CABA,2022-06-15
3919,Cliente03919,cliente03919@example.com,Santa Fe,2020-08-15
3920,Cliente03920,cliente03920@example.com,Córdoba,2023-06-04
3921,Cliente03921,cliente03921@example.com,San Luis,2020-07-27
3922,Cliente03922,cliente03922@example.com,Chubut,2020-03-26
3923,Cliente03923,cliente03923@example.com,Chubut,2020-08-03
3924,Cliente03924,cliente03924@example.com,Rosario,2023-07-14
3925,Cliente03925,cliente03925@example.com,Córdoba,2021-02-24
3926,Cliente03926,cliente03926@example.com,Tucumán,2020-11-17
3927,Cliente03927,cliente03927@example.com,Salta,2023-12-21
3928,Cliente03928,cliente03928@example.com,Santa Fe,2022-11-02
3929,Cliente03929,cliente03929@example.com,Santa Fe,2020-07-22
3930,Cliente03930,cliente03930@example.com,Rosario,2023-08-18
3931,Cliente03931,cliente03931@example.com,Tucumán,2021-11-16
3932,Cliente03932,cliente03932@example.com,Rosario,2020-09-08
3933,Cliente03933,cliente03933@example.com,Mendoza,2022-06-18
3934,Cliente03934,cliente03934@example.com,Neuquén,2020-01-14
3935,Cliente03935,cliente03935@example.com,Mendoza,2022-08-28
3936,Cliente03936,cliente03936@example.com,Tucumán,2021-08-10
3937,Cliente03937,cliente03937@example.com,Chubut,2020-12-16
3938,Cliente03938,cliente03938@example.com,Córdoba,2021-06-28
3939,Cliente03939,cliente03939@example.com,Tucumán,2022-04-29
3940,Cliente03940,cliente03940@example.com,Tucumán,2023-07-13
3941,Cliente03941,cliente03941@example.com,Mendoza,2020-11-06
3942,Cliente03942,cliente03942@example.com,Chubut,2022-05-13
3943,Cliente03943,cliente03943@example.com,Mendoza,2020-10-09
3944,Cliente03944,cliente03944@example.com,Neuquén,2022-04-26
3945,Cliente03945,cliente03945@example.com,Neuquén,2022-07-28
3946,Cliente03946,cliente03946@example.com,Chubut,2023-10-29
3947,Cliente03947,cliente03947@example.com,Tucumán,2020-03-01
3948,Cliente03948,cliente03948@example.com,Santa Fe,2020-10-25
3949,Cliente03949,cliente03949@example.com,CABA,2022-11-25
3950,Cliente03950,cliente03950@example.com,Córdoba,2020-06-22
3951,Cliente03951,cliente03951@example.com,Tucumán,2021-10-06
3952,Cliente03952,cliente03952@example.com,Neuquén,2020-12-02
3953,Cliente03953,cliente03953@example.com,Neuquén,2020-05-05
3954,Cliente03954,cliente03954@example.com,Neuquén,2020-03-16
3955,Cliente03955,cliente03955@example.com,Rosario,2023-03-22
3956,Cliente03956,cliente03956@example.com,CABA,2023-07-17
3957,Cliente03957,cliente03957@example.com,Chubut,2021-08-28
3958,Cliente03958,cliente03958@example.com,Neuquén,2022-04-03
3959,Cliente03959,cliente03959@example.com,Chubut,2021-09-15
3960,Cliente03960,cliente03960@example.com,Tucumán,2021-12-05
3961,Cliente03961,cliente03961@example.com,CABA,2021-07-26
3962,Cliente03962,cliente03962@example.com,Chubut,2023-06-04
3963,Cliente03963,cliente03963@example.com,Rosario,2023-12-05
3964,Cliente03964,cliente03964@example.com,Neuquén,2022-07-02
3965,Cliente03965,cliente03965@example.com,Mendoza,2023-01-19
3966,Cliente03966,cliente03966@example.com,San Luis,2023-06-20
3967,Cliente03967,cliente03967@example.com,Santa Fe,2023-11-29
3968,Cliente03968,cliente03968@example.com,Tucumán,2023-08-21
3969,Cliente03969,cliente03969@example.com,Neuquén,2021-02-08
3970,Cliente03970,cliente03970@example.com,Salta,2020-06-21
3971,Cliente03971,cliente03971@example.com,CABA,2023-01-05
3972,Cliente03972,cliente03972@example.com,Tucumán,2022-03-09
3973,Cliente03973,cliente03973@example.com,Rosario,2022-12-01
3974,Cliente03974,cliente03974@example.com,Chubut,2021-08-04
3975,Cliente03975,cliente03975@example.com,Mendoza,2020-07-09
3976,Cliente03976,cliente03976@example.com,Chubut,2023-02-04
3977,Cliente03977,cliente03977@example.com,Salta,2022-12-03
3978,Cliente03978,cliente03978@example.com,Tucumán,2023-07-25
3979,Cliente03979,cliente03979@example.com,Rosario,2020-02-17
3980,Cliente03980,cliente03980@example.com,CABA,2023-01-10
3981,Cliente03981,cliente03981@example.com,San Luis,2021-06-13
3982,Cliente03982,cliente03982@example.com,Mendoza,2021-09-14
3983,Cliente03983,cliente03983@example.com,Neuquén,2022-10-31
3984,Cliente03984,cliente03984@example.com,Córdoba,2020-05-02
3985,Cliente03985,cliente03985@example.com,Tucumán,2021-06-15
3986,Cliente03986,cliente03986@example.com,Chubut,2021-12-26
3987,Cliente03987,cliente03987@example.com,Córdoba,2020-04-07
3988,Cliente03988,cliente03988@example.com,Córdoba,2022-07-08
3989,Cliente03989,cliente03989@example.com,Salta,2023-03-18
3990,Cliente03990,cliente03990@example.com,CABA,2022-07-17
3991,Cliente03991,cliente03991@example.com,Tucumán,2021-04-28
3992,Cliente03992,cliente03992@example.com,San Luis,2023-03-04
3993,Cliente03993,cliente03993@example.com,Chubut,2023-05-04
3994,Cliente03994,cliente03994@example.com,Mendoza,2021-12-18
3995,Cliente03995,cliente03995@example.com,Salta,2021-08-05
3996,Cliente03996,cliente03996@example.com,San Luis,2023-10-09
3997,Cliente03997,cliente03997@example.com,Rosario,2022-02-12
3998,Cliente03998,cliente03998@example.com,Chubut,2021-05-22
3999,Cliente03999,cliente03999@example.com,Córdoba,2021-11-02
4000,Cliente04000,cliente04000@example.com,Chubut,2023-04-07
4001,Cliente04001,cliente04001@example.com,Mendoza,2022-01-09
4002,Cliente04002,cliente04002@example.com,Santa Fe,2020-07-19
4003,Cliente04003,cliente04003@example.com,Rosario,2023-12-28
4004,Cliente04004,cliente04004@example.com,Neuquén,2022-04-23
4005,Cliente04005,cliente04005@example.com,Córdoba,2020-07-07
4006,Cliente04006,cliente04006@example.com,CABA,2022-05-20
4007,Cliente04007,cliente04007@example.com,Rosario,2022-09-02
4008,Cliente04008,cliente04008@example.com,Mendoza,2022-07-02
4009,Cliente04009,cliente04009@example.com,Córdoba,2022-01-26
4010,Cliente04010,cliente04010@example.com,Chubut,2022-04-04
4011,Cliente04011,cliente04011@example.com,San Luis,2023-02-18
4012,Cliente04012,cliente04012@example.com,Chubut,2022-03-19
4013,Cliente04013,cliente04013@example.com,Salta,2023-04-11
4014,Cliente04014,cliente04014@example.com,Santa Fe,2023-07-27
4015,Cliente04015,cliente04015@example.com,Neuquén,2022-06-20
4016,Cliente04016,cliente04016@example.com,Santa Fe,2022-05-03
4017,Cliente04017,cliente04017@example.com,Rosario,2020-10-22
4018,Cliente04018,cliente04018@example.com,Chubut,2020-09-17
4019,Cliente04019,cliente04019@example.com,Santa Fe,2023-12-27
4020,Cliente04020,cliente04020@example.com,Santa Fe,2020-09-21
4021,Cliente04021,cliente04021@example.com,Chubut,2022-12-19
4022,Cliente04022,cliente04022@example.com,Córdoba,2023-11-23
4023,Cliente04023,cliente04023@example.com,Mendoza,2022-07-21
4024,Cliente04024,cliente04024@example.com,Santa Fe,2020-03-07
4025,Cliente04025,cliente04025@example.com,Rosario,2023-02-18
4026,Cliente04026,cliente04026@example.com,Tucumán,2020-08-31
4027,Cliente04027,cliente04027@example.com,San Luis,2022-04-16
4028,Cliente04028,cliente04028@example.com,Córdoba,2020-09-04
4029,Cliente04029,cliente04029@example.com,Tucumán,2023-03-16
4030,Cliente04030,cliente04030@example.com,Salta,2020-03-23
4031,Cliente04031,cliente04031@example.com,Chubut,2020-11-09
4032,Cliente04032,cliente04032@example.com,Córdoba,2022-01-30
4033,Cliente04033,cliente04033@example.com,Salta,2022-02-05
4034,Cliente04034,cliente04034@example.com,Salta,2021-08-25
4035,Cliente04035,cliente04035@example.com,Santa Fe,2020-02-27
4036,Cliente04036,cliente04036@example.com,Rosario,2020-10-18
4037,Cliente04037,cliente04037@example.com,San Luis,2022-05-13
4038,Cliente04038,cliente04038@example.com,CABA,2021-09-16
4039,Cliente04039,cliente04039@example.com,Salta,2021-03-17
4040,Cliente04040,cliente04040@example.com,Rosario,2022-09-28
4041,Cliente04041,cliente04041@example.com,CABA,2020-09-07
4042,Cliente04042,cliente04042@example.com,Chubut,2021-12-15
4043,Cliente04043,cliente04043@example.com,Córdoba,2020-04-01
4044,Cliente04044,cliente04044@example.com,Neuquén,2022-09-12
4045,Cliente04045,cliente04045@example.com,San Luis,2021-09-26
4046,Cliente04046,cliente04046@example.com,San Luis,2022-07-15
4047,Cliente04047,cliente04047@example.com,Tucumán,2022-02-11
4048,Cliente04048,cliente04048@example.com,Santa Fe,2023-05-25
4049,Cliente04049,cliente04049@example.com,Rosario,2020-10-10
4050,Cliente04050,cliente04050@example.com,Chubut,2023-07-27
4051,Cliente04051,cliente04051@example.com,Santa Fe,2022-07-10
4052,Cliente04052,cliente04052@example.com,Santa Fe,2020-11-01
4053,Cliente04053,cliente04053@example.com,Tucumán,2020-07-01
4054,Cliente04054,cliente04054@example.com,San Luis,2023-09-22
4055,Cliente04055,cliente04055@example.com,San Luis,2022-04-18
4056,Cliente04056,cliente04056@example.com,Neuquén,2021-04-21
4057,Cliente04057,cliente04057@example.com,Neuquén,2021-11-25
4058,Cliente04058,cliente04058@example.com,Chubut,2020-04-03
4059,Cliente04059,cliente04059@example.com,Santa Fe,2021-07-22
4060,Cliente04060,cliente04060@example.com,Córdoba,2020-12-05
4061,Cliente04061,cliente04061@example.com,CABA,2023-03-17
4062,Cliente04062,cliente04062@example.com,Salta,2023-02-23
4063,Cliente04063,cliente04063@example.com,Córdoba,2023-08-11
4064,Cliente04064,cliente04064@example.com,Chubut,2020-06-23
4065,Cliente04065,cliente04065@example.com,Mendoza,2023-06-21
4066,Cliente04066,cliente04066@example.com,Chubut,2023-03-27
4067,Cliente04067,cliente04067@example.com,CABA,2023-03-13
4068,Cliente04068,cliente04068@example.com,Chubut,2021-01-22
4069,Cliente04069,cliente04069@example.com,Santa Fe,2022-10-26
4070,Cliente04070,cliente04070@example.com,CABA,2020-09-03
4071,Cliente04071,cliente04071@example.com,Chubut,2021-01-03
4072,Cliente04072,cliente04072@example.com,CABA,2021-07-17
4073,Cliente04073,cliente04073@example.com,Mendoza,2021-05-17
4074,Cliente04074,cliente04074@example.com,San Luis,2022-06-28
4075,Cliente04075,cliente04075@example.com,Córdoba,2022-12-28
4076,Cliente04076,cliente04076@example.com,San Luis,2021-10-18
4077,Cliente04077,cliente04077@example.com,Neuquén,2023-04-21
4078,Cliente04078,cliente04078@example.com,CABA,2022-10-03
4079,Cliente04079,cliente04079@example.com,CABA,2021-11-27
4080,Cliente04080,cliente04080@example.com,Neuquén,2021-01-04
4081,Cliente04081,cliente04081@example.com,Neuquén,2020-02-19
4082,Cliente04082,cliente04082@example.com,Chubut,2021-10-11
4083,Cliente04083,cliente04083@example.com,Neuquén,2021-06-10
4084,Cliente04084,cliente04084@example.com,Córdoba,2020-08-22
4085,Cliente04085,cliente04085@example.com,Córdoba,2023-01-14
4086,Cliente04086,cliente04086@example.com,Rosario,2021-08-07
4087,Cliente04087,cliente04087@example.com,Rosario,2021-01-09
4088,Cliente04088,cliente04088@example.com,Salta,2020-07-02
4089,Cliente04089,cliente04089@example.com,Rosario,2021-09-20
4090,Cliente04090,cliente04090@example.com,Neuquén,2023-10-21
4091,Cliente04091,cliente04091@example.com,Rosario,2020-04-30
4092,Cliente04092,cliente04092@example.com,San Luis,2021-10-28
4093,Cliente04093,cliente04093@example.com,Rosario,2020-02-25
4094,Cliente04094,cliente04094@example.com,CABA,2021-09-02
4095,Cliente04095,cliente04095@example.com,Neuquén,2020-07-21
4096,Cliente04096,cliente04096@example.com,Tucumán,2020-10-18
4097,Cliente04097,cliente04097@example.com,Neuquén,2021-10-25
4098,Cliente04098,cliente04098@example.com,Salta,2022-02-08
4099,Cliente04099,cliente04099@example.com,Córdoba,2020-04-16
4100,Cliente04100,cliente04100@example.com,Mendoza,2021-05-05
4101,Cliente04101,cliente04101@example.com,San Luis,2023-04-15
4102,Cliente04102,cliente04102@example.com,Mendoza,2022-10-06
4103,Cliente04103,cliente04103@example.com,Chubut,2022-10-30
4104,Cliente04104,cliente04104@example.com,Neuquén,2020-08-23
4105,Cliente04105,cliente04105@example.com,Salta,2020-05-04
4106,Cliente04106,cliente04106@example.com,Tucumán,2022-08-09
4107,Cliente04107,cliente04107@example.com,Chubut,2022-04-13
4108,Cliente04108,cliente04108@example.com,Córdoba,2022-09-18
4109,Cliente04109,cliente04109@example.com,CABA,2022-04-14
4110,Cliente04110,cliente04110@example.com,Mendoza,2020-02-08
4111,Cliente04111,cliente04111@example.com,Salta,2023-02-08
4112,Cliente04112,cliente04112@example.com,San Luis,2023-10-14
4113,Cliente04113,cliente04113@example.com,Córdoba,2021-05-19
4114,Cliente04114,cliente04114@example.com,Chubut,2023-08-27
4115,Cliente04115,cliente04115@example.com,Rosario,2021-09-15
4116,Cliente04116,cliente04116@example.com,San Luis,2022-04-13
4117,Cliente04117,cliente04117@example.com,Santa Fe,2020-06-20
4118,Cliente04118,cliente04118@example.com,Chubut,2021-02-20
4119,Cliente04119,cliente04119@example.com,Rosario,2022-02-03
4120,Cliente04120,cliente04120@example.com,Chubut,2020-12-10
4121,Cliente04121,cliente04121@example.com,Mendoza,2023-01-05
4122,Cliente04122,cliente04122@example.com,Neuquén,2023-02-10
4123,Cliente04123,cliente04123@example.com,Santa Fe,2020-03-26
4124,Cliente04124,cliente04124@example.com,CABA,2022-08-09
4125,Cliente04125,cliente04125@example.com,San Luis,2021-08-15
4126,Cliente04126,cliente04126@example.com,Rosario,2020-01-02
4127,Cliente04127,cliente04127@example.com,CABA,2022-09-14
4128,Cliente04128,cliente04128@example.com,Salta,2023-05-09
4129,Cliente04129,cliente04129@example.com,Salta,2023-10-24
4130,Cliente04130,cliente04130@example.com,Neuquén,2021-12-20
4131,Cliente04131,cliente04131@example.com,Mendoza,2023-04-13
4132,Cliente04132,cliente04132@example.com,Chubut,2021-07-30
4133,Cliente04133,cliente04133@example.com,CABA,2020-11-26
4134,Cliente04134,cliente04134@example.com,Chubut,2023-02-27
4135,Cliente04135,cliente04135@example.com,Córdoba,2021-09-07
4136,Cliente04136,cliente04136@example.com,Córdoba,2022-03-20
4137,Cliente04137,cliente04137@example.com,Córdoba,2020-10-13
4138,Cliente04138,cliente04138@example.com,Chubut,2021-07-26
4139,Cliente04139,cliente04139@example.com,Neuquén,2021-03-07
4140,Cliente04140,cliente04140@example.com,San Luis,2022-10-30
4141,Cliente04141,cliente04141@example.com,Tucumán,2023-10-28
4142,Cliente04142,cliente04142@example.com,Tucumán,2023-07-24
4143,Cliente04143,cliente04143@example.com,Salta,2023-12-20
4144,Cliente04144,cliente04144@example.com,Santa Fe,2021-07-13
4145,Cliente04145,cliente04145@example.com,Mendoza,2023-09-18
4146,Cliente04146,cliente04146@example.com,Tucumán,2021-11-30
4147,Cliente04147,cliente04147@example.com,Mendoza,2022-07-30
4148,Cliente04148,cliente04148@example.com,San Luis,2021-11-03
4149,Cliente04149,cliente04149@example.com,CABA,2023-11-17
4150,Cliente04150,cliente04150@example.com,Rosario,2023-08-16
4151,Cliente04151,cliente04151@example.com,CABA,2023-05-31
4152,Cliente04152,cliente04152@example.com,Santa Fe,2020-01-09
4153,Cliente04153,cliente04153@example.com,CABA,2023-10-09
4154,Cliente04154,cliente04154@example.com,Rosario,2022-04-26
4155,Cliente04155,cliente04155@example.com,Chubut,2023-11-27
4156,Cliente04156,cliente04156@example.com,Santa Fe,2022-03-15
4157,Cliente04157,cliente04157@example.com,Chubut,2020-06-15
4158,Cliente04158,cliente04158@example.com,Córdoba,2023-01-08
4159,Cliente04159,cliente04159@example.com,CABA,2023-10-07
4160,Cliente04160,cliente04160@example.com,Santa Fe,2023-10-08
4161,Cliente04161,cliente04161@example.com,Córdoba,2021-12-23
4162,Cliente04162,cliente04162@example.com,Neuquén,2023-05-16
4163,Cliente04163,cliente04163@example.com,Tucumán,2022-03-03
4164,Cliente04164,cliente04164@example.com,Rosario,2023-11-28
4165,Cliente04165,cliente04165@example.com,CABA,2020-09-12
4166,Cliente04166,cliente04166@example.com,Santa Fe,2022-01-28
4167,Cliente04167,cliente04167@example.com,Mendoza,2022-06-29
4168,Cliente04168,cliente04168@example.com,CABA,2021-03-29
4169,Cliente04169,cliente04169@example.com,CABA,2021-07-29
4170,Cliente04170,cliente04170@example.com,Tucumán,2021-01-27
4171,Cliente04171,cliente04171@example.com,Córdoba,2023-06-10
4172,Cliente04172,cliente04172@example.com,Salta,2021-03-28
4173,Cliente04173,cliente04173@example.com,Mendoza,2022-10-08
4174,Cliente04174,cliente04174@example.com,Tucumán,2020-03-16
4175,Cliente04175,cliente04175@example.com,Salta,2022-10-06
4176,Cliente04176,cliente04176@example.com,San Luis,2021-03-04
4177,Cliente04177,cliente04177@example.com,CABA,2021-02-05
4178,Cliente04178,cliente04178@example.com,Neuquén,2020-08-15
4179,Cliente04179,cliente04179@example.com,Salta,2023-03-11
4180,Cliente04180,cliente04180@example.com,Chubut,2022-10-08
4181,Cliente04181,cliente04181@example.com,Rosario,2023-02-04
4182,Cliente04182,cliente04182@example.com,Mendoza,2023-09-13
4183,Cliente04183,cliente04183@example.com,San Luis,2023-10-08
4184,Cliente04184,cliente04184@example.com,San Luis,2023-03-03
4185,Cliente04185,cliente04185@example.com,Rosario,2020-05-13
4186,Cliente04186,cliente04186@example.com,San Luis,2020-09-19
4187,Cliente04187,cliente04187@example.com,Córdoba,2020-09-17
4188,Cliente04188,cliente04188@example.com,Salta,2023-03-13
4189,Cliente04189,cliente04189@example.com,Mendoza,2022-12-07
4190,Cliente04190,cliente04190@example.com,Salta,2021-01-27
4191,Cliente04191,cliente04191@example.com,CABA,2023-11-20
4192,Cliente04192,cliente04192@example.com,Chubut,2023-06-12
4193,Cliente04193,cliente04193@example.com,Salta,2023-10-26
4194,Cliente04194,cliente04194@example.com,Chubut,2022-07-18
4195,Cliente04195,cliente04195@example.com,CABA,2022-05-24
4196,Cliente04196,cliente04196@example.com,CABA,2021-10-23
4197,Cliente04197,cliente04197@example.com,Neuquén,2022-04-13
4198,Cliente04198,cliente04198@example.com,Salta,2020-09-06
4199,Cliente04199,cliente04199@example.com,Chubut,2022-08-13
4200,Cliente04200,cliente04200@example.com,Santa Fe,2022-01-10
4201,Cliente04201,cliente04201@example.com,Chubut,2020-03-30
4202,Cliente04202,cliente04202@example.com,Mendoza,2020-04-06
4203,Cliente04203,cliente04203@example.com,Salta,2022-05-10
4204,Cliente04204,cliente04204@example.com,Chubut,2022-07-08
4205,Cliente04205,cliente04205@example.com,Tucumán,2020-01-11
4206,Cliente04206,cliente04206@example.com,Neuquén,2021-02-02
4207,Cliente04207,cliente04207@example.com,Tucumán,2020-06-16
4208,Cliente04208,cliente04208@example.com,San Luis,2020-02-21
4209,Cliente04209,cliente04209@example.com,Mendoza,2023-11-13
4210,Cliente04210,cliente04210@example.com,Neuquén,2020-06-01
4211,Cliente04211,cliente04211@example.com,Mendoza,2021-02-07
4212,Cliente04212,cliente04212@example.com,Rosario,2021-11-05
4213,Cliente04213,cliente04213@example.com,Salta,2020-05-08
4214,Cliente04214,cliente04214@example.com,Córdoba,2020-02-27
4215,Cliente04215,cliente04215@example.com,Santa Fe,2022-06-03
4216,Cliente04216,cliente04216@example.com,CABA,2023-04-28
4217,Cliente04217,cliente04217@example.com,Tucumán,2021-05-27
4218,Cliente04218,cliente04218@example.com,Mendoza,2020-08-08
4219,Cliente04219,cliente04219@example.com,Santa Fe,2021-05-03
4220,Cliente04220,cliente04220@example.com,Tucumán,2020-04-21
4221,Cliente04221,cliente04221@example.com,Tucumán,2022-11-30
4222,Cliente04222,cliente04222@example.com,Mendoza,2020-05-29
4223,Cliente04223,cliente04223@example.com,San Luis,2023-06-22
4224,Cliente04224,cliente04224@example.com,Santa Fe,2020-07-14
4225,Cliente04225,cliente04225@example.com,Santa Fe,2023-03-31
4226,Cliente04226,cliente04226@example.com,Córdoba,2020-06-24
4227,Cliente04227,cliente04227@example.com,CABA,2020-03-09
4228,Cliente04228,cliente04228@example.com,Neuquén,2021-10-03
4229,Cliente04229,cliente04229@example.com,Córdoba,2020-09-18
4230,Cliente04230,cliente04230@example.com,CABA,2022-06-24
4231,Cliente04231,cliente04231@example.com,CABA,2021-09-09
4232,Cliente04232,cliente04232@example.com,San Luis,2023-07-06
4233,Cliente04233,cliente04233@example.com,Neuquén,2020-05-14
4234,Cliente04234,cliente04234@example.com,Córdoba,2023-10-19
4235,Cliente04235,cliente04235@example.com,CABA,2023-02-19
4236,Cliente04236,cliente04236@example.com,CABA,2021-08-26
4237,Cliente04237,cliente04237@example.com,Neuquén,2022-04-02
4238,Cliente04238,cliente04238@example.com,Córdoba,2023-06-18
4239,Cliente04239,cliente04239@example.com,Neuquén,2021-04-22
4240,Cliente04240,cliente04240@example.com,San Luis,2023-09-13
4241,Cliente04241,cliente04241@example.com,San Luis,2020-01-22
4242,Cliente04242,cliente04242@example.com,Santa Fe,2022-02-25
4243,Cliente04243,cliente04243@example.com,Santa Fe,2022-05-26
4244,Cliente04244,cliente04244@example.com,San Luis,2023-06-22
4245,Cliente04245,cliente04245@example.com,Córdoba,2021-11-26
4246,Cliente04246,cliente04246@example.com,CABA,2022-07-18
4247,Cliente04247,cliente04247@example.com,Chubut,2021-11-03
4248,Cliente04248,cliente04248@example.com,San Luis,2021-01-29
4249,Cliente04249,cliente04249@example.com,Córdoba,2020-07-29
4250,Cliente04250,cliente04250@example.com,CABA,2023-05-03
4251,Cliente04251,cliente04251@example.com,Córdoba,2023-04-29
4252,Cliente04252,cliente04252@example.com,Mendoza,2023-03-19
4253,Cliente04253,cliente04253@example.com,Rosario,2023-07-29
4254,Cliente04254,cliente04254@example.com,Chubut,2021-06-08
4255,Cliente04255,cliente04255@example.com,Tucumán,2022-05-12
4256,Cliente04256,cliente04256@example.com,Santa Fe,2023-06-25
4257,Cliente04257,cliente04257@example.com,Santa Fe,2021-01-15
4258,Cliente04258,cliente04258@example.com,Mendoza,2020-10-08
4259,Cliente04259,cliente04259@example.com,CABA,2020-05-03
4260,Cliente04260,cliente04260@example.com,Rosario,2021-09-30
4261,Cliente04261,cliente04261@example.com,San Luis,2022-06-11
4262,Cliente04262,cliente04262@example.com,Chubut,2023-08-27
4263,Cliente04263,cliente04263@example.com,Tucumán,2021-09-29
4264,Cliente04264,cliente04264@example.com,San Luis,2023-01-13
4265,Cliente04265,cliente04265@example.com,Rosario,2020-10-28
4266,Cliente04266,cliente04266@example.com,Santa Fe,2021-09-24
4267,Cliente04267,cliente04267@example.com,San Luis,2021-12-03
4268,Cliente04268,cliente04268@example.com,Salta,2022-01-25
4269,Cliente04269,cliente04269@example.com,CABA,2022-11-26
4270,Cliente04270,cliente04270@example.com,San Luis,2023-09-08
4271,Cliente04271,cliente04271@example.com,Rosario,2020-04-27
4272,Cliente04272,cliente04272@example.com,Mendoza,2022-11-04
4273,Cliente04273,cliente04273@example.com,Chubut,2020-04-21
4274,Cliente04274,cliente04274@example.com,Neuquén,2021-12-05
4275,Cliente04275,cliente04275@example.com,Mendoza,2021-02-14
4276,Cliente04276,cliente04276@example.com,Mendoza,2020-05-20
4277,Cliente04277,cliente04277@example.com,Tucumán,2021-01-22
4278,Cliente04278,cliente04278@example.com,Santa Fe,2023-11-23
4279,Cliente04279,cliente04279@example.com,Santa Fe,2023-05-13
4280,Cliente04280,cliente04280@example.com,Tucumán,2023-03-30
4281,Cliente04281,cliente04281@example.com,San Luis,2021-11-18
4282,Cliente04282,cliente04282@example.com,San Luis,2021-09-05
4283,Cliente04283,cliente04283@example.com,Neuquén,2021-11-04
4284,Cliente04284,cliente04284@example.com,Rosario,2020-08-02
4285,Cliente04285,cliente04285@example.com,Santa Fe,2020-03-27
4286,Cliente04286,cliente04286@example.com,Santa Fe,2021-03-25
4287,Cliente04287,cliente04287@example.com,CABA,2023-08-01
4288,Cliente04288,cliente04288@example.com,Mendoza,2023-11-20
4289,Cliente04289,cliente04289@example.com,Mendoza,2022-08-13
4290,Cliente04290,cliente04290@example.com,San Luis,2021-03-12
4291,Cliente04291,cliente04291@example.com,Mendoza,2022-09-11
4292,Cliente04292,cliente04292@example.com,Tucumán,2022-02-08
4293,Cliente04293,cliente04293@example.com,Mendoza,2022-03-30
4294,Cliente04294,cliente04294@example.com,Rosario,2020-01-14
4295,Cliente04295,cliente04295@example.com,Tucumán,2020-01-21
4296,Cliente04296,cliente04296@example.com,Córdoba,2022-01-02
4297,Cliente04297,cliente04297@example.com,CABA,2023-02-10
4298,Cliente04298,cliente04298@example.com,Córdoba,2020-10-18
4299,Cliente04299,cliente04299@example.com,Salta,2022-06-20
4300,Cliente04300,cliente04300@example.com,Mendoza,2023-07-16
4301,Cliente04301,cliente04301@example.com,San Luis,2022-01-07
4302,Cliente04302,cliente04302@example.com,CABA,2020-03-01
4303,Cliente04303,cliente04303@example.com,Mendoza,2021-02-09
4304,Cliente04304,cliente04304@example.com,Salta,2020-12-22
4305,Cliente04305,cliente04305@example.com,Mendoza,2021-06-20
4306,Cliente04306,cliente04306@example.com,Rosario,2021-11-26
4307,Cliente04307,cliente04307@example.com,Chubut,2021-05-18
4308,Cliente04308,cliente04308@example.com,Rosario,2021-02-05
4309,Cliente04309,cliente04309@example.com,CABA,2020-12-26
4310,Cliente04310,cliente04310@example.com,Salta,2020-07-26
4311,Cliente04311,cliente04311@example.com,CABA,2023-10-19
4312,Cliente04312,cliente04312@example.com,Rosario,2022-02-15
4313,Cliente04313,cliente04313@example.com,Córdoba,2021-11-24
4314,Cliente04314,cliente04314@example.com,Mendoza,2021-09-16
4315,Cliente04315,cliente04315@example.com,Santa Fe,2021-05-06
4316,Cliente04316,cliente04316@example.com,Tucumán,2022-02-01
4317,Cliente04317,cliente04317@example.com,Rosario,2022-12-15
4318,Cliente04318,cliente04318@example.com,San Luis,2022-06-07
4319,Cliente04319,cliente04319@example.com,Córdoba,2020-08-30
4320,Cliente04320,cliente04320@example.com,Rosario,2020-09-24
4321,Cliente04321,cliente04321@example.com,Mendoza,2021-01-27
4322,Cliente04322,cliente04322@example.com,Chubut,2022-02-13
4323,Cliente04323,cliente04323@example.com,Tucumán,2021-10-13
4324,Cliente04324,cliente04324@example.com,San Luis,2022-05-29
4325,Cliente04325,cliente04325@example.com,Mendoza,2020-04-04
4326,Cliente04326,cliente04326@example.com,San Luis,2023-04-17
4327,Cliente04327,cliente04327@example.com,Mendoza,2023-01-01
4328,Cliente04328,cliente04328@example.com,Salta,2020-10-31
4329,Cliente04329,cliente04329@example.com,Tucumán,2021-05-21
4330,Cliente04330,cliente04330@example.com,CABA,2023-07-13
4331,Cliente04331,cliente04331@example.com,Salta,2020-09-15
4332,Cliente04332,cliente04332@example.com,Chubut,2023-04-11
4333,Cliente04333,cliente04333@example.com,Santa Fe,2021-03-04
4334,Cliente04334,cliente04334@example.com,Córdoba,2022-08-21
4335,Cliente04335,cliente04335@example.com,San Luis,2020-05-12
4336,Cliente04336,cliente04336@example.com,Rosario,2022-11-07
4337,Cliente04337,cliente04337@example.com,Neuquén,2023-08-14
4338,Cliente04338,cliente04338@example.com,Chubut,2022-02-05
4339,Cliente04339,cliente04339@example.com,Santa Fe,2022-11-28
4340,Cliente04340,cliente04340@example.com,Santa Fe,2021-01-01
4341,Cliente04341,cliente04341@example.com,Tucumán,2023-12-30
4342,Cliente04342,cliente04342@example.com,Tucumán,2022-12-12
4343,Cliente04343,cliente04343@example.com,Santa Fe,2022-10-10
4344,Cliente04344,cliente04344@example.com,Santa Fe,2021-07-03
4345,Cliente04345,cliente04345@example.com,San Luis,2022-04-01
4346,Cliente04346,cliente04346@example.com,San Luis,2023-08-23
4347,Cliente04347,cliente04347@example.com,CABA,2021-02-28
4348,Cliente04348,cliente04348@example.com,Mendoza,2021-02-19
4349,Cliente04349,cliente04349@example.com,Santa Fe,2021-04-25
4350,Cliente04350,cliente04350@example.com,Neuquén,2021-03-23
4351,Cliente04351,cliente04351@example.com,Salta,2022-05-20
4352,Cliente04352,cliente04352@example.com,Neuquén,2023-03-16
4353,Cliente04353,cliente04353@example.com,Rosario,2022-02-05
4354,Cliente04354,cliente04354@example.com,Salta,2023-02-01
4355,Cliente04355,cliente04355@example.com,Córdoba,2020-10-02
4356,Cliente04356,cliente04356@example.com,Córdoba,2021-08-27
4357,Cliente04357,cliente04357@example.com,Santa Fe,2022-11-28
4358,Cliente04358,cliente04358@example.com,Tucumán,2021-04-16
4359,Cliente04359,cliente04359@example.com,San Luis,2020-03-25
4360,Cliente04360,cliente04360@example.com,Santa Fe,2022-11-15
4361,Cliente04361,cliente04361@example.com,San Luis,2021-11-19
4362,Cliente04362,cliente04362@example.com,Neuquén,2022-07-12
4363,Cliente04363,cliente04363@example.com,Santa Fe,2022-06-04
4364,Cliente04364,cliente04364@example.com,Neuquén,2022-01-22
4365,Cliente04365,cliente04365@example.com,Santa Fe,2021-10-11
4366,Cliente04366,cliente04366@example.com,Salta,2022-02-22
4367,Cliente04367,cliente04367@example.com,CABA,2021-01-02
4368,Cliente04368,cliente04368@example.com,Santa Fe,2021-04-23
4369,Cliente04369,cliente04369@example.com,Salta,2023-08-14
4370,Cliente04370,cliente04370@example.com,Córdoba,2022-01-05
4371,Cliente04371,cliente04371@example.com,Córdoba,2021-08-26
4372,Cliente04372,cliente04372@example.com,Chubut,2022-11-16
4373,Cliente04373,cliente04373@example.com,Chubut,2023-08-11
4374,Cliente04374,cliente04374@example.com,Córdoba,2021-07-20
4375,Cliente04375,cliente04375@example.com,Mendoza,2020-07-20
4376,Cliente04376,cliente04376@example.com,Córdoba,2020-05-26
4377,Cliente04377,cliente04377@example.com,Tucumán,2020-03-19
4378,Cliente04378,cliente04378@example.com,Chubut,2021-02-14
4379,Cliente04379,cliente04379@example.com,Tucumán,2021-02-06
4380,Cliente04380,cliente04380@example.com,Tucumán,2021-05-27
4381,Cliente04381,cliente04381@example.com,Salta,2023-10-31
4382,Cliente04382,cliente04382@example.com,Salta,2021-01-25
4383,Cliente04383,cliente04383@example.com,San Luis,2020-10-09
4384,Cliente04384,cliente04384@example.com,Chubut,2021-06-18
4385,Cliente04385,cliente04385@example.com,CABA,2021-09-05
4386,Cliente04386,cliente04386@example.com,Salta,2021-12-10
4387,Cliente04387,cliente04387@example.com,Neuquén,2022-04-10
4388,Cliente04388,cliente04388@example.com,San Luis,2023-09-04
4389,Cliente04389,cliente04389@example.com,CABA,2022-08-24
4390,Cliente04390,cliente04390@example.com,Chubut,2020-11-01
4391,Cliente04391,cliente04391@example.com,Neuquén,2021-04-11
4392,Cliente04392,cliente04392@example.com,Mendoza,2021-03-05
4393,Cliente04393,cliente04393@example.com,Santa Fe,2021-04-23
4394,Cliente04394,cliente04394@example.com,Chubut,2023-04-17
4395,Cliente04395,cliente04395@example.com,Chubut,2022-08-17
4396,Cliente04396,cliente04396@example.com,Santa Fe,2021-11-28
4397,Cliente04397,cliente04397@example.com,Córdoba,2021-10-03
4398,Cliente04398,cliente04398@example.com,Mendoza,2022-05-28
4399,Cliente04399,cliente04399@example.com,Neuquén,2021-03-05
4400,Cliente04400,cliente04400@example.com,Santa Fe,2022-07-10
4401,Cliente04401,cliente04401@example.com,Chubut,2020-03-02
4402,Cliente04402,cliente04402@example.com,Tucumán,2020-10-11
4403,Cliente04403,cliente04403@example.com,San Luis,2020-09-19
4404,Cliente04404,cliente04404@example.com,Salta,2020-01-20
4405,Cliente04405,cliente04405@example.com,Santa Fe,2023-09-11
4406,Cliente04406,cliente04406@example.com,Tucumán,2021-11-26
4407,Cliente04407,cliente04407@example.com,Mendoza,2022-05-08
4408,Cliente04408,cliente04408@example.com,Neuquén,2023-11-05
4409,Cliente04409,cliente04409@example.com,Neuquén,2023-11-15
4410,Cliente04410,cliente04410@example.com,Chubut,2021-09-05
4411,Cliente04411,cliente04411@example.com,Tucumán,2023-04-17
4412,Cliente04412,cliente04412@example.com,CABA,2023-03-08
4413,Cliente04413,cliente04413@example.com,CABA,2020-10-11
4414,Cliente04414,cliente04414@example.com,Rosario,2021-11-07
4415,Cliente04415,cliente04415@example.com,San Luis,2023-07-13
4416,Cliente04416,cliente04416@example.com,San Luis,2023-05-29
4417,Cliente04417,cliente04417@example.com,San Luis,2022-03-11
4418,Cliente04418,cliente04418@example.com,Neuquén,2021-02-22
4419,Cliente04419,cliente04419@example.com,Neuquén,2020-05-10
4420,Cliente04420,cliente04420@example.com,Chubut,2022-03-02
4421,Cliente04421,cliente04421@example.com,Mendoza,2022-08-30
4422,Cliente04422,cliente04422@example.com,Córdoba,2021-11-04
4423,Cliente04423,cliente04423@example.com,San Luis,2022-07-13
4424,Cliente04424,cliente04424@example.com,Salta,2020-07-09
4425,Cliente04425,cliente04425@example.com,Rosario,2020-08-01
4426,Cliente04426,cliente04426@example.com,Chubut,2020-12-29
4427,Cliente04427,cliente04427@example.com,CABA,2023-11-12
4428,Cliente04428,cliente04428@example.com,San Luis,2022-09-27
4429,Cliente04429,cliente04429@example.com,CABA,2021-01-17
4430,Cliente04430,cliente04430@example.com,Mendoza,2020-05-22
4431,Cliente04431,cliente04431@example.com,Neuquén,2021-08-04
4432,Cliente04432,cliente04432@example.com,Mendoza,2021-04-22
4433,Cliente04433,cliente04433@example.com,Salta,2023-09-12
4434,Cliente04434,cliente04434@example.com,Chubut,2020-05-23
4435,Cliente04435,cliente04435@example.com,Santa Fe,2020-04-27
4436,Cliente04436,cliente04436@example.com,Tucumán,2022-11-27
4437,Cliente04437,cliente04437@example.com,CABA,2020-12-17
4438,Cliente04438,cliente04438@example.com,Tucumán,2022-04-21
4439,Cliente04439,cliente04439@example.com,Neuquén,2020-11-17
4440,Cliente04440,cliente04440@example.com,Córdoba,2020-09-21
4441,Cliente04441,cliente04441@example.com,Chubut,2022-05-06
4442,Cliente04442,cliente04442@example.com,Santa Fe,2020-05-20
4443,Cliente04443,cliente04443@example.com,Neuquén,2021-02-26
4444,Cliente04444,cliente04444@example.com,Rosario,2021-02-25
4445,Cliente04445,cliente04445@example.com,Salta,2022-06-04
4446,Cliente04446,cliente04446@example.com,Santa Fe,2020-11-21
4447,Cliente04447,cliente04447@example.com,San Luis,2023-03-23
4448,Cliente04448,cliente04448@example.com,Salta,2023-04-18
4449,Cliente04449,cliente04449@example.com,Mendoza,2022-10-26
4450,Cliente04450,cliente04450@example.com,Santa Fe,2021-07-18
4451,Cliente04451,cliente04451@example.com,Mendoza,2020-01-16
4452,Cliente04452,cliente04452@example.com,Rosario,2022-07-01
4453,Cliente04453,cliente04453@example.com,Córdoba,2022-03-28
4454,Cliente04454,cliente04454@example.com,San Luis,2021-05-20
4455,Cliente04455,cliente04455@example.com,Chubut,2021-11-04
4456,Cliente04456,cliente04456@example.com,San Luis,2022-10-02
4457,Cliente04457,cliente04457@example.com,Santa Fe,2022-08-05
4458,Cliente04458,cliente04458@example.com,San Luis,2020-03-21
4459,Cliente04459,cliente04459@example.com,Córdoba,2021-08-12
4460,Cliente04460,cliente04460@example.com,Santa Fe,2021-12-11
4461,Cliente04461,cliente04461@example.com,Salta,2022-03-11
4462,Cliente04462,cliente04462@example.com,San Luis,2020-12-24
4463,Cliente04463,cliente04463@example.com,Neuquén,2021-05-25
4464,Cliente04464,cliente04464@example.com,Rosario,2023-06-19
4465,Cliente04465,cliente04465@example.com,Neuquén,2022-07-26
4466,Cliente04466,cliente04466@example.com,Neuquén,2023-09-11
4467,Cliente04467,cliente04467@example.com,Rosario,2023-12-01
4468,Cliente04468,cliente04468@example.com,San Luis,2020-07-14
4469,Cliente04469,cliente04469@example.com,Neuquén,2023-12-01
4470,Cliente04470,cliente04470@example.com,CABA,2021-05-05
4471,Cliente04471,cliente04471@example.com,Rosario,2021-07-14
4472,Cliente04472,cliente04472@example.com,Chubut,2021-08-20
4473,Cliente04473,cliente04473@example.com,Córdoba,2023-11-30
4474,Cliente04474,cliente04474@example.com,Mendoza,2022-10-07
4475,Cliente04475,cliente04475@example.com,Neuquén,2023-02-06
4476,Cliente04476,cliente04476@example.com,Córdoba,2022-01-25
4477,Cliente04477,cliente04477@example.com,Córdoba,2020-08-03
4478,Cliente04478,cliente04478@example.com,Chubut,2021-10-29
4479,Cliente04479,cliente04479@example.com,Neuquén,2022-07-12
4480,Cliente04480,cliente04480@example.com,Rosario,2021-06-01
4481,Cliente04481,cliente04481@example.com,Mendoza,2022-11-02
4482,Cliente04482,cliente04482@example.com,CABA,2022-08-04
4483,Cliente04483,cliente04483@example.com,CABA,2020-05-29
4484,Cliente04484,cliente04484@example.com,Santa Fe,2022-02-19
4485,Cliente04485,cliente04485@example.com,Tucumán,2022-03-28
4486,Cliente04486,cliente04486@example.com,Mendoza,2022-03-23
4487,Cliente04487,cliente04487@example.com,CABA,2020-01-22
4488,Cliente04488,cliente04488@example.com,Salta,2020-08-22
4489,Cliente04489,cliente04489@example.com,Rosario,2021-10-31
4490,Cliente04490,cliente04490@example.com,Santa Fe,2022-09-19
4491,Cliente04491,cliente04491@example.com,Santa Fe,2020-05-19
4492,Cliente04492,cliente04492@example.com,Córdoba,2023-01-28
4493,Cliente04493,cliente04493@example.com,Mendoza,2022-06-15
4494,Cliente04494,cliente04494@example.com,Rosario,2022-08-22
4495,Cliente04495,cliente04495@example.com,Salta,2020-11-26
4496,Cliente04496,cliente04496@example.com,Rosario,2020-02-06
4497,Cliente04497,cliente04497@example.com,San Luis,2020-07-24
4498,Cliente04498,cliente04498@example.com,Rosario,2021-08-25
4499,Cliente04499,cliente04499@example.com,Córdoba,2022-12-30
4500,Cliente04500,cliente04500@example.com,Neuquén,2020-12-10
4501,Cliente04501,cliente04501@example.com,Córdoba,2023-10-07
4502,Cliente04502,cliente04502@example.com,CABA,2023-10-19
4503,Cliente04503,cliente04503@example.com,Salta,2020-11-10
4504,Cliente04504,cliente04504@example.com,Santa Fe,2022-01-03
4505,Cliente04505,cliente04505@example.com,Rosario,2021-03-19
4506,Cliente04506,cliente04506@example.com,CABA,2023-10-14
4507,Cliente04507,cliente04507@example.com,Chubut,2021-03-18
4508,Cliente04508,cliente04508@example.com,Santa Fe,2023-11-27
4509,Cliente04509,cliente04509@example.com,CABA,2023-07-24
4510,Cliente04510,cliente04510@example.com,Chubut,2023-08-05
4511,Cliente04511,cliente04511@example.com,Córdoba,2022-03-10
4512,Cliente04512,cliente04512@example.com,Salta,2022-06-28
4513,Cliente04513,cliente04513@example.com,CABA,2023-05-10
4514,Cliente04514,cliente04514@example.com,CABA,2020-04-09
4515,Cliente04515,cliente04515@example.com,Neuquén,2021-02-17
4516,Cliente04516,cliente04516@example.com,Mendoza,2022-02-06
4517,Cliente04517,cliente04517@example.com,Mendoza,2021-02-13
4518,Cliente04518,cliente04518@example.com,Córdoba,2020-02-02
4519,Cliente04519,cliente04519@example.com,Neuquén,2020-02-27
4520,Cliente04520,cliente04520@example.com,CABA,2021-11-21
4521,Cliente04521,cliente04521@example.com,Mendoza,2023-10-24
4522,Cliente04522,cliente04522@example.com,Córdoba,2021-03-27
4523,Cliente04523,cliente04523@example.com,Córdoba,2023-09-22
4524,Cliente04524,cliente04524@example.com,Rosario,2020-12-08
4525,Cliente04525,cliente04525@example.com,CABA,2022-05-01
4526,Cliente04526,cliente04526@example.com,Chubut,2020-08-08
4527,Cliente04527,cliente04527@example.com,Tucumán,2021-10-22
4528,Cliente04528,cliente04528@example.com,Chubut,2023-07-07
4529,Cliente04529,cliente04529@example.com,Mendoza,2023-07-03
4530,Cliente04530,cliente04530@example.com,Mendoza,2023-01-14
4531,Cliente04531,cliente04531@example.com,Neuquén,2022-05-26
4532,Cliente04532,cliente04532@example.com,Córdoba,2021-04-20
4533,Cliente04533,cliente04533@example.com,Mendoza,2020-08-04
4534,Cliente04534,cliente04534@example.com,Tucumán,2021-10-24
4535,Cliente04535,cliente04535@example.com,Rosario,2020-01-31
4536,Cliente04536,cliente04536@example.com,Neuquén,2023-09-01
4537,Cliente04537,cliente04537@example.com,Tucumán,2020-01-25
4538,Cliente04538,cliente04538@example.com,Neuquén,2021-03-11
4539,Cliente04539,cliente04539@example.com,Santa Fe,2021-03-26
4540,Cliente04540,cliente04540@example.com,Córdoba,2023-09-09
4541,Cliente04541,cliente04541@example.com,Salta,2023-08-24
4542,Cliente04542,cliente04542@example.com,San Luis,2022-01-25
4543,Cliente04543,cliente04543@example.com,CABA,2020-05-17
4544,Cliente04544,cliente04544@example.com,Mendoza,2022-04-21
4545,Cliente04545,cliente04545@example.com,Salta,2023-05-11
4546,Cliente04546,cliente04546@example.com,Santa Fe,2020-07-27
4547,Cliente04547,cliente04547@example.com,Chubut,2023-03-11
4548,Cliente04548,cliente04548@example.com,Rosario,2021-05-30
4549,Cliente04549,cliente04549@example.com,Córdoba,2023-05-13
4550,Cliente04550,cliente04550@example.com,Tucumán,2023-07-16
4551,Cliente04551,cliente04551@example.com,Neuquén,2023-10-20
4552,Cliente04552,cliente04552@example.com,Rosario,2021-11-11
4553,Cliente04553,cliente04553@example.com,Rosario,2023-07-25
4554,Cliente04554,cliente04554@example.com,Tucumán,2023-09-26
4555,Cliente04555,cliente04555@example.com,Santa Fe,2020-05-18
4556,Cliente04556,cliente04556@example.com,Tucumán,2020-02-06
4557,Cliente04557,cliente04557@example.com,San Luis,2023-04-13
4558,Cliente04558,cliente04558@example.com,Santa Fe,2022-02-22
4559,Cliente04559,cliente04559@example.com,Chubut,2023-08-04
4560,Cliente04560,cliente04560@example.com,Mendoza,2022-10-28
4561,Cliente04561,cliente04561@example.com,San Luis,2023-12-14
4562,Cliente04562,cliente04562@example.com,CABA,2021-04-21
4563,Cliente04563,cliente04563@example.com,CABA,2023-06-16
4564,Cliente04564,cliente04564@example.com,Córdoba,2021-09-24
4565,Cliente04565,cliente04565@example.com,Mendoza,2022-05-27
4566,Cliente04566,cliente04566@example.com,Mendoza,2023-06-23
4567,Cliente04567,cliente04567@example.com,Córdoba,2020-05-02
4568,Cliente04568,cliente04568@example.com,Rosario,2022-02-06
4569,Cliente04569,cliente04569@example.com,Santa Fe,2021-08-30
4570,Cliente04570,cliente04570@example.com,Mendoza,2020-11-06
4571,Cliente04571,cliente04571@example.com,Neuquén,2021-02-22
4572,Cliente04572,cliente04572@example.com,CABA,2021-05-02
4573,Cliente04573,cliente04573@example.com,San Luis,2022-06-27
4574,Cliente04574,cliente04574@example.com,Tucumán,2020-10-01
4575,Cliente04575,cliente04575@example.com,Salta,2021-10-12
4576,Cliente04576,cliente04576@example.com,CABA,2022-12-02
4577,Cliente04577,cliente04577@example.com,Neuquén,2023-08-20
4578,Cliente04578,cliente04578@example.com,Salta,2020-02-18
4579,Cliente04579,cliente04579@example.com,Mendoza,2021-11-09
4580,Cliente04580,cliente04580@example.com,Tucumán,2021-05-11
4581,Cliente04581,cliente04581@example.com,Mendoza,2023-01-09
4582,Cliente04582,cliente04582@example.com,CABA,2023-09-23
4583,Cliente04583,cliente04583@example.com,Mendoza,2023-11-08
4584,Cliente04584,cliente04584@example.com,Mendoza,2023-05-30
4585,Cliente04585,cliente04585@example.com,Neuquén,2022-12-03
4586,Cliente04586,cliente04586@example.com,Tucumán,2021-01-10
4587,Cliente04587,cliente04587@example.com,Santa Fe,2023-07-13
4588,Cliente04588,cliente04588@example.com,CABA,2020-05-12
4589,Cliente04589,cliente04589@example.com,Santa Fe,2020-05-23
4590,Cliente04590,cliente04590@example.com,Mendoza,2020-04-16
4591,Cliente04591,cliente04591@example.com,Rosario,2021-02-22
4592,Cliente04592,cliente04592@example.com,Rosario,2020-07-06
4593,Cliente04593,cliente04593@example.com,Rosario,2023-04-28
4594,Cliente04594,cliente04594@example.com,Chubut,2021-02-22
4595,Cliente04595,cliente04595@example.com,Mendoza,2022-11-05
4596,Cliente04596,cliente04596@example.com,Córdoba,2022-05-22
4597,Cliente04597,cliente04597@example.com,Santa Fe,2021-09-29
4598,Cliente04598,cliente04598@example.com,Rosario,2021-02-08
4599,Cliente04599,cliente04599@example.com,Mendoza,2022-05-18
4600,Cliente04600,cliente04600@example.com,Rosario,2023-05-25
4601,Cliente04601,cliente04601@example.com,Mendoza,2021-09-12
4602,Cliente04602,cliente04602@example.com,Salta,2023-03-26
4603,Cliente04603,cliente04603@example.com,Santa Fe,2023-07-25
4604,Cliente04604,cliente04604@example.com,Mendoza,2021-07-10
4605,Cliente04605,cliente04605@example.com,Santa Fe,2020-06-12
4606,Cliente04606,cliente04606@example.com,Tucumán,2022-03-26
4607,Cliente04607,cliente04607@example.com,Neuquén,2020-12-09
4608,Cliente04608,cliente04608@example.com,Santa Fe,2022-06-22
4609,Cliente04609,cliente04609@example.com,Neuquén,2022-10-31
4610,Cliente04610,cliente04610@example.com,San Luis,2022-06-06
4611,Cliente04611,cliente04611@example.com,Rosario,2022-09-14
4612,Cliente04612,cliente04612@example.com,CABA,2022-02-20
4613,Cliente04613,cliente04613@example.com,Neuquén,2020-06-19
4614,Cliente04614,cliente04614@example.com,Salta,2023-05-03
4615,Cliente04615,cliente04615@example.com,Chubut,2020-11-08
4616,Cliente04616,cliente04616@example.com,Chubut,2020-12-25
4617,Cliente04617,cliente04617@example.com,Salta,2022-02-18
4618,Cliente04618,cliente04618@example.com,Santa Fe,2021-09-18
4619,Cliente04619,cliente04619@example.com,Santa Fe,2021-08-03
4620,Cliente04620,cliente04620@example.com,Neuquén,2023-02-25
4621,Cliente04621,cliente04621@example.com,San Luis,2022-09-11
4622,Cliente04622,cliente04622@example.com,Córdoba,2021-11-13
4623,Cliente04623,cliente04623@example.com,Rosario,2022-08-19
4624,Cliente04624,cliente04624@example.com,Mendoza,2020-11-12
4625,Cliente04625,cliente04625@example.com,Mendoza,2020-01-09
4626,Cliente04626,cliente04626@example.com,CABA,2022-10-22
4627,Cliente04627,cliente04627@example.com,Tucumán,2022-10-03
4628,Cliente04628,cliente04628@example.com,Neuquén,2022-05-01
4629,Cliente04629,cliente04629@example.com,Neuquén,2022-02-03
4630,Cliente04630,cliente04630@example.com,Neuquén,2022-09-29
4631,Cliente04631,cliente04631@example.com,Salta,2023-08-05
4632,Cliente04632,cliente04632@example.com,San Luis,2020-05-25
4633,Cliente04633,cliente04633@example.com,Neuquén,2020-03-20
4634,Cliente04634,cliente04634@example.com,Córdoba,2022-02-27
4635,Cliente04635,cliente04635@example.com,San Luis,2020-11-28
4636,Cliente04636,cliente04636@example.com,Mendoza,2022-06-12
4637,Cliente04637,cliente04637@example.com,Salta,2021-12-14
4638,Cliente04638,cliente04638@example.com,Chubut,2023-12-23
4639,Cliente04639,cliente04639@example.com,Santa Fe,2023-07-24
4640,Cliente04640,cliente04640@example.com,Tucumán,2023-11-27
4641,Cliente04641,cliente04641@example.com,CABA,2023-08-26
4642,Cliente04642,cliente04642@example.com,Neuquén,2022-05-18
4643,Cliente04643,cliente04643@example.com,Mendoza,2021-05-11
4644,Cliente04644,cliente04644@example.com,Santa Fe,2020-03-11
4645,Cliente04645,cliente04645@example.com,Tucumán,2023-07-16
4646,Cliente04646,cliente04646@example.com,CABA,2023-11-29
4647,Cliente04647,cliente04647@example.com,Rosario,2021-06-19
4648,Cliente04648,cliente04648@example.com,San Luis,2022-07-21
4649,Cliente04649,cliente04649@example.com,Rosario,2021-06-04
4650,Cliente04650,cliente04650@example.com,Mendoza,2023-05-18
4651,Cliente04651,cliente04651@example.com,San Luis,2023-09-19
4652,Cliente04652,cliente04652@example.com,Rosario,2020-01-26
4653,Cliente04653,cliente04653@example.com,Córdoba,2020-07-08
4654,Cliente04654,cliente04654@example.com,Neuquén,2022-03-25
4655,Cliente04655,cliente04655@example.com,San Luis,2020-06-13
4656,Cliente04656,cliente04656@example.com,Chubut,2021-01-21
4657,Cliente04657,cliente04657@example.com,Neuquén,2020-12-05
4658,Cliente04658,cliente04658@example.com,Neuquén,2021-06-01
4659,Cliente04659,cliente04659@example.com,Salta,2022-10-22
4660,Cliente04660,cliente04660@example.com,Chubut,2023-09-10
4661,Cliente04661,cliente04661@example.com,Neuquén,2023-04-15
4662,Cliente04662,cliente04662@example.com,Salta,2022-04-22
4663,Cliente04663,cliente04663@example.com,Córdoba,2020-08-11
4664,Cliente04664,cliente04664@example.com,San Luis,2021-12-06
4665,Cliente04665,cliente04665@example.com,Rosario,2021-07-04
4666,Cliente04666,cliente04666@example.com,Mendoza,2022-03-26
4667,Cliente04667,cliente04667@example.com,Salta,2020-01-14
4668,Cliente04668,cliente04668@example.com,Rosario,2022-10-04
4669,Cliente04669,cliente04669@example.com,CABA,2020-07-17
4670,Cliente04670,cliente04670@example.com,Córdoba,2023-11-27
4671,Cliente04671,cliente04671@example.com,Neuquén,2022-12-11
4672,Cliente04672,cliente04672@example.com,Neuquén,2023-09-02
4673,Cliente04673,cliente04673@example.com,Salta,2022-06-01
4674,Cliente04674,cliente04674@example.com,Rosario,2020-12-27
4675,Cliente04675,cliente04675@example.com,Tucumán,2021-01-16
4676,Cliente04676,cliente04676@example.com,Rosario,2021-02-09
4677,Cliente04677,cliente04677@example.com,Santa Fe,2021-01-07
4678,Cliente04678,cliente04678@example.com,Chubut,2020-08-13
4679,Cliente04679,cliente04679@example.com,Santa Fe,2023-03-07
4680,Cliente04680,cliente04680@example.com,Mendoza,2021-01-15
4681,Cliente04681,cliente04681@example.com,Mendoza,2020-04-30
4682,Cliente04682,cliente04682@example.com,Rosario,2021-01-27
4683,Cliente04683,cliente04683@example.com,Salta,2022-04-17
4684,Cliente04684,cliente04684@example.com,Santa Fe,2023-07-07
4685,Cliente04685,cliente04685@example.com,San Luis,2020-08-11
4686,Cliente04686,cliente04686@example.com,Rosario,2020-06-12
4687,Cliente04687,cliente04687@example.com,Salta,2020-06-24
4688,Cliente04688,cliente04688@example.com,Neuquén,2020-09-12
4689,Cliente04689,cliente04689@example.com,Salta,2020-05-11
4690,Cliente04690,cliente04690@example.com,Tucumán,2020-03-01
4691,Cliente04691,cliente04691@example.com,San Luis,2021-04-25
4692,Cliente04692,cliente04692@example.com,Santa Fe,2022-09-20
4693,Cliente04693,cliente04693@example.com,Córdoba,2020-01-20
4694,Cliente04694,cliente04694@example.com,CABA,2021-06-28
4695,Cliente04695,cliente04695@example.com,CABA,2023-09-24
4696,Cliente04696,cliente04696@example.com,San Luis,2020-03-26
4697,Cliente04697,cliente04697@example.com,Córdoba,2021-03-08
4698,Cliente04698,cliente04698@example.com,Chubut,2020-01-15
4699,Cliente04699,cliente04699@example.com,Neuquén,2023-05-19
4700,Cliente04700,cliente04700@example.com,Chubut,2021-06-28
4701,Cliente04701,cliente04701@example.com,Santa Fe,2022-08-27
4702,Cliente04702,cliente04702@example.com,Tucumán,2023-05-22
4703,Cliente04703,cliente04703@example.com,Neuquén,2021-11-20
4704,Cliente04704,cliente04704@example.com,Tucumán,2023-10-28
4705,Cliente04705,cliente04705@example.com,Tucumán,2021-10-07
4706,Cliente04706,cliente04706@example.com,Mendoza,2022-01-09
4707,Cliente04707,cliente04707@example.com,Neuquén,2022-02-14
4708,Cliente04708,cliente04708@example.com,San Luis,2020-04-27
4709,Cliente04709,cliente04709@example.com,Tucumán,2021-11-07
4710,Cliente04710,cliente04710@example.com,Córdoba,2020-01-07
4711,Cliente04711,cliente04711@example.com,Santa Fe,2023-12-01
4712,Cliente04712,cliente04712@example.com,Neuquén,2020-10-11
4713,Cliente04713,cliente04713@example.com,CABA,2023-05-17
4714,Cliente04714,cliente04714@example.com,Córdoba,2022-12-22
4715,Cliente04715,cliente04715@example.com,Salta,2023-12-03
4716,Cliente04716,cliente04716@example.com,Mendoza,2022-01-24
4717,Cliente04717,cliente04717@example.com,Santa Fe,2023-06-20
4718,Cliente04718,cliente04718@example.com,Santa Fe,2022-11-20
4719,Cliente04719,cliente04719@example.com,Neuquén,2023-09-14
4720,Cliente04720,cliente04720@example.com,Mendoza,2020-01-07
4721,Cliente04721,cliente04721@example.com,Tucumán,2020-02-04
4722,Cliente04722,cliente04722@example.com,Tucumán,2020-04-03
4723,Cliente04723,cliente04723@example.com,Tucumán,2023-10-20
4724,Cliente04724,cliente04724@example.com,Santa Fe,2021-04-23
4725,Cliente04725,cliente04725@example.com,San Luis,2022-09-19
4726,Cliente04726,cliente04726@example.com,Neuquén,2023-06-08
4727,Cliente04727,cliente04727@example.com,Córdoba,2021-12-14
4728,Cliente04728,cliente04728@example.com,Neuquén,2022-09-02
4729,Cliente04729,cliente04729@example.com,Córdoba,2022-02-27
4730,Cliente04730,cliente04730@example.com,Salta,2023-05-28
4731,Cliente04731,cliente04731@example.com,Mendoza,2023-12-29
4732,Cliente04732,cliente04732@example.com,Rosario,2022-12-01
4733,Cliente04733,cliente04733@example.com,San Luis,2022-10-30
4734,Cliente04734,cliente04734@example.com,CABA,2020-09-18
4735,Cliente04735,cliente04735@example.com,Santa Fe,2020-06-27
4736,Cliente04736,cliente04736@example.com,Salta,2023-10-10
4737,Cliente04737,cliente04737@example.com,Chubut,2022-08-14
4738,Cliente04738,cliente04738@example.com,Rosario,2022-07-02
4739,Cliente04739,cliente04739@example.com,Córdoba,2022-09-14
4740,Cliente04740,cliente04740@example.com,Chubut,2021-05-08
4741,Cliente04741,cliente04741@example.com,Mendoza,2021-03-09
4742,Cliente04742,cliente04742@example.com,Rosario,2023-09-13
4743,Cliente04743,cliente04743@example.com,Córdoba,2020-08-04
4744,Cliente04744,cliente04744@example.com,Neuquén,2020-02-29
4745,Cliente04745,cliente04745@example.com,Rosario,2021-10-30
4746,Cliente04746,cliente04746@example.com,Neuquén,2021-07-28
4747,Cliente04747,cliente04747@example.com,Mendoza,2021-06-11
4748,Cliente04748,cliente04748@example.com,Santa Fe,2023-10-05
4749,Cliente04749,cliente04749@example.com,Córdoba,2023-09-24
4750,Cliente04750,cliente04750@example.com,Rosario,2022-12-30
4751,Cliente04751,cliente04751@example.com,Santa Fe,2020-07-04
4752,Cliente04752,cliente04752@example.com,Tucumán,2021-04-03
4753,Cliente04753,cliente04753@example.com,San Luis,2023-05-15
4754,Cliente04754,cliente04754@example.com,Córdoba,2023-08-11
4755,Cliente04755,cliente04755@example.com,Tucumán,2022-02-11
4756,Cliente04756,cliente04756@example.com,Neuquén,2023-09-01
4757,Cliente04757,cliente04757@example.com,Chubut,2022-06-13
4758,Cliente04758,cliente04758@example.com,Mendoza,2021-04-02
4759,Cliente04759,cliente04759@example.com,Salta,2020-08-24
4760,Cliente04760,cliente04760@example.com,Salta,2020-06-28
4761,Cliente04761,cliente04761@example.com,Córdoba,2020-07-01
4762,Cliente04762,cliente04762@example.com,Tucumán,2023-04-27
4763,Cliente04763,cliente04763@example.com,Mendoza,2020-08-25
4764,Cliente04764,cliente04764@example.com,San Luis,2022-01-23
4765,Cliente04765,cliente04765@example.com,Rosario,2021-10-03
4766,Cliente04766,cliente04766@example.com,Neuquén,2023-03-27
4767,Cliente04767,cliente04767@example.com,CABA,2021-09-28
4768,Cliente04768,cliente04768@example.com,CABA,2023-04-23
4769,Cliente04769,cliente04769@example.com,Chubut,2021-01-23
4770,Cliente04770,cliente04770@example.com,Neuquén,2022-05-17
4771,Cliente04771,cliente04771@example.com,Tucumán,2022-01-17
4772,Cliente04772,cliente04772@example.com,Rosario,2022-11-30
4773,Cliente04773,cliente04773@example.com,San Luis,2023-04-24
4774,Cliente04774,cliente04774@example.com,Mendoza,2020-08-06
4775,Cliente04775,cliente04775@example.com,Neuquén,2020-01-19
4776,Cliente04776,cliente04776@example.com,Chubut,2022-08-01
4777,Cliente04777,cliente04777@example.com,Tucumán,2020-10-23
4778,Cliente04778,cliente04778@example.com,Salta,2021-03-24
4779,Cliente04779,cliente04779@example.com,Santa Fe,2023-10-24
4780,Cliente04780,cliente04780@example.com,Santa Fe,2020-10-28
4781,Cliente04781,cliente04781@example.com,San Luis,2021-08-03
4782,Cliente04782,cliente04782@example.com,Rosario,2023-09-24
4783,Cliente04783,cliente04783@example.com,CABA,2023-05-11
4784,Cliente04784,cliente04784@example.com,Tucumán,2021-09-24
4785,Cliente04785,cliente04785@example.com,Chubut,2023-11-11
4786,Cliente04786,cliente04786@example.com,Córdoba,2021-07-14
4787,Cliente04787,cliente04787@example.com,San Luis,2022-09-06
4788,Cliente04788,cliente04788@example.com,Mendoza,2022-10-10
4789,Cliente04789,cliente04789@example.com,Salta,2023-12-13
4790,Cliente04790,cliente04790@example.com,Neuquén,2020-04-30
4791,Cliente04791,cliente04791@example.com,Tucumán,2020-11-08
4792,Cliente04792,cliente04792@example.com,Mendoza,2021-04-05
4793,Cliente04793,cliente04793@example.com,CABA,2021-01-01
4794,Cliente04794,cliente04794@example.com,Santa Fe,2022-03-13
4795,Cliente04795,cliente04795@example.com,Salta,2023-09-12
4796,Cliente04796,cliente04796@example.com,Rosario,2020-02-14
4797,Cliente04797,cliente04797@example.com,Chubut,2022-03-14
4798,Cliente04798,cliente04798@example.com,Tucumán,2022-05-15
4799,Cliente04799,cliente04799@example.com,Santa Fe,2021-12-14
4800,Cliente04800,cliente04800@example.com,Neuquén,2022-03-11
4801,Cliente04801,cliente04801@example.com,Córdoba,2022-12-17
4802,Cliente04802,cliente04802@example.com,Salta,2021-08-01
4803,Cliente04803,cliente04803@example.com,Mendoza,2023-12-06
4804,Cliente04804,cliente04804@example.com,Chubut,2022-03-17
4805,Cliente04805,cliente04805@example.com,Córdoba,2020-09-25
4806,Cliente04806,cliente04806@example.com,Tucumán,2023-04-03
4807,Cliente04807,cliente04807@example.com,CABA,2023-12-24
4808,Cliente04808,cliente04808@example.com,Salta,2022-07-26
4809,Cliente04809,cliente04809@example.com,Rosario,2023-03-28
4810,Cliente04810,cliente04810@example.com,Rosario,2022-06-23
4811,Cliente04811,cliente04811@example.com,Santa Fe,2021-08-19
4812,Cliente04812,cliente04812@example.com,Rosario,2021-03-05
4813,Cliente04813,cliente04813@example.com,Mendoza,2021-02-04
4814,Cliente04814,cliente04814@example.com,CABA,2022-01-11
4815,Cliente04815,cliente04815@example.com,San Luis,2020-07-27
4816,Cliente04816,cliente04816@example.com,Rosario,2022-02-10
4817,Cliente04817,cliente04817@example.com,Neuquén,2023-10-23
4818,Cliente04818,cliente04818@example.com,Rosario,2020-04-25
4819,Cliente04819,cliente04819@example.com,Córdoba,2021-12-29
4820,Cliente04820,cliente04820@example.com,Santa Fe,2021-01-02
4821,Cliente04821,cliente04821@example.com,CABA,2020-08-28
4822,Cliente04822,cliente04822@example.com,Chubut,2023-08-24
4823,Cliente04823,cliente04823@example.com,Tucumán,2023-04-30
4824,Cliente04824,cliente04824@example.com,Neuquén,2020-10-31
4825,Cliente04825,cliente04825@example.com,Neuquén,2021-05-16
4826,Cliente04826,cliente04826@example.com,CABA,2020-08-31
4827,Cliente04827,cliente04827@example.com,Mendoza,2022-03-23
4828,Cliente04828,cliente04828@example.com,Santa Fe,2021-09-11
4829,Cliente04829,cliente04829@example.com,San Luis,2020-12-19
4830,Cliente04830,cliente04830@example.com,Neuquén,2023-11-17
4831,Cliente04831,cliente04831@example.com,Córdoba,2022-08-07
4832,Cliente04832,cliente04832@example.com,Neuquén,2021-07-17
4833,Cliente04833,cliente04833@example.com,Santa Fe,2022-01-22
4834,Cliente04834,cliente04834@example.com,CABA,2020-09-02
4835,Cliente04835,cliente04835@example.com,Córdoba,2020-06-18
4836,Cliente04836,cliente04836@example.com,Córdoba,2022-09-28
4837,Cliente04837,cliente04837@example.com,Chubut,2021-04-05
4838,Cliente04838,cliente04838@example.com,CABA,2023-04-16
4839,Cliente04839,cliente04839@example.com,San Luis,2023-03-18
4840,Cliente04840,cliente04840@example.com,Santa Fe,2021-07-14
4841,Cliente04841,cliente04841@example.com,Córdoba,2023-04-29
4842,Cliente04842,cliente04842@example.com,Rosario,2022-02-25
4843,Cliente04843,cliente04843@example.com,Santa Fe,2023-08-13
4844,Cliente04844,cliente04844@example.com,Neuquén,2021-09-03
4845,Cliente04845,cliente04845@example.com,San Luis,2020-09-13
4846,Cliente04846,cliente04846@example.com,Córdoba,2021-10-28
4847,Cliente04847,cliente04847@example.com,Córdoba,2023-01-05
4848,Cliente04848,cliente04848@example.com,Rosario,2022-04-10
4849,Cliente04849,cliente04849@example.com,CABA,2022-03-17
4850,Cliente04850,cliente04850@example.com,Chubut,2023-01-03
4851,Cliente04851,cliente04851@example.com,Chubut,2022-09-27
4852,Cliente04852,cliente04852@example.com,Córdoba,2022-11-28
4853,Cliente04853,cliente04853@example.com,San Luis,2023-01-08
4854,Cliente04854,cliente04854@example.com,Córdoba,2021-02-28
4855,Cliente04855,cliente04855@example.com,Córdoba,2021-01-05
4856,Cliente04856,cliente04856@example.com,San Luis,2023-11-24
4857,Cliente04857,cliente04857@example.com,Rosario,2020-01-11
4858,Cliente04858,cliente04858@example.com,Chubut,2022-07-04
4859,Cliente04859,cliente04859@example.com,Tucumán,2020-09-08
4860,Cliente04860,cliente04860@example.com,CABA,2020-09-20
4861,Cliente04861,cliente04861@example.com,San Luis,2021-02-26
4862,Cliente04862,cliente04862@example.com,Rosario,2020-06-28
4863,Cliente04863,cliente04863@example.com,Chubut,2021-06-09
4864,Cliente04864,cliente04864@example.com,CABA,2020-06-22
4865,Cliente04865,cliente04865@example.com,Córdoba,2022-11-02
4866,Cliente04866,cliente04866@example.com,Salta,2022-01-14
4867,Cliente04867,cliente04867@example.com,Chubut,2020-12-17
4868,Cliente04868,cliente04868@example.com,Neuquén,2023-09-09
4869,Cliente04869,cliente04869@example.com,CABA,2021-05-23
4870,Cliente04870,cliente04870@example.com,Salta,2020-04-04
4871,Cliente04871,cliente04871@example.com,Chubut,2021-08-23
4872,Cliente04872,cliente04872@example.com,Chubut,2022-06-30
4873,Cliente04873,cliente04873@example.com,Rosario,2023-03-27
4874,Cliente04874,cliente04874@example.com,Santa Fe,2023-11-24
4875,Cliente04875,cliente04875@example.com,Tucumán,2022-12-06
4876,Cliente04876,cliente04876@example.com,Tucumán,2023-05-26
4877,Cliente04877,cliente04877@example.com,Chubut,2022-11-11
4878,Cliente04878,cliente04878@example.com,Mendoza,2023-11-09
4879,Cliente04879,cliente04879@example.com,Córdoba,2023-09-19
4880,Cliente04880,cliente04880@example.com,CABA,2021-04-30
4881,Cliente04881,cliente04881@example.com,CABA,2021-01-20
4882,Cliente04882,cliente04882@example.com,Rosario,2021-09-05
4883,Cliente04883,cliente04883@example.com,Mendoza,2020-10-01
4884,Cliente04884,cliente04884@example.com,San Luis,2023-02-04
4885,Cliente04885,cliente04885@example.com,Mendoza,2023-04-26
4886,Cliente04886,cliente04886@example.com,Tucumán,2021-07-22
4887,Cliente04887,cliente04887@example.com,Rosario,2023-06-28
4888,Cliente04888,cliente04888@example.com,Neuquén,2020-06-01
4889,Cliente04889,cliente04889@example.com,Chubut,2021-06-06
4890,Cliente04890,cliente04890@example.com,Salta,2022-02-20
4891,Cliente04891,cliente04891@example.com,Rosario,2022-03-30
4892,Cliente04892,cliente04892@example.com,Santa Fe,2020-06-19
4893,Cliente04893,cliente04893@example.com,Salta,2023-10-17
4894,Cliente04894,cliente04894@example.com,Neuquén,2023-11-23
4895,Cliente04895,cliente04895@example.com,Rosario,2023-01-02
4896,Cliente04896,cliente04896@example.com,Mendoza,2020-05-24
4897,Cliente04897,cliente04897@example.com,Salta,2023-07-20
4898,Cliente04898,cliente04898@example.com,Mendoza,2022-02-01
4899,Cliente04899,cliente04899@example.com,San Luis,2023-09-08
4900,Cliente04900,cliente04900@example.com,Chubut,2023-05-23
4901,Cliente04901,cliente04901@example.com,Rosario,2022-05-09
4902,Cliente04902,cliente04902@example.com,Rosario,2021-10-09
4903,Cliente04903,cliente04903@example.com,Neuquén,2022-02-15
4904,Cliente04904,cliente04904@example.com,CABA,2023-05-21
4905,Cliente04905,cliente04905@example.com,Mendoza,2020-06-07
4906,Cliente04906,cliente04906@example.com,Salta,2020-09-12
4907,Cliente04907,cliente04907@example.com,Chubut,2020-08-13
4908,Cliente04908,cliente04908@example.com,Chubut,2022-04-13
4909,Cliente04909,cliente04909@example.com,Córdoba,2021-11-05
4910,Cliente04910,cliente04910@example.com,Córdoba,2022-01-13
4911,Cliente04911,cliente04911@example.com,Tucumán,2021-07-13
4912,Cliente04912,cliente04912@example.com,Rosario,2021-04-07
4913,Cliente04913,cliente04913@example.com,Salta,2020-01-21
4914,Cliente04914,cliente04914@example.com,Córdoba,2022-02-11
4915,Cliente04915,cliente04915@example.com,Mendoza,2022-02-14
4916,Cliente04916,cliente04916@example.com,Córdoba,2020-09-09
4917,Cliente04917,cliente04917@example.com,Rosario,2022-12-14
4918,Cliente04918,cliente04918@example.com,Salta,2023-04-20
4919,Cliente04919,cliente04919@example.com,Santa Fe,2020-07-14
4920,Cliente04920,cliente04920@example.com,Chubut,2021-12-15
4921,Cliente04921,cliente04921@example.com,San Luis,2021-07-31
4922,Cliente04922,cliente04922@example.com,Chubut,2021-07-09
4923,Cliente04923,cliente04923@example.com,San Luis,2020-07-21
4924,Cliente04924,cliente04924@example.com,CABA,2020-12-15
4925,Cliente04925,cliente04925@example.com,Tucumán,2022-03-08
4926,Cliente04926,cliente04926@example.com,Rosario,2021-12-07
4927,Cliente04927,cliente04927@example.com,Chubut,2023-02-03
4928,Cliente04928,cliente04928@example.com,San Luis,2022-04-04
4929,Cliente04929,cliente04929@example.com,Santa Fe,2023-04-28
4930,Cliente04930,cliente04930@example.com,Rosario,2021-06-14
4931,Cliente04931,cliente04931@example.com,CABA,2023-11-07
4932,Cliente04932,cliente04932@example.com,Chubut,2023-12-31
4933,Cliente04933,cliente04933@example.com,Rosario,2023-09-08
4934,Cliente04934,cliente04934@example.com,Rosario,2020-10-19
4935,Cliente04935,cliente04935@example.com,Neuquén,2023-03-08
4936,Cliente04936,cliente04936@example.com,Salta,2020-04-18
4937,Cliente04937,cliente04937@example.com,Tucumán,2023-12-19
4938,Cliente04938,cliente04938@example.com,Mendoza,2023-10-20
4939,Cliente04939,cliente04939@example.com,San Luis,2022-05-06
4940,Cliente04940,cliente04940@example.com,Santa Fe,2021-01-09
4941,Cliente04941,cliente04941@example.com,Santa Fe,2021-12-25
4942,Cliente04942,cliente04942@example.com,Santa Fe,2022-10-25
4943,Cliente04943,cliente04943@example.com,Salta,2021-07-18
4944,Cliente04944,cliente04944@example.com,Neuquén,2022-12-02
4945,Cliente04945,cliente04945@example.com,Mendoza,2021-09-17
4946,Cliente04946,cliente04946@example.com,Córdoba,2021-09-17
4947,Cliente04947,cliente04947@example.com,Neuquén,2021-10-02
4948,Cliente04948,cliente04948@example.com,Córdoba,2023-07-23
4949,Cliente04949,cliente04949@example.com,Córdoba,2020-06-06
4950,Cliente04950,cliente04950@example.com,Mendoza,2020-07-10
4951,Cliente04951,cliente04951@example.com,Rosario,2023-03-24
4952,Cliente04952,cliente04952@example.com,CABA,2020-06-22
4953,Cliente04953,cliente04953@example.com,Salta,2023-02-08
4954,Cliente04954,cliente04954@example.com,Santa Fe,2020-01-22
4955,Cliente04955,cliente04955@example.com,Neuquén,2023-10-18
4956,Cliente04956,cliente04956@example.com,Chubut,2020-10-06
4957,Cliente04957,cliente04957@example.com,Santa Fe,2022-10-16
4958,Cliente04958,cliente04958@example.com,Chubut,2023-11-04
4959,Cliente04959,cliente04959@example.com,Chubut,2023-11-30
4960,Cliente04960,cliente04960@example.com,Córdoba,2022-04-10
4961,Cliente04961,cliente04961@example.com,CABA,2023-06-16
4962,Cliente04962,cliente04962@example.com,Mendoza,2020-01-15
4963,Cliente04963,cliente04963@example.com,Neuquén,2023-12-09
4964,Cliente04964,cliente04964@example.com,Chubut,2021-12-07
4965,Cliente04965,cliente04965@example.com,Mendoza,2023-09-16
4966,Cliente04966,cliente04966@example.com,Chubut,2023-11-01
4967,Cliente04967,cliente04967@example.com,San Luis,2020-03-27
4968,Cliente04968,cliente04968@example.com,San Luis,2022-07-07
4969,Cliente04969,cliente04969@example.com,Rosario,2023-10-13
4970,Cliente04970,cliente04970@example.com,Chubut,2021-04-05
4971,Cliente04971,cliente04971@example.com,Rosario,2020-06-02
4972,Cliente04972,cliente04972@example.com,Tucumán,2020-09-30
4973,Cliente04973,cliente04973@example.com,Chubut,2021-12-24
4974,Cliente04974,cliente04974@example.com,CABA,2022-05-15
4975,Cliente04975,cliente04975@example.com,Santa Fe,2022-02-15
4976,Cliente04976,cliente04976@example.com,Rosario,2022-02-03
4977,Cliente04977,cliente04977@example.com,Córdoba,2021-11-23
4978,Cliente04978,cliente04978@example.com,Mendoza,2023-01-09
4979,Cliente04979,cliente04979@example.com,Córdoba,2021-08-17
4980,Cliente04980,cliente04980@example.com,Salta,2022-09-16
4981,Cliente04981,cliente04981@example.com,Salta,2021-06-26
4982,Cliente04982,cliente04982@example.com,Mendoza,2020-01-05
4983,Cliente04983,cliente04983@example.com,San Luis,2022-03-17
4984,Cliente04984,cliente04984@example.com,Mendoza,2021-09-16
4985,Cliente04985,cliente04985@example.com,Chubut,2020-03-13
4986,Cliente04986,cliente04986@example.com,Santa Fe,2023-06-19
4987,Cliente04987,cliente04987@example.com,Santa Fe,2020-04-27
4988,Cliente04988,cliente04988@example.com,Tucumán,2020-01-13
4989,Cliente04989,cliente04989@example.com,San Luis,2022-07-31
4990,Cliente04990,cliente04990@example.com,Tucumán,2021-09-03
4991,Cliente04991,cliente04991@example.com,Tucumán,2020-08-07
4992,Cliente04992,cliente04992@example.com,CABA,2021-12-17
4993,Cliente04993,cliente04993@example.com,Rosario,2022-04-03
4994,Cliente04994,cliente04994@example.com,Tucumán,2020-01-19
4995,Cliente04995,cliente04995@example.com,Córdoba,2022-06-01
4996,Cliente04996,cliente04996@example.com,Santa Fe,2021-02-08
4997,Cliente04997,cliente04997@example.com,Córdoba,2022-12-19
4998,Cliente04998,cliente04998@example.com,Chubut,2020-11-10
4999,Cliente04999,cliente04999@example.com,Neuquén,2020-09-10
5000,Cliente05000,cliente05000@example.com,Santa Fe,2020-01-15
5001,Cliente05001,cliente05001@example.com,Rosario,2023-09-06
5002,Cliente05002,cliente05002@example.com,Salta,2021-04-08
5003,Cliente05003,cliente05003@example.com,Santa Fe,2022-03-20
5004,Cliente05004,cliente05004@example.com,Tucumán,2021-09-04
5005,Cliente05005,cliente05005@example.com,Tucumán,2022-05-27
5006,Cliente05006,cliente05006@example.com,Rosario,2023-01-03
5007,Cliente05007,cliente05007@example.com,Salta,2020-08-10
5008,Cliente05008,cliente05008@example.com,Santa Fe,2023-09-06
5009,Cliente05009,cliente05009@example.com,Santa Fe,2020-11-27
5010,Cliente05010,cliente05010@example.com,Rosario,2021-12-25
5011,Cliente05011,cliente05011@example.com,Neuquén,2020-01-12
5012,Cliente05012,cliente05012@example.com,Tucumán,2023-12-23
5013,Cliente05013,cliente05013@example.com,Mendoza,2020-08-14
5014,Cliente05014,cliente05014@example.com,Mendoza,2021-08-06
5015,Cliente05015,cliente05015@example.com,CABA,2020-09-30
5016,Cliente05016,cliente05016@example.com,Neuquén,2022-05-12
5017,Cliente05017,cliente05017@example.com,Tucumán,2020-03-05
5018,Cliente05018,cliente05018@example.com,Rosario,2023-09-26
5019,Cliente05019,cliente05019@example.com,Mendoza,2022-09-08
5020,Cliente05020,cliente05020@example.com,Salta,2020-08-31
5021,Cliente05021,cliente05021@example.com,Neuquén,2022-09-28
5022,Cliente05022,cliente05022@example.com,Chubut,2022-10-11
5023,Cliente05023,cliente05023@example.com,Rosario,2021-10-27
5024,Cliente05024,cliente05024@example.com,Neuquén,2022-10-24
5025,Cliente05025,cliente05025@example.com,Neuquén,2020-09-26
5026,Cliente05026,cliente05026@example.com,Córdoba,2020-08-08
5027,Cliente05027,cliente05027@example.com,CABA,2020-09-15
5028,Cliente05028,cliente05028@example.com,Rosario,2021-12-05
5029,Cliente05029,cliente05029@example.com,Chubut,2020-01-28
5030,Cliente05030,cliente05030@example.com,Mendoza,2020-04-16
5031,Cliente05031,cliente05031@example.com,Tucumán,2022-05-29
5032,Cliente05032,cliente05032@example.com,San Luis,2020-01-17
5033,Cliente05033,cliente05033@example.com,Neuquén,2022-09-10
5034,Cliente05034,cliente05034@example.com,Salta,2021-07-31
5035,Cliente05035,cliente05035@example.com,Santa Fe,2020-06-18
5036,Cliente05036,cliente05036@example.com,Neuquén,2021-05-22
5037,Cliente05037,cliente05037@example.com,San Luis,2020-11-08
5038,Cliente05038,cliente05038@example.com,Chubut,2021-01-17
5039,Cliente05039,cliente05039@example.com,Mendoza,2021-07-29
5040,Cliente05040,cliente05040@example.com,Córdoba,2021-06-23
5041,Cliente05041,cliente05041@example.com,Mendoza,2023-09-26
5042,Cliente05042,cliente05042@example.com,Neuquén,2021-02-10
5043,Cliente05043,cliente05043@example.com,Santa Fe,2023-12-17
5044,Cliente05044,cliente05044@example.com,Córdoba,2023-12-06
5045,Cliente05045,cliente05045@example.com,Chubut,2023-06-05
5046,Cliente05046,cliente05046@example.com,Rosario,2021-01-21
5047,Cliente05047,cliente05047@example.com,San Luis,2023-07-12
5048,Cliente05048,cliente05048@example.com,Rosario,2021-04-14
5049,Cliente05049,cliente05049@example.com,Córdoba,2020-09-27
5050,Cliente05050,cliente05050@example.com,Neuquén,2020-03-19
5051,Cliente05051,cliente05051@example.com,Salta,2021-01-28
5052,Cliente05052,cliente05052@example.com,Rosario,2022-05-23
5053,Cliente05053,cliente05053@example.com,CABA,2023-06-16
5054,Cliente05054,cliente05054@example.com,Mendoza,2020-07-05
5055,Cliente05055,cliente05055@example.com,CABA,2022-02-17
5056,Cliente05056,cliente05056@example.com,Neuquén,2022-12-11
5057,Cliente05057,cliente05057@example.com,Salta,2023-12-04
5058,Cliente05058,cliente05058@example.com,Mendoza,2021-03-30
5059,Cliente05059,cliente05059@example.com,Tucumán,2022-05-22
5060,Cliente05060,cliente05060@example.com,Santa Fe,2020-05-05
5061,Cliente05061,cliente05061@example.com,Chubut,2022-05-24
5062,Cliente05062,cliente05062@example.com,CABA,2021-09-15
5063,Cliente05063,cliente05063@example.com,Córdoba,2021-07-05
5064,Cliente05064,cliente05064@example.com,Tucumán,2021-07-28
5065,Cliente05065,cliente05065@example.com,Tucumán,2023-12-28
5066,Cliente05066,cliente05066@example.com,Neuquén,2021-05-20
5067,Cliente05067,cliente05067@example.com,Tucumán,2020-04-07
5068,Cliente05068,cliente05068@example.com,Rosario,2020-03-24
5069,Cliente05069,cliente05069@example.com,CABA,2020-04-16
5070,Cliente05070,cliente05070@example.com,Tucumán,2021-03-10
5071,Cliente05071,cliente05071@example.com,Salta,2022-08-24
5072,Cliente05072,cliente05072@example.com,Salta,2023-05-27
5073,Cliente05073,cliente05073@example.com,Córdoba,2022-06-01
5074,Cliente05074,cliente05074@example.com,Rosario,2021-05-31
5075,Cliente05075,cliente05075@example.com,Santa Fe,2022-01-14
5076,Cliente05076,cliente05076@example.com,Tucumán,2021-09-15
5077,Cliente05077,cliente05077@example.com,Córdoba,2020-07-17
5078,Cliente05078,cliente05078@example.com,CABA,2023-10-30
5079,Cliente05079,cliente05079@example.com,Chubut,2020-09-23
5080,Cliente05080,cliente05080@example.com,Tucumán,2022-01-08
5081,Cliente05081,cliente05081@example.com,Tucumán,2023-04-21
5082,Cliente05082,cliente05082@example.com,Chubut,2023-05-23
5083,Cliente05083,cliente05083@example.com,Tucumán,2021-05-02
5084,Cliente05084,cliente05084@example.com,Salta,2021-03-06
5085,Cliente05085,cliente05085@example.com,San Luis,2022-02-25
5086,Cliente05086,cliente05086@example.com,Córdoba,2020-08-05
5087,Cliente05087,cliente05087@example.com,Rosario,2023-07-13
5088,Cliente05088,cliente05088@example.com,San Luis,2020-09-03
5089,Cliente05089,cliente05089@example.com,CABA,2023-04-16
5090,Cliente05090,cliente05090@example.com,Mendoza,2021-01-30
5091,Cliente05091,cliente05091@example.com,Santa Fe,2020-07-21
5092,Cliente05092,cliente05092@example.com,Córdoba,2023-01-24
5093,Cliente05093,cliente05093@example.com,San Luis,2021-12-03
5094,Cliente05094,cliente05094@example.com,Salta,2022-08-29
5095,Cliente05095,cliente05095@example.com,Mendoza,2022-12-28
5096,Cliente05096,cliente05096@example.com,Rosario,2020-03-30
5097,Cliente05097,cliente05097@example.com,Rosario,2021-01-27
5098,Cliente05098,cliente05098@example.com,Neuquén,2023-02-01
5099,Cliente05099,cliente05099@example.com,Salta,2023-02-21
5100,Cliente05100,cliente05100@example.com,Tucumán,2022-01-19
5101,Cliente05101,cliente05101@example.com,Santa Fe,2023-07-13
5102,Cliente05102,cliente05102@example.com,Córdoba,2022-06-12
5103,Cliente05103,cliente05103@example.com,Córdoba,2022-09-15
5104,Cliente05104,cliente05104@example.com,Neuquén,2022-12-08
5105,Cliente05105,cliente05105@example.com,Chubut,2020-02-14
5106,Cliente05106,cliente05106@example.com,Rosario,2023-05-12
5107,Cliente05107,cliente05107@example.com,Salta,2023-11-27
5108,Cliente05108,cliente05108@example.com,Rosario,2021-08-16
5109,Cliente05109,cliente05109@example.com,CABA,2023-03-05
5110,Cliente05110,cliente05110@example.com,CABA,2023-11-21
5111,Cliente05111,cliente05111@example.com,Mendoza,2022-03-25
5112,Cliente05112,cliente05112@example.com,Santa Fe,2023-11-03
5113,Cliente05113,cliente05113@example.com,Chubut,2022-11-17
5114,Cliente05114,cliente05114@example.com,Córdoba,2020-12-04
5115,Cliente05115,cliente05115@example.com,Santa Fe,2022-11-09
5116,Cliente05116,cliente05116@example.com,Neuquén,2023-02-25
5117,Cliente05117,cliente05117@example.com,Neuquén,2022-03-31
5118,Cliente05118,cliente05118@example.com,San Luis,2021-07-10
5119,Cliente05119,cliente05119@example.com,Mendoza,2021-01-11
5120,Cliente05120,cliente05120@example.com,CABA,2020-11-23
5121,Cliente05121,cliente05121@example.com,San Luis,2021-03-22
5122,Cliente05122,cliente05122@example.com,San Luis,2023-11-27
5123,Cliente05123,cliente05123@example.com,CABA,2022-11-16
5124,Cliente05124,cliente05124@example.com,Santa Fe,2022-10-28
5125,Cliente05125,cliente05125@example.com,Chubut,2021-06-14
5126,Cliente05126,cliente05126@example.com,Salta,2021-03-27
5127,Cliente05127,cliente05127@example.com,Salta,2023-12-21
5128,Cliente05128,cliente05128@example.com,Salta,2023-02-04
5129,Cliente05129,cliente05129@example.com,Córdoba,2020-12-16
5130,Cliente05130,cliente05130@example.com,Mendoza,2020-04-03
5131,Cliente05131,cliente05131@example.com,Chubut,2021-05-02
5132,Cliente05132,cliente05132@example.com,Salta,2020-03-21
5133,Cliente05133,cliente05133@example.com,Rosario,2021-07-22
5134,Cliente05134,cliente05134@example.com,Rosario,2021-07-07
5135,Cliente05135,cliente05135@example.com,CABA,2023-08-08
5136,Cliente05136,cliente05136@example.com,Mendoza,2021-03-06
5137,Cliente05137,cliente05137@example.com,Chubut,2020-08-25
5138,Cliente05138,cliente05138@example.com,CABA,2023-08-21
5139,Cliente05139,cliente05139@example.com,Tucumán,2023-07-19
5140,Cliente05140,cliente05140@example.com,San Luis,2022-01-25
5141,Cliente05141,cliente05141@example.com,Tucumán,2020-06-19
5142,Cliente05142,cliente05142@example.com,Chubut,2021-06-24
5143,Cliente05143,cliente05143@example.com,Rosario,2022-04-16
5144,Cliente05144,cliente05144@example.com,San Luis,2021-08-26
5145,Cliente05145,cliente05145@example.com,Tucumán,2020-04-27
5146,Cliente05146,cliente05146@example.com,CABA,2021-12-29
5147,Cliente05147,cliente05147@example.com,Mendoza,2021-07-26
5148,Cliente05148,cliente05148@example.com,Rosario,2021-06-08
5149,Cliente05149,cliente05149@example.com,CABA,2023-01-05
5150,Cliente05150,cliente05150@example.com,San Luis,2020-08-05
5151,Cliente05151,cliente05151@example.com,Neuquén,2023-09-01
5152,Cliente05152,cliente05152@example.com,Salta,2023-07-06
5153,Cliente05153,cliente05153@example.com,San Luis,2023-02-02
5154,Cliente05154,cliente05154@example.com,Mendoza,2022-06-24
5155,Cliente05155,cliente05155@example.com,Mendoza,2021-10-26
5156,Cliente05156,cliente05156@example.com,Salta,2021-02-21
5157,Cliente05157,cliente05157@example.com,San Luis,2023-07-13
5158,Cliente05158,cliente05158@example.com,Neuquén,2020-11-14
5159,Cliente05159,cliente05159@example.com,Santa Fe,2021-04-19
5160,Cliente05160,cliente05160@example.com,Neuquén,2022-01-24
5161,Cliente05161,cliente05161@example.com,Rosario,2022-09-08
5162,Cliente05162,cliente05162@example.com,Córdoba,2022-10-12
5163,Cliente05163,cliente05163@example.com,Rosario,2022-07-29
5164,Cliente05164,cliente05164@example.com,Rosario,2020-12-26
5165,Cliente05165,cliente05165@example.com,Mendoza,2023-03-12
5166,Cliente05166,cliente05166@example.com,Santa Fe,2021-01-04
5167,Cliente05167,cliente05167@example.com,Salta,2020-02-13
5168,Cliente05168,cliente05168@example.com,Salta,2020-11-29
5169,Cliente05169,cliente05169@example.com,Rosario,2022-03-18
5170,Cliente05170,cliente05170@example.com,San Luis,2021-01-19
5171,Cliente05171,cliente05171@example.com,Córdoba,2020-10-20
5172,Cliente05172,cliente05172@example.com,Córdoba,2022-05-23
5173,Cliente05173,cliente05173@example.com,Mendoza,2022-07-20
5174,Cliente05174,cliente05174@example.com,Neuquén,2020-07-24
5175,Cliente05175,cliente05175@example.com,Chubut,2020-10-08
5176,Cliente05176,cliente05176@example.com,CABA,2023-05-20
5177,Cliente05177,cliente05177@example.com,Córdoba,2022-02-12
5178,Cliente05178,cliente05178@example.com,Neuquén,2020-02-12
5179,Cliente05179,cliente05179@example.com,Córdoba,2020-01-28
5180,Cliente05180,cliente05180@example.com,CABA,2020-09-27
5181,Cliente05181,cliente05181@example.com,Mendoza,2020-06-20
5182,Cliente05182,cliente05182@example.com,Salta,2020-10-19
5183,Cliente05183,cliente05183@example.com,San Luis,2020-01-28
5184,Cliente05184,cliente05184@example.com,CABA,2020-08-05
5185,Cliente05185,cliente05185@example.com,Chubut,2021-11-24
5186,Cliente05186,cliente05186@example.com,Córdoba,2021-02-18
5187,Cliente05187,cliente05187@example.com,Rosario,2022-09-10
5188,Cliente05188,cliente05188@example.com,San Luis,2022-06-28
5189,Cliente05189,cliente05189@example.com,Rosario,2021-09-21
5190,Cliente05190,cliente05190@example.com,Tucumán,2022-09-07
5191,Cliente05191,cliente05191@example.com,Rosario,2021-05-14
5192,Cliente05192,cliente05192@example.com,CABA,2023-01-18
5193,Cliente05193,cliente05193@example.com,Salta,2023-07-09
5194,Cliente05194,cliente05194@example.com,Chubut,2020-09-09
5195,Cliente05195,cliente05195@example.com,CABA,2020-04-01
5196,Cliente05196,cliente05196@example.com,Córdoba,2023-01-20
5197,Cliente05197,cliente05197@example.com,Salta,2020-07-29
5198,Cliente05198,cliente05198@example.com,Chubut,2022-04-30
5199,Cliente05199,cliente05199@example.com,Rosario,2020-01-03
5200,Cliente05200,cliente05200@example.com,Mendoza,2020-02-19
5201,Cliente05201,cliente05201@example.com,Mendoza,2022-05-24
5202,Cliente05202,cliente05202@example.com,Neuquén,2020-10-28
5203,Cliente05203,cliente05203@example.com,Tucumán,2023-09-04
5204,Cliente05204,cliente05204@example.com,Salta,2021-04-07
5205,Cliente05205,cliente05205@example.com,Neuquén,2023-11-07
5206,Cliente05206,cliente05206@example.com,Córdoba,2022-10-04
5207,Cliente05207,cliente05207@example.com,Rosario,2020-08-13
5208,Cliente05208,cliente05208@example.com,Mendoza,2020-07-27
5209,Cliente05209,cliente05209@example.com,Salta,2022-01-01
5210,Cliente05210,cliente05210@example.com,Córdoba,2023-06-14
5211,Cliente05211,cliente05211@example.com,Tucumán,2020-08-30
5212,Cliente05212,cliente05212@example.com,Tucumán,2020-06-22
5213,Cliente05213,cliente05213@example.com,CABA,2023-05-23
5214,Cliente05214,cliente05214@example.com,Rosario,2020-12-30
5215,Cliente05215,cliente05215@example.com,Neuquén,2022-12-22
5216,Cliente05216,cliente05216@example.com,Tucumán,2023-05-13
5217,Cliente05217,cliente05217@example.com,Rosario,2023-10-23
5218,Cliente05218,cliente05218@example.com,Neuquén,2020-11-03
5219,Cliente05219,cliente05219@example.com,Salta,2023-07-03
5220,Cliente05220,cliente05220@example.com,Salta,2021-12-14
5221,Cliente05221,cliente05221@example.com,Córdoba,2021-07-09
5222,Cliente05222,cliente05222@example.com,Santa Fe,2023-09-17
5223,Cliente05223,cliente05223@example.com,Tucumán,2021-06-27
5224,Cliente05224,cliente05224@example.com,Córdoba,2020-01-05
5225,Cliente05225,cliente05225@example.com,Rosario,2023-09-05
5226,Cliente05226,cliente05226@example.com,Rosario,2021-10-17
5227,Cliente05227,cliente05227@example.com,Rosario,2022-03-10
5228,Cliente05228,cliente05228@example.com,Santa Fe,2022-09-06
5229,Cliente05229,cliente05229@example.com,Córdoba,2020-08-19
5230,Cliente05230,cliente05230@example.com,San Luis,2022-05-25
5231,Cliente05231,cliente05231@example.com,Salta,2020-10-23
5232,Cliente05232,cliente05232@example.com,Córdoba,2021-10-23
5233,Cliente05233,cliente05233@example.com,Rosario,2021-01-07
5234,Cliente05234,cliente05234@example.com,Neuquén,2021-12-23
5235,Cliente05235,cliente05235@example.com,Tucumán,2022-10-09
5236,Cliente05236,cliente05236@example.com,Neuquén,2022-09-12
5237,Cliente05237,cliente05237@example.com,Neuquén,2023-05-17
5238,Cliente05238,cliente05238@example.com,Tucumán,2020-10-10
5239,Cliente05239,cliente05239@example.com,Mendoza,2022-02-23
5240,Cliente05240,cliente05240@example.com,Neuquén,2023-01-30
5241,Cliente05241,cliente05241@example.com,Santa Fe,2023-01-08
5242,Cliente05242,cliente05242@example.com,Chubut,2022-10-05
5243,Cliente05243,cliente05243@example.com,Chubut,2023-01-03
5244,Cliente05244,cliente05244@example.com,Mendoza,2022-02-26
5245,Cliente05245,cliente05245@example.com,Córdoba,2023-04-04
5246,Cliente05246,cliente05246@example.com,Neuquén,2022-12-15
5247,Cliente05247,cliente05247@example.com,San Luis,2023-11-21
5248,Cliente05248,cliente05248@example.com,Mendoza,2023-12-10
5249,Cliente05249,cliente05249@example.com,Córdoba,2021-04-26
5250,Cliente05250,cliente05250@example.com,Tucumán,2020-01-06
5251,Cliente05251,cliente05251@example.com,Mendoza,2020-02-05
5252,Cliente05252,cliente05252@example.com,Tucumán,2023-02-17
5253,Cliente05253,cliente05253@example.com,Santa Fe,2020-09-30
5254,Cliente05254,cliente05254@example.com,Córdoba,2020-05-02
5255,Cliente05255,cliente05255@example.com,Tucumán,2022-01-09
5256,Cliente05256,cliente05256@example.com,Rosario,2021-08-26
5257,Cliente05257,cliente05257@example.com,Santa Fe,2020-10-22
5258,Cliente05258,cliente05258@example.com,Chubut,2022-05-12
5259,Cliente05259,cliente05259@example.com,Mendoza,2021-03-07
5260,Cliente05260,cliente05260@example.com,Mendoza,2020-04-24
5261,Cliente05261,cliente05261@example.com,Rosario,2020-08-28
5262,Cliente05262,cliente05262@example.com,Rosario,2022-02-12
5263,Cliente05263,cliente05263@example.com,CABA,2023-11-26
5264,Cliente05264,cliente05264@example.com,Neuquén,2022-01-31
5265,Cliente05265,cliente05265@example.com,CABA,2023-12-07
5266,Cliente05266,cliente05266@example.com,Córdoba,2023-09-19
5267,Cliente05267,cliente05267@example.com,San Luis,2020-05-31
5268,Cliente05268,cliente05268@example.com,Santa Fe,2023-05-01
5269,Cliente05269,cliente05269@example.com,Rosario,2020-03-02
5270,Cliente05270,cliente05270@example.com,Rosario,2022-01-18
5271,Cliente05271,cliente05271@example.com,Rosario,2020-06-10
5272,Cliente05272,cliente05272@example.com,Mendoza,2020-06-06
5273,Cliente05273,cliente05273@example.com,CABA,2023-03-11
5274,Cliente05274,cliente05274@example.com,Neuquén,2020-11-02
5275,Cliente05275,cliente05275@example.com,Rosario,2022-08-20
5276,Cliente05276,cliente05276@example.com,Rosario,2022-12-16
5277,Cliente05277,cliente05277@example.com,Salta,2022-08-20
5278,Cliente05278,cliente05278@example.com,Neuquén,2021-11-21
5279,Cliente05279,cliente05279@example.com,Santa Fe,2023-08-13
5280,Cliente05280,cliente05280@example.com,CABA,2021-08-10
5281,Cliente05281,cliente05281@example.com,Córdoba,2020-11-15
5282,Cliente05282,cliente05282@example.com,CABA,2023-08-08
5283,Cliente05283,cliente05283@example.com,CABA,2023-05-22
5284,Cliente05284,cliente05284@example.com,Rosario,2022-10-27
5285,Cliente05285,cliente05285@example.com,Rosario,2020-01-23
5286,Cliente05286,cliente05286@example.com,Neuquén,2022-05-17
5287,Cliente05287,cliente05287@example.com,Santa Fe,2023-02-08
5288,Cliente05288,cliente05288@example.com,Salta,2023-03-17
5289,Cliente05289,cliente05289@example.com,Chubut,2021-09-18
5290,Cliente05290,cliente05290@example.com,Mendoza,2022-05-17
5291,Cliente05291,cliente05291@example.com,Rosario,2021-07-10
5292,Cliente05292,cliente05292@example.com,Córdoba,2022-12-04
5293,Cliente05293,cliente05293@example.com,Neuquén,2020-09-13
5294,Cliente05294,cliente05294@example.com,Mendoza,2022-03-31
5295,Cliente05295,cliente05295@example.com,San Luis,2020-04-24
5296,Cliente05296,cliente05296@example.com,Mendoza,2022-03-14
5297,Cliente05297,cliente05297@example.com,Rosario,2023-02-19
5298,Cliente05298,cliente05298@example.com,San Luis,2020-06-07
5299,Cliente05299,cliente05299@example.com,Santa Fe,2022-09-04
5300,Cliente05300,cliente05300@example.com,Tucumán,2023-08-29
5301,Cliente05301,cliente05301@example.com,Neuquén,2022-02-18
5302,Cliente05302,cliente05302@example.com,Rosario,2020-04-21
5303,Cliente05303,cliente05303@example.com,Tucumán,2023-08-17
5304,Cliente05304,cliente05304@example.com,Neuquén,2021-02-02
5305,Cliente05305,cliente05305@example.com,Salta,2020-08-10
5306,Cliente05306,cliente05306@example.com,Córdoba,2020-06-08
5307,Cliente05307,cliente05307@example.com,Tucumán,2023-05-20
5308,Cliente05308,cliente05308@example.com,Tucumán,2020-02-27
5309,Cliente05309,cliente05309@example.com,Mendoza,2021-07-31
5310,Cliente05310,cliente05310@example.com,Rosario,2023-01-14
5311,Cliente05311,cliente05311@example.com,Córdoba,2020-05-13
5312,Cliente05312,cliente05312@example.com,Mendoza,2023-05-07
5313,Cliente05313,cliente05313@example.com,CABA,2021-09-25
5314,Cliente05314,cliente05314@example.com,Mendoza,2023-02-03
5315,Cliente05315,cliente05315@example.com,Mendoza,2023-07-31
5316,Cliente05316,cliente05316@example.com,CABA,2021-05-07
5317,Cliente05317,cliente05317@example.com,Salta,2020-06-23
5318,Cliente05318,cliente05318@example.com,San Luis,2023-03-02
5319,Cliente05319,cliente05319@example.com,CABA,2023-02-28
5320,Cliente05320,cliente05320@example.com,Santa Fe,2020-04-03
5321,Cliente05321,cliente05321@example.com,CABA,2021-10-06
5322,Cliente05322,cliente05322@example.com,Córdoba,2021-09-24
5323,Cliente05323,cliente05323@example.com,CABA,2021-12-31
5324,Cliente05324,cliente05324@example.com,Salta,2022-03-26
5325,Cliente05325,cliente05325@example.com,Chubut,2021-02-03
5326,Cliente05326,cliente05326@example.com,Tucumán,2022-03-11
5327,Cliente05327,cliente05327@example.com,Tucumán,2020-09-22
5328,Cliente05328,cliente05328@example.com,Córdoba,2021-11-09
5329,Cliente05329,cliente05329@example.com,Neuquén,2022-10-28
5330,Cliente05330,cliente05330@example.com,Córdoba,2022-10-25
5331,Cliente05331,cliente05331@example.com,Rosario,2020-02-18
5332,Cliente05332,cliente05332@example.com,San Luis,2022-02-21
5333,Cliente05333,cliente05333@example.com,Santa Fe,2023-04-15
5334,Cliente05334,cliente05334@example.com,CABA,2021-08-17
5335,Cliente05335,cliente05335@example.com,Rosario,2020-11-06
5336,Cliente05336,cliente05336@example.com,Santa Fe,2020-06-10
5337,Cliente05337,cliente05337@example.com,Córdoba,2021-04-19
5338,Cliente05338,cliente05338@example.com,Mendoza,2023-10-27
5339,Cliente05339,cliente05339@example.com,Rosario,2020-11-25
5340,Cliente05340,cliente05340@example.com,Chubut,2022-11-23
5341,Cliente05341,cliente05341@example.com,San Luis,2023-08-27
5342,Cliente05342,cliente05342@example.com,Chubut,2021-11-30
5343,Cliente05343,cliente05343@example.com,Santa Fe,2020-09-25
5344,Cliente05344,cliente05344@example.com,Tucumán,2021-08-18
5345,Cliente05345,cliente05345@example.com,Tucumán,2023-06-30
5346,Cliente05346,cliente05346@example.com,Neuquén,2020-03-22
5347,Cliente05347,cliente05347@example.com,Neuquén,2021-05-04
5348,Cliente05348,cliente05348@example.com,Mendoza,2023-06-04
5349,Cliente05349,cliente05349@example.com,San Luis,2020-06-02
5350,Cliente05350,cliente05350@example.com,Rosario,2023-03-07
5351,Cliente05351,cliente05351@example.com,Santa Fe,2020-07-18
5352,Cliente05352,cliente05352@example.com,CABA,2020-10-19
5353,Cliente05353,cliente05353@example.com,Salta,2023-01-25
5354,Cliente05354,cliente05354@example.com,Córdoba,2022-10-18
5355,Cliente05355,cliente05355@example.com,Córdoba,2022-07-20
5356,Cliente05356,cliente05356@example.com,Tucumán,2020-12-13
5357,Cliente05357,cliente05357@example.com,Salta,2020-11-26
5358,Cliente05358,cliente05358@example.com,Córdoba,2021-07-27
5359,Cliente05359,cliente05359@example.com,San Luis,2022-01-14
5360,Cliente05360,cliente05360@example.com,Tucumán,2020-07-01
5361,Cliente05361,cliente05361@example.com,Córdoba,2021-01-01
5362,Cliente05362,cliente05362@example.com,Santa Fe,2021-06-12
5363,Cliente05363,cliente05363@example.com,Santa Fe,2021-06-08
5364,Cliente05364,cliente05364@example.com,Santa Fe,2023-08-24
5365,Cliente05365,cliente05365@example.com,Rosario,2020-09-10
5366,Cliente05366,cliente05366@example.com,San Luis,2022-09-26
5367,Cliente05367,cliente05367@example.com,CABA,2022-01-14
5368,Cliente05368,cliente05368@example.com,Salta,2022-04-01
5369,Cliente05369,cliente05369@example.com,Neuquén,2023-06-23
5370,Cliente05370,cliente05370@example.com,Rosario,2022-06-21
5371,Cliente05371,cliente05371@example.com,Tucumán,2022-11-15
5372,Cliente05372,cliente05372@example.com,San Luis,2021-10-04
5373,Cliente05373,cliente05373@example.com,Tucumán,2020-06-19
5374,Cliente05374,cliente05374@example.com,Neuquén,2022-11-02
5375,Cliente05375,cliente05375@example.com,Santa Fe,2021-06-22
5376,Cliente05376,cliente05376@example.com,CABA,2023-06-25
5377,Cliente05377,cliente05377@example.com,CABA,2021-05-16
5378,Cliente05378,cliente05378@example.com,Chubut,2020-01-17
5379,Cliente05379,cliente05379@example.com,Rosario,2020-08-03
5380,Cliente05380,cliente05380@example.com,Salta,2022-02-08
5381,Cliente05381,cliente05381@example.com,Rosario,2023-03-13
5382,Cliente05382,cliente05382@example.com,Neuquén,2020-05-29
5383,Cliente05383,cliente05383@example.com,Mendoza,2022-03-06
5384,Cliente05384,cliente05384@example.com,Santa Fe,2023-10-02
5385,Cliente05385,cliente05385@example.com,Córdoba,2021-12-15
5386,Cliente05386,cliente05386@example.com,Santa Fe,2022-08-17
5387,Cliente05387,cliente05387@example.com,Chubut,2022-08-10
5388,Cliente05388,cliente05388@example.com,Córdoba,2020-06-24
5389,Cliente05389,cliente05389@example.com,Rosario,2020-08-09
5390,Cliente05390,cliente05390@example.com,Neuquén,2022-06-06
5391,Cliente05391,cliente05391@example.com,Mendoza,2022-04-02
5392,Cliente05392,cliente05392@example.com,Tucumán,2020-05-12
5393,Cliente05393,cliente05393@example.com,Tucumán,2021-12-02
5394,Cliente05394,cliente05394@example.com,San Luis,2022-09-22
5395,Cliente05395,cliente05395@example.com,Mendoza,2023-12-09
5396,Cliente05396,cliente05396@example.com,Santa Fe,2020-08-22
5397,Cliente05397,cliente05397@example.com,Salta,2022-07-19
5398,Cliente05398,cliente05398@example.com,CABA,2023-01-21
5399,Cliente05399,cliente05399@example.com,Rosario,2022-08-20
5400,Cliente05400,cliente05400@example.com,Rosario,2023-08-04
5401,Cliente05401,cliente05401@example.com,Mendoza,2021-10-17
5402,Cliente05402,cliente05402@example.com,San Luis,2020-03-05
5403,Cliente05403,cliente05403@example.com,San Luis,2022-02-17
5404,Cliente05404,cliente05404@example.com,CABA,2022-01-10
5405,Cliente05405,cliente05405@example.com,Neuquén,2022-08-27
5406,Cliente05406,cliente05406@example.com,Mendoza,2020-04-20
5407,Cliente05407,cliente05407@example.com,Mendoza,2020-02-16
5408,Cliente05408,cliente05408@example.com,Neuquén,2021-07-06
5409,Cliente05409,cliente05409@example.com,Salta,2023-07-25
5410,Cliente05410,cliente05410@example.com,Rosario,2020-06-20
5411,Cliente05411,cliente05411@example.com,Rosario,2020-05-21
5412,Cliente05412,cliente05412@example.com,Salta,2022-04-09
5413,Cliente05413,cliente05413@example.com,Córdoba,2021-09-02
5414,Cliente05414,cliente05414@example.com,Santa Fe,2022-05-09
5415,Cliente05415,cliente05415@example.com,Chubut,2021-03-14
5416,Cliente05416,cliente05416@example.com,Salta,2021-01-11
5417,Cliente05417,cliente05417@example.com,CABA,2020-07-08
5418,Cliente05418,cliente05418@example.com,Neuquén,2021-12-01
5419,Cliente05419,cliente05419@example.com,Salta,2020-12-02
5420,Cliente05420,cliente05420@example.com,Mendoza,2021-12-16
5421,Cliente05421,cliente05421@example.com,Neuquén,2022-09-13
5422,Cliente05422,cliente05422@example.com,Santa Fe,2023-01-01
5423,Cliente05423,cliente05423@example.com,Rosario,2023-11-27
5424,Cliente05424,cliente05424@example.com,Neuquén,2021-12-27
5425,Cliente05425,cliente05425@example.com,San Luis,2022-03-07
5426,Cliente05426,cliente05426@example.com,CABA,2023-02-22
5427,Cliente05427,cliente05427@example.com,San Luis,2021-02-10
5428,Cliente05428,cliente05428@example.com,Córdoba,2023-09-29
5429,Cliente05429,cliente05429@example.com,San Luis,2023-06-16
5430,Cliente05430,cliente05430@example.com,Rosario,2021-10-25
5431,Cliente05431,cliente05431@example.com,Tucumán,2020-01-30
5432,Cliente05432,cliente05432@example.com,Rosario,2022-07-28
5433,Cliente05433,cliente05433@example.com,Rosario,2022-10-19
5434,Cliente05434,cliente05434@example.com,Tucumán,2020-08-20
5435,Cliente05435,cliente05435@example.com,Neuquén,2021-06-22
5436,Cliente05436,cliente05436@example.com,Chubut,2020-01-08
5437,Cliente05437,cliente05437@example.com,Santa Fe,2020-09-14
5438,Cliente05438,cliente05438@example.com,Santa Fe,2023-08-01
5439,Cliente05439,cliente05439@example.com,San Luis,2020-07-18
5440,Cliente05440,cliente05440@example.com,CABA,2021-03-23
5441,Cliente05441,cliente05441@example.com,Mendoza,2022-05-10
5442,Cliente05442,cliente05442@example.com,Chubut,2020-12-06
5443,Cliente05443,cliente05443@example.com,San Luis,2022-02-12
5444,Cliente05444,cliente05444@example.com,Mendoza,2021-12-13
5445,Cliente05445,cliente05445@example.com,Mendoza,2021-01-26
5446,Cliente05446,cliente05446@example.com,San Luis,2020-01-30
5447,Cliente05447,cliente05447@example.com,Tucumán,2022-01-15
5448,Cliente05448,cliente05448@example.com,CABA,2021-09-10
5449,Cliente05449,cliente05449@example.com,Salta,2022-10-25
5450,Cliente05450,cliente05450@example.com,Córdoba,2023-12-03
5451,Cliente05451,cliente05451@example.com,Santa Fe,2023-08-21
5452,Cliente05452,cliente05452@example.com,Santa Fe,2022-04-27
5453,Cliente05453,cliente05453@example.com,Neuquén,2021-12-21
5454,Cliente05454,cliente05454@example.com,Tucumán,2023-01-15
5455,Cliente05455,cliente05455@example.com,Neuquén,2022-12-07
5456,Cliente05456,cliente05456@example.com,Tucumán,2020-08-20
5457,Cliente05457,cliente05457@example.com,Rosario,2022-07-28
5458,Cliente05458,cliente05458@example.com,Neuquén,2022-02-03
5459,Cliente05459,cliente05459@example.com,Rosario,2023-02-06
5460,Cliente05460,cliente05460@example.com,San Luis,2020-11-29
5461,Cliente05461,cliente05461@example.com,Chubut,2022-06-11
5462,Cliente05462,cliente05462@example.com,Neuquén,2021-08-06
5463,Cliente05463,cliente05463@example.com,Neuquén,2023-07-22
5464,Cliente05464,cliente05464@example.com,Salta,2023-12-08
5465,Cliente05465,cliente05465@example.com,San Luis,2020-07-22
5466,Cliente05466,cliente05466@example.com,Córdoba,2020-07-31
5467,Cliente05467,cliente05467@example.com,Córdoba,2023-08-23
5468,Cliente05468,cliente05468@example.com,CABA,2023-06-16
5469,Cliente05469,cliente05469@example.com,Neuquén,2020-07-31
5470,Cliente05470,cliente05470@example.com,Santa Fe,2023-07-01
5471,Cliente05471,cliente05471@example.com,Chubut,2020-07-23
5472,Cliente05472,cliente05472@example.com,Santa Fe,2022-10-27
5473,Cliente05473,cliente05473@example.com,San Luis,2020-03-07
5474,Cliente05474,cliente05474@example.com,Salta,2022-05-11
5475,Cliente05475,cliente05475@example.com,Mendoza,2021-04-01
5476,Cliente05476,cliente05476@example.com,Santa Fe,2023-02-03
5477,Cliente05477,cliente05477@example.com,Neuquén,2020-08-22
5478,Cliente05478,cliente05478@example.com,Mendoza,2022-08-19
5479,Cliente05479,cliente05479@example.com,Córdoba,2021-12-19
5480,Cliente05480,cliente05480@example.com,Santa Fe,2022-04-25
5481,Cliente05481,cliente05481@example.com,Neuquén,2020-01-16
5482,Cliente05482,cliente05482@example.com,Tucumán,2021-04-03
5483,Cliente05483,cliente05483@example.com,Chubut,2021-08-03
5484,Cliente05484,cliente05484@example.com,Salta,2023-09-10
5485,Cliente05485,cliente05485@example.com,Salta,2021-09-21
5486,Cliente05486,cliente05486@example.com,Neuquén,2023-10-10
5487,Cliente05487,cliente05487@example.com,Mendoza,2020-01-09
5488,Cliente05488,cliente05488@example.com,Neuquén,2020-03-07
5489,Cliente05489,cliente05489@example.com,CABA,2020-02-23
5490,Cliente05490,cliente05490@example.com,Rosario,2022-02-05
5491,Cliente05491,cliente05491@example.com,Chubut,2023-05-13
5492,Cliente05492,cliente05492@example.com,Tucumán,2021-11-17
5493,Cliente05493,cliente05493@example.com,Rosario,2023-03-17
5494,Cliente05494,cliente05494@example.com,Neuquén,2021-05-10
5495,Cliente05495,cliente05495@example.com,Chubut,2022-03-12
5496,Cliente05496,cliente05496@example.com,Mendoza,2023-06-16
5497,Cliente05497,cliente05497@example.com,Neuquén,2020-04-15
5498,Cliente05498,cliente05498@example.com,San Luis,2022-05-28
5499,Cliente05499,cliente05499@example.com,Rosario,2023-07-27
5500,Cliente05500,cliente05500@example.com,Neuquén,2020-12-21
5501,Cliente05501,cliente05501@example.com,Neuquén,2021-10-13
5502,Cliente05502,cliente05502@example.com,Chubut,2020-11-20
5503,Cliente05503,cliente05503@example.com,Neuquén,2021-04-18
5504,Cliente05504,cliente05504@example.com,Córdoba,2023-12-25
5505,Cliente05505,cliente05505@example.com,Rosario,2022-10-29
5506,Cliente05506,cliente05506@example.com,Córdoba,2023-07-17
5507,Cliente05507,cliente05507@example.com,San Luis,2022-03-13
5508,Cliente05508,cliente05508@example.com,Salta,2023-02-06
5509,Cliente05509,cliente05509@example.com,Rosario,2021-10-22
5510,Cliente05510,cliente05510@example.com,Mendoza,2020-07-09
5511,Cliente05511,cliente05511@example.com,Córdoba,2020-02-22
5512,Cliente05512,cliente05512@example.com,Neuquén,2020-01-24
5513,Cliente05513,cliente05513@example.com,San Luis,2020-11-09
5514,Cliente05514,cliente05514@example.com,CABA,2023-06-19
5515,Cliente05515,cliente05515@example.com,Chubut,2020-06-10
5516,Cliente05516,cliente05516@example.com,San Luis,2022-02-22
5517,Cliente05517,cliente05517@example.com,CABA,2020-09-24
5518,Cliente05518,cliente05518@example.com,Santa Fe,2023-07-23
5519,Cliente05519,cliente05519@example.com,Tucumán,2021-01-17
5520,Cliente05520,cliente05520@example.com,Mendoza,2023-08-29
5521,Cliente05521,cliente05521@example.com,Mendoza,2021-08-31
5522,Cliente05522,cliente05522@example.com,Mendoza,2023-01-01
5523,Cliente05523,cliente05523@example.com,Mendoza,2022-02-13
5524,Cliente05524,cliente05524@example.com,Salta,2023-09-12
5525,Cliente05525,cliente05525@example.com,CABA,2021-07-17
5526,Cliente05526,cliente05526@example.com,Córdoba,2020-10-21
5527,Cliente05527,cliente05527@example.com,CABA,2023-07-31
5528,Cliente05528,cliente05528@example.com,San Luis,2020-07-30
5529,Cliente05529,cliente05529@example.com,Córdoba,2022-07-29
5530,Cliente05530,cliente05530@example.com,San Luis,2020-09-08
5531,Cliente05531,cliente05531@example.com,Córdoba,2020-10-17
5532,Cliente05532,cliente05532@example.com,Salta,2021-06-20
5533,Cliente05533,cliente05533@example.com,Rosario,2020-07-09
5534,Cliente05534,cliente05534@example.com,Córdoba,2022-10-09
5535,Cliente05535,cliente05535@example.com,Tucumán,2021-03-01
5536,Cliente05536,cliente05536@example.com,Neuquén,2020-07-25
5537,Cliente05537,cliente05537@example.com,Santa Fe,2020-02-14
5538,Cliente05538,cliente05538@example.com,Neuquén,2020-05-30
5539,Cliente05539,cliente05539@example.com,Santa Fe,2023-07-05
5540,Cliente05540,cliente05540@example.com,Córdoba,2021-03-06
5541,Cliente05541,cliente05541@example.com,Neuquén,2022-02-07
5542,Cliente05542,cliente05542@example.com,Tucumán,2023-07-21
5543,Cliente05543,cliente05543@example.com,Santa Fe,2020-11-25
5544,Cliente05544,cliente05544@example.com,Rosario,2021-09-03
5545,Cliente05545,cliente05545@example.com,CABA,2020-12-31
5546,Cliente05546,cliente05546@example.com,San Luis,2023-07-16
5547,Cliente05547,cliente05547@example.com,San Luis,2020-03-05
5548,Cliente05548,cliente05548@example.com,Córdoba,2021-12-03
5549,Cliente05549,cliente05549@example.com,Tucumán,2022-09-18
5550,Cliente05550,cliente05550@example.com,San Luis,2023-05-13
5551,Cliente05551,cliente05551@example.com,Chubut,2020-01-11
5552,Cliente05552,cliente05552@example.com,Rosario,2022-12-04
5553,Cliente05553,cliente05553@example.com,Salta,2020-09-06
5554,Cliente05554,cliente05554@example.com,Mendoza,2023-05-26
5555,Cliente05555,cliente05555@example.com,CABA,2023-01-02
5556,Cliente05556,cliente05556@example.com,CABA,2022-11-26
5557,Cliente05557,cliente05557@example.com,Chubut,2020-11-08
5558,Cliente05558,cliente05558@example.com,Mendoza,2022-01-17
5559,Cliente05559,cliente05559@example.com,Córdoba,2021-03-20
5560,Cliente05560,cliente05560@example.com,CABA,2021-11-01
5561,Cliente05561,cliente05561@example.com,Rosario,2021-03-26
5562,Cliente05562,cliente05562@example.com,Córdoba,2023-11-17
5563,Cliente05563,cliente05563@example.com,Rosario,2021-07-02
5564,Cliente05564,cliente05564@example.com,Salta,2022-09-13
5565,Cliente05565,cliente05565@example.com,Mendoza,2020-07-07
5566,Cliente05566,cliente05566@example.com,Tucumán,2023-12-21
5567,Cliente05567,cliente05567@example.com,Chubut,2023-08-28
5568,Cliente05568,cliente05568@example.com,Salta,2022-08-14
5569,Cliente05569,cliente05569@example.com,Santa Fe,2022-06-12
5570,Cliente05570,cliente05570@example.com,Chubut,2022-03-30
5571,Cliente05571,cliente05571@example.com,Mendoza,2021-05-27
5572,Cliente05572,cliente05572@example.com,Rosario,2021-02-09
5573,Cliente05573,cliente05573@example.com,Salta,2022-03-15
5574,Cliente05574,cliente05574@example.com,Córdoba,2023-04-10
5575,Cliente05575,cliente05575@example.com,San Luis,2021-09-30
5576,Cliente05576,cliente05576@example.com,Rosario,2021-02-25
5577,Cliente05577,cliente05577@example.com,Santa Fe,2022-06-06
5578,Cliente05578,cliente05578@example.com,Santa Fe,2022-05-17
5579,Cliente05579,cliente05579@example.com,San Luis,2021-07-10
5580,Cliente05580,cliente05580@example.com,Tucumán,2023-06-29
5581,Cliente05581,cliente05581@example.com,Córdoba,2023-05-28
5582,Cliente05582,cliente05582@example.com,Neuquén,2022-05-29
5583,Cliente05583,cliente05583@example.com,Mendoza,2023-03-07
5584,Cliente05584,cliente05584@example.com,Tucumán,2022-02-04
5585,Cliente05585,cliente05585@example.com,Córdoba,2022-07-09
5586,Cliente05586,cliente05586@example.com,Rosario,2020-03-10
5587,Cliente05587,cliente05587@example.com,Chubut,2021-06-02
5588,Cliente05588,cliente05588@example.com,San Luis,2022-04-19
5589,Cliente05589,cliente05589@example.com,Salta,2023-05-21
5590,Cliente05590,cliente05590@example.com,Chubut,2021-12-22
5591,Cliente05591,cliente05591@example.com,Neuquén,2020-03-02
5592,Cliente05592,cliente05592@example.com,Córdoba,2021-01-03
5593,Cliente05593,cliente05593@example.com,Tucumán,2022-05-29
5594,Cliente05594,cliente05594@example.com,Rosario,2022-01-02
5595,Cliente05595,cliente05595@example.com,Mendoza,2020-05-28
5596,Cliente05596,cliente05596@example.com,Mendoza,2023-09-07
5597,Cliente05597,cliente05597@example.com,Tucumán,2022-01-31
5598,Cliente05598,cliente05598@example.com,Rosario,2021-10-05
5599,Cliente05599,cliente05599@example.com,Córdoba,2020-01-20
5600,Cliente05600,cliente05600@example.com,Tucumán,2023-11-10
5601,Cliente05601,cliente05601@example.com,CABA,2021-11-04
5602,Cliente05602,cliente05602@example.com,Mendoza,2022-08-11
5603,Cliente05603,cliente05603@example.com,San Luis,2021-10-20
5604,Cliente05604,cliente05604@example.com,Mendoza,2023-02-24
5605,Cliente05605,cliente05605@example.com,Córdoba,2022-02-28
5606,Cliente05606,cliente05606@example.com,Salta,2023-05-17
5607,Cliente05607,cliente05607@example.com,Mendoza,2022-12-15
5608,Cliente05608,cliente05608@example.com,Mendoza,2020-07-29
5609,Cliente05609,cliente05609@example.com,Chubut,2021-07-23
5610,Cliente05610,cliente05610@example.com,San Luis,2023-10-06
5611,Cliente05611,cliente05611@example.com,Córdoba,2023-03-21
5612,Cliente05612,cliente05612@example.com,Neuquén,2023-10-29
5613,Cliente05613,cliente05613@example.com,Neuquén,2021-10-12
5614,Cliente05614,cliente05614@example.com,Tucumán,2021-02-09
5615,Cliente05615,cliente05615@example.com,Mendoza,2020-04-11
5616,Cliente05616,cliente05616@example.com,Santa Fe,2022-10-18
5617,Cliente05617,cliente05617@example.com,CABA,2021-07-16
5618,Cliente05618,cliente05618@example.com,Neuquén,2020-09-01
5619,Cliente05619,cliente05619@example.com,Córdoba,2022-07-16
5620,Cliente05620,cliente05620@example.com,Rosario,2023-05-16
5621,Cliente05621,cliente05621@example.com,Tucumán,2023-04-25
5622,Cliente05622,cliente05622@example.com,Neuquén,2021-04-29
5623,Cliente05623,cliente05623@example.com,San Luis,2020-02-13
5624,Cliente05624,cliente05624@example.com,Salta,2020-02-06
5625,Cliente05625,cliente05625@example.com,San Luis,2020-01-10
5626,Cliente05626,cliente05626@example.com,Santa Fe,2021-08-05
5627,Cliente05627,cliente05627@example.com,Rosario,2022-04-04
5628,Cliente05628,cliente05628@example.com,CABA,2022-12-28
5629,Cliente05629,cliente05629@example.com,Chubut,2020-03-21
5630,Cliente05630,cliente05630@example.com,Tucumán,2023-08-13
5631,Cliente05631,cliente05631@example.com,CABA,2020-05-22
5632,Cliente05632,cliente05632@example.com,Santa Fe,2020-07-13
5633,Cliente05633,cliente05633@example.com,Neuquén,2021-09-08
5634,Cliente05634,cliente05634@example.com,Salta,2021-10-11
5635,Cliente05635,cliente05635@example.com,Tucumán,2022-03-30
5636,Cliente05636,cliente05636@example.com,Córdoba,2023-02-13
5637,Cliente05637,cliente05637@example.com,Tucumán,2022-10-08
5638,Cliente05638,cliente05638@example.com,San Luis,2020-04-06
5639,Cliente05639,cliente05639@example.com,Neuquén,2021-09-03
5640,Cliente05640,cliente05640@example.com,Santa Fe,2022-10-07
5641,Cliente05641,cliente05641@example.com,Córdoba,2022-02-04
5642,Cliente05642,cliente05642@example.com,San Luis,2020-07-29
5643,Cliente05643,cliente05643@example.com,CABA,2021-04-03
5644,Cliente05644,cliente05644@example.com,CABA,2020-01-22
5645,Cliente05645,cliente05645@example.com,Rosario,2020-08-03
5646,Cliente05646,cliente05646@example.com,Tucumán,2023-11-09
5647,Cliente05647,cliente05647@example.com,Neuquén,2021-04-08
5648,Cliente05648,cliente05648@example.com,Rosario,2020-06-29
5649,Cliente05649,cliente05649@example.com,Mendoza,2022-01-25
5650,Cliente05650,cliente05650@example.com,Chubut,2020-01-11
5651,Cliente05651,cliente05651@example.com,CABA,2021-06-15
5652,Cliente05652,cliente05652@example.com,CABA,2020-08-14
5653,Cliente05653,cliente05653@example.com,CABA,2021-09-15
5654,Cliente05654,cliente05654@example.com,Córdoba,2021-06-24
5655,Cliente05655,cliente05655@example.com,Tucumán,2023-11-09
5656,Cliente05656,cliente05656@example.com,San Luis,2022-02-16
5657,Cliente05657,cliente05657@example.com,Salta,2023-12-01
5658,Cliente05658,cliente05658@example.com,Rosario,2020-10-09
5659,Cliente05659,cliente05659@example.com,San Luis,2022-08-01
5660,Cliente05660,cliente05660@example.com,Córdoba,2020-09-15
5661,Cliente05661,cliente05661@example.com,Tucumán,2020-10-30
5662,Cliente05662,cliente05662@example.com,San Luis,2022-04-26
5663,Cliente05663,cliente05663@example.com,Santa Fe,2023-09-30
5664,Cliente05664,cliente05664@example.com,Córdoba,2022-12-04
5665,Cliente05665,cliente05665@example.com,Chubut,2021-05-07
5666,Cliente05666,cliente05666@example.com,San Luis,2022-09-05
5667,Cliente05667,cliente05667@example.com,Santa Fe,2021-07-28
5668,Cliente05668,cliente05668@example.com,Tucumán,2022-09-15
5669,Cliente05669,cliente05669@example.com,Mendoza,2020-07-07
5670,Cliente05670,cliente05670@example.com,Salta,2021-08-29
5671,Cliente05671,cliente05671@example.com,Córdoba,2021-12-23
5672,Cliente05672,cliente05672@example.com,Chubut,2021-05-11
5673,Cliente05673,cliente05673@example.com,Mendoza,2023-11-24
5674,Cliente05674,cliente05674@example.com,Córdoba,2020-06-02
5675,Cliente05675,cliente05675@example.com,Santa Fe,2020-05-03
5676,Cliente05676,cliente05676@example.com,Mendoza,2020-01-27
5677,Cliente05677,cliente05677@example.com,Mendoza,2022-08-16
5678,Cliente05678,cliente05678@example.com,Neuquén,2021-01-19
5679,Cliente05679,cliente05679@example.com,Santa Fe,2020-08-02
5680,Cliente05680,cliente05680@example.com,Tucumán,2021-03-03
5681,Cliente05681,cliente05681@example.com,San Luis,2022-12-16
5682,Cliente05682,cliente05682@example.com,Chubut,2021-10-03
5683,Cliente05683,cliente05683@example.com,Salta,2023-12-22
5684,Cliente05684,cliente05684@example.com,Santa Fe,2023-09-04
5685,Cliente05685,cliente05685@example.com,Rosario,2022-10-30
5686,Cliente05686,cliente05686@example.com,Córdoba,2020-09-23
5687,Cliente05687,cliente05687@example.com,Mendoza,2022-01-14
5688,Cliente05688,cliente05688@example.com,Neuquén,2022-07-15
5689,Cliente05689,cliente05689@example.com,San Luis,2022-11-17
5690,Cliente05690,cliente05690@example.com,Mendoza,2022-03-30
5691,Cliente05691,cliente05691@example.com,Mendoza,2020-05-20
5692,Cliente05692,cliente05692@example.com,Salta,2022-05-16
5693,Cliente05693,cliente05693@example.com,Rosario,2023-11-06
5694,Cliente05694,cliente05694@example.com,Salta,2023-03-28
5695,Cliente05695,cliente05695@example.com,Córdoba,2020-10-28
5696,Cliente05696,cliente05696@example.com,Santa Fe,2020-08-07
5697,Cliente05697,cliente05697@example.com,Córdoba,2021-05-07
5698,Cliente05698,cliente05698@example.com,CABA,2022-08-01
5699,Cliente05699,cliente05699@example.com,Rosario,2021-06-30
5700,Cliente05700,cliente05700@example.com,CABA,2022-09-02
5701,Cliente05701,cliente05701@example.com,Chubut,2022-07-16
5702,Cliente05702,cliente05702@example.com,Tucumán,2021-06-27
5703,Cliente05703,cliente05703@example.com,Córdoba,2023-02-01
5704,Cliente05704,cliente05704@example.com,Córdoba,2021-12-26
5705,Cliente05705,cliente05705@example.com,Neuquén,2021-03-10
5706,Cliente05706,cliente05706@example.com,Rosario,2022-03-23
5707,Cliente05707,cliente05707@example.com,Chubut,2022-06-01
5708,Cliente05708,cliente05708@example.com,Chubut,2021-11-14
5709,Cliente05709,cliente05709@example.com,CABA,2022-06-22
5710,Cliente05710,cliente05710@example.com,Salta,2022-01-27
5711,Cliente05711,cliente05711@example.com,Córdoba,2020-04-10
5712,Cliente05712,cliente05712@example.com,Neuquén,2022-05-15
5713,Cliente05713,cliente05713@example.com,Mendoza,2021-08-25
5714,Cliente05714,cliente05714@example.com,Mendoza,2022-04-04
5715,Cliente05715,cliente05715@example.com,Rosario,2023-05-01
5716,Cliente05716,cliente05716@example.com,Salta,2022-12-20
5717,Cliente05717,cliente05717@example.com,San Luis,2022-10-07
5718,Cliente05718,cliente05718@example.com,Chubut,2022-06-06
5719,Cliente05719,cliente05719@example.com,Córdoba,2023-10-27
5720,Cliente05720,cliente05720@example.com,CABA,2023-08-16
5721,Cliente05721,cliente05721@example.com,Mendoza,2020-08-15
5722,Cliente05722,cliente05722@example.com,Mendoza,2020-08-23
5723,Cliente05723,cliente05723@example.com,CABA,2020-03-14
5724,Cliente05724,cliente05724@example.com,San Luis,2021-06-29
5725,Cliente05725,cliente05725@example.com,Mendoza,2020-05-14
5726,Cliente05726,cliente05726@example.com,Chubut,2020-07-25
5727,Cliente05727,cliente05727@example.com,Salta,2021-04-08
5728,Cliente05728,cliente05728@example.com,San Luis,2023-12-03
5729,Cliente05729,cliente05729@example.com,Neuquén,2022-03-13
5730,Cliente05730,cliente05730@example.com,Neuquén,2020-07-26
5731,Cliente05731,cliente05731@example.com,Mendoza,2023-11-17
5732,Cliente05732,cliente05732@example.com,Salta,2022-10-11
5733,Cliente05733,cliente05733@example.com,Mendoza,2020-12-16
5734,Cliente05734,cliente05734@example.com,Mendoza,2021-12-12
5735,Cliente05735,cliente05735@example.com,Salta,2023-12-16
5736,Cliente05736,cliente05736@example.com,San Luis,2021-08-12
5737,Cliente05737,cliente05737@example.com,CABA,2020-07-12
5738,Cliente05738,cliente05738@example.com,Rosario,2022-10-27
5739,Cliente05739,cliente05739@example.com,San Luis,2022-09-03
5740,Cliente05740,cliente05740@example.com,Salta,2023-11-09
5741,Cliente05741,cliente05741@example.com,Mendoza,2020-12-14
5742,Cliente05742,cliente05742@example.com,Tucumán,2023-10-27
5743,Cliente05743,cliente05743@example.com,Córdoba,2020-12-07
5744,Cliente05744,cliente05744@example.com,Rosario,2021-11-11
5745,Cliente05745,cliente05745@example.com,Santa Fe,2020-10-17
5746,Cliente05746,cliente05746@example.com,CABA,2023-09-26
5747,Cliente05747,cliente05747@example.com,Santa Fe,2022-05-26
5748,Cliente05748,cliente05748@example.com,Tucumán,2020-02-12
5749,Cliente05749,cliente05749@example.com,Rosario,2021-06-24
5750,Cliente05750,cliente05750@example.com,Córdoba,2020-12-15
5751,Cliente05751,cliente05751@example.com,CABA,2023-05-01
5752,Cliente05752,cliente05752@example.com,Tucumán,2022-08-28
5753,Cliente05753,cliente05753@example.com,San Luis,2020-01-03
5754,Cliente05754,cliente05754@example.com,Santa Fe,2021-05-21
5755,Cliente05755,cliente05755@example.com,Santa Fe,2020-08-12
5756,Cliente05756,cliente05756@example.com,CABA,2020-02-05
5757,Cliente05757,cliente05757@example.com,San Luis,2023-10-24
5758,Cliente05758,cliente05758@example.com,Salta,2021-04-12
5759,Cliente05759,cliente05759@example.com,Chubut,2022-10-27
5760,Cliente05760,cliente05760@example.com,Rosario,2020-10-27
5761,Cliente05761,cliente05761@example.com,Córdoba,2020-07-23
5762,Cliente05762,cliente05762@example.com,Salta,2021-11-18
5763,Cliente05763,cliente05763@example.com,Santa Fe,2022-10-01
5764,Cliente05764,cliente05764@example.com,Tucumán,2023-01-22
5765,Cliente05765,cliente05765@example.com,Salta,2023-09-20
5766,Cliente05766,cliente05766@example.com,Santa Fe,2021-06-03
5767,Cliente05767,cliente05767@example.com,Tucumán,2022-07-28
5768,Cliente05768,cliente05768@example.com,CABA,2021-12-23
5769,Cliente05769,cliente05769@example.com,Salta,2023-12-25
5770,Cliente05770,cliente05770@example.com,Tucumán,2022-11-26
5771,Cliente05771,cliente05771@example.com,San Luis,2022-09-18
5772,Cliente05772,cliente05772@example.com,Córdoba,2021-07-06
5773,Cliente05773,cliente05773@example.com,Chubut,2023-08-03
5774,Cliente05774,cliente05774@example.com,CABA,2020-10-29
5775,Cliente05775,cliente05775@example.com,Neuquén,2021-03-27
5776,Cliente05776,cliente05776@example.com,Rosario,2022-01-01
5777,Cliente05777,cliente05777@example.com,Santa Fe,2020-03-04
5778,Cliente05778,cliente05778@example.com,Mendoza,2023-03-28
5779,Cliente05779,cliente05779@example.com,Neuquén,2022-01-06
5780,Cliente05780,cliente05780@example.com,Mendoza,2020-07-01
5781,Cliente05781,cliente05781@example.com,Mendoza,2022-02-12
5782,Cliente05782,cliente05782@example.com,Córdoba,2021-07-14
5783,Cliente05783,cliente05783@example.com,Chubut,2022-07-09
5784,Cliente05784,cliente05784@example.com,Chubut,2020-12-24
5785,Cliente05785,cliente05785@example.com,Salta,2023-10-22
5786,Cliente05786,cliente05786@example.com,Tucumán,2021-11-09
5787,Cliente05787,cliente05787@example.com,Neuquén,2023-04-21
5788,Cliente05788,cliente05788@example.com,Neuquén,2021-07-19
5789,Cliente05789,cliente05789@example.com,Salta,2021-01-25
5790,Cliente05790,cliente05790@example.com,CABA,2023-04-01
5791,Cliente05791,cliente05791@example.com,Chubut,2023-12-08
5792,Cliente05792,cliente05792@example.com,Tucumán,2023-06-08
5793,Cliente05793,cliente05793@example.com,Córdoba,2022-06-06
5794,Cliente05794,cliente05794@example.com,Santa Fe,2023-03-06
5795,Cliente05795,cliente05795@example.com,Tucumán,2021-08-13
5796,Cliente05796,cliente05796@example.com,Córdoba,2020-01-18
5797,Cliente05797,cliente05797@example.com,Santa Fe,2023-11-04
5798,Cliente05798,cliente05798@example.com,Rosario,2022-08-13
5799,Cliente05799,cliente05799@example.com,Rosario,2022-12-07
5800,Cliente05800,cliente05800@example.com,Salta,2023-07-01
5801,Cliente05801,cliente05801@example.com,Chubut,2023-09-22
5802,Cliente05802,cliente05802@example.com,Rosario,2021-09-13
5803,Cliente05803,cliente05803@example.com,Santa Fe,2021-08-13
5804,Cliente05804,cliente05804@example.com,Córdoba,2021-08-26
5805,Cliente05805,cliente05805@example.com,CABA,2022-07-18
5806,Cliente05806,cliente05806@example.com,CABA,2021-03-21
5807,Cliente05807,cliente05807@example.com,Salta,2023-04-29
5808,Cliente05808,cliente05808@example.com,Córdoba,2020-04-18
5809,Cliente05809,cliente05809@example.com,Santa Fe,2021-09-18
5810,Cliente05810,cliente05810@example.com,CABA,2022-05-31
5811,Cliente05811,cliente05811@example.com,Tucumán,2023-09-14
5812,Cliente05812,cliente05812@example.com,CABA,2020-04-12
5813,Cliente05813,cliente05813@example.com,Salta,2020-10-09
5814,Cliente05814,cliente05814@example.com,Tucumán,2021-08-03
5815,Cliente05815,cliente05815@example.com,Chubut,2023-09-24
5816,Cliente05816,cliente05816@example.com,Chubut,2020-11-13
5817,Cliente05817,cliente05817@example.com,Córdoba,2023-12-31
5818,Cliente05818,cliente05818@example.com,Salta,2020-10-19
5819,Cliente05819,cliente05819@example.com,Mendoza,2022-06-03
5820,Cliente05820,cliente05820@example.com,San Luis,2020-06-14
5821,Cliente05821,cliente05821@example.com,Salta,2021-03-24
5822,Cliente05822,cliente05822@example.com,CABA,2022-08-27
5823,Cliente05823,cliente05823@example.com,Tucumán,2021-05-24
5824,Cliente05824,cliente05824@example.com,Neuquén,2022-05-15
5825,Cliente05825,cliente05825@example.com,Neuquén,2020-07-19
5826,Cliente05826,cliente05826@example.com,Salta,2021-09-10
5827,Cliente05827,cliente05827@example.com,San Luis,2021-09-28
5828,Cliente05828,cliente05828@example.com,Rosario,2023-02-28
5829,Cliente05829,cliente05829@example.com,Neuquén,2023-10-22
5830,Cliente05830,cliente05830@example.com,Tucumán,2023-03-30
5831,Cliente05831,cliente05831@example.com,Rosario,2023-10-31
5832,Cliente05832,cliente05832@example.com,Mendoza,2021-05-27
5833,Cliente05833,cliente05833@example.com,Rosario,2022-05-02
5834,Cliente05834,cliente05834@example.com,Chubut,2021-02-12
5835,Cliente05835,cliente05835@example.com,Salta,2021-09-16
5836,Cliente05836,cliente05836@example.com,Córdoba,2021-08-31
5837,Cliente05837,cliente05837@example.com,San Luis,2023-07-10
5838,Cliente05838,cliente05838@example.com,Santa Fe,2023-01-22
5839,Cliente05839,cliente05839@example.com,Rosario,2022-02-08
5840,Cliente05840,cliente05840@example.com,Neuquén,2020-07-15
5841,Cliente05841,cliente05841@example.com,Rosario,2022-12-14
5842,Cliente05842,cliente05842@example.com,Santa Fe,2023-11-22
5843,Cliente05843,cliente05843@example.com,Tucumán,2022-10-28
5844,Cliente05844,cliente05844@example.com,Tucumán,2022-08-17
5845,Cliente05845,cliente05845@example.com,Tucumán,2022-05-25
5846,Cliente05846,cliente05846@example.com,Santa Fe,2022-05-11
5847,Cliente05847,cliente05847@example.com,Neuquén,2022-08-02
5848,Cliente05848,cliente05848@example.com,CABA,2023-02-18
5849,Cliente05849,cliente05849@example.com,CABA,2022-05-12
5850,Cliente05850,cliente05850@example.com,Córdoba,2020-10-14
5851,Cliente05851,cliente05851@example.com,San Luis,2021-09-11
5852,Cliente05852,cliente05852@example.com,Mendoza,2023-04-03
5853,Cliente05853,cliente05853@example.com,Chubut,2022-02-03
5854,Cliente05854,cliente05854@example.com,Rosario,2023-06-25
5855,Cliente05855,cliente05855@example.com,Chubut,2023-03-04
5856,Cliente05856,cliente05856@example.com,Salta,2020-04-19
5857,Cliente05857,cliente05857@example.com,Neuquén,2020-09-14
5858,Cliente05858,cliente05858@example.com,Neuquén,2023-10-04
5859,Cliente05859,cliente05859@example.com,CABA,2022-08-05
5860,Cliente05860,cliente05860@example.com,Chubut,2022-07-31
5861,Cliente05861,cliente05861@example.com,CABA,2020-06-22
5862,Cliente05862,cliente05862@example.com,CABA,2021-07-07
5863,Cliente05863,cliente05863@example.com,Córdoba,2021-11-13
5864,Cliente05864,cliente05864@example.com,San Luis,2020-07-18
5865,Cliente05865,cliente05865@example.com,Salta,2023-03-04
5866,Cliente05866,cliente05866@example.com,Santa Fe,2023-11-15
5867,Cliente05867,cliente05867@example.com,Tucumán,2020-05-04
5868,Cliente05868,cliente05868@example.com,Córdoba,2023-04-12
5869,Cliente05869,cliente05869@example.com,Chubut,2020-04-18
5870,Cliente05870,cliente05870@example.com,Mendoza,2022-11-23
5871,Cliente05871,cliente05871@example.com,Rosario,2023-02-25
5872,Cliente05872,cliente05872@example.com,Santa Fe,2020-10-06
5873,Cliente05873,cliente05873@example.com,Mendoza,2023-10-15
5874,Cliente05874,cliente05874@example.com,Rosario,2021-09-08
5875,Cliente05875,cliente05875@example.com,Salta,2020-01-14
5876,Cliente05876,cliente05876@example.com,Santa Fe,2023-07-01
5877,Cliente05877,cliente05877@example.com,Mendoza,2020-08-22
5878,Cliente05878,cliente05878@example.com,Córdoba,2020-01-01
5879,Cliente05879,cliente05879@example.com,Rosario,2023-05-21
5880,Cliente05880,cliente05880@example.com,Córdoba,2022-11-30
5881,Cliente05881,cliente05881@example.com,Córdoba,2021-05-21
5882,Cliente05882,cliente05882@example.com,Mendoza,2020-07-31
5883,Cliente05883,cliente05883@example.com,Santa Fe,2020-02-20
5884,Cliente05884,cliente05884@example.com,Chubut,2022-06-27
5885,Cliente05885,cliente05885@example.com,Neuquén,2020-04-23
5886,Cliente05886,cliente05886@example.com,Córdoba,2021-09-06
5887,Cliente05887,cliente05887@example.com,Neuquén,2022-09-17
5888,Cliente05888,cliente05888@example.com,Rosario,2021-04-26
5889,Cliente05889,cliente05889@example.com,Chubut,2021-06-17
5890,Cliente05890,cliente05890@example.com,San Luis,2023-10-27
5891,Cliente05891,cliente05891@example.com,Santa Fe,2023-09-09
5892,Cliente05892,cliente05892@example.com,San Luis,2020-09-09
5893,Cliente05893,cliente05893@example.com,Neuquén,2020-10-26
5894,Cliente05894,cliente05894@example.com,CABA,2021-01-13
5895,Cliente05895,cliente05895@example.com,Rosario,2023-09-08
5896,Cliente05896,cliente05896@example.com,Mendoza,2020-12-15
5897,Cliente05897,cliente05897@example.com,Chubut,2023-12-03
5898,Cliente05898,cliente05898@example.com,Chubut,2021-02-14
5899,Cliente05899,cliente05899@example.com,Santa Fe,2022-09-10
5900,Cliente05900,cliente05900@example.com,Salta,2021-08-15
5901,Cliente05901,cliente05901@example.com,Córdoba,2023-04-20
5902,Cliente05902,cliente05902@example.com,Santa Fe,2022-01-22
5903,Cliente05903,cliente05903@example.com,Salta,2022-03-12
5904,Cliente05904,cliente05904@example.com,Neuquén,2023-11-29
5905,Cliente05905,cliente05905@example.com,Córdoba,2022-08-08
5906,Cliente05906,cliente05906@example.com,Neuquén,2022-05-20
5907,Cliente05907,cliente05907@example.com,Rosario,2020-02-27
5908,Cliente05908,cliente05908@example.com,Salta,2022-07-25
5909,Cliente05909,cliente05909@example.com,Córdoba,2023-03-01
5910,Cliente05910,cliente05910@example.com,Neuquén,2020-01-23
5911,Cliente05911,cliente05911@example.com,San Luis,2021-09-12
5912,Cliente05912,cliente05912@example.com,CABA,2023-08-14
5913,Cliente05913,cliente05913@example.com,San Luis,2022-06-29
5914,Cliente05914,cliente05914@example.com,CABA,2021-12-27
5915,Cliente05915,cliente05915@example.com,Rosario,2022-08-16
5916,Cliente05916,cliente05916@example.com,Santa Fe,2021-07-21
5917,Cliente05917,cliente05917@example.com,CABA,2020-11-20
5918,Cliente05918,cliente05918@example.com,Tucumán,2022-10-22
5919,Cliente05919,cliente05919@example.com,Chubut,2021-03-07
5920,Cliente05920,cliente05920@example.com,Tucumán,2023-12-17
5921,Cliente05921,cliente05921@example.com,Chubut,2022-03-10
5922,Cliente05922,cliente05922@example.com,Chubut,2020-05-08
5923,Cliente05923,cliente05923@example.com,Rosario,2023-09-05
5924,Cliente05924,cliente05924@example.com,Rosario,2021-12-21
5925,Cliente05925,cliente05925@example.com,San Luis,2021-11-25
5926,Cliente05926,cliente05926@example.com,Santa Fe,2020-10-13
5927,Cliente05927,cliente05927@example.com,Salta,2023-09-10
5928,Cliente05928,cliente05928@example.com,Salta,2022-03-17
5929,Cliente05929,cliente05929@example.com,Córdoba,2023-08-14
5930,Cliente05930,cliente05930@example.com,Santa Fe,2022-02-10
5931,Cliente05931,cliente05931@example.com,Santa Fe,2023-05-25
5932,Cliente05932,cliente05932@example.com,Rosario,2023-03-25
5933,Cliente05933,cliente05933@example.com,Chubut,2023-09-11
5934,Cliente05934,cliente05934@example.com,Chubut,2021-06-14
5935,Cliente05935,cliente05935@example.com,Rosario,2023-11-30
5936,Cliente05936,cliente05936@example.com,Tucumán,2023-04-20
5937,Cliente05937,cliente05937@example.com,San Luis,2021-12-13
5938,Cliente05938,cliente05938@example.com,San Luis,2023-06-18
5939,Cliente05939,cliente05939@example.com,Neuquén,2020-05-18
5940,Cliente05940,cliente05940@example.com,CABA,2020-03-01
5941,Cliente05941,cliente05941@example.com,Rosario,2021-04-19
5942,Cliente05942,cliente05942@example.com,Córdoba,2023-09-24
5943,Cliente05943,cliente05943@example.com,Córdoba,2022-10-19
5944,Cliente05944,cliente05944@example.com,Santa Fe,2021-10-24
5945,Cliente05945,cliente05945@example.com,Mendoza,2021-04-29
5946,Cliente05946,cliente05946@example.com,Córdoba,2020-12-22
5947,Cliente05947,cliente05947@example.com,Neuquén,2022-05-10
5948,Cliente05948,cliente05948@example.com,Córdoba,2020-05-06
5949,Cliente05949,cliente05949@example.com,San Luis,2021-05-27
5950,Cliente05950,cliente05950@example.com,Córdoba,2020-03-17
5951,Cliente05951,cliente05951@example.com,Córdoba,2022-06-23
5952,Cliente05952,cliente05952@example.com,Tucumán,2023-05-27
5953,Cliente05953,cliente05953@example.com,CABA,2020-12-22
5954,Cliente05954,cliente05954@example.com,Tucumán,2020-08-08
5955,Cliente05955,cliente05955@example.com,Santa Fe,2022-02-12
5956,Cliente05956,cliente05956@example.com,Rosario,2023-07-29
5957,Cliente05957,cliente05957@example.com,San Luis,2023-02-13
5958,Cliente05958,cliente05958@example.com,Mendoza,2021-02-04
5959,Cliente05959,cliente05959@example.com,Salta,2022-10-02
5960,Cliente05960,cliente05960@example.com,Santa Fe,2023-10-22
5961,Cliente05961,cliente05961@example.com,Salta,2021-04-06
5962,Cliente05962,cliente05962@example.com,Mendoza,2020-11-27
5963,Cliente05963,cliente05963@example.com,Neuquén,2022-12-18
5964,Cliente05964,cliente05964@example.com,Mendoza,2020-06-25
5965,Cliente05965,cliente05965@example.com,San Luis,2020-02-19
5966,Cliente05966,cliente05966@example.com,Córdoba,2021-02-20
5967,Cliente05967,cliente05967@example.com,CABA,2020-10-14
5968,Cliente05968,cliente05968@example.com,CABA,2022-01-06
5969,Cliente05969,cliente05969@example.com,Neuquén,2023-03-09
5970,Cliente05970,cliente05970@example.com,Chubut,2020-05-27
5971,Cliente05971,cliente05971@example.com,Tucumán,2021-01-14
5972,Cliente05972,cliente05972@example.com,Chubut,2022-10-13
5973,Cliente05973,cliente05973@example.com,Mendoza,2021-02-28
5974,Cliente05974,cliente05974@example.com,San Luis,2022-08-28
5975,Cliente05975,cliente05975@example.com,Chubut,2021-12-22
5976,Cliente05976,cliente05976@example.com,Tucumán,2023-06-20
5977,Cliente05977,cliente05977@example.com,Chubut,2020-10-09
5978,Cliente05978,cliente05978@example.com,Córdoba,2022-06-17
5979,Cliente05979,cliente05979@example.com,Neuquén,2023-07-04
5980,Cliente05980,cliente05980@example.com,Neuquén,2020-05-25
5981,Cliente05981,cliente05981@example.com,San Luis,2020-06-09
5982,Cliente05982,cliente05982@example.com,Rosario,2022-11-25
5983,Cliente05983,cliente05983@example.com,Salta,2020-07-25
5984,Cliente05984,cliente05984@example.com,Córdoba,2022-10-18
5985,Cliente05985,cliente05985@example.com,Mendoza,2020-04-15
5986,Cliente05986,cliente05986@example.com,San Luis,2023-01-12
5987,Cliente05987,cliente05987@example.com,Tucumán,2020-02-16
5988,Cliente05988,cliente05988@example.com,Mendoza,2021-08-16
5989,Cliente05989,cliente05989@example.com,Salta,2022-03-10
5990,Cliente05990,cliente05990@example.com,Tucumán,2020-05-19
5991,Cliente05991,cliente05991@example.com,Rosario,2021-08-12
5992,Cliente05992,cliente05992@example.com,Córdoba,2022-12-30
5993,Cliente05993,cliente05993@example.com,San Luis,2021-05-09
5994,Cliente05994,cliente05994@example.com,Chubut,2023-06-05
5995,Cliente05995,cliente05995@example.com,Chubut,2021-10-01
5996,Cliente05996,cliente05996@example.com,Neuquén,2023-06-20
5997,Cliente05997,cliente05997@example.com,CABA,2023-01-23
5998,Cliente05998,cliente05998@example.com,Córdoba,2023-04-08
5999,Cliente05999,cliente05999@example.com,Santa Fe,2021-06-22
6000,Cliente06000,cliente06000@example.com,CABA,2020-03-07
6001,Cliente06001,cliente06001@example.com,Tucumán,2022-05-13
6002,Cliente06002,cliente06002@example.com,Salta,2021-02-14
6003,Cliente06003,cliente06003@example.com,Tucumán,2020-05-01
6004,Cliente06004,cliente06004@example.com,Rosario,2021-02-22
6005,Cliente06005,cliente06005@example.com,Chubut,2021-11-06
6006,Cliente06006,cliente06006@example.com,CABA,2021-04-27
6007,Cliente06007,cliente06007@example.com,Santa Fe,2020-05-29
6008,Cliente06008,cliente06008@example.com,San Luis,2023-06-03
6009,Cliente06009,cliente06009@example.com,CABA,2021-12-09
6010,Cliente06010,cliente06010@example.com,Córdoba,2022-05-02
6011,Cliente06011,cliente06011@example.com,San Luis,2023-06-08
6012,Cliente06012,cliente06012@example.com,Córdoba,2023-02-03
6013,Cliente06013,cliente06013@example.com,Santa Fe,2020-09-22
6014,Cliente06014,cliente06014@example.com,Salta,2020-03-26
6015,Cliente06015,cliente06015@example.com,Córdoba,2020-03-13
6016,Cliente06016,cliente06016@example.com,Santa Fe,2022-11-05
6017,Cliente06017,cliente06017@example.com,Mendoza,2023-08-24
6018,Cliente06018,cliente06018@example.com,Tucumán,2022-06-02
6019,Cliente06019,cliente06019@example.com,Santa Fe,2021-09-13
6020,Cliente06020,cliente06020@example.com,Mendoza,2020-02-13
6021,Cliente06021,cliente06021@example.com,CABA,2020-02-23
6022,Cliente06022,cliente06022@example.com,Mendoza,2022-12-30
6023,Cliente06023,cliente06023@example.com,San Luis,2022-02-15
6024,Cliente06024,cliente06024@example.com,CABA,2023-02-05
6025,Cliente06025,cliente06025@example.com,Santa Fe,2020-04-16
6026,Cliente06026,cliente06026@example.com,Neuquén,2022-02-11
6027,Cliente06027,cliente06027@example.com,Rosario,2022-05-30
6028,Cliente06028,cliente06028@example.com,Neuquén,2023-01-30
6029,Cliente06029,cliente06029@example.com,Rosario,2020-08-24
6030,Cliente06030,cliente06030@example.com,Santa Fe,2020-08-29
6031,Cliente06031,cliente06031@example.com,San Luis,2022-01-23
6032,Cliente06032,cliente06032@example.com,Tucumán,2021-01-31
6033,Cliente06033,cliente06033@example.com,Tucumán,2022-06-13
6034,Cliente06034,cliente06034@example.com,CABA,2021-05-02
6035,Cliente06035,cliente06035@example.com,Mendoza,2020-07-07
6036,Cliente06036,cliente06036@example.com,San Luis,2020-01-21
6037,Cliente06037,cliente06037@example.com,Mendoza,2022-04-25
6038,Cliente06038,cliente06038@example.com,Chubut,2023-03-09
6039,Cliente06039,cliente06039@example.com,CABA,2020-01-31
6040,Cliente06040,cliente06040@example.com,Mendoza,2020-04-26
6041,Cliente06041,cliente06041@example.com,Córdoba,2020-04-26
6042,Cliente06042,cliente06042@example.com,Rosario,2022-06-17
6043,Cliente06043,cliente06043@example.com,Rosario,2021-08-01
6044,Cliente06044,cliente06044@example.com,CABA,2021-10-05
6045,Cliente06045,cliente06045@example.com,Tucumán,2023-05-18
6046,Cliente06046,cliente06046@example.com,Mendoza,2021-08-21
6047,Cliente06047,cliente06047@example.com,Rosario,2023-05-26
6048,Cliente06048,cliente06048@example.com,Neuquén,2022-09-07
6049,Cliente06049,cliente06049@example.com,Córdoba,2023-09-06
6050,Cliente06050,cliente06050@example.com,Córdoba,2020-06-05
6051,Cliente06051,cliente06051@example.com,Salta,2023-01-18
6052,Cliente06052,cliente06052@example.com,Mendoza,2022-10-10
6053,Cliente06053,cliente06053@example.com,Tucumán,2021-03-27
6054,Cliente06054,cliente06054@example.com,Santa Fe,2023-12-31
6055,Cliente06055,cliente06055@example.com,Salta,2022-01-21
6056,Cliente06056,cliente06056@example.com,Chubut,2021-08-22
6057,Cliente06057,cliente06057@example.com,Mendoza,2022-12-14
6058,Cliente06058,cliente06058@example.com,Salta,2021-10-15
6059,Cliente06059,cliente06059@example.com,Chubut,2022-10-28
6060,Cliente06060,cliente06060@example.com,Córdoba,2020-04-20
6061,Cliente06061,cliente06061@example.com,Tucumán,2022-04-21
6062,Cliente06062,cliente06062@example.com,San Luis,2022-09-22
6063,Cliente06063,cliente06063@example.com,Salta,2020-06-09
6064,Cliente06064,cliente06064@example.com,Mendoza,2020-10-07
6065,Cliente06065,cliente06065@example.com,Chubut,2021-04-17
6066,Cliente06066,cliente06066@example.com,Salta,2023-02-06
6067,Cliente06067,cliente06067@example.com,Mendoza,2020-09-08
6068,Cliente06068,cliente06068@example.com,Tucumán,2020-10-17
6069,Cliente06069,cliente06069@example.com,CABA,2021-04-26
6070,Cliente06070,cliente06070@example.com,Santa Fe,2023-08-24
6071,Cliente06071,cliente06071@example.com,Santa Fe,2020-08-21
6072,Cliente06072,cliente06072@example.com,CABA,2022-10-18
6073,Cliente06073,cliente06073@example.com,CABA,2021-07-07
6074,Cliente06074,cliente06074@example.com,Salta,2023-04-19
6075,Cliente06075,cliente06075@example.com,Neuquén,2021-09-07
6076,Cliente06076,cliente06076@example.com,Córdoba,2020-05-02
6077,Cliente06077,cliente06077@example.com,Salta,2023-06-02
6078,Cliente06078,cliente06078@example.com,Neuquén,2022-10-11
6079,Cliente06079,cliente06079@example.com,CABA,2022-02-22
6080,Cliente06080,cliente06080@example.com,Neuquén,2022-06-28
6081,Cliente06081,cliente06081@example.com,CABA,2021-04-04
6082,Cliente06082,cliente06082@example.com,Mendoza,2022-02-15
6083,Cliente06083,cliente06083@example.com,Rosario,2023-09-13
6084,Cliente06084,cliente06084@example.com,Neuquén,2022-12-26
6085,Cliente06085,cliente06085@example.com,CABA,2023-09-14
6086,Cliente06086,cliente06086@example.com,Salta,2020-03-05
6087,Cliente06087,cliente06087@example.com,Chubut,2021-12-13
6088,Cliente06088,cliente06088@example.com,CABA,2023-05-31
6089,Cliente06089,cliente06089@example.com,Tucumán,2021-06-21
6090,Cliente06090,cliente06090@example.com,San Luis,2021-03-19
6091,Cliente06091,cliente06091@example.com,CABA,2021-11-29
6092,Cliente06092,cliente06092@example.com,San Luis,2022-06-07
6093,Cliente06093,cliente06093@example.com,Neuquén,2020-04-26
6094,Cliente06094,cliente06094@example.com,Córdoba,2023-02-07
6095,Cliente06095,cliente06095@example.com,Neuquén,2023-10-20
6096,Cliente06096,cliente06096@example.com,Salta,2022-12-31
6097,Cliente06097,cliente06097@example.com,Santa Fe,2022-05-18
6098,Cliente06098,cliente06098@example.com,San Luis,2023-03-09
6099,Cliente06099,cliente06099@example.com,Chubut,2021-06-16
6100,Cliente06100,cliente06100@example.com,Rosario,2022-02-19
6101,Cliente06101,cliente06101@example.com,Santa Fe,2021-05-02
6102,Cliente06102,cliente06102@example.com,Rosario,2020-02-01
6103,Cliente06103,cliente06103@example.com,Salta,2023-10-29
6104,Cliente06104,cliente06104@example.com,Salta,2020-06-24
6105,Cliente06105,cliente06105@example.com,Mendoza,2023-01-16
6106,Cliente06106,cliente06106@example.com,Salta,2021-11-22
6107,Cliente06107,cliente06107@example.com,San Luis,2022-03-19
6108,Cliente06108,cliente06108@example.com,CABA,2023-06-14
6109,Cliente06109,cliente06109@example.com,Salta,2022-01-10
6110,Cliente06110,cliente06110@example.com,Salta,2023-09-12
6111,Cliente06111,cliente06111@example.com,Salta,2023-08-30
6112,Cliente06112,cliente06112@example.com,San Luis,2020-01-26
6113,Cliente06113,cliente06113@example.com,Córdoba,2021-09-20
6114,Cliente06114,cliente06114@example.com,San Luis,2023-09-15
6115,Cliente06115,cliente06115@example.com,Tucumán,2021-06-25
6116,Cliente06116,cliente06116@example.com,Rosario,2022-06-27
6117,Cliente06117,cliente06117@example.com,Santa Fe,2020-02-05
6118,Cliente06118,cliente06118@example.com,Santa Fe,2020-01-19
6119,Cliente06119,cliente06119@example.com,Santa Fe,2020-03-16
6120,Cliente06120,cliente06120@example.com,Tucumán,2022-09-10
6121,Cliente06121,cliente06121@example.com,Chubut,2021-03-22
6122,Cliente06122,cliente06122@example.com,Neuquén,2020-04-29
6123,Cliente06123,cliente06123@example.com,San Luis,2020-06-11
6124,Cliente06124,cliente06124@example.com,Salta,2023-06-03
6125,Cliente06125,cliente06125@example.com,Chubut,2021-10-05
6126,Cliente06126,cliente06126@example.com,Córdoba,2022-06-21
6127,Cliente06127,cliente06127@example.com,Rosario,2021-06-12
6128,Cliente06128,cliente06128@example.com,Salta,2021-06-15
6129,Cliente06129,cliente06129@example.com,Santa Fe,2020-09-17
6130,Cliente06130,cliente06130@example.com,Mendoza,2023-07-14
6131,Cliente06131,cliente06131@example.com,Rosario,2020-10-27
6132,Cliente06132,cliente06132@example.com,San Luis,2023-09-05
6133,Cliente06133,cliente06133@example.com,CABA,2021-04-21
6134,Cliente06134,cliente06134@example.com,Córdoba,2023-09-02
6135,Cliente06135,cliente06135@example.com,CABA,2021-01-12
6136,Cliente06136,cliente06136@example.com,Chubut,2022-06-20
6137,Cliente06137,cliente06137@example.com,San Luis,2021-10-11
6138,Cliente06138,cliente06138@example.com,CABA,2023-02-07
6139,Cliente06139,cliente06139@example.com,Mendoza,2020-05-04
6140,Cliente06140,cliente06140@example.com,Salta,2021-06-11
6141,Cliente06141,cliente06141@example.com,CABA,2023-10-21
6142,Cliente06142,cliente06142@example.com,Tucumán,2023-01-11
6143,Cliente06143,cliente06143@example.com,CABA,2023-05-14
6144,Cliente06144,cliente06144@example.com,Mendoza,2021-12-17
6145,Cliente06145,cliente06145@example.com,Córdoba,2020-06-07
6146,Cliente06146,cliente06146@example.com,Chubut,2022-06-27
6147,Cliente06147,cliente06147@example.com,Córdoba,2022-11-12
6148,Cliente06148,cliente06148@example.com,Córdoba,2021-04-30
6149,Cliente06149,cliente06149@example.com,Mendoza,2021-10-29
6150,Cliente06150,cliente06150@example.com,San Luis,2022-01-30
6151,Cliente06151,cliente06151@example.com,Neuquén,2020-05-26
6152,Cliente06152,cliente06152@example.com,Neuquén,2021-08-02
6153,Cliente06153,cliente06153@example.com,Rosario,2020-02-20
6154,Cliente06154,cliente06154@example.com,Tucumán,2023-05-28
6155,Cliente06155,cliente06155@example.com,Tucumán,2021-11-17
6156,Cliente06156,cliente06156@example.com,Neuquén,2023-08-28
6157,Cliente06157,cliente06157@example.com,Tucumán,2022-08-21
6158,Cliente06158,cliente06158@example.com,Salta,2023-06-27
6159,Cliente06159,cliente06159@example.com,CABA,2020-11-24
6160,Cliente06160,cliente06160@example.com,Tucumán,2020-04-01
6161,Cliente06161,cliente06161@example.com,Salta,2020-11-03
6162,Cliente06162,cliente06162@example.com,San Luis,2020-02-22
6163,Cliente06163,cliente06163@example.com,Córdoba,2023-06-01
6164,Cliente06164,cliente06164@example.com,Mendoza,2021-10-03
6165,Cliente06165,cliente06165@example.com,Chubut,2022-11-06
6166,Cliente06166,cliente06166@example.com,San Luis,2023-12-30
6167,Cliente06167,cliente06167@example.com,Tucumán,2021-03-16
6168,Cliente06168,cliente06168@example.com,Neuquén,2023-04-08
6169,Cliente06169,cliente06169@example.com,CABA,2023-09-07
6170,Cliente06170,cliente06170@example.com,Rosario,2022-02-19
6171,Cliente06171,cliente06171@example.com,Córdoba,2020-06-07
6172,Cliente06172,cliente06172@example.com,Mendoza,2023-03-03
6173,Cliente06173,cliente06173@example.com,Chubut,2023-03-22
6174,Cliente06174,cliente06174@example.com,Chubut,2022-05-06
6175,Cliente06175,cliente06175@example.com,Chubut,2020-09-05
6176,Cliente06176,cliente06176@example.com,Chubut,2020-04-15
6177,Cliente06177,cliente06177@example.com,San Luis,2022-08-25
6178,Cliente06178,cliente06178@example.com,Chubut,2022-12-01
6179,Cliente06179,cliente06179@example.com,Santa Fe,2021-10-11
6180,Cliente06180,cliente06180@example.com,Salta,2021-02-03
6181,Cliente06181,cliente06181@example.com,San Luis,2021-08-23
6182,Cliente06182,cliente06182@example.com,Mendoza,2021-11-04
6183,Cliente06183,cliente06183@example.com,Mendoza,2022-01-11
6184,Cliente06184,cliente06184@example.com,Mendoza,2022-07-22
6185,Cliente06185,cliente06185@example.com,Tucumán,2020-08-24
6186,Cliente06186,cliente06186@example.com,Mendoza,2022-06-30
6187,Cliente06187,cliente06187@example.com,Neuquén,2022-01-11
6188,Cliente06188,cliente06188@example.com,Córdoba,2021-12-21
6189,Cliente06189,cliente06189@example.com,Chubut,2022-11-01
6190,Cliente06190,cliente06190@example.com,Córdoba,2022-01-11
6191,Cliente06191,cliente06191@example.com,Santa Fe,2023-05-24
6192,Cliente06192,cliente06192@example.com,Mendoza,2022-07-08
6193,Cliente06193,cliente06193@example.com,Neuquén,2021-04-15
6194,Cliente06194,cliente06194@example.com,San Luis,2020-09-13
6195,Cliente06195,cliente06195@example.com,Chubut,2021-05-16
6196,Cliente06196,cliente06196@example.com,Neuquén,2023-10-12
6197,Cliente06197,cliente06197@example.com,San Luis,2023-09-25
6198,Cliente06198,cliente06198@example.com,Rosario,2023-05-25
6199,Cliente06199,cliente06199@example.com,Salta,2021-08-10
6200,Cliente06200,cliente06200@example.com,Tucumán,2021-10-04
6201,Cliente06201,cliente06201@example.com,Córdoba,2020-06-15
6202,Cliente06202,cliente06202@example.com,Neuquén,2022-05-12
6203,Cliente06203,cliente06203@example.com,Chubut,2020-10-30
6204,Cliente06204,cliente06204@example.com,San Luis,2022-10-09
6205,Cliente06205,cliente06205@example.com,Mendoza,2021-01-03
6206,Cliente06206,cliente06206@example.com,Santa Fe,2020-02-01
6207,Cliente06207,cliente06207@example.com,Rosario,2020-09-04
6208,Cliente06208,cliente06208@example.com,Neuquén,2021-06-23
6209,Cliente06209,cliente06209@example.com,Chubut,2023-12-27
6210,Cliente06210,cliente06210@example.com,Santa Fe,2020-07-25
6211,Cliente06211,cliente06211@example.com,Rosario,2020-03-10
6212,Cliente06212,cliente06212@example.com,Neuquén,2020-02-19
6213,Cliente06213,cliente06213@example.com,Rosario,2020-05-29
6214,Cliente06214,cliente06214@example.com,Rosario,2022-11-20
6215,Cliente06215,cliente06215@example.com,Chubut,2022-03-05
6216,Cliente06216,cliente06216@example.com,Neuquén,2021-12-26
6217,Cliente06217,cliente06217@example.com,Rosario,2022-04-03
6218,Cliente06218,cliente06218@example.com,Chubut,2021-05-09
6219,Cliente06219,cliente06219@example.com,Salta,2020-08-31
6220,Cliente06220,cliente06220@example.com,Tucumán,2021-11-20
6221,Cliente06221,cliente06221@example.com,San Luis,2023-05-31
6222,Cliente06222,cliente06222@example.com,San Luis,2020-08-08
6223,Cliente06223,cliente06223@example.com,CABA,2020-05-31
6224,Cliente06224,cliente06224@example.com,Tucumán,2022-07-08
6225,Cliente06225,cliente06225@example.com,Neuquén,2023-07-15
6226,Cliente06226,cliente06226@example.com,Santa Fe,2022-06-11
6227,Cliente06227,cliente06227@example.com,Salta,2022-09-04
6228,Cliente06228,cliente06228@example.com,Rosario,2021-01-10
6229,Cliente06229,cliente06229@example.com,San Luis,2022-11-09
6230,Cliente06230,cliente06230@example.com,Córdoba,2020-11-07
6231,Cliente06231,cliente06231@example.com,CABA,2023-04-30
6232,Cliente06232,cliente06232@example.com,San Luis,2022-01-27
6233,Cliente06233,cliente06233@example.com,Santa Fe,2022-02-15
6234,Cliente06234,cliente06234@example.com,Tucumán,2022-06-17
6235,Cliente06235,cliente06235@example.com,Rosario,2022-11-07
6236,Cliente06236,cliente06236@example.com,San Luis,2021-07-26
6237,Cliente06237,cliente06237@example.com,Córdoba,2021-04-20
6238,Cliente06238,cliente06238@example.com,Salta,2022-10-07
6239,Cliente06239,cliente06239@example.com,Tucumán,2020-04-08
6240,Cliente06240,cliente06240@example.com,San Luis,2022-11-26
6241,Cliente06241,cliente06241@example.com,Chubut,2023-04-02
6242,Cliente06242,cliente06242@example.com,Chubut,2022-05-23
6243,Cliente06243,cliente06243@example.com,Salta,2021-10-23
6244,Cliente06244,cliente06244@example.com,Neuquén,2021-10-14
6245,Cliente06245,cliente06245@example.com,Rosario,2020-10-20
6246,Cliente06246,cliente06246@example.com,CABA,2021-03-07
6247,Cliente06247,cliente06247@example.com,Neuquén,2022-11-29
6248,Cliente06248,cliente06248@example.com,Salta,2023-03-23
6249,Cliente06249,cliente06249@example.com,San Luis,2021-10-05
6250,Cliente06250,cliente06250@example.com,Córdoba,2021-12-12
6251,Cliente06251,cliente06251@example.com,Salta,2020-12-05
6252,Cliente06252,cliente06252@example.com,Córdoba,2021-08-12
6253,Cliente06253,cliente06253@example.com,Salta,2022-09-23
6254,Cliente06254,cliente06254@example.com,Santa Fe,2021-04-03
6255,Cliente06255,cliente06255@example.com,Rosario,2021-08-13
6256,Cliente06256,cliente06256@example.com,Salta,2023-05-26
6257,Cliente06257,cliente06257@example.com,Córdoba,2021-04-19
6258,Cliente06258,cliente06258@example.com,Salta,2020-10-15
6259,Cliente06259,cliente06259@example.com,Córdoba,2021-02-27
6260,Cliente06260,cliente06260@example.com,Chubut,2022-11-07
6261,Cliente06261,cliente06261@example.com,Rosario,2020-02-26
6262,Cliente06262,cliente06262@example.com,San Luis,2020-03-22
6263,Cliente06263,cliente06263@example.com,Chubut,2023-01-06
6264,Cliente06264,cliente06264@example.com,Mendoza,2020-01-14
6265,Cliente06265,cliente06265@example.com,Santa Fe,2020-02-22
6266,Cliente06266,cliente06266@example.com,Tucumán,2021-02-20
6267,Cliente06267,cliente06267@example.com,Salta,2023-03-15
6268,Cliente06268,cliente06268@example.com,Neuquén,2022-06-30
6269,Cliente06269,cliente06269@example.com,Chubut,2020-09-15
6270,Cliente06270,cliente06270@example.com,Santa Fe,2021-08-27
6271,Cliente06271,cliente06271@example.com,Córdoba,2023-12-17
6272,Cliente06272,cliente06272@example.com,Córdoba,2022-06-29
6273,Cliente06273,cliente06273@example.com,Neuquén,2022-10-07
6274,Cliente06274,cliente06274@example.com,Salta,2020-06-26
6275,Cliente06275,cliente06275@example.com,Rosario,2021-07-24
6276,Cliente06276,cliente06276@example.com,Córdoba,2021-12-25
6277,Cliente06277,cliente06277@example.com,Córdoba,2021-03-31
6278,Cliente06278,cliente06278@example.com,Córdoba,2021-10-31
6279,Cliente06279,cliente06279@example.com,Rosario,2022-11-04
6280,Cliente06280,cliente06280@example.com,Tucumán,2021-07-19
6281,Cliente06281,cliente06281@example.com,Santa Fe,2023-07-15
6282,Cliente06282,cliente06282@example.com,Chubut,2023-10-08
6283,Cliente06283,cliente06283@example.com,Córdoba,2023-12-18
6284,Cliente06284,cliente06284@example.com,Tucumán,2020-03-19
6285,Cliente06285,cliente06285@example.com,Neuquén,2020-07-24
6286,Cliente06286,cliente06286@example.com,Chubut,2021-10-12
6287,Cliente06287,cliente06287@example.com,Mendoza,2023-02-17
6288,Cliente06288,cliente06288@example.com,CABA,2023-07-23
6289,Cliente06289,cliente06289@example.com,CABA,2021-05-18
6290,Cliente06290,cliente06290@example.com,Rosario,2023-04-15
6291,Cliente06291,cliente06291@example.com,Neuquén,2021-03-26
6292,Cliente06292,cliente06292@example.com,Mendoza,2021-06-27
6293,Cliente06293,cliente06293@example.com,Santa Fe,2020-11-06
6294,Cliente06294,cliente06294@example.com,Santa Fe,2021-01-18
6295,Cliente06295,cliente06295@example.com,Santa Fe,2021-08-01
6296,Cliente06296,cliente06296@example.com,Rosario,2021-02-10
6297,Cliente06297,cliente06297@example.com,Córdoba,2022-11-23
6298,Cliente06298,cliente06298@example.com,Mendoza,2020-01-07
6299,Cliente06299,cliente06299@example.com,Neuquén,2020-05-17
6300,Cliente06300,cliente06300@example.com,Santa Fe,2023-02-16
6301,Cliente06301,cliente06301@example.com,San Luis,2021-03-03
6302,Cliente06302,cliente06302@example.com,Rosario,2020-03-20
6303,Cliente06303,cliente06303@example.com,Neuquén,2023-11-09
6304,Cliente06304,cliente06304@example.com,Salta,2023-06-10
6305,Cliente06305,cliente06305@example.com,Neuquén,2023-07-16
6306,Cliente06306,cliente06306@example.com,San Luis,2021-04-25
6307,Cliente06307,cliente06307@example.com,Tucumán,2022-09-18
6308,Cliente06308,cliente06308@example.com,Chubut,2023-09-07
6309,Cliente06309,cliente06309@example.com,Rosario,2021-09-06
6310,Cliente06310,cliente06310@example.com,Mendoza,2021-08-21
6311,Cliente06311,cliente06311@example.com,Santa Fe,2022-09-30
6312,Cliente06312,cliente06312@example.com,Neuquén,2023-05-09
6313,Cliente06313,cliente06313@example.com,Tucumán,2023-01-17
6314,Cliente06314,cliente06314@example.com,Santa Fe,2021-08-28
6315,Cliente06315,cliente06315@example.com,Córdoba,2021-03-24
6316,Cliente06316,cliente06316@example.com,Córdoba,2021-08-11
6317,Cliente06317,cliente06317@example.com,Neuquén,2022-07-04
6318,Cliente06318,cliente06318@example.com,Tucumán,2021-05-21
6319,Cliente06319,cliente06319@example.com,Neuquén,2020-08-25
6320,Cliente06320,cliente06320@example.com,Rosario,2022-08-09
6321,Cliente06321,cliente06321@example.com,Tucumán,2023-09-14
6322,Cliente06322,cliente06322@example.com,Córdoba,2021-12-12
6323,Cliente06323,cliente06323@example.com,Neuquén,2023-12-14
6324,Cliente06324,cliente06324@example.com,Rosario,2022-09-17
6325,Cliente06325,cliente06325@example.com,Santa Fe,2023-05-15
6326,Cliente06326,cliente06326@example.com,Neuquén,2023-11-08
6327,Cliente06327,cliente06327@example.com,Mendoza,2020-02-29
6328,Cliente06328,cliente06328@example.com,Salta,2021-07-02
6329,Cliente06329,cliente06329@example.com,Chubut,2021-03-16
6330,Cliente06330,cliente06330@example.com,Neuquén,2020-05-04
6331,Cliente06331,cliente06331@example.com,Chubut,2021-10-23
6332,Cliente06332,cliente06332@example.com,Salta,2023-10-14
6333,Cliente06333,cliente06333@example.com,Tucumán,2022-04-22
6334,Cliente06334,cliente06334@example.com,Neuquén,2022-06-24
6335,Cliente06335,cliente06335@example.com,Neuquén,2022-03-27
6336,Cliente06336,cliente06336@example.com,Salta,2020-04-21
6337,Cliente06337,cliente06337@example.com,Salta,2022-09-21
6338,Cliente06338,cliente06338@example.com,Mendoza,2021-11-26
6339,Cliente06339,cliente06339@example.com,CABA,2021-09-23
6340,Cliente06340,cliente06340@example.com,Santa Fe,2022-04-19
6341,Cliente06341,cliente06341@example.com,Mendoza,2023-03-18
6342,Cliente06342,cliente06342@example.com,Rosario,2023-01-02
6343,Cliente06343,cliente06343@example.com,Mendoza,2023-07-04
6344,Cliente06344,cliente06344@example.com,Córdoba,2023-06-10
6345,Cliente06345,cliente06345@example.com,San Luis,2021-11-06
6346,Cliente06346,cliente06346@example.com,Rosario,2023-05-23
6347,Cliente06347,cliente06347@example.com,Chubut,2020-02-10
6348,Cliente06348,cliente06348@example.com,CABA,2022-02-15
6349,Cliente06349,cliente06349@example.com,Córdoba,2023-12-14
6350,Cliente06350,cliente06350@example.com,Tucumán,2021-12-23
6351,Cliente06351,cliente06351@example.com,Chubut,2020-05-09
6352,Cliente06352,cliente06352@example.com,CABA,2022-11-28
6353,Cliente06353,cliente06353@example.com,Mendoza,2022-01-11
6354,Cliente06354,cliente06354@example.com,Chubut,2021-02-10
6355,Cliente06355,cliente06355@example.com,Rosario,2023-01-02
6356,Cliente06356,cliente06356@example.com,Neuquén,2021-04-14
6357,Cliente06357,cliente06357@example.com,Salta,2020-11-26
6358,Cliente06358,cliente06358@example.com,Tucumán,2021-11-09
6359,Cliente06359,cliente06359@example.com,Neuquén,2021-03-17
6360,Cliente06360,cliente06360@example.com,Chubut,2021-05-24
6361,Cliente06361,cliente06361@example.com,CABA,2020-03-14
6362,Cliente06362,cliente06362@example.com,CABA,2022-12-14
6363,Cliente06363,cliente06363@example.com,Córdoba,2022-10-24
6364,Cliente06364,cliente06364@example.com,Neuquén,2022-09-20
6365,Cliente06365,cliente06365@example.com,CABA,2020-11-17
6366,Cliente06366,cliente06366@example.com,Salta,2021-09-09
6367,Cliente06367,cliente06367@example.com,CABA,2021-04-16
6368,Cliente06368,cliente06368@example.com,Mendoza,2020-03-10
6369,Cliente06369,cliente06369@example.com,Salta,2020-09-10
6370,Cliente06370,cliente06370@example.com,Neuquén,2023-09-04
6371,Cliente06371,cliente06371@example.com,Neuquén,2020-09-25
6372,Cliente06372,cliente06372@example.com,Salta,2020-06-22
6373,Cliente06373,cliente06373@example.com,Córdoba,2020-05-31
6374,Cliente06374,cliente06374@example.com,Chubut,2023-12-11
6375,Cliente06375,cliente06375@example.com,Neuquén,2020-02-11
6376,Cliente06376,cliente06376@example.com,CABA,2023-01-14
6377,Cliente06377,cliente06377@example.com,San Luis,2020-11-06
6378,Cliente06378,cliente06378@example.com,Córdoba,2023-04-19
6379,Cliente06379,cliente06379@example.com,Neuquén,2021-02-01
6380,Cliente06380,cliente06380@example.com,San Luis,2021-10-01
6381,Cliente06381,cliente06381@example.com,Tucumán,2022-05-20
6382,Cliente06382,cliente06382@example.com,Chubut,2020-02-17
6383,Cliente06383,cliente06383@example.com,Salta,2021-07-15
6384,Cliente06384,cliente06384@example.com,Santa Fe,2021-02-19
6385,Cliente06385,cliente06385@example.com,Córdoba,2021-06-25
6386,Cliente06386,cliente06386@example.com,San Luis,2022-08-23
6387,Cliente06387,cliente06387@example.com,Neuquén,2021-08-19
6388,Cliente06388,cliente06388@example.com,Neuquén,2020-07-09
6389,Cliente06389,cliente06389@example.com,Mendoza,2022-04-12
6390,Cliente06390,cliente06390@example.com,Chubut,2021-07-24
6391,Cliente06391,cliente06391@example.com,Santa Fe,2021-08-05
6392,Cliente06392,cliente06392@example.com,Chubut,2022-11-03
6393,Cliente06393,cliente06393@example.com,Mendoza,2022-02-22
6394,Cliente06394,cliente06394@example.com,CABA,2022-10-14
6395,Cliente06395,cliente06395@example.com,Neuquén,2022-02-02
6396,Cliente06396,cliente06396@example.com,Chubut,2020-08-09
6397,Cliente06397,cliente06397@example.com,Santa Fe,2021-04-03
6398,Cliente06398,cliente06398@example.com,San Luis,2020-02-20
6399,Cliente06399,cliente06399@example.com,Neuquén,2021-04-20
6400,Cliente06400,cliente06400@example.com,Santa Fe,2022-01-27
6401,Cliente06401,cliente06401@example.com,Santa Fe,2023-02-27
6402,Cliente06402,cliente06402@example.com,Córdoba,2023-08-09
6403,Cliente06403,cliente06403@example.com,Salta,2021-11-11
6404,Cliente06404,cliente06404@example.com,Rosario,2023-07-14
6405,Cliente06405,cliente06405@example.com,Córdoba,2020-07-14
6406,Cliente06406,cliente06406@example.com,Chubut,2020-12-12
6407,Cliente06407,cliente06407@example.com,Mendoza,2022-09-30
6408,Cliente06408,cliente06408@example.com,San Luis,2021-05-26
6409,Cliente06409,cliente06409@example.com,Córdoba,2020-10-16
6410,Cliente06410,cliente06410@example.com,Neuquén,2023-06-16
6411,Cliente06411,cliente06411@example.com,Santa Fe,2022-12-07
6412,Cliente06412,cliente06412@example.com,San Luis,2021-04-21
6413,Cliente06413,cliente06413@example.com,CABA,2022-10-07
6414,Cliente06414,cliente06414@example.com,Salta,2022-04-23
6415,Cliente06415,cliente06415@example.com,Salta,2021-11-22
6416,Cliente06416,cliente06416@example.com,Rosario,2020-03-15
6417,Cliente06417,cliente06417@example.com,Tucumán,2023-11-12
6418,Cliente06418,cliente06418@example.com,San Luis,2023-05-11
6419,Cliente06419,cliente06419@example.com,Neuquén,2020-01-12
6420,Cliente06420,cliente06420@example.com,Salta,2023-11-14
6421,Cliente06421,cliente06421@example.com,Mendoza,2023-02-25
6422,Cliente06422,cliente06422@example.com,Santa Fe,2023-01-22
6423,Cliente06423,cliente06423@example.com,Santa Fe,2021-10-03
6424,Cliente06424,cliente06424@example.com,Mendoza,2021-10-21
6425,Cliente06425,cliente06425@example.com,Santa Fe,2023-12-22
6426,Cliente06426,cliente06426@example.com,Santa Fe,2022-11-19
6427,Cliente06427,cliente06427@example.com,Chubut,2020-06-15
6428,Cliente06428,cliente06428@example.com,Córdoba,2022-05-21
6429,Cliente06429,cliente06429@example.com,Córdoba,2022-02-08
6430,Cliente06430,cliente06430@example.com,Rosario,2020-01-28
6431,Cliente06431,cliente06431@example.com,Rosario,2022-11-30
6432,Cliente06432,cliente06432@example.com,Córdoba,2020-12-06
6433,Cliente06433,cliente06433@example.com,Mendoza,2022-06-15
6434,Cliente06434,cliente06434@example.com,Córdoba,2020-03-20
6435,Cliente06435,cliente06435@example.com,Neuquén,2022-10-11
6436,Cliente06436,cliente06436@example.com,Rosario,2023-07-06
6437,Cliente06437,cliente06437@example.com,Chubut,2022-09-24
6438,Cliente06438,cliente06438@example.com,Rosario,2023-01-25
6439,Cliente06439,cliente06439@example.com,Neuquén,2022-03-28
6440,Cliente06440,cliente06440@example.com,CABA,2021-08-30
6441,Cliente06441,cliente06441@example.com,Córdoba,2022-06-10
6442,Cliente06442,cliente06442@example.com,Salta,2023-10-17
6443,Cliente06443,cliente06443@example.com,Salta,2022-12-06
6444,Cliente06444,cliente06444@example.com,Tucumán,2023-06-13
6445,Cliente06445,cliente06445@example.com,Tucumán,2023-02-28
6446,Cliente06446,cliente06446@example.com,Rosario,2020-10-16
6447,Cliente06447,cliente06447@example.com,Salta,2022-12-07
6448,Cliente06448,cliente06448@example.com,Mendoza,2023-06-11
6449,Cliente06449,cliente06449@example.com,Tucumán,2022-11-29
6450,Cliente06450,cliente06450@example.com,San Luis,2021-05-29
6451,Cliente06451,cliente06451@example.com,Santa Fe,2022-08-05
6452,Cliente06452,cliente06452@example.com,Mendoza,2021-11-07
6453,Cliente06453,cliente06453@example.com,Rosario,2020-12-02
6454,Cliente06454,cliente06454@example.com,Chubut,2022-08-28
6455,Cliente06455,cliente06455@example.com,CABA,2021-10-12
6456,Cliente06456,cliente06456@example.com,Neuquén,2021-01-02
6457,Cliente06457,cliente06457@example.com,Rosario,2022-08-21
6458,Cliente06458,cliente06458@example.com,Córdoba,2020-01-12
6459,Cliente06459,cliente06459@example.com,Salta,2023-12-07
6460,Cliente06460,cliente06460@example.com,Mendoza,2021-02-12
6461,Cliente06461,cliente06461@example.com,Córdoba,2023-01-06
6462,Cliente06462,cliente06462@example.com,Santa Fe,2021-11-08
6463,Cliente06463,cliente06463@example.com,Córdoba,2020-05-05
6464,Cliente06464,cliente06464@example.com,San Luis,2022-08-17
6465,Cliente06465,cliente06465@example.com,San Luis,2020-11-16
6466,Cliente06466,cliente06466@example.com,Córdoba,2021-12-18
6467,Cliente06467,cliente06467@example.com,Chubut,2021-04-07
6468,Cliente06468,cliente06468@example.com,Tucumán,2023-07-11
6469,Cliente06469,cliente06469@example.com,CABA,2021-01-29
6470,Cliente06470,cliente06470@example.com,Salta,2021-08-05
6471,Cliente06471,cliente06471@example.com,Neuquén,2023-04-11
6472,Cliente06472,cliente06472@example.com,Salta,2022-01-22
6473,Cliente06473,cliente06473@example.com,San Luis,2022-04-05
6474,Cliente06474,cliente06474@example.com,Salta,2023-02-23
6475,Cliente06475,cliente06475@example.com,Chubut,2023-08-06
6476,Cliente06476,cliente06476@example.com,Mendoza,2020-06-07
6477,Cliente06477,cliente06477@example.com,San Luis,2020-11-08
6478,Cliente06478,cliente06478@example.com,Córdoba,2021-03-19
6479,Cliente06479,cliente06479@example.com,Salta,2020-12-31
6480,Cliente06480,cliente06480@example.com,Salta,2023-02-28
6481,Cliente06481,cliente06481@example.com,Córdoba,2020-09-16
6482,Cliente06482,cliente06482@example.com,Chubut,2023-04-17
6483,Cliente06483,cliente06483@example.com,Neuquén,2021-11-07
6484,Cliente06484,cliente06484@example.com,San Luis,2023-04-27
6485,Cliente06485,cliente06485@example.com,San Luis,2021-07-21
6486,Cliente06486,cliente06486@example.com,San Luis,2023-10-01
6487,Cliente06487,cliente06487@example.com,Santa Fe,2021-03-04
6488,Cliente06488,cliente06488@example.com,Rosario,2020-01-06
6489,Cliente06489,cliente06489@example.com,Mendoza,2021-03-19
6490,Cliente06490,cliente06490@example.com,Córdoba,2023-06-13
6491,Cliente06491,cliente06491@example.com,Rosario,2020-10-20
6492,Cliente06492,cliente06492@example.com,Rosario,2022-08-31
6493,Cliente06493,cliente06493@example.com,CABA,2021-10-24
6494,Cliente06494,cliente06494@example.com,Córdoba,2020-04-16
6495,Cliente06495,cliente06495@example.com,Rosario,2022-11-13
6496,Cliente06496,cliente06496@example.com,Santa Fe,2022-05-21
6497,Cliente06497,cliente06497@example.com,Santa Fe,2021-10-31
6498,Cliente06498,cliente06498@example.com,Salta,2022-10-21
6499,Cliente06499,cliente06499@example.com,Córdoba,2021-05-08
6500,Cliente06500,cliente06500@example.com,Chubut,2022-03-16
6501,Cliente06501,cliente06501@example.com,Neuquén,2022-02-28
6502,Cliente06502,cliente06502@example.com,Santa Fe,2021-12-28
6503,Cliente06503,cliente06503@example.com,Salta,2022-12-05
6504,Cliente06504,cliente06504@example.com,Tucumán,2022-12-22
6505,Cliente06505,cliente06505@example.com,Córdoba,2023-05-24
6506,Cliente06506,cliente06506@example.com,Mendoza,2020-12-06
6507,Cliente06507,cliente06507@example.com,Salta,2023-12-27
6508,Cliente06508,cliente06508@example.com,Rosario,2022-06-14
6509,Cliente06509,cliente06509@example.com,Chubut,2022-06-23
6510,Cliente06510,cliente06510@example.com,Santa Fe,2023-11-24
6511,Cliente06511,cliente06511@example.com,Salta,2023-11-04
6512,Cliente06512,cliente06512@example.com,Córdoba,2023-02-16
6513,Cliente06513,cliente06513@example.com,Neuquén,2023-08-28
6514,Cliente06514,cliente06514@example.com,Tucumán,2020-12-30
6515,Cliente06515,cliente06515@example.com,CABA,2022-01-18
6516,Cliente06516,cliente06516@example.com,Santa Fe,2023-10-04
6517,Cliente06517,cliente06517@example.com,Tucumán,2022-05-18
6518,Cliente06518,cliente06518@example.com,Mendoza,2023-06-17
6519,Cliente06519,cliente06519@example.com,Chubut,2021-01-26
6520,Cliente06520,cliente06520@example.com,Neuquén,2022-02-05
6521,Cliente06521,cliente06521@example.com,Rosario,2020-01-22
6522,Cliente06522,cliente06522@example.com,Mendoza,2022-06-24
6523,Cliente06523,cliente06523@example.com,Tucumán,2022-12-13
6524,Cliente06524,cliente06524@example.com,Mendoza,2020-01-12
6525,Cliente06525,cliente06525@example.com,San Luis,2021-09-27
6526,Cliente06526,cliente06526@example.com,Tucumán,2020-07-11
6527,Cliente06527,cliente06527@example.com,Tucumán,2021-06-03
6528,Cliente06528,cliente06528@example.com,Chubut,2020-01-27
6529,Cliente06529,cliente06529@example.com,San Luis,2021-07-13
6530,Cliente06530,cliente06530@example.com,CABA,2023-08-18
6531,Cliente06531,cliente06531@example.com,Salta,2023-08-07
6532,Cliente06532,cliente06532@example.com,Santa Fe,2022-03-26
6533,Cliente06533,cliente06533@example.com,CABA,2023-11-25
6534,Cliente06534,cliente06534@example.com,Salta,2021-07-15
6535,Cliente06535,cliente06535@example.com,CABA,2023-03-17
6536,Cliente06536,cliente06536@example.com,CABA,2022-08-22
6537,Cliente06537,cliente06537@example.com,San Luis,2023-07-18
6538,Cliente06538,cliente06538@example.com,Santa Fe,2022-10-01
6539,Cliente06539,cliente06539@example.com,Rosario,2022-08-27
6540,Cliente06540,cliente06540@example.com,Chubut,2020-07-31
6541,Cliente06541,cliente06541@example.com,CABA,2022-01-26
6542,Cliente06542,cliente06542@example.com,CABA,2023-06-09
6543,Cliente06543,cliente06543@example.com,Rosario,2023-12-16
6544,Cliente06544,cliente06544@example.com,Rosario,2020-09-26
6545,Cliente06545,cliente06545@example.com,Córdoba,2022-05-09
6546,Cliente06546,cliente06546@example.com,Córdoba,2020-04-24
6547,Cliente06547,cliente06547@example.com,Santa Fe,2023-07-29
6548,Cliente06548,cliente06548@example.com,CABA,2021-10-05
6549,Cliente06549,cliente06549@example.com,Córdoba,2023-01-19
6550,Cliente06550,cliente06550@example.com,Salta,2021-02-01
6551,Cliente06551,cliente06551@example.com,San Luis,2020-02-04
6552,Cliente06552,cliente06552@example.com,Tucumán,2023-10-08
6553,Cliente06553,cliente06553@example.com,Tucumán,2023-12-23
6554,Cliente06554,cliente06554@example.com,Rosario,2023-04-16
6555,Cliente06555,cliente06555@example.com,Tucumán,2022-11-23
6556,Cliente06556,cliente06556@example.com,CABA,2023-09-22
6557,Cliente06557,cliente06557@example.com,Neuquén,2022-05-02
6558,Cliente06558,cliente06558@example.com,CABA,2020-05-13
6559,Cliente06559,cliente06559@example.com,Mendoza,2022-10-24
6560,Cliente06560,cliente06560@example.com,Rosario,2021-06-30
6561,Cliente06561,cliente06561@example.com,Córdoba,2020-12-19
6562,Cliente06562,cliente06562@example.com,Santa Fe,2020-04-01
6563,Cliente06563,cliente06563@example.com,Salta,2023-05-31
6564,Cliente06564,cliente06564@example.com,Mendoza,2023-11-11
6565,Cliente06565,cliente06565@example.com,Chubut,2022-04-18
6566,Cliente06566,cliente06566@example.com,Rosario,2023-07-25
6567,Cliente06567,cliente06567@example.com,CABA,2021-09-29
6568,Cliente06568,cliente06568@example.com,Salta,2023-02-22
6569,Cliente06569,cliente06569@example.com,Tucumán,2020-08-29
6570,Cliente06570,cliente06570@example.com,Tucumán,2022-08-12
6571,Cliente06571,cliente06571@example.com,San Luis,2023-11-27
6572,Cliente06572,cliente06572@example.com,Córdoba,2023-03-05
6573,Cliente06573,cliente06573@example.com,Santa Fe,2020-06-29
6574,Cliente06574,cliente06574@example.com,Córdoba,2020-07-04
6575,Cliente06575,cliente06575@example.com,Rosario,2020-06-25
6576,Cliente06576,cliente06576@example.com,Rosario,2021-10-12
6577,Cliente06577,cliente06577@example.com,San Luis,2023-07-07
6578,Cliente06578,cliente06578@example.com,CABA,2020-12-12
6579,Cliente06579,cliente06579@example.com,CABA,2021-03-21
6580,Cliente06580,cliente06580@example.com,Tucumán,2022-07-31
6581,Cliente06581,cliente06581@example.com,Córdoba,2021-05-20
6582,Cliente06582,cliente06582@example.com,Salta,2023-10-26
6583,Cliente06583,cliente06583@example.com,Mendoza,2020-09-28
6584,Cliente06584,cliente06584@example.com,Salta,2020-04-19
6585,Cliente06585,cliente06585@example.com,Neuquén,2023-12-16
6586,Cliente06586,cliente06586@example.com,Salta,2020-12-30
6587,Cliente06587,cliente06587@example.com,Salta,2020-10-14
6588,Cliente06588,cliente06588@example.com,San Luis,2021-10-08
6589,Cliente06589,cliente06589@example.com,Neuquén,2021-04-07
6590,Cliente06590,cliente06590@example.com,Mendoza,2021-07-12
6591,Cliente06591,cliente06591@example.com,Mendoza,2020-12-28
6592,Cliente06592,cliente06592@example.com,Salta,2021-06-15
6593,Cliente06593,cliente06593@example.com,Santa Fe,2021-06-25
6594,Cliente06594,cliente06594@example.com,Córdoba,2022-09-30
6595,Cliente06595,cliente06595@example.com,Tucumán,2023-03-31
6596,Cliente06596,cliente06596@example.com,Tucumán,2021-12-15
6597,Cliente06597,cliente06597@example.com,Chubut,2022-07-09
6598,Cliente06598,cliente06598@example.com,Rosario,2020-03-16
6599,Cliente06599,cliente06599@example.com,San Luis,2022-02-28
6600,Cliente06600,cliente06600@example.com,Rosario,2023-01-06
6601,Cliente06601,cliente06601@example.com,San Luis,2021-03-07
6602,Cliente06602,cliente06602@example.com,Neuquén,2021-12-11
6603,Cliente06603,cliente06603@example.com,Salta,2021-02-28
6604,Cliente06604,cliente06604@example.com,Tucumán,2023-12-03
6605,Cliente06605,cliente06605@example.com,Chubut,2023-02-03
6606,Cliente06606,cliente06606@example.com,Salta,2020-07-04
6607,Cliente06607,cliente06607@example.com,Chubut,2021-03-07
6608,Cliente06608,cliente06608@example.com,Salta,2021-03-22
6609,Cliente06609,cliente06609@example.com,Santa Fe,2021-06-18
6610,Cliente06610,cliente06610@example.com,CABA,2020-08-24
6611,Cliente06611,cliente06611@example.com,Chubut,2023-09-10
6612,Cliente06612,cliente06612@example.com,Rosario,2022-08-31
6613,Cliente06613,cliente06613@example.com,Rosario,2022-08-14
6614,Cliente06614,cliente06614@example.com,San Luis,2021-10-23
6615,Cliente06615,cliente06615@example.com,Tucumán,2023-02-28
6616,Cliente06616,cliente06616@example.com,Neuquén,2023-09-10
6617,Cliente06617,cliente06617@example.com,San Luis,2020-03-10
6618,Cliente06618,cliente06618@example.com,Tucumán,2023-12-07
6619,Cliente06619,cliente06619@example.com,Córdoba,2023-07-13
6620,Cliente06620,cliente06620@example.com,Tucumán,2020-01-17
6621,Cliente06621,cliente06621@example.com,Rosario,2022-05-13
6622,Cliente06622,cliente06622@example.com,Santa Fe,2021-11-16
6623,Cliente06623,cliente06623@example.com,Tucumán,2023-08-19
6624,Cliente06624,cliente06624@example.com,Córdoba,2021-01-18
6625,Cliente06625,cliente06625@example.com,Tucumán,2021-09-19
6626,Cliente06626,cliente06626@example.com,Rosario,2022-08-14
6627,Cliente06627,cliente06627@example.com,Chubut,2021-01-16
6628,Cliente06628,cliente06628@example.com,CABA,2022-06-18
6629,Cliente06629,cliente06629@example.com,San Luis,2022-07-23
6630,Cliente06630,cliente06630@example.com,San Luis,2023-03-25
6631,Cliente06631,cliente06631@example.com,Neuquén,2022-03-28
6632,Cliente06632,cliente06632@example.com,Santa Fe,2021-05-13
6633,Cliente06633,cliente06633@example.com,Salta,2022-02-03
6634,Cliente06634,cliente06634@example.com,San Luis,2021-11-22
6635,Cliente06635,cliente06635@example.com,Santa Fe,2023-10-21
6636,Cliente06636,cliente06636@example.com,Neuquén,2021-09-06
6637,Cliente06637,cliente06637@example.com,CABA,2021-04-24
6638,Cliente06638,cliente06638@example.com,Chubut,2020-08-08
6639,Cliente06639,cliente06639@example.com,Neuquén,2022-05-22
6640,Cliente06640,cliente06640@example.com,Salta,2023-03-28
6641,Cliente06641,cliente06641@example.com,Neuquén,2023-04-29
6642,Cliente06642,cliente06642@example.com,CABA,2020-12-01
6643,Cliente06643,cliente06643@example.com,Chubut,2020-12-06
6644,Cliente06644,cliente06644@example.com,Salta,2023-05-07
6645,Cliente06645,cliente06645@example.com,Chubut,2021-02-10
6646,Cliente06646,cliente06646@example.com,San Luis,2020-10-12
6647,Cliente06647,cliente06647@example.com,Rosario,2023-09-20
6648,Cliente06648,cliente06648@example.com,Tucumán,2020-04-20
6649,Cliente06649,cliente06649@example.com,Córdoba,2021-09-25
6650,Cliente06650,cliente06650@example.com,Rosario,2021-12-09
6651,Cliente06651,cliente06651@example.com,Santa Fe,2022-03-21
6652,Cliente06652,cliente06652@example.com,Rosario,2022-08-01
6653,Cliente06653,cliente06653@example.com,CABA,2023-09-10
6654,Cliente06654,cliente06654@example.com,Rosario,2021-02-14
6655,Cliente06655,cliente06655@example.com,Rosario,2021-09-09
6656,Cliente06656,cliente06656@example.com,Salta,2020-06-13
6657,Cliente06657,cliente06657@example.com,Rosario,2021-04-28
6658,Cliente06658,cliente06658@example.com,Mendoza,2022-06-13
6659,Cliente06659,cliente06659@example.com,Córdoba,2021-05-16
6660,Cliente06660,cliente06660@example.com,Rosario,2023-11-03
6661,Cliente06661,cliente06661@example.com,Chubut,2022-02-05
6662,Cliente06662,cliente06662@example.com,CABA,2022-09-04
6663,Cliente06663,cliente06663@example.com,Rosario,2021-12-06
6664,Cliente06664,cliente06664@example.com,Córdoba,2022-08-22
6665,Cliente06665,cliente06665@example.com,Chubut,2023-11-07
6666,Cliente06666,cliente06666@example.com,Neuquén,2023-12-02
6667,Cliente06667,cliente06667@example.com,Mendoza,2022-08-25
6668,Cliente06668,cliente06668@example.com,Neuquén,2022-08-07
6669,Cliente06669,cliente06669@example.com,Mendoza,2020-07-15
6670,Cliente06670,cliente06670@example.com,Neuquén,2020-09-20
6671,Cliente06671,cliente06671@example.com,Tucumán,2020-09-30
6672,Cliente06672,cliente06672@example.com,Neuquén,2021-10-31
6673,Cliente06673,cliente06673@example.com,Salta,2023-10-13
6674,Cliente06674,cliente06674@example.com,Neuquén,2023-05-07
6675,Cliente06675,cliente06675@example.com,Neuquén,2022-12-29
6676,Cliente06676,cliente06676@example.com,Córdoba,2021-12-11
6677,Cliente06677,cliente06677@example.com,Santa Fe,2023-10-03
6678,Cliente06678,cliente06678@example.com,San Luis,2020-02-25
6679,Cliente06679,cliente06679@example.com,Mendoza,2023-05-31
6680,Cliente06680,cliente06680@example.com,Rosario,2021-04-26
6681,Cliente06681,cliente06681@example.com,Tucumán,2022-01-11
6682,Cliente06682,cliente06682@example.com,Tucumán,2022-10-23
6683,Cliente06683,cliente06683@example.com,CABA,2023-06-04
6684,Cliente06684,cliente06684@example.com,San Luis,2022-03-26
6685,Cliente06685,cliente06685@example.com,Córdoba,2023-08-15
6686,Cliente06686,cliente06686@example.com,Mendoza,2020-10-09
6687,Cliente06687,cliente06687@example.com,Santa Fe,2021-01-19
6688,Cliente06688,cliente06688@example.com,CABA,2021-03-08
6689,Cliente06689,cliente06689@example.com,Salta,2022-06-10
6690,Cliente06690,cliente06690@example.com,Córdoba,2021-11-26
6691,Cliente06691,cliente06691@example.com,Neuquén,2023-09-01
6692,Cliente06692,cliente06692@example.com,Rosario,2022-05-21
6693,Cliente06693,cliente06693@example.com,Rosario,2021-08-06
6694,Cliente06694,cliente06694@example.com,Salta,2022-03-03
6695,Cliente06695,cliente06695@example.com,Santa Fe,2020-03-12
6696,Cliente06696,cliente06696@example.com,Salta,2022-05-13
6697,Cliente06697,cliente06697@example.com,Rosario,2020-11-30
6698,Cliente06698,cliente06698@example.com,Neuquén,2023-10-29
6699,Cliente06699,cliente06699@example.com,Chubut,2020-08-05
6700,Cliente06700,cliente06700@example.com,Santa Fe,2020-06-18
6701,Cliente06701,cliente06701@example.com,Tucumán,2023-11-06
6702,Cliente06702,cliente06702@example.com,Córdoba,2023-09-05
6703,Cliente06703,cliente06703@example.com,Neuquén,2020-01-26
6704,Cliente06704,cliente06704@example.com,Rosario,2021-10-15
6705,Cliente06705,cliente06705@example.com,Rosario,2023-03-22
6706,Cliente06706,cliente06706@example.com,Chubut,2022-02-25
6707,Cliente06707,cliente06707@example.com,Santa Fe,2020-01-24
6708,Cliente06708,cliente06708@example.com,Santa Fe,2023-09-01
6709,Cliente06709,cliente06709@example.com,Neuquén,2022-05-15
6710,Cliente06710,cliente06710@example.com,CABA,2021-09-12
6711,Cliente06711,cliente06711@example.com,Neuquén,2021-06-13
6712,Cliente06712,cliente06712@example.com,Córdoba,2023-05-21
6713,Cliente06713,cliente06713@example.com,Santa Fe,2022-10-25
6714,Cliente06714,cliente06714@example.com,Tucumán,2022-08-27
6715,Cliente06715,cliente06715@example.com,Tucumán,2022-12-31
6716,Cliente06716,cliente06716@example.com,Tucumán,2020-08-16
6717,Cliente06717,cliente06717@example.com,Rosario,2022-05-18
6718,Cliente06718,cliente06718@example.com,Chubut,2022-02-24
6719,Cliente06719,cliente06719@example.com,Córdoba,2020-11-03
6720,Cliente06720,cliente06720@example.com,CABA,2021-11-21
6721,Cliente06721,cliente06721@example.com,San Luis,2021-06-12
6722,Cliente06722,cliente06722@example.com,Mendoza,2022-11-20
6723,Cliente06723,cliente06723@example.com,San Luis,2022-07-20
6724,Cliente06724,cliente06724@example.com,Neuquén,2020-04-09
6725,Cliente06725,cliente06725@example.com,Santa Fe,2021-07-30
6726,Cliente06726,cliente06726@example.com,CABA,2020-09-05
6727,Cliente06727,cliente06727@example.com,Santa Fe,2022-07-31
6728,Cliente06728,cliente06728@example.com,Tucumán,2020-04-12
6729,Cliente06729,cliente06729@example.com,San Luis,2023-11-06
6730,Cliente06730,cliente06730@example.com,Tucumán,2021-05-31
6731,Cliente06731,cliente06731@example.com,Neuquén,2021-11-22
6732,Cliente06732,cliente06732@example.com,Salta,2020-02-18
6733,Cliente06733,cliente06733@example.com,Chubut,2021-07-01
6734,Cliente06734,cliente06734@example.com,Rosario,2021-08-23
6735,Cliente06735,cliente06735@example.com,Tucumán,2022-05-04
6736,Cliente06736,cliente06736@example.com,CABA,2022-07-03
6737,Cliente06737,cliente06737@example.com,Tucumán,2021-09-01
6738,Cliente06738,cliente06738@example.com,CABA,2023-05-05
6739,Cliente06739,cliente06739@example.com,Córdoba,2022-01-01
6740,Cliente06740,cliente06740@example.com,CABA,2022-12-24
6741,Cliente06741,cliente06741@example.com,Neuquén,2021-05-24
6742,Cliente06742,cliente06742@example.com,Rosario,2020-06-21
6743,Cliente06743,cliente06743@example.com,Chubut,2020-07-12
6744,Cliente06744,cliente06744@example.com,Rosario,2020-10-23
6745,Cliente06745,cliente06745@example.com,Santa Fe,2022-06-01
6746,Cliente06746,cliente06746@example.com,Salta,2021-12-08
6747,Cliente06747,cliente06747@example.com,Santa Fe,2023-11-12
6748,Cliente06748,cliente06748@example.com,San Luis,2021-05-14
6749,Cliente06749,cliente06749@example.com,Chubut,2023-03-11
6750,Cliente06750,cliente06750@example.com,Santa Fe,2020-03-24
6751,Cliente06751,cliente06751@example.com,Córdoba,2021-10-30
6752,Cliente06752,cliente06752@example.com,Tucumán,2020-03-19
6753,Cliente06753,cliente06753@example.com,Rosario,2023-06-01
6754,Cliente06754,cliente06754@example.com,Córdoba,2022-02-21
6755,Cliente06755,cliente06755@example.com,Chubut,2020-06-10
6756,Cliente06756,cliente06756@example.com,Tucumán,2023-07-28
6757,Cliente06757,cliente06757@example.com,Salta,2022-05-15
6758,Cliente06758,cliente06758@example.com,Neuquén,2020-02-15
6759,Cliente06759,cliente06759@example.com,Rosario,2021-06-10
6760,Cliente06760,cliente06760@example.com,Córdoba,2022-06-06
6761,Cliente06761,cliente06761@example.com,Córdoba,2021-01-27
6762,Cliente06762,cliente06762@example.com,San Luis,2021-06-18
6763,Cliente06763,cliente06763@example.com,Salta,2023-06-14
6764,Cliente06764,cliente06764@example.com,Chubut,2023-01-09
6765,Cliente06765,cliente06765@example.com,Mendoza,2023-11-22
6766,Cliente06766,cliente06766@example.com,CABA,2022-02-05
6767,Cliente06767,cliente06767@example.com,San Luis,2022-08-26
6768,Cliente06768,cliente06768@example.com,Mendoza,2022-06-13
6769,Cliente06769,cliente06769@example.com,Salta,2023-11-11
6770,Cliente06770,cliente06770@example.com,Rosario,2021-07-20
6771,Cliente06771,cliente06771@example.com,Chubut,2023-10-07
6772,Cliente06772,cliente06772@example.com,CABA,2023-05-23
6773,Cliente06773,cliente06773@example.com,Neuquén,2021-01-06
6774,Cliente06774,cliente06774@example.com,Salta,2021-07-12
6775,Cliente06775,cliente06775@example.com,CABA,2022-04-13
6776,Cliente06776,cliente06776@example.com,Mendoza,2020-02-08
6777,Cliente06777,cliente06777@example.com,Neuquén,2023-09-07
6778,Cliente06778,cliente06778@example.com,Rosario,2021-07-16
6779,Cliente06779,cliente06779@example.com,Salta,2022-08-05
6780,Cliente06780,cliente06780@example.com,San Luis,2023-07-24
6781,Cliente06781,cliente06781@example.com,Tucumán,2020-07-17
6782,Cliente06782,cliente06782@example.com,Mendoza,2021-04-05
6783,Cliente06783,cliente06783@example.com,CABA,2023-12-23
6784,Cliente06784,cliente06784@example.com,Tucumán,2021-03-28
6785,Cliente06785,cliente06785@example.com,Córdoba,2023-06-06
6786,Cliente06786,cliente06786@example.com,Salta,2023-12-29
6787,Cliente06787,cliente06787@example.com,San Luis,2022-08-01
6788,Cliente06788,cliente06788@example.com,San Luis,2022-05-11
6789,Cliente06789,cliente06789@example.com,San Luis,2021-11-04
6790,Cliente06790,cliente06790@example.com,Chubut,2022-03-07
6791,Cliente06791,cliente06791@example.com,Santa Fe,2023-02-16
6792,Cliente06792,cliente06792@example.com,CABA,2021-12-03
6793,Cliente06793,cliente06793@example.com,Tucumán,2021-10-16
6794,Cliente06794,cliente06794@example.com,Tucumán,2022-06-29
6795,Cliente06795,cliente06795@example.com,Rosario,2022-08-04
6796,Cliente06796,cliente06796@example.com,Santa Fe,2021-03-07
6797,Cliente06797,cliente06797@example.com,Chubut,2023-11-29
6798,Cliente06798,cliente06798@example.com,Rosario,2023-10-10
6799,Cliente06799,cliente06799@example.com,Neuquén,2021-06-07
6800,Cliente06800,cliente06800@example.com,Neuquén,2020-03-07
6801,Cliente06801,cliente06801@example.com,San Luis,2020-06-09
6802,Cliente06802,cliente06802@example.com,Santa Fe,2023-02-23
6803,Cliente06803,cliente06803@example.com,Tucumán,2020-06-19
6804,Cliente06804,cliente06804@example.com,Mendoza,2022-12-20
6805,Cliente06805,cliente06805@example.com,Tucumán,2021-09-14
6806,Cliente06806,cliente06806@example.com,Salta,2021-10-07
6807,Cliente06807,cliente06807@example.com,Santa Fe,2023-10-13
6808,Cliente06808,cliente06808@example.com,Santa Fe,2020-03-01
6809,Cliente06809,cliente06809@example.com,Rosario,2023-07-03
6810,Cliente06810,cliente06810@example.com,San Luis,2020-12-07
6811,Cliente06811,cliente06811@example.com,San Luis,2021-12-21
6812,Cliente06812,cliente06812@example.com,San Luis,2022-06-02
6813,Cliente06813,cliente06813@example.com,Neuquén,2020-02-17
6814,Cliente06814,cliente06814@example.com,Salta,2023-02-13
6815,Cliente06815,cliente06815@example.com,Santa Fe,2021-04-25
6816,Cliente06816,cliente06816@example.com,Neuquén,2023-01-05
6817,Cliente06817,cliente06817@example.com,Rosario,2022-02-14
6818,Cliente06818,cliente06818@example.com,San Luis,2020-09-09
6819,Cliente06819,cliente06819@example.com,Córdoba,2022-03-21
6820,Cliente06820,cliente06820@example.com,Mendoza,2021-03-08
6821,Cliente06821,cliente06821@example.com,Córdoba,2023-03-14
6822,Cliente06822,cliente06822@example.com,Salta,2020-12-31
6823,Cliente06823,cliente06823@example.com,Rosario,2022-04-01
6824,Cliente06824,cliente06824@example.com,Chubut,2022-04-16
6825,Cliente06825,cliente06825@example.com,Tucumán,2021-03-21
6826,Cliente06826,cliente06826@example.com,Neuquén,2023-05-12
6827,Cliente06827,cliente06827@example.com,Salta,2021-10-16
6828,Cliente06828,cliente06828@example.com,Tucumán,2023-07-14
6829,Cliente06829,cliente06829@example.com,Córdoba,2023-09-22
6830,Cliente06830,cliente06830@example.com,Tucumán,2022-10-25
6831,Cliente06831,cliente06831@example.com,Chubut,2022-12-26
6832,Cliente06832,cliente06832@example.com,Neuquén,2021-04-06
6833,Cliente06833,cliente06833@example.com,Neuquén,2022-10-10
6834,Cliente06834,cliente06834@example.com,Santa Fe,2021-08-09
6835,Cliente06835,cliente06835@example.com,Santa Fe,2020-11-17
6836,Cliente06836,cliente06836@example.com,Rosario,2022-03-30
6837,Cliente06837,cliente06837@example.com,Salta,2020-01-07
6838,Cliente06838,cliente06838@example.com,Chubut,2021-11-15
6839,Cliente06839,cliente06839@example.com,Santa Fe,2023-09-05
6840,Cliente06840,cliente06840@example.com,Rosario,2023-10-31
6841,Cliente06841,cliente06841@example.com,Córdoba,2022-02-24
6842,Cliente06842,cliente06842@example.com,San Luis,2023-08-30
6843,Cliente06843,cliente06843@example.com,Neuquén,2022-05-06
6844,Cliente06844,cliente06844@example.com,Neuquén,2021-01-21
6845,Cliente06845,cliente06845@example.com,CABA,2023-06-21
6846,Cliente06846,cliente06846@example.com,Mendoza,2020-10-10
6847,Cliente06847,cliente06847@example.com,San Luis,2023-06-23
6848,Cliente06848,cliente06848@example.com,Chubut,2020-06-13
6849,Cliente06849,cliente06849@example.com,San Luis,2023-03-14
6850,Cliente06850,cliente06850@example.com,Neuquén,2020-02-16
6851,Cliente06851,cliente06851@example.com,Tucumán,2023-06-02
6852,Cliente06852,cliente06852@example.com,Mendoza,2020-12-06
6853,Cliente06853,cliente06853@example.com,San Luis,2023-07-05
6854,Cliente06854,cliente06854@example.com,Santa Fe,2023-11-02
6855,Cliente06855,cliente06855@example.com,Córdoba,2022-01-28
6856,Cliente06856,cliente06856@example.com,CABA,2023-05-16
6857,Cliente06857,cliente06857@example.com,Neuquén,2023-02-04
6858,Cliente06858,cliente06858@example.com,Chubut,2021-01-30
6859,Cliente06859,cliente06859@example.com,Rosario,2022-07-26
6860,Cliente06860,cliente06860@example.com,Tucumán,2021-05-05
6861,Cliente06861,cliente06861@example.com,Rosario,2022-08-25
6862,Cliente06862,cliente06862@example.com,Mendoza,2021-10-22
6863,Cliente06863,cliente06863@example.com,Rosario,2021-08-23
6864,Cliente06864,cliente06864@example.com,Córdoba,2020-03-04
6865,Cliente06865,cliente06865@example.com,Mendoza,2023-03-28
6866,Cliente06866,cliente06866@example.com,Santa Fe,2022-07-29
6867,Cliente06867,cliente06867@example.com,Mendoza,2023-11-01
6868,Cliente06868,cliente06868@example.com,San Luis,2022-06-27
6869,Cliente06869,cliente06869@example.com,Mendoza,2020-12-28
6870,Cliente06870,cliente06870@example.com,Santa Fe,2022-10-21
6871,Cliente06871,cliente06871@example.com,Córdoba,2023-05-22
6872,Cliente06872,cliente06872@example.com,Tucumán,2020-11-22
6873,Cliente06873,cliente06873@example.com,Mendoza,2022-08-04
6874,Cliente06874,cliente06874@example.com,Córdoba,2020-01-15
6875,Cliente06875,cliente06875@example.com,CABA,2023-10-28
6876,Cliente06876,cliente06876@example.com,Neuquén,2022-11-30
6877,Cliente06877,cliente06877@example.com,Santa Fe,2022-02-28
6878,Cliente06878,cliente06878@example.com,Córdoba,2022-05-04
6879,Cliente06879,cliente06879@example.com,Salta,2023-01-05
6880,Cliente06880,cliente06880@example.com,Córdoba,2023-05-28
6881,Cliente06881,cliente06881@example.com,Chubut,2020-02-18
6882,Cliente06882,cliente06882@example.com,Santa Fe,2022-09-11
6883,Cliente06883,cliente06883@example.com,CABA,2021-08-22
6884,Cliente06884,cliente06884@example.com,Neuquén,2020-03-22
6885,Cliente06885,cliente06885@example.com,Tucumán,2022-03-29
6886,Cliente06886,cliente06886@example.com,Chubut,2023-07-12
6887,Cliente06887,cliente06887@example.com,Santa Fe,2022-05-27
6888,Cliente06888,cliente06888@example.com,Córdoba,2020-07-31
6889,Cliente06889,cliente06889@example.com,Rosario,2021-06-21
6890,Cliente06890,cliente06890@example.com,San Luis,2020-08-16
6891,Cliente06891,cliente06891@example.com,Rosario,2022-01-20
6892,Cliente06892,cliente06892@example.com,Neuquén,2023-09-06
6893,Cliente06893,cliente06893@example.com,Tucumán,2020-10-17
6894,Cliente06894,cliente06894@example.com,Mendoza,2022-09-15
6895,Cliente06895,cliente06895@example.com,Mendoza,2021-06-25
6896,Cliente06896,cliente06896@example.com,Córdoba,2021-11-06
6897,Cliente06897,cliente06897@example.com,Córdoba,2022-07-27
6898,Cliente06898,cliente06898@example.com,Santa Fe,2021-05-16
6899,Cliente06899,cliente06899@example.com,Salta,2021-12-02
6900,Cliente06900,cliente06900@example.com,Salta,2023-11-12
6901,Cliente06901,cliente06901@example.com,Santa Fe,2021-11-08
6902,Cliente06902,cliente06902@example.com,Santa Fe,2023-12-03
6903,Cliente06903,cliente06903@example.com,Salta,2023-03-09
6904,Cliente06904,cliente06904@example.com,Salta,2023-05-02
6905,Cliente06905,cliente06905@example.com,CABA,2020-10-13
6906,Cliente06906,cliente06906@example.com,Rosario,2022-12-04
6907,Cliente06907,cliente06907@example.com,Salta,2020-02-23
6908,Cliente06908,cliente06908@example.com,Mendoza,2022-01-29
6909,Cliente06909,cliente06909@example.com,San Luis,2022-01-12
6910,Cliente06910,cliente06910@example.com,Salta,2021-09-20
6911,Cliente06911,cliente06911@example.com,Rosario,2023-03-08
6912,Cliente06912,cliente06912@example.com,Salta,2022-08-31
6913,Cliente06913,cliente06913@example.com,Santa Fe,2023-10-10
6914,Cliente06914,cliente06914@example.com,Salta,2020-11-12
6915,Cliente06915,cliente06915@example.com,Rosario,2020-10-27
6916,Cliente06916,cliente06916@example.com,San Luis,2021-08-21
6917,Cliente06917,cliente06917@example.com,Neuquén,2021-06-10
6918,Cliente06918,cliente06918@example.com,Mendoza,2020-02-27
6919,Cliente06919,cliente06919@example.com,Mendoza,2023-04-09
6920,Cliente06920,cliente06920@example.com,Salta,2020-10-30
6921,Cliente06921,cliente06921@example.com,San Luis,2020-01-25
6922,Cliente06922,cliente06922@example.com,Salta,2022-01-15
6923,Cliente06923,cliente06923@example.com,Chubut,2022-11-24
6924,Cliente06924,cliente06924@example.com,Neuquén,2022-09-03
6925,Cliente06925,cliente06925@example.com,San Luis,2020-12-14
6926,Cliente06926,cliente06926@example.com,Tucumán,2023-08-11
6927,Cliente06927,cliente06927@example.com,Rosario,2023-04-17
6928,Cliente06928,cliente06928@example.com,Chubut,2021-10-05
6929,Cliente06929,cliente06929@example.com,Chubut,2022-02-05
6930,Cliente06930,cliente06930@example.com,Neuquén,2022-09-20
6931,Cliente06931,cliente06931@example.com,Rosario,2022-12-11
6932,Cliente06932,cliente06932@example.com,Santa Fe,2020-12-25
6933,Cliente06933,cliente06933@example.com,Santa Fe,2022-02-16
6934,Cliente06934,cliente06934@example.com,CABA,2023-10-01
6935,Cliente06935,cliente06935@example.com,Córdoba,2021-12-02
6936,Cliente06936,cliente06936@example.com,Mendoza,2021-09-25
6937,Cliente06937,cliente06937@example.com,Mendoza,2021-04-04
6938,Cliente06938,cliente06938@example.com,Rosario,2021-07-23
6939,Cliente06939,cliente06939@example.com,San Luis,2020-09-01
6940,Cliente06940,cliente06940@example.com,Mendoza,2021-12-31
6941,Cliente06941,cliente06941@example.com,Santa Fe,2022-07-29
6942,Cliente06942,cliente06942@example.com,San Luis,2023-07-31
6943,Cliente06943,cliente06943@example.com,CABA,2022-12-09
6944,Cliente06944,cliente06944@example.com,Mendoza,2021-02-18
6945,Cliente06945,cliente06945@example.com,Tucumán,2023-09-22
6946,Cliente06946,cliente06946@example.com,CABA,2022-03-27
6947,Cliente06947,cliente06947@example.com,Córdoba,2021-11-05
6948,Cliente06948,cliente06948@example.com,Chubut,2020-05-17
6949,Cliente06949,cliente06949@example.com,Salta,2023-02-07
6950,Cliente06950,cliente06950@example.com,Chubut,2023-01-06
6951,Cliente06951,cliente06951@example.com,Córdoba,2020-04-24
6952,Cliente06952,cliente06952@example.com,Santa Fe,2023-03-06
6953,Cliente06953,cliente06953@example.com,Chubut,2021-05-22
6954,Cliente06954,cliente06954@example.com,Mendoza,2021-06-08
6955,Cliente06955,cliente06955@example.com,Rosario,2023-11-13
6956,Cliente06956,cliente06956@example.com,Mendoza,2021-04-12
6957,Cliente06957,cliente06957@example.com,Santa Fe,2020-12-29
6958,Cliente06958,cliente06958@example.com,CABA,2023-06-01
6959,Cliente06959,cliente06959@example.com,Salta,2023-02-04
6960,Cliente06960,cliente06960@example.com,Salta,2020-07-06
6961,Cliente06961,cliente06961@example.com,Mendoza,2020-05-10
6962,Cliente06962,cliente06962@example.com,Rosario,2022-12-06
6963,Cliente06963,cliente06963@example.com,Salta,2020-05-04
6964,Cliente06964,cliente06964@example.com,Mendoza,2021-04-11
6965,Cliente06965,cliente06965@example.com,Mendoza,2023-04-14
6966,Cliente06966,cliente06966@example.com,San Luis,2022-09-04
6967,Cliente06967,cliente06967@example.com,Santa Fe,2020-07-20
6968,Cliente06968,cliente06968@example.com,Chubut,2020-04-14
6969,Cliente06969,cliente06969@example.com,Tucumán,2023-07-22
6970,Cliente06970,cliente06970@example.com,Córdoba,2021-02-06
6971,Cliente06971,cliente06971@example.com,Santa Fe,2020-08-26
6972,Cliente06972,cliente06972@example.com,Santa Fe,2020-06-19
6973,Cliente06973,cliente06973@example.com,Santa Fe,2021-02-08
6974,Cliente06974,cliente06974@example.com,Córdoba,2023-01-15
6975,Cliente06975,cliente06975@example.com,San Luis,2021-03-16
6976,Cliente06976,cliente06976@example.com,San Luis,2022-09-24
6977,Cliente06977,cliente06977@example.com,Salta,2023-03-11
6978,Cliente06978,cliente06978@example.com,CABA,2023-04-06
6979,Cliente06979,cliente06979@example.com,Neuquén,2020-08-16
6980,Cliente06980,cliente06980@example.com,Santa Fe,2023-08-09
6981,Cliente06981,cliente06981@example.com,Mendoza,2023-04-21
6982,Cliente06982,cliente06982@example.com,San Luis,2022-07-23
6983,Cliente06983,cliente06983@example.com,CABA,2021-05-30
6984,Cliente06984,cliente06984@example.com,Neuquén,2023-05-16
6985,Cliente06985,cliente06985@example.com,Salta,2022-10-05
6986,Cliente06986,cliente06986@example.com,Rosario,2021-11-04
6987,Cliente06987,cliente06987@example.com,Chubut,2022-09-16
6988,Cliente06988,cliente06988@example.com,Chubut,2021-08-04
6989,Cliente06989,cliente06989@example.com,Salta,2021-06-25
6990,Cliente06990,cliente06990@example.com,Chubut,2021-05-24
6991,Cliente06991,cliente06991@example.com,Tucumán,2021-07-17
6992,Cliente06992,cliente06992@example.com,Chubut,2022-10-27
6993,Cliente06993,cliente06993@example.com,Salta,2023-07-05
6994,Cliente06994,cliente06994@example.com,Santa Fe,2020-08-16
6995,Cliente06995,cliente06995@example.com,Rosario,2022-09-25
6996,Cliente06996,cliente06996@example.com,CABA,2021-10-15
6997,Cliente06997,cliente06997@example.com,Chubut,2022-08-21
6998,Cliente06998,cliente06998@example.com,Santa Fe,2020-11-30
6999,Cliente06999,cliente06999@example.com,Rosario,2020-05-14
7000,Cliente07000,cliente07000@example.com,Neuquén,2023-10-10
7001,Cliente07001,cliente07001@example.com,Salta,2020-07-12
7002,Cliente07002,cliente07002@example.com,Santa Fe,2021-12-02
7003,Cliente07003,cliente07003@example.com,Chubut,2021-01-09
7004,Cliente07004,cliente07004@example.com,Mendoza,2020-08-10
7005,Cliente07005,cliente07005@example.com,Mendoza,2021-03-12
7006,Cliente07006,cliente07006@example.com,Salta,2022-10-24
7007,Cliente07007,cliente07007@example.com,Salta,2021-10-17
7008,Cliente07008,cliente07008@example.com,Chubut,2022-08-24
7009,Cliente07009,cliente07009@example.com,Córdoba,2023-11-03
7010,Cliente07010,cliente07010@example.com,Salta,2023-06-02
7011,Cliente07011,cliente07011@example.com,Mendoza,2023-03-15
7012,Cliente07012,cliente07012@example.com,Rosario,2021-10-25
7013,Cliente07013,cliente07013@example.com,Rosario,2021-01-28
7014,Cliente07014,cliente07014@example.com,Neuquén,2020-12-17
7015,Cliente07015,cliente07015@example.com,Rosario,2023-06-03
7016,Cliente07016,cliente07016@example.com,Rosario,2021-10-28
7017,Cliente07017,cliente07017@example.com,Chubut,2022-08-28
7018,Cliente07018,cliente07018@example.com,San Luis,2022-05-03
7019,Cliente07019,cliente07019@example.com,Salta,2021-04-13
7020,Cliente07020,cliente07020@example.com,Salta,2022-08-24
7021,Cliente07021,cliente07021@example.com,Salta,2022-01-29
7022,Cliente07022,cliente07022@example.com,Rosario,2021-09-19
7023,Cliente07023,cliente07023@example.com,Tucumán,2021-12-25
7024,Cliente07024,cliente07024@example.com,Tucumán,2022-07-10
7025,Cliente07025,cliente07025@example.com,Salta,2022-05-21
7026,Cliente07026,cliente07026@example.com,San Luis,2022-03-16
7027,Cliente07027,cliente07027@example.com,Neuquén,2020-01-12
7028,Cliente07028,cliente07028@example.com,Neuquén,2020-04-23
7029,Cliente07029,cliente07029@example.com,Neuquén,2021-12-25
7030,Cliente07030,cliente07030@example.com,Rosario,2022-07-24
7031,Cliente07031,cliente07031@example.com,Salta,2020-02-09
7032,Cliente07032,cliente07032@example.com,Mendoza,2021-03-03
7033,Cliente07033,cliente07033@example.com,Salta,2021-08-26
7034,Cliente07034,cliente07034@example.com,Tucumán,2020-02-18
7035,Cliente07035,cliente07035@example.com,Tucumán,2022-05-25
7036,Cliente07036,cliente07036@example.com,Neuquén,2021-10-29
7037,Cliente07037,cliente07037@example.com,Chubut,2023-02-20
7038,Cliente07038,cliente07038@example.com,Mendoza,2021-03-16
7039,Cliente07039,cliente07039@example.com,San Luis,2022-10-27
7040,Cliente07040,cliente07040@example.com,Santa Fe,2021-07-15
7041,Cliente07041,cliente07041@example.com,Córdoba,2020-06-01
7042,Cliente07042,cliente07042@example.com,Mendoza,2020-11-24
7043,Cliente07043,cliente07043@example.com,Tucumán,2022-09-09
7044,Cliente07044,cliente07044@example.com,San Luis,2022-08-20
7045,Cliente07045,cliente07045@example.com,CABA,2023-09-12
7046,Cliente07046,cliente07046@example.com,Neuquén,2023-11-09
7047,Cliente07047,cliente07047@example.com,Santa Fe,2021-05-26
7048,Cliente07048,cliente07048@example.com,Salta,2023-05-27
7049,Cliente07049,cliente07049@example.com,San Luis,2022-02-07
7050,Cliente07050,cliente07050@example.com,CABA,2020-07-26
7051,Cliente07051,cliente07051@example.com,CABA,2023-08-02
7052,Cliente07052,cliente07052@example.com,Tucumán,2021-07-19
7053,Cliente07053,cliente07053@example.com,Chubut,2022-01-26
7054,Cliente07054,cliente07054@example.com,Santa Fe,2021-08-05
7055,Cliente07055,cliente07055@example.com,Córdoba,2022-08-24
7056,Cliente07056,cliente07056@example.com,Rosario,2020-05-31
7057,Cliente07057,cliente07057@example.com,Tucumán,2022-04-27
7058,Cliente07058,cliente07058@example.com,Rosario,2020-11-04
7059,Cliente07059,cliente07059@example.com,San Luis,2021-09-04
7060,Cliente07060,cliente07060@example.com,San Luis,2021-02-13
7061,Cliente07061,cliente07061@example.com,Chubut,2020-06-29
7062,Cliente07062,cliente07062@example.com,Santa Fe,2021-05-17
7063,Cliente07063,cliente07063@example.com,Tucumán,2023-03-18
7064,Cliente07064,cliente07064@example.com,Chubut,2023-09-15
7065,Cliente07065,cliente07065@example.com,Salta,2023-02-14
7066,Cliente07066,cliente07066@example.com,Chubut,2021-08-19
7067,Cliente07067,cliente07067@example.com,CABA,2020-10-14
7068,Cliente07068,cliente07068@example.com,Córdoba,2023-12-03
7069,Cliente07069,cliente07069@example.com,Tucumán,2022-01-09
7070,Cliente07070,cliente07070@example.com,Santa Fe,2021-03-15
7071,Cliente07071,cliente07071@example.com,Rosario,2021-10-19
7072,Cliente07072,cliente07072@example.com,Santa Fe,2021-04-11
7073,Cliente07073,cliente07073@example.com,Santa Fe,2022-01-11
7074,Cliente07074,cliente07074@example.com,Tucumán,2021-02-11
7075,Cliente07075,cliente07075@example.com,Salta,2021-06-06
7076,Cliente07076,cliente07076@example.com,San Luis,2020-02-17
7077,Cliente07077,cliente07077@example.com,Rosario,2020-09-01
7078,Cliente07078,cliente07078@example.com,Neuquén,2022-05-25
7079,Cliente07079,cliente07079@example.com,Neuquén,2022-09-23
7080,Cliente07080,cliente07080@example.com,CABA,2022-12-18
7081,Cliente07081,cliente07081@example.com,CABA,2022-11-15
7082,Cliente07082,cliente07082@example.com,Tucumán,2020-02-03
7083,Cliente07083,cliente07083@example.com,San Luis,2022-06-14
7084,Cliente07084,cliente07084@example.com,CABA,2022-10-29
7085,Cliente07085,cliente07085@example.com,Tucumán,2023-01-08
7086,Cliente07086,cliente07086@example.com,Santa Fe,2021-08-01
7087,Cliente07087,cliente07087@example.com,San Luis,2021-11-14
7088,Cliente07088,cliente07088@example.com,Córdoba,2020-06-03
7089,Cliente07089,cliente07089@example.com,San Luis,2020-07-07
7090,Cliente07090,cliente07090@example.com,Chubut,2020-08-18
7091,Cliente07091,cliente07091@example.com,Chubut,2020-11-20
7092,Cliente07092,cliente07092@example.com,Chubut,2020-06-28
7093,Cliente07093,cliente07093@example.com,San Luis,2022-08-17
7094,Cliente07094,cliente07094@example.com,San Luis,2023-08-24
7095,Cliente07095,cliente07095@example.com,Mendoza,2020-05-29
7096,Cliente07096,cliente07096@example.com,Neuquén,2021-07-21
7097,Cliente07097,cliente07097@example.com,Santa Fe,2022-07-13
7098,Cliente07098,cliente07098@example.com,Rosario,2023-08-25
7099,Cliente07099,cliente07099@example.com,Tucumán,2020-05-29
7100,Cliente07100,cliente07100@example.com,Rosario,2023-08-19
7101,Cliente07101,cliente07101@example.com,San Luis,2021-11-26
7102,Cliente07102,cliente07102@example.com,Santa Fe,2022-12-16
7103,Cliente07103,cliente07103@example.com,Neuquén,2020-02-13
7104,Cliente07104,cliente07104@example.com,Neuquén,2023-03-23
7105,Cliente07105,cliente07105@example.com,Salta,2020-01-14
7106,Cliente07106,cliente07106@example.com,San Luis,2022-03-09
7107,Cliente07107,cliente07107@example.com,CABA,2020-01-18
7108,Cliente07108,cliente07108@example.com,Mendoza,2021-10-22
7109,Cliente07109,cliente07109@example.com,Neuquén,2020-11-04
7110,Cliente07110,cliente07110@example.com,Salta,2021-04-01
7111,Cliente07111,cliente07111@example.com,San Luis,2023-10-13
7112,Cliente07112,cliente07112@example.com,Tucumán,2022-12-26
7113,Cliente07113,cliente07113@example.com,Santa Fe,2023-08-31
7114,Cliente07114,cliente07114@example.com,Mendoza,2023-03-22
7115,Cliente07115,cliente07115@example.com,Tucumán,2023-03-27
7116,Cliente07116,cliente07116@example.com,Rosario,2021-01-21
7117,Cliente07117,cliente07117@example.com,Rosario,2021-02-26
7118,Cliente07118,cliente07118@example.com,Salta,2021-01-06
7119,Cliente07119,cliente07119@example.com,Córdoba,2020-02-23
7120,Cliente07120,cliente07120@example.com,Chubut,2023-05-17
7121,Cliente07121,cliente07121@example.com,CABA,2020-09-17
7122,Cliente07122,cliente07122@example.com,Chubut,2021-12-14
7123,Cliente07123,cliente07123@example.com,Córdoba,2021-11-01
7124,Cliente07124,cliente07124@example.com,Tucumán,2021-04-16
7125,Cliente07125,cliente07125@example.com,Mendoza,2021-02-17
7126,Cliente07126,cliente07126@example.com,Salta,2020-11-30
7127,Cliente07127,cliente07127@example.com,Neuquén,2021-07-09
7128,Cliente07128,cliente07128@example.com,Mendoza,2021-03-20
7129,Cliente07129,cliente07129@example.com,Tucumán,2020-02-25
7130,Cliente07130,cliente07130@example.com,Rosario,2022-06-19
7131,Cliente07131,cliente07131@example.com,Córdoba,2022-02-07
7132,Cliente07132,cliente07132@example.com,CABA,2022-06-28
7133,Cliente07133,cliente07133@example.com,Mendoza,2022-02-18
7134,Cliente07134,cliente07134@example.com,CABA,2022-07-04
7135,Cliente07135,cliente07135@example.com,Santa Fe,2022-03-28
7136,Cliente07136,cliente07136@example.com,Mendoza,2021-02-25
7137,Cliente07137,cliente07137@example.com,Neuquén,2023-04-23
7138,Cliente07138,cliente07138@example.com,Córdoba,2020-07-09
7139,Cliente07139,cliente07139@example.com,Rosario,2022-11-03
7140,Cliente07140,cliente07140@example.com,San Luis,2022-11-23
7141,Cliente07141,cliente07141@example.com,Córdoba,2020-11-29
7142,Cliente07142,cliente07142@example.com,Mendoza,2020-09-03
7143,Cliente07143,cliente07143@example.com,Santa Fe,2023-05-23
7144,Cliente07144,cliente07144@example.com,Tucumán,2021-10-10
7145,Cliente07145,cliente07145@example.com,Neuquén,2021-01-26
7146,Cliente07146,cliente07146@example.com,Mendoza,2020-07-04
7147,Cliente07147,cliente07147@example.com,Chubut,2022-01-06
7148,Cliente07148,cliente07148@example.com,Santa Fe,2021-06-06
7149,Cliente07149,cliente07149@example.com,Chubut,2020-08-17
7150,Cliente07150,cliente07150@example.com,Santa Fe,2020-02-03
7151,Cliente07151,cliente07151@example.com,CABA,2022-02-17
7152,Cliente07152,cliente07152@example.com,Neuquén,2022-03-30
7153,Cliente07153,cliente07153@example.com,Córdoba,2021-12-27
7154,Cliente07154,cliente07154@example.com,Tucumán,2021-09-26
7155,Cliente07155,cliente07155@example.com,Córdoba,2022-06-08
7156,Cliente07156,cliente07156@example.com,Salta,2021-04-14
7157,Cliente07157,cliente07157@example.com,Córdoba,2023-08-25
7158,Cliente07158,cliente07158@example.com,Neuquén,2022-08-23
7159,Cliente07159,cliente07159@example.com,CABA,2021-07-16
7160,Cliente07160,cliente07160@example.com,Tucumán,2020-04-02
7161,Cliente07161,cliente07161@example.com,Rosario,2021-05-24
7162,Cliente07162,cliente07162@example.com,Rosario,2023-03-02
7163,Cliente07163,cliente07163@example.com,CABA,2020-09-19
7164,Cliente07164,cliente07164@example.com,Chubut,2020-11-14
7165,Cliente07165,cliente07165@example.com,Rosario,2023-11-24
7166,Cliente07166,cliente07166@example.com,Santa Fe,2020-03-20
7167,Cliente07167,cliente07167@example.com,CABA,2023-05-06
7168,Cliente07168,cliente07168@example.com,Mendoza,2023-09-15
7169,Cliente07169,cliente07169@example.com,Salta,2022-01-31
7170,Cliente07170,cliente07170@example.com,San Luis,2022-04-29
7171,Cliente07171,cliente07171@example.com,Rosario,2022-05-08
7172,Cliente07172,cliente07172@example.com,Rosario,2020-12-23
7173,Cliente07173,cliente07173@example.com,Chubut,2020-11-06
7174,Cliente07174,cliente07174@example.com,Rosario,2022-01-17
7175,Cliente07175,cliente07175@example.com,Córdoba,2020-11-28
7176,Cliente07176,cliente07176@example.com,CABA,2022-10-15
7177,Cliente07177,cliente07177@example.com,Mendoza,2021-09-18
7178,Cliente07178,cliente07178@example.com,Neuquén,2023-07-04
7179,Cliente07179,cliente07179@example.com,Tucumán,2021-06-27
7180,Cliente07180,cliente07180@example.com,San Luis,2021-10-19
7181,Cliente07181,cliente07181@example.com,CABA,2020-02-22
7182,Cliente07182,cliente07182@example.com,Tucumán,2020-02-28
7183,Cliente07183,cliente07183@example.com,Santa Fe,2020-03-11
7184,Cliente07184,cliente07184@example.com,Rosario,2022-04-14
7185,Cliente07185,cliente07185@example.com,CABA,2023-01-09
7186,Cliente07186,cliente07186@example.com,Neuquén,2023-05-10
7187,Cliente07187,cliente07187@example.com,Chubut,2020-12-13
7188,Cliente07188,cliente07188@example.com,Rosario,2020-07-24
7189,Cliente07189,cliente07189@example.com,CABA,2021-12-15
7190,Cliente07190,cliente07190@example.com,Mendoza,2020-07-07
7191,Cliente07191,cliente07191@example.com,Neuquén,2020-05-15
7192,Cliente07192,cliente07192@example.com,Córdoba,2022-09-01
7193,Cliente07193,cliente07193@example.com,Santa Fe,2022-04-30
7194,Cliente07194,cliente07194@example.com,Chubut,2022-06-20
7195,Cliente07195,cliente07195@example.com,Rosario,2023-05-20
7196,Cliente07196,cliente07196@example.com,CABA,2021-09-29
7197,Cliente07197,cliente07197@example.com,Santa Fe,2022-08-19
7198,Cliente07198,cliente07198@example.com,Salta,2020-09-19
7199,Cliente07199,cliente07199@example.com,Tucumán,2023-09-06
7200,Cliente07200,cliente07200@example.com,Chubut,2022-01-18
7201,Cliente07201,cliente07201@example.com,San Luis,2023-09-30
7202,Cliente07202,cliente07202@example.com,Córdoba,2022-09-05
7203,Cliente07203,cliente07203@example.com,Santa Fe,2023-03-15
7204,Cliente07204,cliente07204@example.com,Mendoza,2020-09-14
7205,Cliente07205,cliente07205@example.com,Mendoza,2022-11-20
7206,Cliente07206,cliente07206@example.com,Rosario,2020-10-19
7207,Cliente07207,cliente07207@example.com,Mendoza,2023-09-12
7208,Cliente07208,cliente07208@example.com,Córdoba,2020-07-13
7209,Cliente07209,cliente07209@example.com,Neuquén,2021-08-01
7210,Cliente07210,cliente07210@example.com,San Luis,2020-08-03
7211,Cliente07211,cliente07211@example.com,Mendoza,2021-04-08
7212,Cliente07212,cliente07212@example.com,Salta,2021-01-13
7213,Cliente07213,cliente07213@example.com,Salta,2021-11-04
7214,Cliente07214,cliente07214@example.com,Santa Fe,2023-09-30
7215,Cliente07215,cliente07215@example.com,San Luis,2022-11-30
7216,Cliente07216,cliente07216@example.com,Chubut,2023-03-28
7217,Cliente07217,cliente07217@example.com,Salta,2020-09-26
7218,Cliente07218,cliente07218@example.com,Tucumán,2022-05-14
7219,Cliente07219,cliente07219@example.com,Tucumán,2023-09-16
7220,Cliente07220,cliente07220@example.com,Rosario,2023-04-01
7221,Cliente07221,cliente07221@example.com,CABA,2022-02-27
7222,Cliente07222,cliente07222@example.com,CABA,2021-02-09
7223,Cliente07223,cliente07223@example.com,Rosario,2020-01-30
7224,Cliente07224,cliente07224@example.com,Rosario,2023-07-23
7225,Cliente07225,cliente07225@example.com,CABA,2021-05-02
7226,Cliente07226,cliente07226@example.com,Rosario,2022-03-23
7227,Cliente07227,cliente07227@example.com,Tucumán,2020-01-24
7228,Cliente07228,cliente07228@example.com,San Luis,2022-09-11
7229,Cliente07229,cliente07229@example.com,Santa Fe,2021-12-05
7230,Cliente07230,cliente07230@example.com,Mendoza,2023-07-11
7231,Cliente07231,cliente07231@example.com,San Luis,2022-04-10
7232,Cliente07232,cliente07232@example.com,Santa Fe,2021-03-15
7233,Cliente07233,cliente07233@example.com,Santa Fe,2023-06-26
7234,Cliente07234,cliente07234@example.com,Salta,2023-01-22
7235,Cliente07235,cliente07235@example.com,Santa Fe,2020-08-29
7236,Cliente07236,cliente07236@example.com,Salta,2023-09-04
7237,Cliente07237,cliente07237@example.com,Chubut,2021-11-21
7238,Cliente07238,cliente07238@example.com,Tucumán,2021-01-16
7239,Cliente07239,cliente07239@example.com,Salta,2021-11-29
7240,Cliente07240,cliente07240@example.com,Santa Fe,2023-01-29
7241,Cliente07241,cliente07241@example.com,Santa Fe,2023-09-20
7242,Cliente07242,cliente07242@example.com,Córdoba,2023-09-30
7243,Cliente07243,cliente07243@example.com,Tucumán,2022-11-29
7244,Cliente07244,cliente07244@example.com,Salta,2020-05-09
7245,Cliente07245,cliente07245@example.com,Tucumán,2022-05-23
7246,Cliente07246,cliente07246@example.com,CABA,2023-01-17
7247,Cliente07247,cliente07247@example.com,Rosario,2020-07-12
7248,Cliente07248,cliente07248@example.com,Mendoza,2022-07-25
7249,Cliente07249,cliente07249@example.com,Córdoba,2020-09-03
7250,Cliente07250,cliente07250@example.com,Chubut,2023-12-30
7251,Cliente07251,cliente07251@example.com,Salta,2020-09-15
7252,Cliente07252,cliente07252@example.com,Tucumán,2021-09-20
7253,Cliente07253,cliente07253@example.com,Santa Fe,2022-06-12
7254,Cliente07254,cliente07254@example.com,Chubut,2020-06-18
7255,Cliente07255,cliente07255@example.com,Chubut,2021-01-08
7256,Cliente07256,cliente07256@example.com,Neuquén,2022-11-12
7257,Cliente07257,cliente07257@example.com,Mendoza,2020-10-17
7258,Cliente07258,cliente07258@example.com,Mendoza,2020-02-04
7259,Cliente07259,cliente07259@example.com,Mendoza,2021-12-25
7260,Cliente07260,cliente07260@example.com,Chubut,2023-05-15
7261,Cliente07261,cliente07261@example.com,Rosario,2023-02-26
7262,Cliente07262,cliente07262@example.com,Chubut,2022-12-11
7263,Cliente07263,cliente07263@example.com,CABA,2022-12-27
7264,Cliente07264,cliente07264@example.com,Tucumán,2023-01-09
7265,Cliente07265,cliente07265@example.com,Mendoza,2023-11-21
7266,Cliente07266,cliente07266@example.com,Chubut,2020-12-07
7267,Cliente07267,cliente07267@example.com,Tucumán,2020-11-21
7268,Cliente07268,cliente07268@example.com,Córdoba,2023-10-25
7269,Cliente07269,cliente07269@example.com,Rosario,2023-07-24
7270,Cliente07270,cliente07270@example.com,San Luis,2021-04-08
7271,Cliente07271,cliente07271@example.com,Rosario,2023-01-12
7272,Cliente07272,cliente07272@example.com,San Luis,2022-05-18
7273,Cliente07273,cliente07273@example.com,Mendoza,2021-07-24
7274,Cliente07274,cliente07274@example.com,CABA,2022-03-31
7275,Cliente07275,cliente07275@example.com,Salta,2022-03-09
7276,Cliente07276,cliente07276@example.com,Chubut,2022-05-12
7277,Cliente07277,cliente07277@example.com,Santa Fe,2022-08-16
7278,Cliente07278,cliente07278@example.com,Tucumán,2020-10-05
7279,Cliente07279,cliente07279@example.com,Salta,2020-01-01
7280,Cliente07280,cliente07280@example.com,Córdoba,2021-05-29
7281,Cliente07281,cliente07281@example.com,Chubut,2023-09-30
7282,Cliente07282,cliente07282@example.com,Salta,2021-03-03
7283,Cliente07283,cliente07283@example.com,San Luis,2023-05-01
7284,Cliente07284,cliente07284@example.com,Córdoba,2020-05-01
7285,Cliente07285,cliente07285@example.com,Neuquén,2020-10-14
7286,Cliente07286,cliente07286@example.com,Rosario,2022-09-11
7287,Cliente07287,cliente07287@example.com,Rosario,2021-05-11
7288,Cliente07288,cliente07288@example.com,Neuquén,2020-11-22
7289,Cliente07289,cliente07289@example.com,Neuquén,2022-03-11
7290,Cliente07290,cliente07290@example.com,San Luis,2021-01-31
7291,Cliente07291,cliente07291@example.com,Mendoza,2021-12-18
7292,Cliente07292,cliente07292@example.com,Córdoba,2021-04-08
7293,Cliente07293,cliente07293@example.com,Salta,2020-10-14
7294,Cliente07294,cliente07294@example.com,Neuquén,2020-09-09
7295,Cliente07295,cliente07295@example.com,San Luis,2023-10-08
7296,Cliente07296,cliente07296@example.com,Rosario,2021-02-25
7297,Cliente07297,cliente07297@example.com,Santa Fe,2020-10-18
7298,Cliente07298,cliente07298@example.com,Salta,2021-11-01
7299,Cliente07299,cliente07299@example.com,CABA,2023-07-28
7300,Cliente07300,cliente07300@example.com,Córdoba,2022-12-02
7301,Cliente07301,cliente07301@example.com,Salta,2022-12-09
7302,Cliente07302,cliente07302@example.com,Córdoba,2023-07-11
7303,Cliente07303,cliente07303@example.com,San Luis,2022-08-22
7304,Cliente07304,cliente07304@example.com,Mendoza,2023-09-14
7305,Cliente07305,cliente07305@example.com,Santa Fe,2021-09-03
7306,Cliente07306,cliente07306@example.com,Córdoba,2023-01-13
7307,Cliente07307,cliente07307@example.com,San Luis,2022-07-19
7308,Cliente07308,cliente07308@example.com,Rosario,2020-05-24
7309,Cliente07309,cliente07309@example.com,Tucumán,2021-07-11
7310,Cliente07310,cliente07310@example.com,CABA,2022-02-20
7311,Cliente07311,cliente07311@example.com,Salta,2020-08-19
7312,Cliente07312,cliente07312@example.com,Santa Fe,2022-05-22
7313,Cliente07313,cliente07313@example.com,San Luis,2020-12-10
7314,Cliente07314,cliente07314@example.com,Santa Fe,2021-08-19
7315,Cliente07315,cliente07315@example.com,Mendoza,2022-12-06
7316,Cliente07316,cliente07316@example.com,Córdoba,2020-06-30
7317,Cliente07317,cliente07317@example.com,San Luis,2023-05-11
7318,Cliente07318,cliente07318@example.com,Tucumán,2021-05-09
7319,Cliente07319,cliente07319@example.com,Santa Fe,2023-12-07
7320,Cliente07320,cliente07320@example.com,Neuquén,2022-05-13
7321,Cliente07321,cliente07321@example.com,CABA,2023-07-30
7322,Cliente07322,cliente07322@example.com,Córdoba,2021-07-27
7323,Cliente07323,cliente07323@example.com,Salta,2021-05-30
7324,Cliente07324,cliente07324@example.com,Chubut,2021-11-04
7325,Cliente07325,cliente07325@example.com,Neuquén,2023-09-27
7326,Cliente07326,cliente07326@example.com,Salta,2021-12-31
7327,Cliente07327,cliente07327@example.com,Córdoba,2020-01-27
7328,Cliente07328,cliente07328@example.com,Córdoba,2023-12-31
7329,Cliente07329,cliente07329@example.com,Santa Fe,2021-05-12
7330,Cliente07330,cliente07330@example.com,San Luis,2022-10-10
7331,Cliente07331,cliente07331@example.com,Mendoza,2023-04-25
7332,Cliente07332,cliente07332@example.com,Neuquén,2023-09-25
7333,Cliente07333,cliente07333@example.com,Salta,2020-07-31
7334,Cliente07334,cliente07334@example.com,Santa Fe,2023-02-22
7335,Cliente07335,cliente07335@example.com,San Luis,2023-03-04
7336,Cliente07336,cliente07336@example.com,Neuquén,2023-05-27
7337,Cliente07337,cliente07337@example.com,Chubut,2023-09-29
7338,Cliente07338,cliente07338@example.com,Neuquén,2020-03-27
7339,Cliente07339,cliente07339@example.com,San Luis,2020-08-08
7340,Cliente07340,cliente07340@example.com,San Luis,2023-08-09
7341,Cliente07341,cliente07341@example.com,Córdoba,2023-03-24
7342,Cliente07342,cliente07342@example.com,Córdoba,2020-08-28
7343,Cliente07343,cliente07343@example.com,Mendoza,2022-01-08
7344,Cliente07344,cliente07344@example.com,San Luis,2023-10-09
7345,Cliente07345,cliente07345@example.com,San Luis,2022-05-13
7346,Cliente07346,cliente07346@example.com,Neuquén,2020-03-22
7347,Cliente07347,cliente07347@example.com,Tucumán,2023-08-18
7348,Cliente07348,cliente07348@example.com,Santa Fe,2022-08-01
7349,Cliente07349,cliente07349@example.com,San Luis,2022-12-06
7350,Cliente07350,cliente07350@example.com,CABA,2022-03-27
7351,Cliente07351,cliente07351@example.com,Neuquén,2023-10-02
7352,Cliente07352,cliente07352@example.com,CABA,2021-03-18
7353,Cliente07353,cliente07353@example.com,San Luis,2021-01-05
7354,Cliente07354,cliente07354@example.com,CABA,2023-07-15
7355,Cliente07355,cliente07355@example.com,Tucumán,2020-07-21
7356,Cliente07356,cliente07356@example.com,Salta,2022-04-24
7357,Cliente07357,cliente07357@example.com,CABA,2022-07-24
7358,Cliente07358,cliente07358@example.com,Salta,2022-01-04
7359,Cliente07359,cliente07359@example.com,Tucumán,2021-12-22
7360,Cliente07360,cliente07360@example.com,Mendoza,2021-07-20
7361,Cliente07361,cliente07361@example.com,Santa Fe,2020-04-07
7362,Cliente07362,cliente07362@example.com,Tucumán,2022-07-27
7363,Cliente07363,cliente07363@example.com,Salta,2020-11-24
7364,Cliente07364,cliente07364@example.com,Mendoza,2023-02-17
7365,Cliente07365,cliente07365@example.com,Chubut,2023-08-20
7366,Cliente07366,cliente07366@example.com,Tucumán,2022-04-01
7367,Cliente07367,cliente07367@example.com,Tucumán,2020-12-18
7368,Cliente07368,cliente07368@example.com,Santa Fe,2020-07-01
7369,Cliente07369,cliente07369@example.com,Tucumán,2021-12-21
7370,Cliente07370,cliente07370@example.com,San Luis,2023-01-07
7371,Cliente07371,cliente07371@example.com,Mendoza,2021-10-10
7372,Cliente07372,cliente07372@example.com,Salta,2020-07-26
7373,Cliente07373,cliente07373@example.com,Córdoba,2023-08-02
7374,Cliente07374,cliente07374@example.com,Neuquén,2021-10-02
7375,Cliente07375,cliente07375@example.com,San Luis,2022-10-15
7376,Cliente07376,cliente07376@example.com,Rosario,2022-02-22
7377,Cliente07377,cliente07377@example.com,Mendoza,2021-06-26
7378,Cliente07378,cliente07378@example.com,Santa Fe,2021-12-19
7379,Cliente07379,cliente07379@example.com,Tucumán,2022-06-15
7380,Cliente07380,cliente07380@example.com,Tucumán,2020-11-22
7381,Cliente07381,cliente07381@example.com,Rosario,2021-10-23
7382,Cliente07382,cliente07382@example.com,CABA,2020-08-16
7383,Cliente07383,cliente07383@example.com,Mendoza,2023-04-06
7384,Cliente07384,cliente07384@example.com,Salta,2022-11-02
7385,Cliente07385,cliente07385@example.com,Chubut,2021-08-29
7386,Cliente07386,cliente07386@example.com,Chubut,2023-01-07
7387,Cliente07387,cliente07387@example.com,Rosario,2022-03-26
7388,Cliente07388,cliente07388@example.com,San Luis,2023-11-25
7389,Cliente07389,cliente07389@example.com,Córdoba,2021-02-10
7390,Cliente07390,cliente07390@example.com,Córdoba,2020-07-04
7391,Cliente07391,cliente07391@example.com,San Luis,2023-09-20
7392,Cliente07392,cliente07392@example.com,Neuquén,2021-06-23
7393,Cliente07393,cliente07393@example.com,Rosario,2021-11-27
7394,Cliente07394,cliente07394@example.com,Chubut,2021-12-25
7395,Cliente07395,cliente07395@example.com,Neuquén,2020-09-29
7396,Cliente07396,cliente07396@example.com,Neuquén,2020-07-31
7397,Cliente07397,cliente07397@example.com,Salta,2023-06-10
7398,Cliente07398,cliente07398@example.com,San Luis,2020-06-17
7399,Cliente07399,cliente07399@example.com,Tucumán,2021-04-05
7400,Cliente07400,cliente07400@example.com,Santa Fe,2020-03-24
7401,Cliente07401,cliente07401@example.com,Mendoza,2023-01-27
7402,Cliente07402,cliente07402@example.com,Rosario,2023-09-29
7403,Cliente07403,cliente07403@example.com,Salta,2020-02-23
7404,Cliente07404,cliente07404@example.com,Santa Fe,2021-04-04
7405,Cliente07405,cliente07405@example.com,Mendoza,2021-05-17
7406,Cliente07406,cliente07406@example.com,Mendoza,2022-06-20
7407,Cliente07407,cliente07407@example.com,Mendoza,2020-10-24
7408,Cliente07408,cliente07408@example.com,CABA,2021-08-30
7409,Cliente07409,cliente07409@example.com,Mendoza,2020-02-12
7410,Cliente07410,cliente07410@example.com,San Luis,2022-09-16
7411,Cliente07411,cliente07411@example.com,Santa Fe,2022-04-28
7412,Cliente07412,cliente07412@example.com,Chubut,2023-02-02
7413,Cliente07413,cliente07413@example.com,San Luis,2021-01-28
7414,Cliente07414,cliente07414@example.com,Neuquén,2021-01-16
7415,Cliente07415,cliente07415@example.com,Chubut,2023-04-04
7416,Cliente07416,cliente07416@example.com,Neuquén,2023-07-08
7417,Cliente07417,cliente07417@example.com,San Luis,2022-03-03
7418,Cliente07418,cliente07418@example.com,Salta,2023-12-18
7419,Cliente07419,cliente07419@example.com,Tucumán,2021-06-23
7420,Cliente07420,cliente07420@example.com,Neuquén,2022-01-28
7421,Cliente07421,cliente07421@example.com,Tucumán,2021-04-25
7422,Cliente07422,cliente07422@example.com,Tucumán,2023-01-11
7423,Cliente07423,cliente07423@example.com,Tucumán,2020-06-06
7424,Cliente07424,cliente07424@example.com,Rosario,2021-10-20
7425,Cliente07425,cliente07425@example.com,Mendoza,2023-01-07
7426,Cliente07426,cliente07426@example.com,San Luis,2020-09-20
7427,Cliente07427,cliente07427@example.com,Córdoba,2022-11-05
7428,Cliente07428,cliente07428@example.com,Santa Fe,2023-01-01
7429,Cliente07429,cliente07429@example.com,Tucumán,2020-08-02
7430,Cliente07430,cliente07430@example.com,San Luis,2021-04-11
7431,Cliente07431,cliente07431@example.com,Tucumán,2023-12-08
7432,Cliente07432,cliente07432@example.com,Chubut,2021-04-03
7433,Cliente07433,cliente07433@example.com,Santa Fe,2021-07-05
7434,Cliente07434,cliente07434@example.com,San Luis,2020-04-18
7435,Cliente07435,cliente07435@example.com,Santa Fe,2023-06-21
7436,Cliente07436,cliente07436@example.com,Santa Fe,2022-10-15
7437,Cliente07437,cliente07437@example.com,San Luis,2022-06-12
7438,Cliente07438,cliente07438@example.com,Córdoba,2020-12-16
7439,Cliente07439,cliente07439@example.com,CABA,2023-02-20
7440,Cliente07440,cliente07440@example.com,Santa Fe,2023-02-18
7441,Cliente07441,cliente07441@example.com,CABA,2021-12-12
7442,Cliente07442,cliente07442@example.com,Santa Fe,2023-12-17
7443,Cliente07443,cliente07443@example.com,Rosario,2020-05-10
7444,Cliente07444,cliente07444@example.com,Tucumán,2020-05-13
7445,Cliente07445,cliente07445@example.com,Salta,2023-03-12
7446,Cliente07446,cliente07446@example.com,Salta,2020-02-26
7447,Cliente07447,cliente07447@example.com,San Luis,2022-10-02
7448,Cliente07448,cliente07448@example.com,Neuquén,2023-12-13
7449,Cliente07449,cliente07449@example.com,Rosario,2022-03-22
7450,Cliente07450,cliente07450@example.com,Mendoza,2023-09-17
7451,Cliente07451,cliente07451@example.com,Santa Fe,2021-09-26
7452,Cliente07452,cliente07452@example.com,Chubut,2023-11-28
7453,Cliente07453,cliente07453@example.com,Salta,2021-11-07
7454,Cliente07454,cliente07454@example.com,Mendoza,2023-03-13
7455,Cliente07455,cliente07455@example.com,Chubut,2022-04-13
7456,Cliente07456,cliente07456@example.com,Rosario,2023-01-10
7457,Cliente07457,cliente07457@example.com,San Luis,2021-10-06
7458,Cliente07458,cliente07458@example.com,CABA,2023-06-02
7459,Cliente07459,cliente07459@example.com,CABA,2023-12-29
7460,Cliente07460,cliente07460@example.com,Tucumán,2023-04-18
7461,Cliente07461,cliente07461@example.com,Córdoba,2020-05-25
7462,Cliente07462,cliente07462@example.com,San Luis,2020-05-10
7463,Cliente07463,cliente07463@example.com,Chubut,2022-04-27
7464,Cliente07464,cliente07464@example.com,Rosario,2021-02-02
7465,Cliente07465,cliente07465@example.com,Mendoza,2023-05-16
7466,Cliente07466,cliente07466@example.com,Rosario,2021-01-06
7467,Cliente07467,cliente07467@example.com,CABA,2023-08-22
7468,Cliente07468,cliente07468@example.com,Santa Fe,2020-09-01
7469,Cliente07469,cliente07469@example.com,Tucumán,2020-07-01
7470,Cliente07470,cliente07470@example.com,Córdoba,2022-04-06
7471,Cliente07471,cliente07471@example.com,San Luis,2023-12-06
7472,Cliente07472,cliente07472@example.com,Neuquén,2022-04-14
7473,Cliente07473,cliente07473@example.com,Neuquén,2023-11-27
7474,Cliente07474,cliente07474@example.com,Santa Fe,2020-10-10
7475,Cliente07475,cliente07475@example.com,Tucumán,2021-01-09
7476,Cliente07476,cliente07476@example.com,Córdoba,2021-09-29
7477,Cliente07477,cliente07477@example.com,Tucumán,2020-12-29
7478,Cliente07478,cliente07478@example.com,Neuquén,2021-05-31
7479,Cliente07479,cliente07479@example.com,Santa Fe,2020-07-04
7480,Cliente07480,cliente07480@example.com,Rosario,2021-06-17
7481,Cliente07481,cliente07481@example.com,Neuquén,2021-02-14
7482,Cliente07482,cliente07482@example.com,Mendoza,2021-12-20
7483,Cliente07483,cliente07483@example.com,Córdoba,2021-11-26
7484,Cliente07484,cliente07484@example.com,Santa Fe,2020-07-11
7485,Cliente07485,cliente07485@example.com,Chubut,2021-06-11
7486,Cliente07486,cliente07486@example.com,CABA,2023-05-26
7487,Cliente07487,cliente07487@example.com,CABA,2023-02-14
7488,Cliente07488,cliente07488@example.com,CABA,2023-10-30
7489,Cliente07489,cliente07489@example.com,Tucumán,2020-07-14
7490,Cliente07490,cliente07490@example.com,Rosario,2020-01-04
7491,Cliente07491,cliente07491@example.com,Chubut,2020-01-26
7492,Cliente07492,cliente07492@example.com,CABA,2021-10-31
7493,Cliente07493,cliente07493@example.com,Neuquén,2021-09-19
7494,Cliente07494,cliente07494@example.com,CABA,2023-03-09
7495,Cliente07495,cliente07495@example.com,San Luis,2022-02-06
7496,Cliente07496,cliente07496@example.com,Córdoba,2020-12-19
7497,Cliente07497,cliente07497@example.com,Mendoza,2023-07-27
7498,Cliente07498,cliente07498@example.com,San Luis,2022-10-17
7499,Cliente07499,cliente07499@example.com,Rosario,2023-01-01
7500,Cliente07500,cliente07500@example.com,Mendoza,2021-12-08
7501,Cliente07501,cliente07501@example.com,Córdoba,2023-10-31
7502,Cliente07502,cliente07502@example.com,Rosario,2023-05-13
7503,Cliente07503,cliente07503@example.com,Tucumán,2023-03-21
7504,Cliente07504,cliente07504@example.com,Rosario,2022-06-21
7505,Cliente07505,cliente07505@example.com,Rosario,2022-11-05
7506,Cliente07506,cliente07506@example.com,Rosario,2022-06-30
7507,Cliente07507,cliente07507@example.com,CABA,2023-06-28
7508,Cliente07508,cliente07508@example.com,CABA,2023-01-05
7509,Cliente07509,cliente07509@example.com,Córdoba,2021-09-30
7510,Cliente07510,cliente07510@example.com,Salta,2020-08-08
7511,Cliente07511,cliente07511@example.com,Tucumán,2023-10-30
7512,Cliente07512,cliente07512@example.com,Rosario,2023-04-23
7513,Cliente07513,cliente07513@example.com,Chubut,2020-12-08
7514,Cliente07514,cliente07514@example.com,Córdoba,2022-10-16
7515,Cliente07515,cliente07515@example.com,Mendoza,2023-05-20
7516,Cliente07516,cliente07516@example.com,Rosario,2023-06-09
7517,Cliente07517,cliente07517@example.com,Tucumán,2022-07-20
7518,Cliente07518,cliente07518@example.com,Chubut,2022-03-07
7519,Cliente07519,cliente07519@example.com,Santa Fe,2020-08-26
7520,Cliente07520,cliente07520@example.com,Chubut,2020-05-14
7521,Cliente07521,cliente07521@example.com,Tucumán,2021-05-19
7522,Cliente07522,cliente07522@example.com,Tucumán,2020-10-16
7523,Cliente07523,cliente07523@example.com,Mendoza,2022-10-02
7524,Cliente07524,cliente07524@example.com,Mendoza,2022-04-07
7525,Cliente07525,cliente07525@example.com,CABA,2022-01-03
7526,Cliente07526,cliente07526@example.com,CABA,2022-09-10
7527,Cliente07527,cliente07527@example.com,San Luis,2020-07-21
7528,Cliente07528,cliente07528@example.com,Chubut,2020-07-05
7529,Cliente07529,cliente07529@example.com,Tucumán,2022-12-15
7530,Cliente07530,cliente07530@example.com,San Luis,2023-03-23
7531,Cliente07531,cliente07531@example.com,Chubut,2022-12-04
7532,Cliente07532,cliente07532@example.com,Neuquén,2023-01-23
7533,Cliente07533,cliente07533@example.com,Mendoza,2021-08-01
7534,Cliente07534,cliente07534@example.com,Tucumán,2020-10-04
7535,Cliente07535,cliente07535@example.com,Santa Fe,2021-02-09
7536,Cliente07536,cliente07536@example.com,Salta,2023-07-06
7537,Cliente07537,cliente07537@example.com,Neuquén,2022-04-07
7538,Cliente07538,cliente07538@example.com,Neuquén,2022-02-11
7539,Cliente07539,cliente07539@example.com,Córdoba,2022-10-01
7540,Cliente07540,cliente07540@example.com,CABA,2022-10-03
7541,Cliente07541,cliente07541@example.com,Córdoba,2021-10-20
7542,Cliente07542,cliente07542@example.com,Chubut,2022-09-18
7543,Cliente07543,cliente07543@example.com,San Luis,2022-03-07
7544,Cliente07544,cliente07544@example.com,Salta,2022-10-16
7545,Cliente07545,cliente07545@example.com,Salta,2023-11-01
7546,Cliente07546,cliente07546@example.com,CABA,2022-12-16
7547,Cliente07547,cliente07547@example.com,CABA,2021-01-20
7548,Cliente07548,cliente07548@example.com,Córdoba,2021-09-20
7549,Cliente07549,cliente07549@example.com,San Luis,2023-03-15
7550,Cliente07550,cliente07550@example.com,Chubut,2020-12-21
7551,Cliente07551,cliente07551@example.com,Tucumán,2020-04-08
7552,Cliente07552,cliente07552@example.com,Chubut,2020-02-27
7553,Cliente07553,cliente07553@example.com,CABA,2021-09-12
7554,Cliente07554,cliente07554@example.com,Neuquén,2021-01-20
7555,Cliente07555,cliente07555@example.com,Tucumán,2023-01-06
7556,Cliente07556,cliente07556@example.com,CABA,2023-11-02
7557,Cliente07557,cliente07557@example.com,Neuquén,2022-11-07
7558,Cliente07558,cliente07558@example.com,Chubut,2020-12-31
7559,Cliente07559,cliente07559@example.com,Chubut,2022-01-29
7560,Cliente07560,cliente07560@example.com,CABA,2021-03-15
7561,Cliente07561,cliente07561@example.com,Córdoba,2022-07-25
7562,Cliente07562,cliente07562@example.com,Rosario,2021-03-29
7563,Cliente07563,cliente07563@example.com,Tucumán,2020-05-29
7564,Cliente07564,cliente07564@example.com,Mendoza,2022-10-11
7565,Cliente07565,cliente07565@example.com,Mendoza,2023-03-15
7566,Cliente07566,cliente07566@example.com,San Luis,2020-02-01
7567,Cliente07567,cliente07567@example.com,CABA,2022-02-20
7568,Cliente07568,cliente07568@example.com,Mendoza,2023-11-12
7569,Cliente07569,cliente07569@example.com,Córdoba,2021-08-17
7570,Cliente07570,cliente07570@example.com,CABA,2021-05-07
7571,Cliente07571,cliente07571@example.com,Tucumán,2020-12-28
7572,Cliente07572,cliente07572@example.com,Neuquén,2021-04-12
7573,Cliente07573,cliente07573@example.com,Tucumán,2022-04-03
7574,Cliente07574,cliente07574@example.com,CABA,2020-11-15
7575,Cliente07575,cliente07575@example.com,Rosario,2023-05-11
7576,Cliente07576,cliente07576@example.com,Mendoza,2023-06-27
7577,Cliente07577,cliente07577@example.com,Salta,2022-05-15
7578,Cliente07578,cliente07578@example.com,San Luis,2023-12-25
7579,Cliente07579,cliente07579@example.com,Salta,2021-02-23
7580,Cliente07580,cliente07580@example.com,Salta,2022-04-18
7581,Cliente07581,cliente07581@example.com,CABA,2022-05-01
7582,Cliente07582,cliente07582@example.com,Neuquén,2022-02-11
7583,Cliente07583,cliente07583@example.com,Salta,2021-01-23
7584,Cliente07584,cliente07584@example.com,Santa Fe,2021-06-03
7585,Cliente07585,cliente07585@example.com,San Luis,2020-01-22
7586,Cliente07586,cliente07586@example.com,Neuquén,2020-03-26
7587,Cliente07587,cliente07587@example.com,Santa Fe,2020-09-20
7588,Cliente07588,cliente07588@example.com,Mendoza,2020-05-24
7589,Cliente07589,cliente07589@example.com,Córdoba,2020-08-24
7590,Cliente07590,cliente07590@example.com,Rosario,2022-09-27
7591,Cliente07591,cliente07591@example.com,Córdoba,2021-01-10
7592,Cliente07592,cliente07592@example.com,Chubut,2021-11-01
7593,Cliente07593,cliente07593@example.com,Rosario,2021-06-09
7594,Cliente07594,cliente07594@example.com,Neuquén,2021-08-06
7595,Cliente07595,cliente07595@example.com,Chubut,2021-08-09
7596,Cliente07596,cliente07596@example.com,Salta,2023-03-13
7597,Cliente07597,cliente07597@example.com,Salta,2020-08-10
7598,Cliente07598,cliente07598@example.com,Córdoba,2022-03-19
7599,Cliente07599,cliente07599@example.com,Mendoza,2020-06-26
7600,Cliente07600,cliente07600@example.com,Chubut,2022-10-16
7601,Cliente07601,cliente07601@example.com,Mendoza,2020-09-17
7602,Cliente07602,cliente07602@example.com,Chubut,2020-03-14
7603,Cliente07603,cliente07603@example.com,Santa Fe,2022-09-07
7604,Cliente07604,cliente07604@example.com,Córdoba,2020-08-16
7605,Cliente07605,cliente07605@example.com,Mendoza,2020-03-18
7606,Cliente07606,cliente07606@example.com,Neuquén,2021-01-12
7607,Cliente07607,cliente07607@example.com,Córdoba,2023-11-21
7608,Cliente07608,cliente07608@example.com,Córdoba,2021-05-10
7609,Cliente07609,cliente07609@example.com,Neuquén,2023-06-14
7610,Cliente07610,cliente07610@example.com,Tucumán,2022-06-16
7611,Cliente07611,cliente07611@example.com,Rosario,2022-06-24
7612,Cliente07612,cliente07612@example.com,San Luis,2020-03-25
7613,Cliente07613,cliente07613@example.com,Chubut,2021-01-22
7614,Cliente07614,cliente07614@example.com,Mendoza,2021-10-13
7615,Cliente07615,cliente07615@example.com,CABA,2023-03-10
7616,Cliente07616,cliente07616@example.com,CABA,2020-11-08
7617,Cliente07617,cliente07617@example.com,Tucumán,2021-05-28
7618,Cliente07618,cliente07618@example.com,Rosario,2021-12-18
7619,Cliente07619,cliente07619@example.com,Santa Fe,2021-02-14
7620,Cliente07620,cliente07620@example.com,CABA,2022-03-12
7621,Cliente07621,cliente07621@example.com,Neuquén,2020-11-09
7622,Cliente07622,cliente07622@example.com,Salta,2022-11-01
7623,Cliente07623,cliente07623@example.com,Córdoba,2021-04-06
7624,Cliente07624,cliente07624@example.com,Rosario,2023-07-08
7625,Cliente07625,cliente07625@example.com,Mendoza,2021-11-18
7626,Cliente07626,cliente07626@example.com,Santa Fe,2020-02-21
7627,Cliente07627,cliente07627@example.com,Santa Fe,2020-05-22
7628,Cliente07628,cliente07628@example.com,Mendoza,2023-05-17
7629,Cliente07629,cliente07629@example.com,Chubut,2021-08-12
7630,Cliente07630,cliente07630@example.com,Chubut,2020-11-25
7631,Cliente07631,cliente07631@example.com,Rosario,2023-01-25
7632,Cliente07632,cliente07632@example.com,Tucumán,2020-04-26
7633,Cliente07633,cliente07633@example.com,Córdoba,2023-11-03
7634,Cliente07634,cliente07634@example.com,Córdoba,2022-04-19
7635,Cliente07635,cliente07635@example.com,Chubut,2022-12-30
7636,Cliente07636,cliente07636@example.com,CABA,2023-06-20
7637,Cliente07637,cliente07637@example.com,Rosario,2021-10-20
7638,Cliente07638,cliente07638@example.com,Tucumán,2020-03-19
7639,Cliente07639,cliente07639@example.com,Rosario,2020-07-31
7640,Cliente07640,cliente07640@example.com,Mendoza,2020-01-13
7641,Cliente07641,cliente07641@example.com,Neuquén,2020-01-08
7642,Cliente07642,cliente07642@example.com,San Luis,2020-04-29
7643,Cliente07643,cliente07643@example.com,Neuquén,2023-03-07
7644,Cliente07644,cliente07644@example.com,Córdoba,2021-04-04
7645,Cliente07645,cliente07645@example.com,CABA,2023-02-28
7646,Cliente07646,cliente07646@example.com,Chubut,2020-05-31
7647,Cliente07647,cliente07647@example.com,CABA,2023-08-21
7648,Cliente07648,cliente07648@example.com,Santa Fe,2023-03-16
7649,Cliente07649,cliente07649@example.com,Neuquén,2021-08-01
7650,Cliente07650,cliente07650@example.com,San Luis,2022-03-03
7651,Cliente07651,cliente07651@example.com,Santa Fe,2021-05-01
7652,Cliente07652,cliente07652@example.com,Santa Fe,2023-06-08
7653,Cliente07653,cliente07653@example.com,Salta,2021-12-07
7654,Cliente07654,cliente07654@example.com,Santa Fe,2022-09-08
7655,Cliente07655,cliente07655@example.com,Rosario,2022-07-19
7656,Cliente07656,cliente07656@example.com,Chubut,2022-01-07
7657,Cliente07657,cliente07657@example.com,Mendoza,2020-10-22
7658,Cliente07658,cliente07658@example.com,Salta,2023-07-28
7659,Cliente07659,cliente07659@example.com,Rosario,2022-03-06
7660,Cliente07660,cliente07660@example.com,Salta,2020-11-24
7661,Cliente07661,cliente07661@example.com,Tucumán,2020-02-12
7662,Cliente07662,cliente07662@example.com,Neuquén,2021-09-06
7663,Cliente07663,cliente07663@example.com,Rosario,2020-03-28
7664,Cliente07664,cliente07664@example.com,Santa Fe,2022-04-20
7665,Cliente07665,cliente07665@example.com,Chubut,2021-04-09
7666,Cliente07666,cliente07666@example.com,Neuquén,2020-09-13
7667,Cliente07667,cliente07667@example.com,Tucumán,2021-03-02
7668,Cliente07668,cliente07668@example.com,Neuquén,2022-05-12
7669,Cliente07669,cliente07669@example.com,Neuquén,2022-08-01
7670,Cliente07670,cliente07670@example.com,Santa Fe,2022-06-28
7671,Cliente07671,cliente07671@example.com,Neuquén,2022-08-07
7672,Cliente07672,cliente07672@example.com,Tucumán,2021-11-22
7673,Cliente07673,cliente07673@example.com,Tucumán,2023-09-24
7674,Cliente07674,cliente07674@example.com,Neuquén,2020-09-29
7675,Cliente07675,cliente07675@example.com,Chubut,2021-02-25
7676,Cliente07676,cliente07676@example.com,Mendoza,2021-03-20
7677,Cliente07677,cliente07677@example.com,Mendoza,2023-03-10
7678,Cliente07678,cliente07678@example.com,Mendoza,2023-09-12
7679,Cliente07679,cliente07679@example.com,San Luis,2022-01-14
7680,Cliente07680,cliente07680@example.com,Santa Fe,2023-01-27
7681,Cliente07681,cliente07681@example.com,Neuquén,2022-02-06
7682,Cliente07682,cliente07682@example.com,Salta,2021-03-13
7683,Cliente07683,cliente07683@example.com,Neuquén,2020-10-16
7684,Cliente07684,cliente07684@example.com,Santa Fe,2020-08-10
7685,Cliente07685,cliente07685@example.com,Chubut,2023-08-28
7686,Cliente07686,cliente07686@example.com,Santa Fe,2021-09-07
7687,Cliente07687,cliente07687@example.com,San Luis,2022-04-24
7688,Cliente07688,cliente07688@example.com,CABA,2021-02-12
7689,Cliente07689,cliente07689@example.com,Mendoza,2021-11-22
7690,Cliente07690,cliente07690@example.com,Chubut,2020-11-16
7691,Cliente07691,cliente07691@example.com,Neuquén,2022-11-25
7692,Cliente07692,cliente07692@example.com,Neuquén,2021-01-04
7693,Cliente07693,cliente07693@example.com,Santa Fe,2020-02-18
7694,Cliente07694,cliente07694@example.com,Mendoza,2022-03-01
7695,Cliente07695,cliente07695@example.com,San Luis,2023-09-28
7696,Cliente07696,cliente07696@example.com,Rosario,2021-07-13
7697,Cliente07697,cliente07697@example.com,San Luis,2020-11-15
7698,Cliente07698,cliente07698@example.com,Neuquén,2023-03-23
7699,Cliente07699,cliente07699@example.com,Mendoza,2020-11-04
7700,Cliente07700,cliente07700@example.com,Neuquén,2021-10-10
7701,Cliente07701,cliente07701@example.com,Santa Fe,2021-05-18
7702,Cliente07702,cliente07702@example.com,Rosario,2022-09-23
7703,Cliente07703,cliente07703@example.com,Tucumán,2023-06-04
7704,Cliente07704,cliente07704@example.com,San Luis,2022-12-22
7705,Cliente07705,cliente07705@example.com,CABA,2023-10-16
7706,Cliente07706,cliente07706@example.com,Córdoba,2020-05-13
7707,Cliente07707,cliente07707@example.com,Córdoba,2020-02-13
7708,Cliente07708,cliente07708@example.com,CABA,2020-04-18
7709,Cliente07709,cliente07709@example.com,Tucumán,2020-07-03
7710,Cliente07710,cliente07710@example.com,Tucumán,2021-12-31
7711,Cliente07711,cliente07711@example.com,Mendoza,2020-11-04
7712,Cliente07712,cliente07712@example.com,Mendoza,2021-09-21
7713,Cliente07713,cliente07713@example.com,Córdoba,2022-01-13
7714,Cliente07714,cliente07714@example.com,San Luis,2021-10-08
7715,Cliente07715,cliente07715@example.com,San Luis,2022-07-03
7716,Cliente07716,cliente07716@example.com,Santa Fe,2021-11-24
7717,Cliente07717,cliente07717@example.com,Rosario,2021-08-16
7718,Cliente07718,cliente07718@example.com,Salta,2020-07-26
7719,Cliente07719,cliente07719@example.com,Chubut,2020-11-23
7720,Cliente07720,cliente07720@example.com,Rosario,2020-11-30
7721,Cliente07721,cliente07721@example.com,Neuquén,2020-08-30
7722,Cliente07722,cliente07722@example.com,Chubut,2023-06-20
7723,Cliente07723,cliente07723@example.com,Neuquén,2020-11-20
7724,Cliente07724,cliente07724@example.com,Chubut,2023-02-05
7725,Cliente07725,cliente07725@example.com,Santa Fe,2023-12-04
7726,Cliente07726,cliente07726@example.com,Salta,2023-11-14
7727,Cliente07727,cliente07727@example.com,Mendoza,2020-08-20
7728,Cliente07728,cliente07728@example.com,Rosario,2022-06-30
7729,Cliente07729,cliente07729@example.com,Córdoba,2020-03-21
7730,Cliente07730,cliente07730@example.com,Rosario,2022-02-19
7731,Cliente07731,cliente07731@example.com,Santa Fe,2022-02-15
7732,Cliente07732,cliente07732@example.com,Santa Fe,2020-12-15
7733,Cliente07733,cliente07733@example.com,CABA,2023-04-15
7734,Cliente07734,cliente07734@example.com,Tucumán,2022-06-22
7735,Cliente07735,cliente07735@example.com,San Luis,2023-03-17
7736,Cliente07736,cliente07736@example.com,Rosario,2022-07-05
7737,Cliente07737,cliente07737@example.com,CABA,2022-10-04
7738,Cliente07738,cliente07738@example.com,San Luis,2021-12-05
7739,Cliente07739,cliente07739@example.com,Tucumán,2020-06-23
7740,Cliente07740,cliente07740@example.com,Tucumán,2020-05-21
7741,Cliente07741,cliente07741@example.com,Rosario,2020-10-03
7742,Cliente07742,cliente07742@example.com,San Luis,2021-09-06
7743,Cliente07743,cliente07743@example.com,Neuquén,2020-11-02
7744,Cliente07744,cliente07744@example.com,Córdoba,2023-10-01
7745,Cliente07745,cliente07745@example.com,Mendoza,2023-07-22
7746,Cliente07746,cliente07746@example.com,Tucumán,2021-08-21
7747,Cliente07747,cliente07747@example.com,Córdoba,2021-12-27
7748,Cliente07748,cliente07748@example.com,San Luis,2022-10-10
7749,Cliente07749,cliente07749@example.com,CABA,2023-06-27
7750,Cliente07750,cliente07750@example.com,San Luis,2022-05-05
7751,Cliente07751,cliente07751@example.com,Rosario,2022-01-17
7752,Cliente07752,cliente07752@example.com,Salta,2021-01-28
7753,Cliente07753,cliente07753@example.com,Chubut,2021-07-27
7754,Cliente07754,cliente07754@example.com,Chubut,2020-02-18
7755,Cliente07755,cliente07755@example.com,Santa Fe,2021-10-14
7756,Cliente07756,cliente07756@example.com,Rosario,2020-04-16
7757,Cliente07757,cliente07757@example.com,Mendoza,2023-12-05
7758,Cliente07758,cliente07758@example.com,Salta,2021-06-22
7759,Cliente07759,cliente07759@example.com,Santa Fe,2022-06-05
7760,Cliente07760,cliente07760@example.com,Tucumán,2020-03-23
7761,Cliente07761,cliente07761@example.com,Salta,2023-09-06
7762,Cliente07762,cliente07762@example.com,Santa Fe,2023-09-12
7763,Cliente07763,cliente07763@example.com,Córdoba,2021-11-12
7764,Cliente07764,cliente07764@example.com,Chubut,2020-03-05
7765,Cliente07765,cliente07765@example.com,Rosario,2023-07-02
7766,Cliente07766,cliente07766@example.com,CABA,2023-03-20
7767,Cliente07767,cliente07767@example.com,CABA,2021-09-11
7768,Cliente07768,cliente07768@example.com,Neuquén,2021-02-12
7769,Cliente07769,cliente07769@example.com,Santa Fe,2022-02-17
7770,Cliente07770,cliente07770@example.com,Neuquén,2020-03-14
7771,Cliente07771,cliente07771@example.com,Salta,2023-11-28
7772,Cliente07772,cliente07772@example.com,Neuquén,2021-11-18
7773,Cliente07773,cliente07773@example.com,Tucumán,2022-11-15
7774,Cliente07774,cliente07774@example.com,Neuquén,2022-04-13
7775,Cliente07775,cliente07775@example.com,Tucumán,2020-09-28
7776,Cliente07776,cliente07776@example.com,Tucumán,2021-06-19
7777,Cliente07777,cliente07777@example.com,Chubut,2021-01-30
7778,Cliente07778,cliente07778@example.com,Santa Fe,2021-07-30
7779,Cliente07779,cliente07779@example.com,Salta,2020-06-19
7780,Cliente07780,cliente07780@example.com,Santa Fe,2023-10-07
7781,Cliente07781,cliente07781@example.com,Córdoba,2023-09-26
7782,Cliente07782,cliente07782@example.com,Tucumán,2022-11-08
7783,Cliente07783,cliente07783@example.com,Córdoba,2020-02-17
7784,Cliente07784,cliente07784@example.com,Rosario,2020-08-07
7785,Cliente07785,cliente07785@example.com,Mendoza,2020-06-01
7786,Cliente07786,cliente07786@example.com,Rosario,2022-02-03
7787,Cliente07787,cliente07787@example.com,Córdoba,2020-11-11
7788,Cliente07788,cliente07788@example.com,San Luis,2021-04-30
7789,Cliente07789,cliente07789@example.com,Córdoba,2020-06-03
7790,Cliente07790,cliente07790@example.com,CABA,2020-01-28
7791,Cliente07791,cliente07791@example.com,Tucumán,2023-06-18
7792,Cliente07792,cliente07792@example.com,Córdoba,2020-11-15
7793,Cliente07793,cliente07793@example.com,San Luis,2023-07-06
7794,Cliente07794,cliente07794@example.com,Santa Fe,2023-07-16
7795,Cliente07795,cliente07795@example.com,Tucumán,2023-09-23
7796,Cliente07796,cliente07796@example.com,Córdoba,2023-06-08
7797,Cliente07797,cliente07797@example.com,Córdoba,2020-04-25
7798,Cliente07798,cliente07798@example.com,Rosario,2021-02-12
7799,Cliente07799,cliente07799@example.com,Córdoba,2021-01-15
7800,Cliente07800,cliente07800@example.com,Córdoba,2020-07-06
7801,Cliente07801,cliente07801@example.com,CABA,2022-06-05
7802,Cliente07802,cliente07802@example.com,Mendoza,2021-03-06
7803,Cliente07803,cliente07803@example.com,CABA,2020-06-11
7804,Cliente07804,cliente07804@example.com,Neuquén,2021-10-18
7805,Cliente07805,cliente07805@example.com,Chubut,2021-01-29
7806,Cliente07806,cliente07806@example.com,Santa Fe,2021-02-08
7807,Cliente07807,cliente07807@example.com,Santa Fe,2023-05-24
7808,Cliente07808,cliente07808@example.com,Rosario,2022-08-18
7809,Cliente07809,cliente07809@example.com,Salta,2023-10-16
7810,Cliente07810,cliente07810@example.com,San Luis,2020-05-05
7811,Cliente07811,cliente07811@example.com,Santa Fe,2021-01-13
7812,Cliente07812,cliente07812@example.com,Chubut,2020-01-13
7813,Cliente07813,cliente07813@example.com,Córdoba,2020-12-26
7814,Cliente07814,cliente07814@example.com,Mendoza,2021-06-23
7815,Cliente07815,cliente07815@example.com,Rosario,2023-01-15
7816,Cliente07816,cliente07816@example.com,San Luis,2021-01-22
7817,Cliente07817,cliente07817@example.com,Córdoba,2023-12-10
7818,Cliente07818,cliente07818@example.com,Córdoba,2021-01-20
7819,Cliente07819,cliente07819@example.com,Rosario,2021-10-20
7820,Cliente07820,cliente07820@example.com,Mendoza,2020-11-28
7821,Cliente07821,cliente07821@example.com,Neuquén,2023-07-25
7822,Cliente07822,cliente07822@example.com,San Luis,2021-08-30
7823,Cliente07823,cliente07823@example.com,San Luis,2022-04-24
7824,Cliente07824,cliente07824@example.com,Chubut,2023-08-04
7825,Cliente07825,cliente07825@example.com,Salta,2021-03-22
7826,Cliente07826,cliente07826@example.com,Neuquén,2021-05-28
7827,Cliente07827,cliente07827@example.com,Tucumán,2021-05-08
7828,Cliente07828,cliente07828@example.com,Chubut,2020-01-15
7829,Cliente07829,cliente07829@example.com,Salta,2021-07-30
7830,Cliente07830,cliente07830@example.com,Rosario,2020-05-12
7831,Cliente07831,cliente07831@example.com,CABA,2020-05-08
7832,Cliente07832,cliente07832@example.com,Santa Fe,2021-12-05
7833,Cliente07833,cliente07833@example.com,CABA,2023-06-23
7834,Cliente07834,cliente07834@example.com,Neuquén,2020-06-12
7835,Cliente07835,cliente07835@example.com,Santa Fe,2020-01-25
7836,Cliente07836,cliente07836@example.com,Córdoba,2021-10-14
7837,Cliente07837,cliente07837@example.com,San Luis,2022-01-10
7838,Cliente07838,cliente07838@example.com,San Luis,2023-10-20
7839,Cliente07839,cliente07839@example.com,Córdoba,2023-03-11
7840,Cliente07840,cliente07840@example.com,Salta,2021-10-15
7841,Cliente07841,cliente07841@example.com,Santa Fe,2022-01-03
7842,Cliente07842,cliente07842@example.com,Santa Fe,2022-01-28
7843,Cliente07843,cliente07843@example.com,Santa Fe,2021-09-06
7844,Cliente07844,cliente07844@example.com,Santa Fe,2021-10-03
7845,Cliente07845,cliente07845@example.com,Chubut,2021-01-24
7846,Cliente07846,cliente07846@example.com,Mendoza,2023-04-17
7847,Cliente07847,cliente07847@example.com,Rosario,2020-03-28
7848,Cliente07848,cliente07848@example.com,Tucumán,2022-04-19
7849,Cliente07849,cliente07849@example.com,Santa Fe,2022-08-03
7850,Cliente07850,cliente07850@example.com,Tucumán,2022-04-05
7851,Cliente07851,cliente07851@example.com,Santa Fe,2022-08-09
7852,Cliente07852,cliente07852@example.com,Santa Fe,2020-11-08
7853,Cliente07853,cliente07853@example.com,Rosario,2022-02-28
7854,Cliente07854,cliente07854@example.com,Neuquén,2020-02-20
7855,Cliente07855,cliente07855@example.com,Rosario,2021-10-10
7856,Cliente07856,cliente07856@example.com,Neuquén,2023-07-18
7857,Cliente07857,cliente07857@example.com,Rosario,2022-03-29
7858,Cliente07858,cliente07858@example.com,Tucumán,2020-01-29
7859,Cliente07859,cliente07859@example.com,Neuquén,2023-09-17
7860,Cliente07860,cliente07860@example.com,Rosario,2020-11-05
7861,Cliente07861,cliente07861@example.com,San Luis,2021-01-11
7862,Cliente07862,cliente07862@example.com,Mendoza,2020-07-13
7863,Cliente07863,cliente07863@example.com,CABA,2022-03-12
7864,Cliente07864,cliente07864@example.com,Santa Fe,2020-11-02
7865,Cliente07865,cliente07865@example.com,Salta,2021-11-21
7866,Cliente07866,cliente07866@example.com,Mendoza,2020-02-14
7867,Cliente07867,cliente07867@example.com,Santa Fe,2022-03-14
7868,Cliente07868,cliente07868@example.com,Rosario,2021-09-13
7869,Cliente07869,cliente07869@example.com,Chubut,2021-07-22
7870,Cliente07870,cliente07870@example.com,Mendoza,2021-01-24
7871,Cliente07871,cliente07871@example.com,Santa Fe,2023-05-27
7872,Cliente07872,cliente07872@example.com,Santa Fe,2022-06-05
7873,Cliente07873,cliente07873@example.com,Neuquén,2020-11-23
7874,Cliente07874,cliente07874@example.com,Santa Fe,2023-09-25
7875,Cliente07875,cliente07875@example.com,CABA,2021-12-24
7876,Cliente07876,cliente07876@example.com,Córdoba,2020-05-17
7877,Cliente07877,cliente07877@example.com,Tucumán,2023-12-16
7878,Cliente07878,cliente07878@example.com,Santa Fe,2023-05-29
7879,Cliente07879,cliente07879@example.com,Salta,2020-10-16
7880,Cliente07880,cliente07880@example.com,Mendoza,2022-11-28
7881,Cliente07881,cliente07881@example.com,Santa Fe,2021-03-19
7882,Cliente07882,cliente07882@example.com,Neuquén,2022-10-01
7883,Cliente07883,cliente07883@example.com,CABA,2021-09-22
7884,Cliente07884,cliente07884@example.com,Rosario,2021-11-24
7885,Cliente07885,cliente07885@example.com,Salta,2023-11-01
7886,Cliente07886,cliente07886@example.com,San Luis,2022-05-28
7887,Cliente07887,cliente07887@example.com,San Luis,2020-09-06
7888,Cliente07888,cliente07888@example.com,San Luis,2020-09-22
7889,Cliente07889,cliente07889@example.com,Chubut,2021-07-31
7890,Cliente07890,cliente07890@example.com,Tucumán,2022-02-03
7891,Cliente07891,cliente07891@example.com,Rosario,2022-01-26
7892,Cliente07892,cliente07892@example.com,San Luis,2022-08-27
7893,Cliente07893,cliente07893@example.com,Córdoba,2020-02-06
7894,Cliente07894,cliente07894@example.com,Santa Fe,2022-01-27
7895,Cliente07895,cliente07895@example.com,Neuquén,2021-05-19
7896,Cliente07896,cliente07896@example.com,Mendoza,2021-10-30
7897,Cliente07897,cliente07897@example.com,Mendoza,2021-10-02
7898,Cliente07898,cliente07898@example.com,Santa Fe,2021-07-28
7899,Cliente07899,cliente07899@example.com,Chubut,2021-11-28
7900,Cliente07900,cliente07900@example.com,San Luis,2021-11-09
7901,Cliente07901,cliente07901@example.com,Mendoza,2020-09-17
7902,Cliente07902,cliente07902@example.com,Tucumán,2023-07-19
7903,Cliente07903,cliente07903@example.com,San Luis,2021-04-13
7904,Cliente07904,cliente07904@example.com,San Luis,2023-06-02
7905,Cliente07905,cliente07905@example.com,Mendoza,2021-05-25
7906,Cliente07906,cliente07906@example.com,Santa Fe,2023-02-27
7907,Cliente07907,cliente07907@example.com,Santa Fe,2020-02-09
7908,Cliente07908,cliente07908@example.com,Tucumán,2022-11-12
7909,Cliente07909,cliente07909@example.com,Córdoba,2022-02-25
7910,Cliente07910,cliente07910@example.com,Rosario,2023-07-01
7911,Cliente07911,cliente07911@example.com,Tucumán,2020-06-15
7912,Cliente07912,cliente07912@example.com,Chubut,2022-10-02
7913,Cliente07913,cliente07913@example.com,Santa Fe,2023-05-19
7914,Cliente07914,cliente07914@example.com,Salta,2020-05-17
7915,Cliente07915,cliente07915@example.com,Santa Fe,2022-03-08
7916,Cliente07916,cliente07916@example.com,Mendoza,2021-07-19
7917,Cliente07917,cliente07917@example.com,Rosario,2022-01-15
7918,Cliente07918,cliente07918@example.com,CABA,2022-08-28
7919,Cliente07919,cliente07919@example.com,Mendoza,2021-04-02
7920,Cliente07920,cliente07920@example.com,CABA,2021-11-01
7921,Cliente07921,cliente07921@example.com,Tucumán,2023-06-25
7922,Cliente07922,cliente07922@example.com,Santa Fe,2023-02-24
7923,Cliente07923,cliente07923@example.com,Rosario,2021-07-12
7924,Cliente07924,cliente07924@example.com,Tucumán,2022-09-19
7925,Cliente07925,cliente07925@example.com,Tucumán,2023-05-23
7926,Cliente07926,cliente07926@example.com,Chubut,2021-02-13
7927,Cliente07927,cliente07927@example.com,Mendoza,2023-05-08
7928,Cliente07928,cliente07928@example.com,San Luis,2020-09-03
7929,Cliente07929,cliente07929@example.com,Salta,2020-05-04
7930,Cliente07930,cliente07930@example.com,Mendoza,2022-12-08
7931,Cliente07931,cliente07931@example.com,Chubut,2021-08-01
7932,Cliente07932,cliente07932@example.com,Mendoza,2022-02-09
7933,Cliente07933,cliente07933@example.com,Neuquén,2023-12-05
7934,Cliente07934,cliente07934@example.com,CABA,2021-09-02
7935,Cliente07935,cliente07935@example.com,Salta,2021-02-22
7936,Cliente07936,cliente07936@example.com,Rosario,2021-08-29
7937,Cliente07937,cliente07937@example.com,CABA,2020-02-29
7938,Cliente07938,cliente07938@example.com,Neuquén,2020-06-10
7939,Cliente07939,cliente07939@example.com,Tucumán,2022-08-10
7940,Cliente07940,cliente07940@example.com,Rosario,2022-07-03
7941,Cliente07941,cliente07941@example.com,Neuquén,2023-02-11
7942,Cliente07942,cliente07942@example.com,Rosario,2023-05-01
7943,Cliente07943,cliente07943@example.com,Santa Fe,2021-10-05
7944,Cliente07944,cliente07944@example.com,Córdoba,2021-07-14
7945,Cliente07945,cliente07945@example.com,Santa Fe,2021-07-19
7946,Cliente07946,cliente07946@example.com,Mendoza,2023-12-17
7947,Cliente07947,cliente07947@example.com,San Luis,2022-07-17
7948,Cliente07948,cliente07948@example.com,Salta,2020-11-29
7949,Cliente07949,cliente07949@example.com,San Luis,2020-09-20
7950,Cliente07950,cliente07950@example.com,Tucumán,2020-02-04
7951,Cliente07951,cliente07951@example.com,Córdoba,2020-04-17
7952,Cliente07952,cliente07952@example.com,Tucumán,2023-02-05
7953,Cliente07953,cliente07953@example.com,Santa Fe,2022-01-25
7954,Cliente07954,cliente07954@example.com,Rosario,2021-10-07
7955,Cliente07955,cliente07955@example.com,Neuquén,2023-01-31
7956,Cliente07956,cliente07956@example.com,CABA,2023-07-11
7957,Cliente07957,cliente07957@example.com,Neuquén,2023-08-16
7958,Cliente07958,cliente07958@example.com,Tucumán,2022-03-21
7959,Cliente07959,cliente07959@example.com,Rosario,2021-10-30
7960,Cliente07960,cliente07960@example.com,San Luis,2020-03-11
7961,Cliente07961,cliente07961@example.com,Salta,2021-10-25
7962,Cliente07962,cliente07962@example.com,San Luis,2023-03-10
7963,Cliente07963,cliente07963@example.com,CABA,2022-11-13
7964,Cliente07964,cliente07964@example.com,CABA,2020-09-27
7965,Cliente07965,cliente07965@example.com,Santa Fe,2020-05-10
7966,Cliente07966,cliente07966@example.com,Córdoba,2020-10-13
7967,Cliente07967,cliente07967@example.com,Rosario,2020-07-28
7968,Cliente07968,cliente07968@example.com,Chubut,2020-11-30
7969,Cliente07969,cliente07969@example.com,Mendoza,2020-07-07
7970,Cliente07970,cliente07970@example.com,Tucumán,2022-01-01
7971,Cliente07971,cliente07971@example.com,Tucumán,2020-06-15
7972,Cliente07972,cliente07972@example.com,Neuquén,2021-12-04
7973,Cliente07973,cliente07973@example.com,Córdoba,2022-10-05
7974,Cliente07974,cliente07974@example.com,Neuquén,2023-01-21
7975,Cliente07975,cliente07975@example.com,CABA,2022-12-10
7976,Cliente07976,cliente07976@example.com,Neuquén,2023-08-07
7977,Cliente07977,cliente07977@example.com,Neuquén,2023-11-23
7978,Cliente07978,cliente07978@example.com,Rosario,2023-01-27
7979,Cliente07979,cliente07979@example.com,Córdoba,2021-02-28
7980,Cliente07980,cliente07980@example.com,Santa Fe,2020-11-21
7981,Cliente07981,cliente07981@example.com,Córdoba,2021-06-18
7982,Cliente07982,cliente07982@example.com,Mendoza,2021-05-05
7983,Cliente07983,cliente07983@example.com,CABA,2023-08-13
7984,Cliente07984,cliente07984@example.com,Chubut,2020-02-19
7985,Cliente07985,cliente07985@example.com,CABA,2023-08-09
7986,Cliente07986,cliente07986@example.com,Mendoza,2022-09-07
7987,Cliente07987,cliente07987@example.com,CABA,2020-03-27
7988,Cliente07988,cliente07988@example.com,Mendoza,2021-04-21
7989,Cliente07989,cliente07989@example.com,Rosario,2020-10-08
7990,Cliente07990,cliente07990@example.com,Chubut,2021-10-16
7991,Cliente07991,cliente07991@example.com,Tucumán,2022-03-04
7992,Cliente07992,cliente07992@example.com,Neuquén,2020-02-09
7993,Cliente07993,cliente07993@example.com,Chubut,2021-08-16
7994,Cliente07994,cliente07994@example.com,Santa Fe,2020-02-18
7995,Cliente07995,cliente07995@example.com,Neuquén,2023-01-31
7996,Cliente07996,cliente07996@example.com,Córdoba,2020-03-23
7997,Cliente07997,cliente07997@example.com,Mendoza,2023-04-22
7998,Cliente07998,cliente07998@example.com,CABA,2021-03-03
7999,Cliente07999,cliente07999@example.com,Mendoza,2023-04-08
8000,Cliente08000,cliente08000@example.com,Santa Fe,2020-01-15
8001,Cliente08001,cliente08001@example.com,Tucumán,2023-12-08
8002,Cliente08002,cliente08002@example.com,Córdoba,2023-04-06
8003,Cliente08003,cliente08003@example.com,Tucumán,2022-11-08
8004,Cliente08004,cliente08004@example.com,Rosario,2022-03-24
8005,Cliente08005,cliente08005@example.com,Mendoza,2020-11-07
8006,Cliente08006,cliente08006@example.com,Chubut,2020-01-16
8007,Cliente08007,cliente08007@example.com,San Luis,2021-07-30
8008,Cliente08008,cliente08008@example.com,Salta,2023-02-13
8009,Cliente08009,cliente08009@example.com,Tucumán,2022-11-12
8010,Cliente08010,cliente08010@example.com,Neuquén,2020-11-23
8011,Cliente08011,cliente08011@example.com,Mendoza,2023-05-29
8012,Cliente08012,cliente08012@example.com,Salta,2021-11-16
8013,Cliente08013,cliente08013@example.com,Mendoza,2021-10-31
8014,Cliente08014,cliente08014@example.com,Salta,2022-03-15
8015,Cliente08015,cliente08015@example.com,Córdoba,2023-08-25
8016,Cliente08016,cliente08016@example.com,Salta,2022-07-13
8017,Cliente08017,cliente08017@example.com,CABA,2022-07-01
8018,Cliente08018,cliente08018@example.com,San Luis,2023-08-27
8019,Cliente08019,cliente08019@example.com,Chubut,2022-04-10
8020,Cliente08020,cliente08020@example.com,Mendoza,2021-01-13
8021,Cliente08021,cliente08021@example.com,Córdoba,2020-03-26
8022,Cliente08022,cliente08022@example.com,Neuquén,2020-08-06
8023,Cliente08023,cliente08023@example.com,Mendoza,2021-02-13
8024,Cliente08024,cliente08024@example.com,San Luis,2021-09-03
8025,Cliente08025,cliente08025@example.com,Mendoza,2023-04-29
8026,Cliente08026,cliente08026@example.com,Salta,2022-01-09
8027,Cliente08027,cliente08027@example.com,Santa Fe,2020-04-21
8028,Cliente08028,cliente08028@example.com,Mendoza,2023-03-06
8029,Cliente08029,cliente08029@example.com,Salta,2021-03-20
8030,Cliente08030,cliente08030@example.com,Chubut,2020-02-18
8031,Cliente08031,cliente08031@example.com,Salta,2020-01-26
8032,Cliente08032,cliente08032@example.com,Mendoza,2021-01-05
8033,Cliente08033,cliente08033@example.com,Tucumán,2021-02-26
8034,Cliente08034,cliente08034@example.com,Santa Fe,2022-03-06
8035,Cliente08035,cliente08035@example.com,Tucumán,2022-07-26
8036,Cliente08036,cliente08036@example.com,Neuquén,2023-05-17
8037,Cliente08037,cliente08037@example.com,Rosario,2022-10-03
8038,Cliente08038,cliente08038@example.com,Santa Fe,2023-02-22
8039,Cliente08039,cliente08039@example.com,San Luis,2021-08-07
8040,Cliente08040,cliente08040@example.com,Mendoza,2020-06-08
8041,Cliente08041,cliente08041@example.com,San Luis,2020-08-07
8042,Cliente08042,cliente08042@example.com,CABA,2020-03-04
8043,Cliente08043,cliente08043@example.com,San Luis,2020-04-12
8044,Cliente08044,cliente08044@example.com,CABA,2021-07-15
8045,Cliente08045,cliente08045@example.com,CABA,2021-09-13
8046,Cliente08046,cliente08046@example.com,Santa Fe,2022-02-20
8047,Cliente08047,cliente08047@example.com,San Luis,2020-11-22
8048,Cliente08048,cliente08048@example.com,Córdoba,2020-04-19
8049,Cliente08049,cliente08049@example.com,Tucumán,2021-03-16
8050,Cliente08050,cliente08050@example.com,Mendoza,2022-05-16
8051,Cliente08051,cliente08051@example.com,Tucumán,2020-06-04
8052,Cliente08052,cliente08052@example.com,Salta,2022-05-05
8053,Cliente08053,cliente08053@example.com,CABA,2021-09-01
8054,Cliente08054,cliente08054@example.com,CABA,2020-09-02
8055,Cliente08055,cliente08055@example.com,Salta,2020-10-17
8056,Cliente08056,cliente08056@example.com,Salta,2022-07-24
8057,Cliente08057,cliente08057@example.com,Mendoza,2020-09-03
8058,Cliente08058,cliente08058@example.com,CABA,2022-09-02
8059,Cliente08059,cliente08059@example.com,Rosario,2020-01-30
8060,Cliente08060,cliente08060@example.com,Córdoba,2020-06-25
8061,Cliente08061,cliente08061@example.com,Mendoza,2022-07-21
8062,Cliente08062,cliente08062@example.com,San Luis,2023-11-24
8063,Cliente08063,cliente08063@example.com,Chubut,2021-07-13
8064,Cliente08064,cliente08064@example.com,Salta,2020-02-16
8065,Cliente08065,cliente08065@example.com,San Luis,2022-09-09
8066,Cliente08066,cliente08066@example.com,Córdoba,2023-11-17
8067,Cliente08067,cliente08067@example.com,Rosario,2021-03-17
8068,Cliente08068,cliente08068@example.com,Córdoba,2022-03-25
8069,Cliente08069,cliente08069@example.com,Neuquén,2020-03-02
8070,Cliente08070,cliente08070@example.com,CABA,2022-10-15
8071,Cliente08071,cliente08071@example.com,Neuquén,2022-08-11
8072,Cliente08072,cliente08072@example.com,Neuquén,2020-12-24
8073,Cliente08073,cliente08073@example.com,CABA,2023-03-27
8074,Cliente08074,cliente08074@example.com,CABA,2023-09-06
8075,Cliente08075,cliente08075@example.com,Córdoba,2021-07-29
8076,Cliente08076,cliente08076@example.com,Salta,2022-09-08
8077,Cliente08077,cliente08077@example.com,Mendoza,2021-07-01
8078,Cliente08078,cliente08078@example.com,CABA,2023-10-06
8079,Cliente08079,cliente08079@example.com,Salta,2021-01-20
8080,Cliente08080,cliente08080@example.com,Mendoza,2023-11-13
8081,Cliente08081,cliente08081@example.com,Santa Fe,2020-01-04
8082,Cliente08082,cliente08082@example.com,CABA,2023-02-27
8083,Cliente08083,cliente08083@example.com,Neuquén,2023-02-18
8084,Cliente08084,cliente08084@example.com,Santa Fe,2021-04-19
8085,Cliente08085,cliente08085@example.com,CABA,2021-08-09
8086,Cliente08086,cliente08086@example.com,Tucumán,2020-06-30
8087,Cliente08087,cliente08087@example.com,San Luis,2022-01-22
8088,Cliente08088,cliente08088@example.com,Santa Fe,2022-08-25
8089,Cliente08089,cliente08089@example.com,Chubut,2020-12-01
8090,Cliente08090,cliente08090@example.com,Tucumán,2023-09-10
8091,Cliente08091,cliente08091@example.com,Tucumán,2023-02-02
8092,Cliente08092,cliente08092@example.com,Chubut,2020-10-25
8093,Cliente08093,cliente08093@example.com,Tucumán,2023-08-02
8094,Cliente08094,cliente08094@example.com,Tucumán,2022-04-13
8095,Cliente08095,cliente08095@example.com,Rosario,2023-04-03
8096,Cliente08096,cliente08096@example.com,Neuquén,2022-02-01
8097,Cliente08097,cliente08097@example.com,Santa Fe,2021-12-12
8098,Cliente08098,cliente08098@example.com,Salta,2020-10-29
8099,Cliente08099,cliente08099@example.com,Santa Fe,2023-10-15
8100,Cliente08100,cliente08100@example.com,Chubut,2022-04-15
8101,Cliente08101,cliente08101@example.com,Tucumán,2022-06-03
8102,Cliente08102,cliente08102@example.com,Córdoba,2023-05-18
8103,Cliente08103,cliente08103@example.com,Salta,2020-10-08
8104,Cliente08104,cliente08104@example.com,Tucumán,2022-01-04
8105,Cliente08105,cliente08105@example.com,Santa Fe,2022-07-12
8106,Cliente08106,cliente08106@example.com,Chubut,2023-10-25
8107,Cliente08107,cliente08107@example.com,Rosario,2020-03-28
8108,Cliente08108,cliente08108@example.com,Tucumán,2022-11-03
8109,Cliente08109,cliente08109@example.com,Rosario,2023-05-11
8110,Cliente08110,cliente08110@example.com,Tucumán,2023-01-11
8111,Cliente08111,cliente08111@example.com,Rosario,2023-03-20
8112,Cliente08112,cliente08112@example.com,Rosario,2021-02-25
8113,Cliente08113,cliente08113@example.com,Neuquén,2020-06-16
8114,Cliente08114,cliente08114@example.com,Neuquén,2020-08-17
8115,Cliente08115,cliente08115@example.com,Chubut,2023-01-19
8116,Cliente08116,cliente08116@example.com,CABA,2022-11-30
8117,Cliente08117,cliente08117@example.com,Córdoba,2023-03-24
8118,Cliente08118,cliente08118@example.com,CABA,2021-06-05
8119,Cliente08119,cliente08119@example.com,Chubut,2023-09-23
8120,Cliente08120,cliente08120@example.com,Rosario,2021-04-09
8121,Cliente08121,cliente08121@example.com,Tucumán,2022-09-28
8122,Cliente08122,cliente08122@example.com,Córdoba,2021-10-28
8123,Cliente08123,cliente08123@example.com,Tucumán,2023-01-28
8124,Cliente08124,cliente08124@example.com,Neuquén,2022-12-07
8125,Cliente08125,cliente08125@example.com,Neuquén,2021-03-24
8126,Cliente08126,cliente08126@example.com,San Luis,2021-12-20
8127,Cliente08127,cliente08127@example.com,Neuquén,2023-11-09
8128,Cliente08128,cliente08128@example.com,Córdoba,2021-04-07
8129,Cliente08129,cliente08129@example.com,Santa Fe,2020-11-14
8130,Cliente08130,cliente08130@example.com,Mendoza,2020-01-02
8131,Cliente08131,cliente08131@example.com,Chubut,2020-08-08
8132,Cliente08132,cliente08132@example.com,Santa Fe,2020-10-22
8133,Cliente08133,cliente08133@example.com,Córdoba,2023-11-24
8134,Cliente08134,cliente08134@example.com,Salta,2021-05-10
8135,Cliente08135,cliente08135@example.com,Neuquén,2021-09-12
8136,Cliente08136,cliente08136@example.com,Mendoza,2023-01-14
8137,Cliente08137,cliente08137@example.com,Córdoba,2021-01-26
8138,Cliente08138,cliente08138@example.com,CABA,2020-02-03
8139,Cliente08139,cliente08139@example.com,CABA,2021-08-28
8140,Cliente08140,cliente08140@example.com,Córdoba,2021-02-28
8141,Cliente08141,cliente08141@example.com,Rosario,2023-10-25
8142,Cliente08142,cliente08142@example.com,Córdoba,2020-05-17
8143,Cliente08143,cliente08143@example.com,Salta,2022-07-15
8144,Cliente08144,cliente08144@example.com,Córdoba,2022-05-14
8145,Cliente08145,cliente08145@example.com,Tucumán,2023-09-16
8146,Cliente08146,cliente08146@example.com,Neuquén,2020-01-22
8147,Cliente08147,cliente08147@example.com,San Luis,2021-09-06
8148,Cliente08148,cliente08148@example.com,Tucumán,2022-03-05
8149,Cliente08149,cliente08149@example.com,Tucumán,2021-03-02
8150,Cliente08150,cliente08150@example.com,Salta,2022-05-27
8151,Cliente08151,cliente08151@example.com,San Luis,2023-04-22
8152,Cliente08152,cliente08152@example.com,Santa Fe,2023-07-24
8153,Cliente08153,cliente08153@example.com,San Luis,2023-04-30
8154,Cliente08154,cliente08154@example.com,CABA,2023-10-22
8155,Cliente08155,cliente08155@example.com,Santa Fe,2020-03-05
8156,Cliente08156,cliente08156@example.com,Santa Fe,2021-10-16
8157,Cliente08157,cliente08157@example.com,Tucumán,2020-03-04
8158,Cliente08158,cliente08158@example.com,Salta,2023-12-05
8159,Cliente08159,cliente08159@example.com,Santa Fe,2022-02-24
8160,Cliente08160,cliente08160@example.com,Chubut,2020-07-19
8161,Cliente08161,cliente08161@example.com,Neuquén,2023-11-11
8162,Cliente08162,cliente08162@example.com,San Luis,2023-06-24
8163,Cliente08163,cliente08163@example.com,Tucumán,2023-11-03
8164,Cliente08164,cliente08164@example.com,Santa Fe,2020-02-25
8165,Cliente08165,cliente08165@example.com,Neuquén,2020-03-20
8166,Cliente08166,cliente08166@example.com,Santa Fe,2020-06-26
8167,Cliente08167,cliente08167@example.com,Santa Fe,2021-05-31
8168,Cliente08168,cliente08168@example.com,Chubut,2020-07-07
8169,Cliente08169,cliente08169@example.com,Córdoba,2021-05-17
8170,Cliente08170,cliente08170@example.com,Córdoba,2022-07-20
8171,Cliente08171,cliente08171@example.com,Neuquén,2021-11-21
8172,Cliente08172,cliente08172@example.com,Mendoza,2023-05-21
8173,Cliente08173,cliente08173@example.com,Santa Fe,2020-03-11
8174,Cliente08174,cliente08174@example.com,Tucumán,2021-09-26
8175,Cliente08175,cliente08175@example.com,Chubut,2023-12-12
8176,Cliente08176,cliente08176@example.com,Santa Fe,2021-03-19
8177,Cliente08177,cliente08177@example.com,San Luis,2022-04-20
8178,Cliente08178,cliente08178@example.com,Córdoba,2020-01-22
8179,Cliente08179,cliente08179@example.com,Rosario,2023-04-30
8180,Cliente08180,cliente08180@example.com,CABA,2022-11-02
8181,Cliente08181,cliente08181@example.com,Santa Fe,2020-05-21
8182,Cliente08182,cliente08182@example.com,Chubut,2021-01-06
8183,Cliente08183,cliente08183@example.com,Santa Fe,2021-07-16
8184,Cliente08184,cliente08184@example.com,San Luis,2022-03-05
8185,Cliente08185,cliente08185@example.com,Chubut,2023-08-31
8186,Cliente08186,cliente08186@example.com,CABA,2021-06-02
8187,Cliente08187,cliente08187@example.com,San Luis,2020-08-28
8188,Cliente08188,cliente08188@example.com,Chubut,2022-10-02
8189,Cliente08189,cliente08189@example.com,Rosario,2022-07-14
8190,Cliente08190,cliente08190@example.com,Salta,2020-11-29
8191,Cliente08191,cliente08191@example.com,CABA,2021-08-17
8192,Cliente08192,cliente08192@example.com,San Luis,2021-11-09
8193,Cliente08193,cliente08193@example.com,Neuquén,2020-08-12
8194,Cliente08194,cliente08194@example.com,Rosario,2020-06-06
8195,Cliente08195,cliente08195@example.com,Mendoza,2022-09-14
8196,Cliente08196,cliente08196@example.com,Santa Fe,2021-05-25
8197,Cliente08197,cliente08197@example.com,CABA,2022-03-04
8198,Cliente08198,cliente08198@example.com,Rosario,2022-02-10
8199,Cliente08199,cliente08199@example.com,CABA,2021-09-11
8200,Cliente08200,cliente08200@example.com,Rosario,2021-04-02
8201,Cliente08201,cliente08201@example.com,Tucumán,2023-10-30
8202,Cliente08202,cliente08202@example.com,San Luis,2022-10-07
8203,Cliente08203,cliente08203@example.com,Mendoza,2022-06-29
8204,Cliente08204,cliente08204@example.com,Córdoba,2020-07-26
8205,Cliente08205,cliente08205@example.com,Rosario,2020-10-12
8206,Cliente08206,cliente08206@example.com,Rosario,2023-05-24
8207,Cliente08207,cliente08207@example.com,San Luis,2020-02-18
8208,Cliente08208,cliente08208@example.com,Santa Fe,2022-10-13
8209,Cliente08209,cliente08209@example.com,Tucumán,2023-12-02
8210,Cliente08210,cliente08210@example.com,Neuquén,2020-02-12
8211,Cliente08211,cliente08211@example.com,Chubut,2023-11-21
8212,Cliente08212,cliente08212@example.com,Tucumán,2023-07-24
8213,Cliente08213,cliente08213@example.com,Chubut,2020-08-05
8214,Cliente08214,cliente08214@example.com,Neuquén,2022-08-28
8215,Cliente08215,cliente08215@example.com,CABA,2021-07-25
8216,Cliente08216,cliente08216@example.com,Neuquén,2023-02-15
8217,Cliente08217,cliente08217@example.com,Neuquén,2020-05-17
8218,Cliente08218,cliente08218@example.com,Córdoba,2020-06-27
8219,Cliente08219,cliente08219@example.com,Salta,2023-09-23
8220,Cliente08220,cliente08220@example.com,Tucumán,2022-08-30
8221,Cliente08221,cliente08221@example.com,Neuquén,2022-11-04
8222,Cliente08222,cliente08222@example.com,Mendoza,2020-10-08
8223,Cliente08223,cliente08223@example.com,Córdoba,2020-02-19
8224,Cliente08224,cliente08224@example.com,Rosario,2020-06-25
8225,Cliente08225,cliente08225@example.com,San Luis,2021-01-17
8226,Cliente08226,cliente08226@example.com,Mendoza,2022-07-02
8227,Cliente08227,cliente08227@example.com,Chubut,2022-02-03
8228,Cliente08228,cliente08228@example.com,Chubut,2021-06-22
8229,Cliente08229,cliente08229@example.com,Santa Fe,2020-05-16
8230,Cliente08230,cliente08230@example.com,Rosario,2023-04-07
8231,Cliente08231,cliente08231@example.com,Neuquén,2020-08-25
8232,Cliente08232,cliente08232@example.com,Chubut,2020-03-22
8233,Cliente08233,cliente08233@example.com,Mendoza,2021-02-18
8234,Cliente08234,cliente08234@example.com,Rosario,2021-09-07
8235,Cliente08235,cliente08235@example.com,Rosario,2023-12-07
8236,Cliente08236,cliente08236@example.com,Neuquén,2020-01-23
8237,Cliente08237,cliente08237@example.com,Tucumán,2020-05-02
8238,Cliente08238,cliente08238@example.com,Chubut,2020-01-25
8239,Cliente08239,cliente08239@example.com,Córdoba,2022-12-10
8240,Cliente08240,cliente08240@example.com,Salta,2023-04-14
8241,Cliente08241,cliente08241@example.com,Chubut,2020-01-19
8242,Cliente08242,cliente08242@example.com,Salta,2020-10-07
8243,Cliente08243,cliente08243@example.com,Tucumán,2021-05-14
8244,Cliente08244,cliente08244@example.com,Santa Fe,2021-03-13
8245,Cliente08245,cliente08245@example.com,Mendoza,2023-09-21
8246,Cliente08246,cliente08246@example.com,Santa Fe,2022-09-06
8247,Cliente08247,cliente08247@example.com,Santa Fe,2021-03-14
8248,Cliente08248,cliente08248@example.com,Córdoba,2020-12-19
8249,Cliente08249,cliente08249@example.com,Neuquén,2023-02-06
8250,Cliente08250,cliente08250@example.com,Chubut,2020-05-25
8251,Cliente08251,cliente08251@example.com,Rosario,2023-09-28
8252,Cliente08252,cliente08252@example.com,Rosario,2022-11-10
8253,Cliente08253,cliente08253@example.com,Rosario,2020-05-19
8254,Cliente08254,cliente08254@example.com,Santa Fe,2022-11-17
8255,Cliente08255,cliente08255@example.com,Córdoba,2023-03-05
8256,Cliente08256,cliente08256@example.com,Rosario,2021-05-20
8257,Cliente08257,cliente08257@example.com,Neuquén,2023-07-05
8258,Cliente08258,cliente08258@example.com,Tucumán,2021-04-06
8259,Cliente08259,cliente08259@example.com,Salta,2022-04-12
8260,Cliente08260,cliente08260@example.com,CABA,2022-06-03
8261,Cliente08261,cliente08261@example.com,CABA,2021-10-18
8262,Cliente08262,cliente08262@example.com,Neuquén,2020-02-26
8263,Cliente08263,cliente08263@example.com,Mendoza,2023-10-07
8264,Cliente08264,cliente08264@example.com,Tucumán,2022-03-11
8265,Cliente08265,cliente08265@example.com,Santa Fe,2023-05-26
8266,Cliente08266,cliente08266@example.com,Mendoza,2020-09-17
8267,Cliente08267,cliente08267@example.com,Santa Fe,2023-06-13
8268,Cliente08268,cliente08268@example.com,Chubut,2022-04-12
8269,Cliente08269,cliente08269@example.com,Rosario,2021-05-09
8270,Cliente08270,cliente08270@example.com,San Luis,2022-12-03
8271,Cliente08271,cliente08271@example.com,Salta,2022-10-15
8272,Cliente08272,cliente08272@example.com,Córdoba,2022-06-05
8273,Cliente08273,cliente08273@example.com,San Luis,2020-03-04
8274,Cliente08274,cliente08274@example.com,Neuquén,2020-05-15
8275,Cliente08275,cliente08275@example.com,Chubut,2020-06-22
8276,Cliente08276,cliente08276@example.com,Rosario,2023-08-06
8277,Cliente08277,cliente08277@example.com,CABA,2022-01-26
8278,Cliente08278,cliente08278@example.com,Salta,2022-03-16
8279,Cliente08279,cliente08279@example.com,Salta,2022-08-09
8280,Cliente08280,cliente08280@example.com,Tucumán,2021-09-13
8281,Cliente08281,cliente08281@example.com,Chubut,2023-05-24
8282,Cliente08282,cliente08282@example.com,Tucumán,2021-09-23
8283,Cliente08283,cliente08283@example.com,Santa Fe,2022-11-13
8284,Cliente08284,cliente08284@example.com,Santa Fe,2022-03-01
8285,Cliente08285,cliente08285@example.com,San Luis,2023-11-24
8286,Cliente08286,cliente08286@example.com,Chubut,2023-10-29
8287,Cliente08287,cliente08287@example.com,San Luis,2023-05-12
8288,Cliente08288,cliente08288@example.com,San Luis,2020-10-08
8289,Cliente08289,cliente08289@example.com,Santa Fe,2021-11-21
8290,Cliente08290,cliente08290@example.com,Córdoba,2023-11-17
8291,Cliente08291,cliente08291@example.com,Santa Fe,2021-12-02
8292,Cliente08292,cliente08292@example.com,Chubut,2022-11-24
8293,Cliente08293,cliente08293@example.com,San Luis,2023-07-17
8294,Cliente08294,cliente08294@example.com,Córdoba,2021-05-30
8295,Cliente08295,cliente08295@example.com,Salta,2021-07-09
8296,Cliente08296,cliente08296@example.com,Salta,2023-05-02
8297,Cliente08297,cliente08297@example.com,Chubut,2021-04-11
8298,Cliente08298,cliente08298@example.com,Tucumán,2021-10-25
8299,Cliente08299,cliente08299@example.com,Mendoza,2023-03-05
8300,Cliente08300,cliente08300@example.com,Mendoza,2021-12-14
8301,Cliente08301,cliente08301@example.com,Salta,2021-01-27
8302,Cliente08302,cliente08302@example.com,Tucumán,2022-11-26
8303,Cliente08303,cliente08303@example.com,Neuquén,2021-07-24
8304,Cliente08304,cliente08304@example.com,Salta,2023-05-09
8305,Cliente08305,cliente08305@example.com,Neuquén,2023-10-03
8306,Cliente08306,cliente08306@example.com,Mendoza,2023-06-09
8307,Cliente08307,cliente08307@example.com,Rosario,2023-11-10
8308,Cliente08308,cliente08308@example.com,Salta,2021-01-24
8309,Cliente08309,cliente08309@example.com,Tucumán,2023-12-30
8310,Cliente08310,cliente08310@example.com,Chubut,2023-02-06
8311,Cliente08311,cliente08311@example.com,Tucumán,2021-02-22
8312,Cliente08312,cliente08312@example.com,Santa Fe,2023-04-06
8313,Cliente08313,cliente08313@example.com,Chubut,2020-12-21
8314,Cliente08314,cliente08314@example.com,Córdoba,2021-08-19
8315,Cliente08315,cliente08315@example.com,Mendoza,2021-02-25
8316,Cliente08316,cliente08316@example.com,San Luis,2023-07-21
8317,Cliente08317,cliente08317@example.com,Tucumán,2021-01-09
8318,Cliente08318,cliente08318@example.com,Santa Fe,2022-02-06
8319,Cliente08319,cliente08319@example.com,Mendoza,2022-03-13
8320,Cliente08320,cliente08320@example.com,Santa Fe,2021-07-08
8321,Cliente08321,cliente08321@example.com,San Luis,2022-07-29
8322,Cliente08322,cliente08322@example.com,Chubut,2021-11-30
8323,Cliente08323,cliente08323@example.com,Rosario,2021-06-05
8324,Cliente08324,cliente08324@example.com,San Luis,2020-05-27
8325,Cliente08325,cliente08325@example.com,Salta,2020-09-11
8326,Cliente08326,cliente08326@example.com,Neuquén,2023-02-01
8327,Cliente08327,cliente08327@example.com,Neuquén,2020-01-07
8328,Cliente08328,cliente08328@example.com,Córdoba,2021-01-21
8329,Cliente08329,cliente08329@example.com,Salta,2022-10-10
8330,Cliente08330,cliente08330@example.com,Santa Fe,2023-02-01
8331,Cliente08331,cliente08331@example.com,San Luis,2021-07-21
8332,Cliente08332,cliente08332@example.com,Chubut,2023-03-08
8333,Cliente08333,cliente08333@example.com,Neuquén,2021-02-11
8334,Cliente08334,cliente08334@example.com,Salta,2020-04-14
8335,Cliente08335,cliente08335@example.com,Neuquén,2023-07-10
8336,Cliente08336,cliente08336@example.com,Santa Fe,2023-05-04
8337,Cliente08337,cliente08337@example.com,Córdoba,2022-09-02
8338,Cliente08338,cliente08338@example.com,Neuquén,2022-03-03
8339,Cliente08339,cliente08339@example.com,Tucumán,2020-09-01
8340,Cliente08340,cliente08340@example.com,Rosario,2021-01-05
8341,Cliente08341,cliente08341@example.com,Córdoba,2022-01-10
8342,Cliente08342,cliente08342@example.com,CABA,2020-03-25
8343,Cliente08343,cliente08343@example.com,Córdoba,2021-07-22
8344,Cliente08344,cliente08344@example.com,Córdoba,2023-01-28
8345,Cliente08345,cliente08345@example.com,Chubut,2021-07-03
8346,Cliente08346,cliente08346@example.com,Rosario,2020-07-15
8347,Cliente08347,cliente08347@example.com,Neuquén,2021-02-23
8348,Cliente08348,cliente08348@example.com,CABA,2023-09-14
8349,Cliente08349,cliente08349@example.com,San Luis,2020-05-02
8350,Cliente08350,cliente08350@example.com,CABA,2020-08-16
8351,Cliente08351,cliente08351@example.com,Tucumán,2023-07-02
8352,Cliente08352,cliente08352@example.com,Salta,2021-08-05
8353,Cliente08353,cliente08353@example.com,Neuquén,2021-05-07
8354,Cliente08354,cliente08354@example.com,Mendoza,2021-03-27
8355,Cliente08355,cliente08355@example.com,San Luis,2023-05-21
8356,Cliente08356,cliente08356@example.com,San Luis,2021-06-30
8357,Cliente08357,cliente08357@example.com,Chubut,2021-12-25
8358,Cliente08358,cliente08358@example.com,Mendoza,2020-11-06
8359,Cliente08359,cliente08359@example.com,CABA,2023-02-07
8360,Cliente08360,cliente08360@example.com,San Luis,2021-10-10
8361,Cliente08361,cliente08361@example.com,Mendoza,2020-12-17
8362,Cliente08362,cliente08362@example.com,Neuquén,2021-02-20
8363,Cliente08363,cliente08363@example.com,Chubut,2023-06-16
8364,Cliente08364,cliente08364@example.com,CABA,2020-11-24
8365,Cliente08365,cliente08365@example.com,Córdoba,2023-03-15
8366,Cliente08366,cliente08366@example.com,San Luis,2021-07-06
8367,Cliente08367,cliente08367@example.com,Santa Fe,2020-09-12
8368,Cliente08368,cliente08368@example.com,Córdoba,2021-05-19
8369,Cliente08369,cliente08369@example.com,Neuquén,2021-03-28
8370,Cliente08370,cliente08370@example.com,Mendoza,2022-07-30
8371,Cliente08371,cliente08371@example.com,San Luis,2020-12-05
8372,Cliente08372,cliente08372@example.com,Rosario,2021-03-27
8373,Cliente08373,cliente08373@example.com,Salta,2020-08-07
8374,Cliente08374,cliente08374@example.com,CABA,2021-05-04
8375,Cliente08375,cliente08375@example.com,Salta,2022-06-10
8376,Cliente08376,cliente08376@example.com,San Luis,2023-05-13
8377,Cliente08377,cliente08377@example.com,Neuquén,2022-07-02
8378,Cliente08378,cliente08378@example.com,Mendoza,2021-04-20
8379,Cliente08379,cliente08379@example.com,Córdoba,2020-06-16
8380,Cliente08380,cliente08380@example.com,Neuquén,2023-12-30
8381,Cliente08381,cliente08381@example.com,Santa Fe,2022-06-25
8382,Cliente08382,cliente08382@example.com,Rosario,2022-02-26
8383,Cliente08383,cliente08383@example.com,San Luis,2022-02-17
8384,Cliente08384,cliente08384@example.com,CABA,2023-01-13
8385,Cliente08385,cliente08385@example.com,Salta,2021-02-24
8386,Cliente08386,cliente08386@example.com,Santa Fe,2022-06-13
8387,Cliente08387,cliente08387@example.com,Chubut,2021-12-02
8388,Cliente08388,cliente08388@example.com,Tucumán,2020-02-12
8389,Cliente08389,cliente08389@example.com,Santa Fe,2022-11-05
8390,Cliente08390,cliente08390@example.com,San Luis,2022-03-05
8391,Cliente08391,cliente08391@example.com,Santa Fe,2023-05-27
8392,Cliente08392,cliente08392@example.com,Mendoza,2022-02-02
8393,Cliente08393,cliente08393@example.com,Rosario,2023-12-11
8394,Cliente08394,cliente08394@example.com,Córdoba,2023-05-15
8395,Cliente08395,cliente08395@example.com,Neuquén,2020-12-10
8396,Cliente08396,cliente08396@example.com,Neuquén,2021-02-28
8397,Cliente08397,cliente08397@example.com,Mendoza,2021-10-05
8398,Cliente08398,cliente08398@example.com,Tucumán,2022-04-09
8399,Cliente08399,cliente08399@example.com,Salta,2021-05-24
8400,Cliente08400,cliente08400@example.com,Salta,2021-04-17
8401,Cliente08401,cliente08401@example.com,Neuquén,2023-05-14
8402,Cliente08402,cliente08402@example.com,Santa Fe,2020-02-19
8403,Cliente08403,cliente08403@example.com,San Luis,2021-05-14
8404,Cliente08404,cliente08404@example.com,Córdoba,2022-07-15
8405,Cliente08405,cliente08405@example.com,CABA,2022-03-07
8406,Cliente08406,cliente08406@example.com,San Luis,2021-12-07
8407,Cliente08407,cliente08407@example.com,Tucumán,2022-02-19
8408,Cliente08408,cliente08408@example.com,CABA,2022-10-02
8409,Cliente08409,cliente08409@example.com,Neuquén,2022-07-01
8410,Cliente08410,cliente08410@example.com,Neuquén,2020-07-02
8411,Cliente08411,cliente08411@example.com,Neuquén,2021-06-06
8412,Cliente08412,cliente08412@example.com,Tucumán,2021-04-13
8413,Cliente08413,cliente08413@example.com,Salta,2022-01-20
8414,Cliente08414,cliente08414@example.com,Salta,2022-09-07
8415,Cliente08415,cliente08415@example.com,Rosario,2020-12-11
8416,Cliente08416,cliente08416@example.com,Mendoza,2023-04-14
8417,Cliente08417,cliente08417@example.com,Chubut,2023-05-11
8418,Cliente08418,cliente08418@example.com,Chubut,2021-02-04
8419,Cliente08419,cliente08419@example.com,CABA,2022-02-20
8420,Cliente08420,cliente08420@example.com,Tucumán,2020-04-08
8421,Cliente08421,cliente08421@example.com,Mendoza,2020-07-03
8422,Cliente08422,cliente08422@example.com,Rosario,2020-07-08
8423,Cliente08423,cliente08423@example.com,San Luis,2023-11-25
8424,Cliente08424,cliente08424@example.com,Chubut,2020-04-12
8425,Cliente08425,cliente08425@example.com,Salta,2020-06-11
8426,Cliente08426,cliente08426@example.com,Chubut,2021-06-06
8427,Cliente08427,cliente08427@example.com,Santa Fe,2020-11-01
8428,Cliente08428,cliente08428@example.com,Salta,2020-10-17
8429,Cliente08429,cliente08429@example.com,Neuquén,2021-07-24
8430,Cliente08430,cliente08430@example.com,Rosario,2021-04-14
8431,Cliente08431,cliente08431@example.com,Neuquén,2021-09-30
8432,Cliente08432,cliente08432@example.com,Rosario,2022-12-02
8433,Cliente08433,cliente08433@example.com,Córdoba,2021-04-19
8434,Cliente08434,cliente08434@example.com,Córdoba,2023-06-25
8435,Cliente08435,cliente08435@example.com,CABA,2023-03-18
8436,Cliente08436,cliente08436@example.com,Rosario,2021-08-13
8437,Cliente08437,cliente08437@example.com,Chubut,2022-08-21
8438,Cliente08438,cliente08438@example.com,Neuquén,2020-12-09
8439,Cliente08439,cliente08439@example.com,Mendoza,2020-02-05
8440,Cliente08440,cliente08440@example.com,Mendoza,2023-05-19
8441,Cliente08441,cliente08441@example.com,Córdoba,2020-05-17
8442,Cliente08442,cliente08442@example.com,Córdoba,2021-07-05
8443,Cliente08443,cliente08443@example.com,Rosario,2022-12-29
8444,Cliente08444,cliente08444@example.com,Córdoba,2022-08-05
8445,Cliente08445,cliente08445@example.com,Chubut,2022-01-25
8446,Cliente08446,cliente08446@example.com,Rosario,2020-11-08
8447,Cliente08447,cliente08447@example.com,Chubut,2021-01-17
8448,Cliente08448,cliente08448@example.com,Mendoza,2020-01-18
8449,Cliente08449,cliente08449@example.com,Tucumán,2020-12-17
8450,Cliente08450,cliente08450@example.com,Salta,2022-11-17
8451,Cliente08451,cliente08451@example.com,CABA,2022-10-22
8452,Cliente08452,cliente08452@example.com,Chubut,2020-04-26
8453,Cliente08453,cliente08453@example.com,Neuquén,2020-10-03
8454,Cliente08454,cliente08454@example.com,Rosario,2020-04-09
8455,Cliente08455,cliente08455@example.com,Santa Fe,2020-11-15
8456,Cliente08456,cliente08456@example.com,Rosario,2021-05-10
8457,Cliente08457,cliente08457@example.com,San Luis,2022-01-22
8458,Cliente08458,cliente08458@example.com,San Luis,2021-07-25
8459,Cliente08459,cliente08459@example.com,Santa Fe,2021-05-18
8460,Cliente08460,cliente08460@example.com,Santa Fe,2020-12-24
8461,Cliente08461,cliente08461@example.com,Córdoba,2021-05-23
8462,Cliente08462,cliente08462@example.com,Rosario,2023-08-03
8463,Cliente08463,cliente08463@example.com,San Luis,2020-03-27
8464,Cliente08464,cliente08464@example.com,Córdoba,2022-02-11
8465,Cliente08465,cliente08465@example.com,Rosario,2020-01-02
8466,Cliente08466,cliente08466@example.com,Salta,2022-08-01
8467,Cliente08467,cliente08467@example.com,Chubut,2022-09-30
8468,Cliente08468,cliente08468@example.com,Neuquén,2023-02-01
8469,Cliente08469,cliente08469@example.com,Chubut,2022-04-07
8470,Cliente08470,cliente08470@example.com,Chubut,2022-08-13
8471,Cliente08471,cliente08471@example.com,Chubut,2021-12-25
8472,Cliente08472,cliente08472@example.com,San Luis,2023-03-28
8473,Cliente08473,cliente08473@example.com,Neuquén,2021-05-29
8474,Cliente08474,cliente08474@example.com,Chubut,2022-04-14
8475,Cliente08475,cliente08475@example.com,Rosario,2022-10-27
8476,Cliente08476,cliente08476@example.com,Santa Fe,2020-09-15
8477,Cliente08477,cliente08477@example.com,CABA,2021-02-27
8478,Cliente08478,cliente08478@example.com,Córdoba,2023-05-13
8479,Cliente08479,cliente08479@example.com,Tucumán,2021-09-03
8480,Cliente08480,cliente08480@example.com,Córdoba,2023-05-22
8481,Cliente08481,cliente08481@example.com,Neuquén,2022-02-22
8482,Cliente08482,cliente08482@example.com,Neuquén,2021-09-05
8483,Cliente08483,cliente08483@example.com,Tucumán,2020-02-18
8484,Cliente08484,cliente08484@example.com,Tucumán,2022-09-24
8485,Cliente08485,cliente08485@example.com,Mendoza,2020-02-02
8486,Cliente08486,cliente08486@example.com,Mendoza,2022-06-10
8487,Cliente08487,cliente08487@example.com,Rosario,2022-07-10
8488,Cliente08488,cliente08488@example.com,San Luis,2020-10-13
8489,Cliente08489,cliente08489@example.com,Salta,2022-03-22
8490,Cliente08490,cliente08490@example.com,Mendoza,2020-10-18
8491,Cliente08491,cliente08491@example.com,CABA,2021-04-10
8492,Cliente08492,cliente08492@example.com,Santa Fe,2021-06-01
8493,Cliente08493,cliente08493@example.com,Santa Fe,2022-03-28
8494,Cliente08494,cliente08494@example.com,Santa Fe,2023-12-30
8495,Cliente08495,cliente08495@example.com,Santa Fe,2022-01-30
8496,Cliente08496,cliente08496@example.com,Mendoza,2022-08-06
8497,Cliente08497,cliente08497@example.com,Rosario,2022-05-01
8498,Cliente08498,cliente08498@example.com,CABA,2021-05-17
8499,Cliente08499,cliente08499@example.com,Rosario,2023-08-03
8500,Cliente08500,cliente08500@example.com,Córdoba,2021-08-28
8501,Cliente08501,cliente08501@example.com,Tucumán,2020-04-18
8502,Cliente08502,cliente08502@example.com,Tucumán,2022-08-10
8503,Cliente08503,cliente08503@example.com,Neuquén,2023-08-31
8504,Cliente08504,cliente08504@example.com,Neuquén,2020-06-08
8505,Cliente08505,cliente08505@example.com,San Luis,2021-08-25
8506,Cliente08506,cliente08506@example.com,Tucumán,2022-11-15
8507,Cliente08507,cliente08507@example.com,Chubut,2022-09-04
8508,Cliente08508,cliente08508@example.com,CABA,2022-09-08
8509,Cliente08509,cliente08509@example.com,Córdoba,2021-12-22
8510,Cliente08510,cliente08510@example.com,Tucumán,2021-01-31
8511,Cliente08511,cliente08511@example.com,Salta,2022-11-03
8512,Cliente08512,cliente08512@example.com,Rosario,2020-01-23
8513,Cliente08513,cliente08513@example.com,Córdoba,2020-10-25
8514,Cliente08514,cliente08514@example.com,Chubut,2021-07-06
8515,Cliente08515,cliente08515@example.com,CABA,2020-02-20
8516,Cliente08516,cliente08516@example.com,Chubut,2021-03-23
8517,Cliente08517,cliente08517@example.com,Chubut,2022-01-30
8518,Cliente08518,cliente08518@example.com,CABA,2022-07-07
8519,Cliente08519,cliente08519@example.com,Neuquén,2021-11-15
8520,Cliente08520,cliente08520@example.com,San Luis,2022-07-31
8521,Cliente08521,cliente08521@example.com,Tucumán,2023-06-27
8522,Cliente08522,cliente08522@example.com,Tucumán,2021-08-06
8523,Cliente08523,cliente08523@example.com,Tucumán,2020-04-14
8524,Cliente08524,cliente08524@example.com,Chubut,2023-04-14
8525,Cliente08525,cliente08525@example.com,Córdoba,2022-06-16
8526,Cliente08526,cliente08526@example.com,Santa Fe,2022-06-06
8527,Cliente08527,cliente08527@example.com,Chubut,2020-03-15
8528,Cliente08528,cliente08528@example.com,Chubut,2023-03-05
8529,Cliente08529,cliente08529@example.com,Chubut,2020-05-17
8530,Cliente08530,cliente08530@example.com,Rosario,2022-02-12
8531,Cliente08531,cliente08531@example.com,Tucumán,2023-09-14
8532,Cliente08532,cliente08532@example.com,Santa Fe,2023-07-24
8533,Cliente08533,cliente08533@example.com,Salta,2020-10-21
8534,Cliente08534,cliente08534@example.com,Rosario,2021-02-06
8535,Cliente08535,cliente08535@example.com,Córdoba,2023-06-17
8536,Cliente08536,cliente08536@example.com,Neuquén,2021-07-18
8537,Cliente08537,cliente08537@example.com,Neuquén,2021-03-27
8538,Cliente08538,cliente08538@example.com,CABA,2020-03-31
8539,Cliente08539,cliente08539@example.com,Salta,2020-01-25
8540,Cliente08540,cliente08540@example.com,Rosario,2021-02-02
8541,Cliente08541,cliente08541@example.com,Neuquén,2023-03-11
8542,Cliente08542,cliente08542@example.com,Mendoza,2022-05-05
8543,Cliente08543,cliente08543@example.com,Rosario,2022-05-24
8544,Cliente08544,cliente08544@example.com,Chubut,2023-03-09
8545,Cliente08545,cliente08545@example.com,Salta,2021-03-07
8546,Cliente08546,cliente08546@example.com,CABA,2020-05-15
8547,Cliente08547,cliente08547@example.com,Rosario,2020-03-17
8548,Cliente08548,cliente08548@example.com,Salta,2022-09-15
8549,Cliente08549,cliente08549@example.com,Córdoba,2021-03-24
8550,Cliente08550,cliente08550@example.com,Santa Fe,2020-12-05
8551,Cliente08551,cliente08551@example.com,Santa Fe,2020-08-21
8552,Cliente08552,cliente08552@example.com,Córdoba,2023-10-02
8553,Cliente08553,cliente08553@example.com,Santa Fe,2021-12-02
8554,Cliente08554,cliente08554@example.com,San Luis,2022-02-01
8555,Cliente08555,cliente08555@example.com,Santa Fe,2021-06-12
8556,Cliente08556,cliente08556@example.com,San Luis,2023-02-17
8557,Cliente08557,cliente08557@example.com,Chubut,2021-11-08
8558,Cliente08558,cliente08558@example.com,Tucumán,2022-12-14
8559,Cliente08559,cliente08559@example.com,Rosario,2023-09-29
8560,Cliente08560,cliente08560@example.com,San Luis,2022-12-01
8561,Cliente08561,cliente08561@example.com,Salta,2023-05-01
8562,Cliente08562,cliente08562@example.com,Mendoza,2021-04-08
8563,Cliente08563,cliente08563@example.com,CABA,2022-06-07
8564,Cliente08564,cliente08564@example.com,Santa Fe,2021-07-11
8565,Cliente08565,cliente08565@example.com,Tucumán,2022-11-08
8566,Cliente08566,cliente08566@example.com,Salta,2022-10-18
8567,Cliente08567,cliente08567@example.com,Neuquén,2020-04-15
8568,Cliente08568,cliente08568@example.com,San Luis,2021-09-07
8569,Cliente08569,cliente08569@example.com,Salta,2020-08-06
8570,Cliente08570,cliente08570@example.com,Rosario,2023-02-10
8571,Cliente08571,cliente08571@example.com,Mendoza,2021-03-24
8572,Cliente08572,cliente08572@example.com,Mendoza,2022-08-08
8573,Cliente08573,cliente08573@example.com,Rosario,2020-07-20
8574,Cliente08574,cliente08574@example.com,Chubut,2022-11-01
8575,Cliente08575,cliente08575@example.com,Tucumán,2022-04-25
8576,Cliente08576,cliente08576@example.com,Neuquén,2022-05-08
8577,Cliente08577,cliente08577@example.com,San Luis,2021-11-09
8578,Cliente08578,cliente08578@example.com,Salta,2020-06-15
8579,Cliente08579,cliente08579@example.com,Mendoza,2020-11-28
8580,Cliente08580,cliente08580@example.com,San Luis,2022-09-12
8581,Cliente08581,cliente08581@example.com,Córdoba,2021-10-04
8582,Cliente08582,cliente08582@example.com,CABA,2022-06-11
8583,Cliente08583,cliente08583@example.com,Neuquén,2022-06-04
8584,Cliente08584,cliente08584@example.com,Rosario,2022-04-28
8585,Cliente08585,cliente08585@example.com,Santa Fe,2020-03-03
8586,Cliente08586,cliente08586@example.com,Tucumán,2022-01-28
8587,Cliente08587,cliente08587@example.com,Córdoba,2021-09-22
8588,Cliente08588,cliente08588@example.com,Mendoza,2022-09-23
8589,Cliente08589,cliente08589@example.com,Santa Fe,2022-03-22
8590,Cliente08590,cliente08590@example.com,San Luis,2021-03-14
8591,Cliente08591,cliente08591@example.com,Neuquén,2022-05-30
8592,Cliente08592,cliente08592@example.com,Mendoza,2021-08-09
8593,Cliente08593,cliente08593@example.com,Mendoza,2023-06-04
8594,Cliente08594,cliente08594@example.com,Rosario,2021-11-19
8595,Cliente08595,cliente08595@example.com,Rosario,2023-05-09
8596,Cliente08596,cliente08596@example.com,Tucumán,2023-04-30
8597,Cliente08597,cliente08597@example.com,Neuquén,2020-06-18
8598,Cliente08598,cliente08598@example.com,Córdoba,2020-06-17
8599,Cliente08599,cliente08599@example.com,Córdoba,2020-01-18
8600,Cliente08600,cliente08600@example.com,Rosario,2023-01-11
8601,Cliente08601,cliente08601@example.com,Neuquén,2022-10-05
8602,Cliente08602,cliente08602@example.com,Córdoba,2023-11-29
8603,Cliente08603,cliente08603@example.com,Rosario,2020-04-15
8604,Cliente08604,cliente08604@example.com,CABA,2022-08-23
8605,Cliente08605,cliente08605@example.com,Rosario,2020-03-07
8606,Cliente08606,cliente08606@example.com,Rosario,2021-08-19
8607,Cliente08607,cliente08607@example.com,Tucumán,2023-10-22
8608,Cliente08608,cliente08608@example.com,Tucumán,2023-09-26
8609,Cliente08609,cliente08609@example.com,San Luis,2020-06-28
8610,Cliente08610,cliente08610@example.com,CABA,2020-12-04
8611,Cliente08611,cliente08611@example.com,Salta,2021-11-07
8612,Cliente08612,cliente08612@example.com,Córdoba,2020-03-20
8613,Cliente08613,cliente08613@example.com,San Luis,2020-06-17
8614,Cliente08614,cliente08614@example.com,CABA,2023-06-12
8615,Cliente08615,cliente08615@example.com,CABA,2021-01-28
8616,Cliente08616,cliente08616@example.com,Rosario,2022-03-11
8617,Cliente08617,cliente08617@example.com,Santa Fe,2020-08-08
8618,Cliente08618,cliente08618@example.com,Salta,2023-04-30
8619,Cliente08619,cliente08619@example.com,Salta,2023-06-14
8620,Cliente08620,cliente08620@example.com,Chubut,2020-05-26
8621,Cliente08621,cliente08621@example.com,San Luis,2021-08-05
8622,Cliente08622,cliente08622@example.com,Rosario,2020-05-13
8623,Cliente08623,cliente08623@example.com,Santa Fe,2023-05-26
8624,Cliente08624,cliente08624@example.com,Salta,2020-11-18
8625,Cliente08625,cliente08625@example.com,Chubut,2020-07-15
8626,Cliente08626,cliente08626@example.com,Santa Fe,2023-05-27
8627,Cliente08627,cliente08627@example.com,Mendoza,2023-11-12
8628,Cliente08628,cliente08628@example.com,Salta,2020-03-06
8629,Cliente08629,cliente08629@example.com,Neuquén,2021-11-24
8630,Cliente08630,cliente08630@example.com,Rosario,2023-11-24
8631,Cliente08631,cliente08631@example.com,Santa Fe,2022-07-15
8632,Cliente08632,cliente08632@example.com,Tucumán,2022-11-08
8633,Cliente08633,cliente08633@example.com,Salta,2021-08-24
8634,Cliente08634,cliente08634@example.com,Neuquén,2022-05-06
8635,Cliente08635,cliente08635@example.com,Mendoza,2021-09-25
8636,Cliente08636,cliente08636@example.com,Tucumán,2021-03-07
8637,Cliente08637,cliente08637@example.com,Mendoza,2022-08-02
8638,Cliente08638,cliente08638@example.com,Rosario,2023-12-11
8639,Cliente08639,cliente08639@example.com,Rosario,2020-03-16
8640,Cliente08640,cliente08640@example.com,Córdoba,2020-04-30
8641,Cliente08641,cliente08641@example.com,San Luis,2020-08-29
8642,Cliente08642,cliente08642@example.com,Rosario,2020-08-08
8643,Cliente08643,cliente08643@example.com,Santa Fe,2020-09-15
8644,Cliente08644,cliente08644@example.com,Rosario,2020-05-30
8645,Cliente08645,cliente08645@example.com,Salta,2021-11-12
8646,Cliente08646,cliente08646@example.com,Tucumán,2023-04-01
8647,Cliente08647,cliente08647@example.com,Mendoza,2022-09-13
8648,Cliente08648,cliente08648@example.com,Neuquén,2022-04-19
8649,Cliente08649,cliente08649@example.com,Córdoba,2023-08-12
8650,Cliente08650,cliente08650@example.com,Chubut,2023-04-18
8651,Cliente08651,cliente08651@example.com,Salta,2023-12-23
8652,Cliente08652,cliente08652@example.com,Mendoza,2022-08-27
8653,Cliente08653,cliente08653@example.com,CABA,2022-01-15
8654,Cliente08654,cliente08654@example.com,Rosario,2022-03-11
8655,Cliente08655,cliente08655@example.com,Mendoza,2021-12-07
8656,Cliente08656,cliente08656@example.com,Córdoba,2020-04-10
8657,Cliente08657,cliente08657@example.com,CABA,2021-05-31
8658,Cliente08658,cliente08658@example.com,Neuquén,2021-01-17
8659,Cliente08659,cliente08659@example.com,Santa Fe,2022-08-07
8660,Cliente08660,cliente08660@example.com,Neuquén,2023-12-23
8661,Cliente08661,cliente08661@example.com,Tucumán,2022-07-09
8662,Cliente08662,cliente08662@example.com,Rosario,2021-10-31
8663,Cliente08663,cliente08663@example.com,Neuquén,2023-09-10
8664,Cliente08664,cliente08664@example.com,Tucumán,2023-03-06
8665,Cliente08665,cliente08665@example.com,Rosario,2020-01-16
8666,Cliente08666,cliente08666@example.com,Rosario,2021-05-28
8667,Cliente08667,cliente08667@example.com,Neuquén,2020-07-09
8668,Cliente08668,cliente08668@example.com,Santa Fe,2021-11-16
8669,Cliente08669,cliente08669@example.com,Rosario,2020-03-27
8670,Cliente08670,cliente08670@example.com,Rosario,2021-05-06
8671,Cliente08671,cliente08671@example.com,Chubut,2023-05-21
8672,Cliente08672,cliente08672@example.com,Santa Fe,2021-07-23
8673,Cliente08673,cliente08673@example.com,Mendoza,2021-01-04
8674,Cliente08674,cliente08674@example.com,Neuquén,2020-03-19
8675,Cliente08675,cliente08675@example.com,CABA,2023-07-17
8676,Cliente08676,cliente08676@example.com,Tucumán,2023-12-27
8677,Cliente08677,cliente08677@example.com,Tucumán,2023-06-13
8678,Cliente08678,cliente08678@example.com,Tucumán,2021-11-21
8679,Cliente08679,cliente08679@example.com,CABA,2020-08-02
8680,Cliente08680,cliente08680@example.com,Santa Fe,2022-10-23
8681,Cliente08681,cliente08681@example.com,Mendoza,2021-03-08
8682,Cliente08682,cliente08682@example.com,Rosario,2021-11-11
8683,Cliente08683,cliente08683@example.com,Chubut,2021-07-14
8684,Cliente08684,cliente08684@example.com,Chubut,2022-03-11
8685,Cliente08685,cliente08685@example.com,Chubut,2023-04-24
8686,Cliente08686,cliente08686@example.com,San Luis,2023-06-07
8687,Cliente08687,cliente08687@example.com,Mendoza,2022-06-09
8688,Cliente08688,cliente08688@example.com,CABA,2022-07-20
8689,Cliente08689,cliente08689@example.com,San Luis,2023-01-25
8690,Cliente08690,cliente08690@example.com,Salta,2023-01-08
8691,Cliente08691,cliente08691@example.com,Santa Fe,2020-04-01
8692,Cliente08692,cliente08692@example.com,Salta,2021-11-12
8693,Cliente08693,cliente08693@example.com,CABA,2022-04-14
8694,Cliente08694,cliente08694@example.com,San Luis,2023-07-08
8695,Cliente08695,cliente08695@example.com,Córdoba,2022-08-29
8696,Cliente08696,cliente08696@example.com,Neuquén,2022-08-07
8697,Cliente08697,cliente08697@example.com,San Luis,2023-03-17
8698,Cliente08698,cliente08698@example.com,Mendoza,2021-10-07
8699,Cliente08699,cliente08699@example.com,San Luis,2021-04-01
8700,Cliente08700,cliente08700@example.com,Santa Fe,2021-06-26
8701,Cliente08701,cliente08701@example.com,Salta,2023-08-28
8702,Cliente08702,cliente08702@example.com,CABA,2021-04-14
8703,Cliente08703,cliente08703@example.com,San Luis,2021-06-04
8704,Cliente08704,cliente08704@example.com,Neuquén,2021-06-27
8705,Cliente08705,cliente08705@example.com,CABA,2022-12-22
8706,Cliente08706,cliente08706@example.com,Mendoza,2020-03-24
8707,Cliente08707,cliente08707@example.com,Mendoza,2022-07-09
8708,Cliente08708,cliente08708@example.com,Mendoza,2022-03-24
8709,Cliente08709,cliente08709@example.com,CABA,2022-05-30
8710,Cliente08710,cliente08710@example.com,CABA,2020-06-04
8711,Cliente08711,cliente08711@example.com,Salta,2023-01-01
8712,Cliente08712,cliente08712@example.com,Chubut,2022-05-03
8713,Cliente08713,cliente08713@example.com,CABA,2022-10-24
8714,Cliente08714,cliente08714@example.com,Salta,2023-05-14
8715,Cliente08715,cliente08715@example.com,CABA,2022-10-14
8716,Cliente08716,cliente08716@example.com,San Luis,2021-03-13
8717,Cliente08717,cliente08717@example.com,Chubut,2023-09-16
8718,Cliente08718,cliente08718@example.com,Chubut,2021-08-11
8719,Cliente08719,cliente08719@example.com,Córdoba,2021-04-25
8720,Cliente08720,cliente08720@example.com,Neuquén,2023-02-22
8721,Cliente08721,cliente08721@example.com,Tucumán,2020-12-28
8722,Cliente08722,cliente08722@example.com,Chubut,2023-09-05
8723,Cliente08723,cliente08723@example.com,Mendoza,2020-01-30
8724,Cliente08724,cliente08724@example.com,Neuquén,2020-06-12
8725,Cliente08725,cliente08725@example.com,Tucumán,2023-08-17
8726,Cliente08726,cliente08726@example.com,Mendoza,2022-09-09
8727,Cliente08727,cliente08727@example.com,CABA,2020-07-22
8728,Cliente08728,cliente08728@example.com,Rosario,2021-06-12
8729,Cliente08729,cliente08729@example.com,Rosario,2023-09-08
8730,Cliente08730,cliente08730@example.com,Salta,2023-10-07
8731,Cliente08731,cliente08731@example.com,Salta,2022-05-01
8732,Cliente08732,cliente08732@example.com,Rosario,2022-05-23
8733,Cliente08733,cliente08733@example.com,Mendoza,2020-12-01
8734,Cliente08734,cliente08734@example.com,Tucumán,2020-07-18
8735,Cliente08735,cliente08735@example.com,Salta,2021-09-25
8736,Cliente08736,cliente08736@example.com,Chubut,2023-11-17
8737,Cliente08737,cliente08737@example.com,Chubut,2023-08-01
8738,Cliente08738,cliente08738@example.com,Córdoba,2020-06-05
8739,Cliente08739,cliente08739@example.com,Rosario,2020-09-05
8740,Cliente08740,cliente08740@example.com,CABA,2021-05-05
8741,Cliente08741,cliente08741@example.com,Córdoba,2021-07-07
8742,Cliente08742,cliente08742@example.com,Rosario,2020-08-20
8743,Cliente08743,cliente08743@example.com,Santa Fe,2021-11-22
8744,Cliente08744,cliente08744@example.com,Córdoba,2022-10-21
8745,Cliente08745,cliente08745@example.com,Chubut,2022-08-10
8746,Cliente08746,cliente08746@example.com,Chubut,2020-09-07
8747,Cliente08747,cliente08747@example.com,Santa Fe,2023-09-30
8748,Cliente08748,cliente08748@example.com,San Luis,2021-07-23
8749,Cliente08749,cliente08749@example.com,Córdoba,2021-12-30
8750,Cliente08750,cliente08750@example.com,Córdoba,2021-12-24
8751,Cliente08751,cliente08751@example.com,Rosario,2022-03-05
8752,Cliente08752,cliente08752@example.com,Mendoza,2023-01-21
8753,Cliente08753,cliente08753@example.com,Salta,2020-02-07
8754,Cliente08754,cliente08754@example.com,San Luis,2020-06-25
8755,Cliente08755,cliente08755@example.com,Córdoba,2020-11-28
8756,Cliente08756,cliente08756@example.com,Rosario,2021-12-01
8757,Cliente08757,cliente08757@example.com,Rosario,2022-12-05
8758,Cliente08758,cliente08758@example.com,Chubut,2021-02-01
8759,Cliente08759,cliente08759@example.com,Santa Fe,2023-07-17
8760,Cliente08760,cliente08760@example.com,Tucumán,2020-03-02
8761,Cliente08761,cliente08761@example.com,Tucumán,2022-03-08
8762,Cliente08762,cliente08762@example.com,Neuquén,2020-07-31
8763,Cliente08763,cliente08763@example.com,Chubut,2022-04-04
8764,Cliente08764,cliente08764@example.com,Mendoza,2020-12-09
8765,Cliente08765,cliente08765@example.com,Mendoza,2023-06-25
8766,Cliente08766,cliente08766@example.com,Santa Fe,2023-04-15
8767,Cliente08767,cliente08767@example.com,Córdoba,2021-04-09
8768,Cliente08768,cliente08768@example.com,Santa Fe,2023-02-15
8769,Cliente08769,cliente08769@example.com,Santa Fe,2022-03-04
8770,Cliente08770,cliente08770@example.com,Tucumán,2023-08-08
8771,Cliente08771,cliente08771@example.com,Tucumán,2021-02-11
8772,Cliente08772,cliente08772@example.com,CABA,2020-03-15
8773,Cliente08773,cliente08773@example.com,Santa Fe,2021-01-20
8774,Cliente08774,cliente08774@example.com,CABA,2023-03-15
8775,Cliente08775,cliente08775@example.com,Tucumán,2020-02-05
8776,Cliente08776,cliente08776@example.com,Tucumán,2023-08-21
8777,Cliente08777,cliente08777@example.com,Tucumán,2022-05-01
8778,Cliente08778,cliente08778@example.com,CABA,2021-10-07
8779,Cliente08779,cliente08779@example.com,Santa Fe,2020-06-23
8780,Cliente08780,cliente08780@example.com,Rosario,2020-07-15
8781,Cliente08781,cliente08781@example.com,San Luis,2022-12-02
8782,Cliente08782,cliente08782@example.com,Chubut,2020-08-26
8783,Cliente08783,cliente08783@example.com,San Luis,2020-10-05
8784,Cliente08784,cliente08784@example.com,Santa Fe,2022-10-09
8785,Cliente08785,cliente08785@example.com,Chubut,2023-02-03
8786,Cliente08786,cliente08786@example.com,Tucumán,2020-09-02
8787,Cliente08787,cliente08787@example.com,San Luis,2020-03-07
8788,Cliente08788,cliente08788@example.com,Tucumán,2021-05-18
8789,Cliente08789,cliente08789@example.com,Salta,2023-01-04
8790,Cliente08790,cliente08790@example.com,Neuquén,2021-08-23
8791,Cliente08791,cliente08791@example.com,CABA,2020-08-06
8792,Cliente08792,cliente08792@example.com,CABA,2021-09-06
8793,Cliente08793,cliente08793@example.com,Rosario,2023-11-26
8794,Cliente08794,cliente08794@example.com,Salta,2022-02-16
8795,Cliente08795,cliente08795@example.com,Rosario,2021-07-28
8796,Cliente08796,cliente08796@example.com,Tucumán,2022-04-23
8797,Cliente08797,cliente08797@example.com,Córdoba,2022-12-23
8798,Cliente08798,cliente08798@example.com,Tucumán,2020-06-02
8799,Cliente08799,cliente08799@example.com,Santa Fe,2021-09-23
8800,Cliente08800,cliente08800@example.com,Salta,2022-04-13
8801,Cliente08801,cliente08801@example.com,CABA,2020-02-23
8802,Cliente08802,cliente08802@example.com,Salta,2021-11-02
8803,Cliente08803,cliente08803@example.com,Rosario,2023-12-28
8804,Cliente08804,cliente08804@example.com,Córdoba,2020-10-08
8805,Cliente08805,cliente08805@example.com,Chubut,2023-05-19
8806,Cliente08806,cliente08806@example.com,San Luis,2020-07-24
8807,Cliente08807,cliente08807@example.com,Tucumán,2020-08-20
8808,Cliente08808,cliente08808@example.com,Córdoba,2021-06-25
8809,Cliente08809,cliente08809@example.com,Tucumán,2021-10-13
8810,Cliente08810,cliente08810@example.com,Córdoba,2021-01-09
8811,Cliente08811,cliente08811@example.com,San Luis,2021-03-10
8812,Cliente08812,cliente08812@example.com,San Luis,2020-06-10
8813,Cliente08813,cliente08813@example.com,Mendoza,2020-04-10
8814,Cliente08814,cliente08814@example.com,Salta,2021-09-29
8815,Cliente08815,cliente08815@example.com,Chubut,2023-01-13
8816,Cliente08816,cliente08816@example.com,Córdoba,2023-12-30
8817,Cliente08817,cliente08817@example.com,Chubut,2023-03-28
8818,Cliente08818,cliente08818@example.com,Chubut,2021-08-31
8819,Cliente08819,cliente08819@example.com,Chubut,2023-09-09
8820,Cliente08820,cliente08820@example.com,Salta,2020-07-24
8821,Cliente08821,cliente08821@example.com,Neuquén,2020-03-24
8822,Cliente08822,cliente08822@example.com,Salta,2022-05-10
8823,Cliente08823,cliente08823@example.com,Córdoba,2023-09-09
8824,Cliente08824,cliente08824@example.com,Tucumán,2021-07-05
8825,Cliente08825,cliente08825@example.com,CABA,2020-10-07
8826,Cliente08826,cliente08826@example.com,Córdoba,2020-07-12
8827,Cliente08827,cliente08827@example.com,San Luis,2020-01-09
8828,Cliente08828,cliente08828@example.com,Córdoba,2022-09-03
8829,Cliente08829,cliente08829@example.com,CABA,2022-08-18
8830,Cliente08830,cliente08830@example.com,Tucumán,2022-04-11
8831,Cliente08831,cliente08831@example.com,Chubut,2020-08-06
8832,Cliente08832,cliente08832@example.com,Salta,2020-11-21
8833,Cliente08833,cliente08833@example.com,San Luis,2023-02-23
8834,Cliente08834,cliente08834@example.com,Mendoza,2020-06-16
8835,Cliente08835,cliente08835@example.com,Tucumán,2020-12-10
8836,Cliente08836,cliente08836@example.com,Rosario,2023-08-21
8837,Cliente08837,cliente08837@example.com,San Luis,2023-12-06
8838,Cliente08838,cliente08838@example.com,Córdoba,2023-07-15
8839,Cliente08839,cliente08839@example.com,CABA,2022-08-21
8840,Cliente08840,cliente08840@example.com,Mendoza,2023-12-21
8841,Cliente08841,cliente08841@example.com,Rosario,2020-12-12
8842,Cliente08842,cliente08842@example.com,Chubut,2021-05-03
8843,Cliente08843,cliente08843@example.com,Neuquén,2020-01-11
8844,Cliente08844,cliente08844@example.com,Chubut,2021-07-13
8845,Cliente08845,cliente08845@example.com,San Luis,2021-01-19
8846,Cliente08846,cliente08846@example.com,Santa Fe,2023-01-26
8847,Cliente08847,cliente08847@example.com,Mendoza,2020-05-01
8848,Cliente08848,cliente08848@example.com,Neuquén,2021-03-08
8849,Cliente08849,cliente08849@example.com,San Luis,2023-09-27
8850,Cliente08850,cliente08850@example.com,Neuquén,2021-01-29
8851,Cliente08851,cliente08851@example.com,Chubut,2021-08-22
8852,Cliente08852,cliente08852@example.com,Tucumán,2020-10-05
8853,Cliente08853,cliente08853@example.com,Neuquén,2023-04-24
8854,Cliente08854,cliente08854@example.com,Neuquén,2023-03-30
8855,Cliente08855,cliente08855@example.com,Salta,2021-07-05
8856,Cliente08856,cliente08856@example.com,Mendoza,2023-06-16
8857,Cliente08857,cliente08857@example.com,Córdoba,2023-12-18
8858,Cliente08858,cliente08858@example.com,Neuquén,2021-06-06
8859,Cliente08859,cliente08859@example.com,San Luis,2022-10-16
8860,Cliente08860,cliente08860@example.com,CABA,2020-08-22
8861,Cliente08861,cliente08861@example.com,Neuquén,2023-04-24
8862,Cliente08862,cliente08862@example.com,Mendoza,2021-06-02
8863,Cliente08863,cliente08863@example.com,Rosario,2023-03-26
8864,Cliente08864,cliente08864@example.com,Rosario,2023-08-05
8865,Cliente08865,cliente08865@example.com,San Luis,2020-09-02
8866,Cliente08866,cliente08866@example.com,Mendoza,2020-09-28
8867,Cliente08867,cliente08867@example.com,CABA,2021-04-17
8868,Cliente08868,cliente08868@example.com,Mendoza,2020-04-05
8869,Cliente08869,cliente08869@example.com,Córdoba,2023-11-01
8870,Cliente08870,cliente08870@example.com,Neuquén,2020-09-29
8871,Cliente08871,cliente08871@example.com,Mendoza,2021-07-20
8872,Cliente08872,cliente08872@example.com,Córdoba,2023-03-22
8873,Cliente08873,cliente08873@example.com,CABA,2023-08-27
8874,Cliente08874,cliente08874@example.com,Mendoza,2020-08-14
8875,Cliente08875,cliente08875@example.com,CABA,2022-04-26
8876,Cliente08876,cliente08876@example.com,Córdoba,2021-11-30
8877,Cliente08877,cliente08877@example.com,Mendoza,2022-07-04
8878,Cliente08878,cliente08878@example.com,Rosario,2020-10-28
8879,Cliente08879,cliente08879@example.com,Córdoba,2022-01-25
8880,Cliente08880,cliente08880@example.com,Tucumán,2022-04-21
8881,Cliente08881,cliente08881@example.com,Neuquén,2023-09-12
8882,Cliente08882,cliente08882@example.com,Chubut,2023-10-25
8883,Cliente08883,cliente08883@example.com,Salta,2022-06-27
8884,Cliente08884,cliente08884@example.com,Mendoza,2023-07-24
8885,Cliente08885,cliente08885@example.com,Rosario,2021-02-27
8886,Cliente08886,cliente08886@example.com,Neuquén,2021-12-24
8887,Cliente08887,cliente08887@example.com,Mendoza,2023-09-25
8888,Cliente08888,cliente08888@example.com,Mendoza,2022-09-30
8889,Cliente08889,cliente08889@example.com,Santa Fe,2021-07-14
8890,Cliente08890,cliente08890@example.com,Neuquén,2020-04-10
8891,Cliente08891,cliente08891@example.com,Salta,2020-01-07
8892,Cliente08892,cliente08892@example.com,Neuquén,2022-08-07
8893,Cliente08893,cliente08893@example.com,Rosario,2020-05-05
8894,Cliente08894,cliente08894@example.com,CABA,2022-07-28
8895,Cliente08895,cliente08895@example.com,Chubut,2021-08-15
8896,Cliente08896,cliente08896@example.com,Mendoza,2022-04-26
8897,Cliente08897,cliente08897@example.com,Córdoba,2021-08-11
8898,Cliente08898,cliente08898@example.com,Rosario,2021-08-03
8899,Cliente08899,cliente08899@example.com,Salta,2020-12-28
8900,Cliente08900,cliente08900@example.com,Neuquén,2020-01-29
8901,Cliente08901,cliente08901@example.com,Santa Fe,2022-12-20
8902,Cliente08902,cliente08902@example.com,Córdoba,2023-04-16
8903,Cliente08903,cliente08903@example.com,Santa Fe,2021-12-13
8904,Cliente08904,cliente08904@example.com,Salta,2023-08-12
8905,Cliente08905,cliente08905@example.com,Mendoza,2022-07-09
8906,Cliente08906,cliente08906@example.com,Mendoza,2023-11-10
8907,Cliente08907,cliente08907@example.com,Salta,2022-09-03
8908,Cliente08908,cliente08908@example.com,Neuquén,2021-07-06
8909,Cliente08909,cliente08909@example.com,Rosario,2022-09-10
8910,Cliente08910,cliente08910@example.com,Mendoza,2022-06-16
8911,Cliente08911,cliente08911@example.com,Rosario,2020-02-05
8912,Cliente08912,cliente08912@example.com,Mendoza,2023-08-14
8913,Cliente08913,cliente08913@example.com,Santa Fe,2022-02-26
8914,Cliente08914,cliente08914@example.com,Mendoza,2023-02-03
8915,Cliente08915,cliente08915@example.com,Chubut,2023-08-07
8916,Cliente08916,cliente08916@example.com,Rosario,2020-08-12
8917,Cliente08917,cliente08917@example.com,Salta,2022-01-29
8918,Cliente08918,cliente08918@example.com,Chubut,2021-06-05
8919,Cliente08919,cliente08919@example.com,Córdoba,2021-07-10
8920,Cliente08920,cliente08920@example.com,Chubut,2021-09-27
8921,Cliente08921,cliente08921@example.com,Neuquén,2020-02-11
8922,Cliente08922,cliente08922@example.com,Córdoba,2023-03-07
8923,Cliente08923,cliente08923@example.com,Córdoba,2021-05-09
8924,Cliente08924,cliente08924@example.com,Salta,2021-05-31
8925,Cliente08925,cliente08925@example.com,Mendoza,2023-09-30
8926,Cliente08926,cliente08926@example.com,Chubut,2023-06-10
8927,Cliente08927,cliente08927@example.com,San Luis,2022-12-21
8928,Cliente08928,cliente08928@example.com,Rosario,2023-07-09
8929,Cliente08929,cliente08929@example.com,Santa Fe,2022-12-18
8930,Cliente08930,cliente08930@example.com,CABA,2020-11-01
8931,Cliente08931,cliente08931@example.com,CABA,2021-11-01
8932,Cliente08932,cliente08932@example.com,Chubut,2022-05-09
8933,Cliente08933,cliente08933@example.com,San Luis,2021-11-29
8934,Cliente08934,cliente08934@example.com,CABA,2022-09-12
8935,Cliente08935,cliente08935@example.com,Mendoza,2021-01-18
8936,Cliente08936,cliente08936@example.com,Córdoba,2021-09-19
8937,Cliente08937,cliente08937@example.com,Neuquén,2021-05-29
8938,Cliente08938,cliente08938@example.com,Salta,2023-04-15
8939,Cliente08939,cliente08939@example.com,Mendoza,2023-07-11
8940,Cliente08940,cliente08940@example.com,Neuquén,2023-10-03
8941,Cliente08941,cliente08941@example.com,San Luis,2023-03-03
8942,Cliente08942,cliente08942@example.com,San Luis,2021-12-31
8943,Cliente08943,cliente08943@example.com,Córdoba,2022-02-17
8944,Cliente08944,cliente08944@example.com,Santa Fe,2023-07-03
8945,Cliente08945,cliente08945@example.com,Mendoza,2021-05-16
8946,Cliente08946,cliente08946@example.com,Tucumán,2020-04-03
8947,Cliente08947,cliente08947@example.com,Tucumán,2021-12-31
8948,Cliente08948,cliente08948@example.com,Santa Fe,2021-05-08
8949,Cliente08949,cliente08949@example.com,Chubut,2021-11-13
8950,Cliente08950,cliente08950@example.com,Santa Fe,2021-04-11
8951,Cliente08951,cliente08951@example.com,Neuquén,2023-02-25
8952,Cliente08952,cliente08952@example.com,CABA,2023-11-13
8953,Cliente08953,cliente08953@example.com,Córdoba,2020-07-30
8954,Cliente08954,cliente08954@example.com,San Luis,2020-10-07
8955,Cliente08955,cliente08955@example.com,Mendoza,2022-04-21
8956,Cliente08956,cliente08956@example.com,CABA,2021-02-23
8957,Cliente08957,cliente08957@example.com,Santa Fe,2022-04-24
8958,Cliente08958,cliente08958@example.com,Chubut,2020-05-28
8959,Cliente08959,cliente08959@example.com,Córdoba,2023-10-26
8960,Cliente08960,cliente08960@example.com,Chubut,2022-06-22
8961,Cliente08961,cliente08961@example.com,Rosario,2021-03-28
8962,Cliente08962,cliente08962@example.com,Mendoza,2021-03-23
8963,Cliente08963,cliente08963@example.com,Tucumán,2020-07-17
8964,Cliente08964,cliente08964@example.com,CABA,2021-06-09
8965,Cliente08965,cliente08965@example.com,CABA,2023-04-18
8966,Cliente08966,cliente08966@example.com,Neuquén,2020-09-03
8967,Cliente08967,cliente08967@example.com,Salta,2023-08-09
8968,Cliente08968,cliente08968@example.com,San Luis,2022-07-10
8969,Cliente08969,cliente08969@example.com,Mendoza,2020-07-10
8970,Cliente08970,cliente08970@example.com,Tucumán,2021-04-29
8971,Cliente08971,cliente08971@example.com,San Luis,2020-08-31
8972,Cliente08972,cliente08972@example.com,Córdoba,2021-05-27
8973,Cliente08973,cliente08973@example.com,San Luis,2023-01-04
8974,Cliente08974,cliente08974@example.com,Mendoza,2020-03-31
8975,Cliente08975,cliente08975@example.com,Santa Fe,2023-11-12
8976,Cliente08976,cliente08976@example.com,Salta,2023-01-13
8977,Cliente08977,cliente08977@example.com,Rosario,2023-09-08
8978,Cliente08978,cliente08978@example.com,CABA,2022-09-29
8979,Cliente08979,cliente08979@example.com,Mendoza,2022-04-23
8980,Cliente08980,cliente08980@example.com,Tucumán,2020-07-23
8981,Cliente08981,cliente08981@example.com,Córdoba,2022-10-28
8982,Cliente08982,cliente08982@example.com,San Luis,2021-04-14
8983,Cliente08983,cliente08983@example.com,San Luis,2021-07-22
8984,Cliente08984,cliente08984@example.com,CABA,2022-05-24
8985,Cliente08985,cliente08985@example.com,Tucumán,2021-12-31
8986,Cliente08986,cliente08986@example.com,Santa Fe,2023-02-13
8987,Cliente08987,cliente08987@example.com,Rosario,2020-02-25
8988,Cliente08988,cliente08988@example.com,Córdoba,2023-07-08
8989,Cliente08989,cliente08989@example.com,San Luis,2020-02-13
8990,Cliente08990,cliente08990@example.com,Salta,2021-01-29
8991,Cliente08991,cliente08991@example.com,Rosario,2020-11-17
8992,Cliente08992,cliente08992@example.com,Mendoza,2020-04-02
8993,Cliente08993,cliente08993@example.com,Rosario,2021-02-05
8994,Cliente08994,cliente08994@example.com,Mendoza,2021-02-08
8995,Cliente08995,cliente08995@example.com,Rosario,2021-08-27
8996,Cliente08996,cliente08996@example.com,Santa Fe,2020-05-05
8997,Cliente08997,cliente08997@example.com,Santa Fe,2021-04-07
8998,Cliente08998,cliente08998@example.com,San Luis,2020-10-02
8999,Cliente08999,cliente08999@example.com,CABA,2020-08-29
9000,Cliente09000,cliente09000@example.com,Mendoza,2022-01-20
9001,Cliente09001,cliente09001@example.com,Salta,2023-11-07
9002,Cliente09002,cliente09002@example.com,Neuquén,2020-11-11
9003,Cliente09003,cliente09003@example.com,Córdoba,2020-11-21
9004,Cliente09004,cliente09004@example.com,Santa Fe,2022-02-13
9005,Cliente09005,cliente09005@example.com,CABA,2020-12-16
9006,Cliente09006,cliente09006@example.com,Tucumán,2020-03-12
9007,Cliente09007,cliente09007@example.com,Chubut,2020-12-24
9008,Cliente09008,cliente09008@example.com,Neuquén,2020-08-10
9009,Cliente09009,cliente09009@example.com,Córdoba,2020-11-18
9010,Cliente09010,cliente09010@example.com,Mendoza,2020-05-29
9011,Cliente09011,cliente09011@example.com,Rosario,2022-04-30
9012,Cliente09012,cliente09012@example.com,Córdoba,2022-06-09
9013,Cliente09013,cliente09013@example.com,Mendoza,2023-12-03
9014,Cliente09014,cliente09014@example.com,Rosario,2021-06-29
9015,Cliente09015,cliente09015@example.com,Chubut,2023-02-10
9016,Cliente09016,cliente09016@example.com,Chubut,2023-04-26
9017,Cliente09017,cliente09017@example.com,San Luis,2021-11-06
9018,Cliente09018,cliente09018@example.com,Santa Fe,2020-11-18
9019,Cliente09019,cliente09019@example.com,San Luis,2022-12-27
9020,Cliente09020,cliente09020@example.com,San Luis,2021-03-17
9021,Cliente09021,cliente09021@example.com,Santa Fe,2022-05-20
9022,Cliente09022,cliente09022@example.com,Rosario,2023-06-05
9023,Cliente09023,cliente09023@example.com,Santa Fe,2021-07-25
9024,Cliente09024,cliente09024@example.com,Tucumán,2021-06-16
9025,Cliente09025,cliente09025@example.com,San Luis,2021-03-14
9026,Cliente09026,cliente09026@example.com,CABA,2021-02-05
9027,Cliente09027,cliente09027@example.com,Neuquén,2021-08-28
9028,Cliente09028,cliente09028@example.com,Neuquén,2023-01-01
9029,Cliente09029,cliente09029@example.com,Santa Fe,2020-07-05
9030,Cliente09030,cliente09030@example.com,San Luis,2020-08-24
9031,Cliente09031,cliente09031@example.com,Rosario,2020-04-20
9032,Cliente09032,cliente09032@example.com,Mendoza,2023-12-05
9033,Cliente09033,cliente09033@example.com,Chubut,2020-08-19
9034,Cliente09034,cliente09034@example.com,Chubut,2022-09-08
9035,Cliente09035,cliente09035@example.com,Neuquén,2023-08-23
9036,Cliente09036,cliente09036@example.com,San Luis,2023-12-30
9037,Cliente09037,cliente09037@example.com,Rosario,2020-04-18
9038,Cliente09038,cliente09038@example.com,Chubut,2021-01-03
9039,Cliente09039,cliente09039@example.com,Chubut,2021-04-19
9040,Cliente09040,cliente09040@example.com,Rosario,2021-05-07
9041,Cliente09041,cliente09041@example.com,CABA,2022-11-07
9042,Cliente09042,cliente09042@example.com,San Luis,2023-01-18
9043,Cliente09043,cliente09043@example.com,Córdoba,2021-05-09
9044,Cliente09044,cliente09044@example.com,Chubut,2023-02-05
9045,Cliente09045,cliente09045@example.com,Córdoba,2021-11-25
9046,Cliente09046,cliente09046@example.com,Chubut,2023-01-05
9047,Cliente09047,cliente09047@example.com,Córdoba,2021-06-15
9048,Cliente09048,cliente09048@example.com,Salta,2021-11-11
9049,Cliente09049,cliente09049@example.com,Chubut,2020-10-05
9050,Cliente09050,cliente09050@example.com,Rosario,2020-03-31
9051,Cliente09051,cliente09051@example.com,Neuquén,2022-10-01
9052,Cliente09052,cliente09052@example.com,Mendoza,2020-10-13
9053,Cliente09053,cliente09053@example.com,Mendoza,2023-12-02
9054,Cliente09054,cliente09054@example.com,Córdoba,2022-11-26
9055,Cliente09055,cliente09055@example.com,Rosario,2023-07-03
9056,Cliente09056,cliente09056@example.com,Santa Fe,2020-05-26
9057,Cliente09057,cliente09057@example.com,Neuquén,2023-07-22
9058,Cliente09058,cliente09058@example.com,Chubut,2020-06-13
9059,Cliente09059,cliente09059@example.com,Tucumán,2022-08-01
9060,Cliente09060,cliente09060@example.com,Rosario,2023-10-27
9061,Cliente09061,cliente09061@example.com,Salta,2021-11-22
9062,Cliente09062,cliente09062@example.com,CABA,2020-03-08
9063,Cliente09063,cliente09063@example.com,CABA,2020-02-25
9064,Cliente09064,cliente09064@example.com,CABA,2020-03-03
9065,Cliente09065,cliente09065@example.com,Córdoba,2021-10-22
9066,Cliente09066,cliente09066@example.com,Rosario,2023-07-28
9067,Cliente09067,cliente09067@example.com,San Luis,2020-06-15
9068,Cliente09068,cliente09068@example.com,Córdoba,2023-11-09
9069,Cliente09069,cliente09069@example.com,Mendoza,2022-09-11
9070,Cliente09070,cliente09070@example.com,Córdoba,2022-06-18
9071,Cliente09071,cliente09071@example.com,Chubut,2023-08-19
9072,Cliente09072,cliente09072@example.com,Tucumán,2020-04-27
9073,Cliente09073,cliente09073@example.com,San Luis,2020-02-22
9074,Cliente09074,cliente09074@example.com,Rosario,2021-12-24
9075,Cliente09075,cliente09075@example.com,Tucumán,2022-02-15
9076,Cliente09076,cliente09076@example.com,Córdoba,2022-10-29
9077,Cliente09077,cliente09077@example.com,Salta,2021-08-21
9078,Cliente09078,cliente09078@example.com,Salta,2020-11-22
9079,Cliente09079,cliente09079@example.com,Córdoba,2023-01-22
9080,Cliente09080,cliente09080@example.com,Rosario,2023-05-14
9081,Cliente09081,cliente09081@example.com,San Luis,2023-01-10
9082,Cliente09082,cliente09082@example.com,Santa Fe,2021-08-11
9083,Cliente09083,cliente09083@example.com,Santa Fe,2022-12-05
9084,Cliente09084,cliente09084@example.com,Córdoba,2020-11-04
9085,Cliente09085,cliente09085@example.com,Rosario,2021-08-14
9086,Cliente09086,cliente09086@example.com,Chubut,2023-06-27
9087,Cliente09087,cliente09087@example.com,CABA,2021-10-05
9088,Cliente09088,cliente09088@example.com,Neuquén,2022-08-18
9089,Cliente09089,cliente09089@example.com,CABA,2022-11-04
9090,Cliente09090,cliente09090@example.com,Neuquén,2022-08-15
9091,Cliente09091,cliente09091@example.com,CABA,2020-03-31
9092,Cliente09092,cliente09092@example.com,San Luis,2020-04-10
9093,Cliente09093,cliente09093@example.com,CABA,2023-09-17
9094,Cliente09094,cliente09094@example.com,Salta,2021-05-18
9095,Cliente09095,cliente09095@example.com,Neuquén,2021-12-08
9096,Cliente09096,cliente09096@example.com,Tucumán,2020-06-30
9097,Cliente09097,cliente09097@example.com,Tucumán,2022-11-22
9098,Cliente09098,cliente09098@example.com,Salta,2022-12-21
9099,Cliente09099,cliente09099@example.com,Rosario,2022-04-09
9100,Cliente09100,cliente09100@example.com,Neuquén,2023-02-27
9101,Cliente09101,cliente09101@example.com,Córdoba,2021-04-27
9102,Cliente09102,cliente09102@example.com,Neuquén,2020-11-01
9103,Cliente09103,cliente09103@example.com,Salta,2022-11-13
9104,Cliente09104,cliente09104@example.com,Mendoza,2021-10-20
9105,Cliente09105,cliente09105@example.com,Tucumán,2023-09-16
9106,Cliente09106,cliente09106@example.com,CABA,2022-01-19
9107,Cliente09107,cliente09107@example.com,Salta,2020-12-14
9108,Cliente09108,cliente09108@example.com,San Luis,2022-02-07
9109,Cliente09109,cliente09109@example.com,CABA,2023-02-05
9110,Cliente09110,cliente09110@example.com,CABA,2023-07-04
9111,Cliente09111,cliente09111@example.com,Santa Fe,2020-04-18
9112,Cliente09112,cliente09112@example.com,Neuquén,2021-03-01
9113,Cliente09113,cliente09113@example.com,Mendoza,2022-04-20
9114,Cliente09114,cliente09114@example.com,San Luis,2023-06-11
9115,Cliente09115,cliente09115@example.com,Chubut,2022-07-31
9116,Cliente09116,cliente09116@example.com,San Luis,2021-12-28
9117,Cliente09117,cliente09117@example.com,CABA,2023-07-02
9118,Cliente09118,cliente09118@example.com,Chubut,2021-01-13
9119,Cliente09119,cliente09119@example.com,Rosario,2020-05-12
9120,Cliente09120,cliente09120@example.com,CABA,2021-07-02
9121,Cliente09121,cliente09121@example.com,CABA,2020-09-07
9122,Cliente09122,cliente09122@example.com,Neuquén,2021-06-01
9123,Cliente09123,cliente09123@example.com,Chubut,2020-09-11
9124,Cliente09124,cliente09124@example.com,Chubut,2022-12-19
9125,Cliente09125,cliente09125@example.com,CABA,2021-06-19
9126,Cliente09126,cliente09126@example.com,Salta,2023-08-11
9127,Cliente09127,cliente09127@example.com,Rosario,2023-01-26
9128,Cliente09128,cliente09128@example.com,Santa Fe,2022-10-17
9129,Cliente09129,cliente09129@example.com,Mendoza,2022-11-22
9130,Cliente09130,cliente09130@example.com,Mendoza,2022-02-13
9131,Cliente09131,cliente09131@example.com,Mendoza,2022-12-18
9132,Cliente09132,cliente09132@example.com,Córdoba,2022-03-29
9133,Cliente09133,cliente09133@example.com,Salta,2021-05-11
9134,Cliente09134,cliente09134@example.com,Rosario,2023-10-10
9135,Cliente09135,cliente09135@example.com,Córdoba,2020-10-16
9136,Cliente09136,cliente09136@example.com,Neuquén,2023-06-21
9137,Cliente09137,cliente09137@example.com,Salta,2020-12-15
9138,Cliente09138,cliente09138@example.com,Chubut,2023-03-16
9139,Cliente09139,cliente09139@example.com,Salta,2022-04-14
9140,Cliente09140,cliente09140@example.com,Salta,2020-11-20
9141,Cliente09141,cliente09141@example.com,CABA,2021-05-12
9142,Cliente09142,cliente09142@example.com,Neuquén,2020-09-24
9143,Cliente09143,cliente09143@example.com,Tucumán,2022-12-18
9144,Cliente09144,cliente09144@example.com,Neuquén,2021-03-14
9145,Cliente09145,cliente09145@example.com,Córdoba,2021-09-26
9146,Cliente09146,cliente09146@example.com,Salta,2020-06-17
9147,Cliente09147,cliente09147@example.com,Santa Fe,2020-03-24
9148,Cliente09148,cliente09148@example.com,Neuquén,2021-08-20
9149,Cliente09149,cliente09149@example.com,Neuquén,2020-11-16
9150,Cliente09150,cliente09150@example.com,Tucumán,2022-02-04
9151,Cliente09151,cliente09151@example.com,Salta,2020-03-27
9152,Cliente09152,cliente09152@example.com,Rosario,2022-04-05
9153,Cliente09153,cliente09153@example.com,Mendoza,2023-10-15
9154,Cliente09154,cliente09154@example.com,Tucumán,2021-11-27
9155,Cliente09155,cliente09155@example.com,Chubut,2023-10-31
9156,Cliente09156,cliente09156@example.com,Rosario,2021-08-24
9157,Cliente09157,cliente09157@example.com,Mendoza,2020-02-17
9158,Cliente09158,cliente09158@example.com,Córdoba,2022-08-20
9159,Cliente09159,cliente09159@example.com,Neuquén,2021-09-22
9160,Cliente09160,cliente09160@example.com,Neuquén,2021-07-27
9161,Cliente09161,cliente09161@example.com,Salta,2022-11-16
9162,Cliente09162,cliente09162@example.com,San Luis,2022-12-22
9163,Cliente09163,cliente09163@example.com,Chubut,2020-02-16
9164,Cliente09164,cliente09164@example.com,Mendoza,2020-08-11
9165,Cliente09165,cliente09165@example.com,Tucumán,2021-05-09
9166,Cliente09166,cliente09166@example.com,Chubut,2023-11-29
9167,Cliente09167,cliente09167@example.com,Chubut,2022-11-28
9168,Cliente09168,cliente09168@example.com,Rosario,2021-07-18
9169,Cliente09169,cliente09169@example.com,Tucumán,2020-10-01
9170,Cliente09170,cliente09170@example.com,Santa Fe,2023-06-03
9171,Cliente09171,cliente09171@example.com,CABA,2023-10-11
9172,Cliente09172,cliente09172@example.com,Tucumán,2020-03-17
9173,Cliente09173,cliente09173@example.com,Salta,2023-11-07
9174,Cliente09174,cliente09174@example.com,CABA,2021-08-19
9175,Cliente09175,cliente09175@example.com,Mendoza,2021-02-23
9176,Cliente09176,cliente09176@example.com,Mendoza,2021-03-03
9177,Cliente09177,cliente09177@example.com,Tucumán,2021-02-01
9178,Cliente09178,cliente09178@example.com,Chubut,2021-06-11
9179,Cliente09179,cliente09179@example.com,San Luis,2021-10-07
9180,Cliente09180,cliente09180@example.com,Córdoba,2022-03-19
9181,Cliente09181,cliente09181@example.com,Mendoza,2020-10-16
9182,Cliente09182,cliente09182@example.com,Córdoba,2020-07-03
9183,Cliente09183,cliente09183@example.com,Córdoba,2023-12-27
9184,Cliente09184,cliente09184@example.com,San Luis,2022-07-20
9185,Cliente09185,cliente09185@example.com,Chubut,2022-08-13
9186,Cliente09186,cliente09186@example.com,Córdoba,2023-01-19
9187,Cliente09187,cliente09187@example.com,CABA,2023-05-27
9188,Cliente09188,cliente09188@example.com,Mendoza,2021-05-08
9189,Cliente09189,cliente09189@example.com,San Luis,2020-07-06
9190,Cliente09190,cliente09190@example.com,Mendoza,2022-10-05
9191,Cliente09191,cliente09191@example.com,Mendoza,2020-10-02
9192,Cliente09192,cliente09192@example.com,Neuquén,2023-08-11
9193,Cliente09193,cliente09193@example.com,Tucumán,2021-04-07
9194,Cliente09194,cliente09194@example.com,CABA,2022-04-12
9195,Cliente09195,cliente09195@example.com,CABA,2020-06-06
9196,Cliente09196,cliente09196@example.com,Córdoba,2023-06-07
9197,Cliente09197,cliente09197@example.com,Chubut,2022-10-14
9198,Cliente09198,cliente09198@example.com,Tucumán,2022-03-08
9199,Cliente09199,cliente09199@example.com,Córdoba,2022-08-03
9200,Cliente09200,cliente09200@example.com,Chubut,2022-04-13
9201,Cliente09201,cliente09201@example.com,Chubut,2022-12-10
9202,Cliente09202,cliente09202@example.com,CABA,2020-01-22
9203,Cliente09203,cliente09203@example.com,Rosario,2021-03-03
9204,Cliente09204,cliente09204@example.com,CABA,2020-03-01
9205,Cliente09205,cliente09205@example.com,San Luis,2020-08-06
9206,Cliente09206,cliente09206@example.com,Tucumán,2022-04-29
9207,Cliente09207,cliente09207@example.com,Córdoba,2023-01-30
9208,Cliente09208,cliente09208@example.com,Rosario,2023-05-08
9209,Cliente09209,cliente09209@example.com,Chubut,2020-01-27
9210,Cliente09210,cliente09210@example.com,Mendoza,2023-11-10
9211,Cliente09211,cliente09211@example.com,Neuquén,2021-11-14
9212,Cliente09212,cliente09212@example.com,Santa Fe,2023-07-28
9213,Cliente09213,cliente09213@example.com,Santa Fe,2021-06-24
9214,Cliente09214,cliente09214@example.com,Salta,2023-05-05
9215,Cliente09215,cliente09215@example.com,Córdoba,2022-04-30
9216,Cliente09216,cliente09216@example.com,CABA,2023-06-25
9217,Cliente09217,cliente09217@example.com,Mendoza,2022-03-13
9218,Cliente09218,cliente09218@example.com,Tucumán,2023-06-02
9219,Cliente09219,cliente09219@example.com,Tucumán,2020-10-01
9220,Cliente09220,cliente09220@example.com,CABA,2020-06-05
9221,Cliente09221,cliente09221@example.com,Salta,2023-05-21
9222,Cliente09222,cliente09222@example.com,Córdoba,2020-09-09
9223,Cliente09223,cliente09223@example.com,Chubut,2023-08-02
9224,Cliente09224,cliente09224@example.com,San Luis,2021-08-10
9225,Cliente09225,cliente09225@example.com,Córdoba,2023-01-09
9226,Cliente09226,cliente09226@example.com,Salta,2021-04-07
9227,Cliente09227,cliente09227@example.com,Mendoza,2022-03-24
9228,Cliente09228,cliente09228@example.com,Chubut,2022-09-04
9229,Cliente09229,cliente09229@example.com,Tucumán,2020-02-24
9230,Cliente09230,cliente09230@example.com,San Luis,2020-10-12
9231,Cliente09231,cliente09231@example.com,Neuquén,2021-02-02
9232,Cliente09232,cliente09232@example.com,Rosario,2020-11-18
9233,Cliente09233,cliente09233@example.com,Mendoza,2023-05-27
9234,Cliente09234,cliente09234@example.com,San Luis,2022-11-01
9235,Cliente09235,cliente09235@example.com,Rosario,2020-05-30
9236,Cliente09236,cliente09236@example.com,Mendoza,2022-07-13
9237,Cliente09237,cliente09237@example.com,Salta,2021-11-17
9238,Cliente09238,cliente09238@example.com,Tucumán,2022-05-06
9239,Cliente09239,cliente09239@example.com,Córdoba,2020-07-07
9240,Cliente09240,cliente09240@example.com,Salta,2020-03-15
9241,Cliente09241,cliente09241@example.com,Salta,2020-09-23
9242,Cliente09242,cliente09242@example.com,Chubut,2023-01-02
9243,Cliente09243,cliente09243@example.com,Neuquén,2020-03-28
9244,Cliente09244,cliente09244@example.com,Tucumán,2023-07-15
9245,Cliente09245,cliente09245@example.com,CABA,2021-11-22
9246,Cliente09246,cliente09246@example.com,Mendoza,2022-10-05
9247,Cliente09247,cliente09247@example.com,Neuquén,2022-05-27
9248,Cliente09248,cliente09248@example.com,Neuquén,2020-04-04
9249,Cliente09249,cliente09249@example.com,Chubut,2023-11-21
9250,Cliente09250,cliente09250@example.com,Córdoba,2020-08-26
9251,Cliente09251,cliente09251@example.com,Rosario,2022-05-23
9252,Cliente09252,cliente09252@example.com,CABA,2020-03-27
9253,Cliente09253,cliente09253@example.com,Mendoza,2020-04-23
9254,Cliente09254,cliente09254@example.com,Chubut,2021-02-20
9255,Cliente09255,cliente09255@example.com,Tucumán,2022-03-10
9256,Cliente09256,cliente09256@example.com,Neuquén,2023-05-29
9257,Cliente09257,cliente09257@example.com,Córdoba,2020-02-25
9258,Cliente09258,cliente09258@example.com,Neuquén,2020-11-11
9259,Cliente09259,cliente09259@example.com,Santa Fe,2020-05-28
9260,Cliente09260,cliente09260@example.com,Tucumán,2021-03-11
9261,Cliente09261,cliente09261@example.com,Córdoba,2020-12-25
9262,Cliente09262,cliente09262@example.com,Mendoza,2021-06-04
9263,Cliente09263,cliente09263@example.com,Tucumán,2021-12-29
9264,Cliente09264,cliente09264@example.com,CABA,2022-05-30
9265,Cliente09265,cliente09265@example.com,Chubut,2023-01-31
9266,Cliente09266,cliente09266@example.com,Rosario,2022-06-12
9267,Cliente09267,cliente09267@example.com,San Luis,2020-08-10
9268,Cliente09268,cliente09268@example.com,Santa Fe,2023-07-06
9269,Cliente09269,cliente09269@example.com,Santa Fe,2022-05-19
9270,Cliente09270,cliente09270@example.com,Chubut,2023-08-12
9271,Cliente09271,cliente09271@example.com,Rosario,2023-06-26
9272,Cliente09272,cliente09272@example.com,Mendoza,2022-12-10
9273,Cliente09273,cliente09273@example.com,Salta,2021-08-17
9274,Cliente09274,cliente09274@example.com,CABA,2020-08-25
9275,Cliente09275,cliente09275@example.com,Mendoza,2021-09-14
9276,Cliente09276,cliente09276@example.com,Chubut,2020-01-11
9277,Cliente09277,cliente09277@example.com,Chubut,2022-07-05
9278,Cliente09278,cliente09278@example.com,Mendoza,2021-12-02
9279,Cliente09279,cliente09279@example.com,Salta,2021-05-01
9280,Cliente09280,cliente09280@example.com,Santa Fe,2023-09-28
9281,Cliente09281,cliente09281@example.com,Chubut,2022-12-18
9282,Cliente09282,cliente09282@example.com,Rosario,2022-04-14
9283,Cliente09283,cliente09283@example.com,CABA,2021-03-10
9284,Cliente09284,cliente09284@example.com,Mendoza,2023-08-14
9285,Cliente09285,cliente09285@example.com,Tucumán,2023-06-12
9286,Cliente09286,cliente09286@example.com,Córdoba,2020-04-19
9287,Cliente09287,cliente09287@example.com,Córdoba,2023-09-28
9288,Cliente09288,cliente09288@example.com,Tucumán,2022-07-13
9289,Cliente09289,cliente09289@example.com,CABA,2023-05-25
9290,Cliente09290,cliente09290@example.com,CABA,2022-11-05
9291,Cliente09291,cliente09291@example.com,Tucumán,2023-03-02
9292,Cliente09292,cliente09292@example.com,San Luis,2023-12-20
9293,Cliente09293,cliente09293@example.com,Córdoba,2021-08-15
9294,Cliente09294,cliente09294@example.com,Salta,2023-03-21
9295,Cliente09295,cliente09295@example.com,Rosario,2020-02-02
9296,Cliente09296,cliente09296@example.com,Santa Fe,2021-06-06
9297,Cliente09297,cliente09297@example.com,San Luis,2020-12-05
9298,Cliente09298,cliente09298@example.com,Neuquén,2023-05-09
9299,Cliente09299,cliente09299@example.com,San Luis,2023-07-01
9300,Cliente09300,cliente09300@example.com,Neuquén,2023-07-02
9301,Cliente09301,cliente09301@example.com,San Luis,2022-02-08
9302,Cliente09302,cliente09302@example.com,Salta,2023-02-05
9303,Cliente09303,cliente09303@example.com,San Luis,2023-05-14
9304,Cliente09304,cliente09304@example.com,Santa Fe,2020-07-02
9305,Cliente09305,cliente09305@example.com,Chubut,2021-08-28
9306,Cliente09306,cliente09306@example.com,Rosario,2023-01-01
9307,Cliente09307,cliente09307@example.com,Tucumán,2023-04-01
9308,Cliente09308,cliente09308@example.com,Neuquén,2023-07-28
9309,Cliente09309,cliente09309@example.com,San Luis,2021-05-23
9310,Cliente09310,cliente09310@example.com,Rosario,2021-11-07
9311,Cliente09311,cliente09311@example.com,San Luis,2020-07-29
9312,Cliente09312,cliente09312@example.com,Salta,2020-02-13
9313,Cliente09313,cliente09313@example.com,Chubut,2021-09-26
9314,Cliente09314,cliente09314@example.com,San Luis,2023-06-21
9315,Cliente09315,cliente09315@example.com,Mendoza,2020-12-24
9316,Cliente09316,cliente09316@example.com,Mendoza,2020-08-09
9317,Cliente09317,cliente09317@example.com,Rosario,2021-04-01
9318,Cliente09318,cliente09318@example.com,Salta,2020-10-16
9319,Cliente09319,cliente09319@example.com,Neuquén,2022-04-07
9320,Cliente09320,cliente09320@example.com,San Luis,2023-02-20
9321,Cliente09321,cliente09321@example.com,CABA,2022-04-15
9322,Cliente09322,cliente09322@example.com,San Luis,2023-12-03
9323,Cliente09323,cliente09323@example.com,CABA,2023-02-16
9324,Cliente09324,cliente09324@example.com,Santa Fe,2020-11-13
9325,Cliente09325,cliente09325@example.com,Neuquén,2023-08-04
9326,Cliente09326,cliente09326@example.com,Córdoba,2022-07-25
9327,Cliente09327,cliente09327@example.com,Neuquén,2020-03-03
9328,Cliente09328,cliente09328@example.com,Santa Fe,2020-12-22
9329,Cliente09329,cliente09329@example.com,Mendoza,2021-09-25
9330,Cliente09330,cliente09330@example.com,Chubut,2021-04-12
9331,Cliente09331,cliente09331@example.com,Chubut,2023-05-27
9332,Cliente09332,cliente09332@example.com,Mendoza,2021-10-29
9333,Cliente09333,cliente09333@example.com,San Luis,2022-01-10
9334,Cliente09334,cliente09334@example.com,Mendoza,2022-12-01
9335,Cliente09335,cliente09335@example.com,Rosario,2023-09-08
9336,Cliente09336,cliente09336@example.com,Chubut,2020-02-05
9337,Cliente09337,cliente09337@example.com,Salta,2020-01-07
9338,Cliente09338,cliente09338@example.com,Tucumán,2022-04-14
9339,Cliente09339,cliente09339@example.com,Córdoba,2020-10-18
9340,Cliente09340,cliente09340@example.com,San Luis,2023-06-03
9341,Cliente09341,cliente09341@example.com,Neuquén,2021-11-30
9342,Cliente09342,cliente09342@example.com,CABA,2023-01-29
9343,Cliente09343,cliente09343@example.com,Rosario,2022-04-11
9344,Cliente09344,cliente09344@example.com,San Luis,2022-01-04
9345,Cliente09345,cliente09345@example.com,Chubut,2023-10-17
9346,Cliente09346,cliente09346@example.com,Rosario,2022-06-08
9347,Cliente09347,cliente09347@example.com,Salta,2020-07-10
9348,Cliente09348,cliente09348@example.com,Chubut,2022-02-22
9349,Cliente09349,cliente09349@example.com,San Luis,2022-02-13
9350,Cliente09350,cliente09350@example.com,Tucumán,2022-04-13
9351,Cliente09351,cliente09351@example.com,Córdoba,2021-03-19
9352,Cliente09352,cliente09352@example.com,CABA,2023-02-24
9353,Cliente09353,cliente09353@example.com,Santa Fe,2022-05-22
9354,Cliente09354,cliente09354@example.com,Córdoba,2023-10-08
9355,Cliente09355,cliente09355@example.com,Rosario,2021-01-24
9356,Cliente09356,cliente09356@example.com,Chubut,2021-10-04
9357,Cliente09357,cliente09357@example.com,San Luis,2021-11-20
9358,Cliente09358,cliente09358@example.com,Córdoba,2021-05-30
9359,Cliente09359,cliente09359@example.com,Mendoza,2021-06-30
9360,Cliente09360,cliente09360@example.com,Neuquén,2023-01-13
9361,Cliente09361,cliente09361@example.com,Rosario,2021-05-07
9362,Cliente09362,cliente09362@example.com,San Luis,2021-09-28
9363,Cliente09363,cliente09363@example.com,Chubut,2021-07-10
9364,Cliente09364,cliente09364@example.com,CABA,2020-03-01
9365,Cliente09365,cliente09365@example.com,Rosario,2022-09-06
9366,Cliente09366,cliente09366@example.com,Mendoza,2020-01-03
9367,Cliente09367,cliente09367@example.com,CABA,2023-09-29
9368,Cliente09368,cliente09368@example.com,Chubut,2022-06-08
9369,Cliente09369,cliente09369@example.com,San Luis,2022-03-11
9370,Cliente09370,cliente09370@example.com,Neuquén,2020-05-08
9371,Cliente09371,cliente09371@example.com,CABA,2020-08-27
9372,Cliente09372,cliente09372@example.com,Neuquén,2022-10-28
9373,Cliente09373,cliente09373@example.com,Mendoza,2020-06-02
9374,Cliente09374,cliente09374@example.com,Córdoba,2023-09-30
9375,Cliente09375,cliente09375@example.com,Mendoza,2023-06-07
9376,Cliente09376,cliente09376@example.com,Tucumán,2020-02-22
9377,Cliente09377,cliente09377@example.com,CABA,2020-05-15
9378,Cliente09378,cliente09378@example.com,Neuquén,2022-12-16
9379,Cliente09379,cliente09379@example.com,CABA,2023-06-07
9380,Cliente09380,cliente09380@example.com,Salta,2020-06-13
9381,Cliente09381,cliente09381@example.com,Salta,2023-07-13
9382,Cliente09382,cliente09382@example.com,San Luis,2020-05-29
9383,Cliente09383,cliente09383@example.com,Tucumán,2020-04-21
9384,Cliente09384,cliente09384@example.com,Santa Fe,2022-04-15
9385,Cliente09385,cliente09385@example.com,Rosario,2023-07-13
9386,Cliente09386,cliente09386@example.com,Chubut,2021-02-05
9387,Cliente09387,cliente09387@example.com,San Luis,2022-06-26
9388,Cliente09388,cliente09388@example.com,Neuquén,2023-07-08
9389,Cliente09389,cliente09389@example.com,Rosario,2020-04-13
9390,Cliente09390,cliente09390@example.com,Tucumán,2021-03-27
9391,Cliente09391,cliente09391@example.com,Salta,2021-07-07
9392,Cliente09392,cliente09392@example.com,CABA,2022-10-11
9393,Cliente09393,cliente09393@example.com,Santa Fe,2022-06-25
9394,Cliente09394,cliente09394@example.com,San Luis,2021-07-30
9395,Cliente09395,cliente09395@example.com,Neuquén,2020-11-28
9396,Cliente09396,cliente09396@example.com,CABA,2022-07-08
9397,Cliente09397,cliente09397@example.com,Rosario,2022-04-05
9398,Cliente09398,cliente09398@example.com,Neuquén,2023-10-07
9399,Cliente09399,cliente09399@example.com,Rosario,2023-05-06
9400,Cliente09400,cliente09400@example.com,Rosario,2021-12-06
9401,Cliente09401,cliente09401@example.com,CABA,2023-02-11
9402,Cliente09402,cliente09402@example.com,Córdoba,2022-10-04
9403,Cliente09403,cliente09403@example.com,Santa Fe,2022-02-26
9404,Cliente09404,cliente09404@example.com,CABA,2020-11-25
9405,Cliente09405,cliente09405@example.com,San Luis,2023-12-03
9406,Cliente09406,cliente09406@example.com,San Luis,2020-05-16
9407,Cliente09407,cliente09407@example.com,Salta,2020-02-16
9408,Cliente09408,cliente09408@example.com,Neuquén,2022-12-09
9409,Cliente09409,cliente09409@example.com,Chubut,2021-06-22
9410,Cliente09410,cliente09410@example.com,Córdoba,2021-02-03
9411,Cliente09411,cliente09411@example.com,Mendoza,2021-02-19
9412,Cliente09412,cliente09412@example.com,Santa Fe,2021-04-20
9413,Cliente09413,cliente09413@example.com,Córdoba,2020-09-28
9414,Cliente09414,cliente09414@example.com,Tucumán,2022-01-02
9415,Cliente09415,cliente09415@example.com,Rosario,2021-02-18
9416,Cliente09416,cliente09416@example.com,Tucumán,2022-04-01
9417,Cliente09417,cliente09417@example.com,Córdoba,2022-08-14
9418,Cliente09418,cliente09418@example.com,Chubut,2020-06-11
9419,Cliente09419,cliente09419@example.com,Santa Fe,2020-01-22
9420,Cliente09420,cliente09420@example.com,Mendoza,2020-12-02
9421,Cliente09421,cliente09421@example.com,Córdoba,2020-06-09
9422,Cliente09422,cliente09422@example.com,San Luis,2020-11-30
9423,Cliente09423,cliente09423@example.com,CABA,2022-02-16
9424,Cliente09424,cliente09424@example.com,Córdoba,2021-03-24
9425,Cliente09425,cliente09425@example.com,Neuquén,2021-05-02
9426,Cliente09426,cliente09426@example.com,Chubut,2023-10-03
9427,Cliente09427,cliente09427@example.com,Tucumán,2020-09-28
9428,Cliente09428,cliente09428@example.com,Santa Fe,2022-10-12
9429,Cliente09429,cliente09429@example.com,Chubut,2023-03-20
9430,Cliente09430,cliente09430@example.com,Tucumán,2022-02-09
9431,Cliente09431,cliente09431@example.com,Córdoba,2021-01-24
9432,Cliente09432,cliente09432@example.com,Mendoza,2022-07-05
9433,Cliente09433,cliente09433@example.com,Córdoba,2023-09-29
9434,Cliente09434,cliente09434@example.com,Chubut,2021-08-30
9435,Cliente09435,cliente09435@example.com,Salta,2021-06-25
9436,Cliente09436,cliente09436@example.com,San Luis,2020-04-10
9437,Cliente09437,cliente09437@example.com,Rosario,2023-03-31
9438,Cliente09438,cliente09438@example.com,Tucumán,2020-04-07
9439,Cliente09439,cliente09439@example.com,Rosario,2022-03-21
9440,Cliente09440,cliente09440@example.com,Salta,2022-11-11
9441,Cliente09441,cliente09441@example.com,CABA,2020-07-12
9442,Cliente09442,cliente09442@example.com,Neuquén,2021-07-18
9443,Cliente09443,cliente09443@example.com,Salta,2020-04-18
9444,Cliente09444,cliente09444@example.com,Mendoza,2022-07-14
9445,Cliente09445,cliente09445@example.com,Mendoza,2023-10-28
9446,Cliente09446,cliente09446@example.com,Salta,2020-07-27
9447,Cliente09447,cliente09447@example.com,Neuquén,2022-08-21
9448,Cliente09448,cliente09448@example.com,Chubut,2020-08-09
9449,Cliente09449,cliente09449@example.com,Rosario,2022-08-06
9450,Cliente09450,cliente09450@example.com,Santa Fe,2023-09-28
9451,Cliente09451,cliente09451@example.com,Chubut,2020-12-14
9452,Cliente09452,cliente09452@example.com,Rosario,2020-06-02
9453,Cliente09453,cliente09453@example.com,CABA,2020-11-26
9454,Cliente09454,cliente09454@example.com,Córdoba,2022-10-03
9455,Cliente09455,cliente09455@example.com,San Luis,2023-01-03
9456,Cliente09456,cliente09456@example.com,Rosario,2020-07-28
9457,Cliente09457,cliente09457@example.com,Mendoza,2021-06-18
9458,Cliente09458,cliente09458@example.com,Chubut,2022-05-09
9459,Cliente09459,cliente09459@example.com,Rosario,2023-03-18
9460,Cliente09460,cliente09460@example.com,Chubut,2021-11-27
9461,Cliente09461,cliente09461@example.com,Santa Fe,2023-11-07
9462,Cliente09462,cliente09462@example.com,San Luis,2022-06-15
9463,Cliente09463,cliente09463@example.com,Mendoza,2022-05-22
9464,Cliente09464,cliente09464@example.com,Mendoza,2023-01-09
9465,Cliente09465,cliente09465@example.com,Mendoza,2020-08-23
9466,Cliente09466,cliente09466@example.com,Chubut,2020-12-28
9467,Cliente09467,cliente09467@example.com,Chubut,2023-10-27
9468,Cliente09468,cliente09468@example.com,Tucumán,2022-04-16
9469,Cliente09469,cliente09469@example.com,CABA,2021-11-24
9470,Cliente09470,cliente09470@example.com,Mendoza,2023-03-18
9471,Cliente09471,cliente09471@example.com,Santa Fe,2020-02-16
9472,Cliente09472,cliente09472@example.com,Santa Fe,2023-12-10
9473,Cliente09473,cliente09473@example.com,San Luis,2023-01-20
9474,Cliente09474,cliente09474@example.com,Neuquén,2022-04-04
9475,Cliente09475,cliente09475@example.com,Córdoba,2022-07-17
9476,Cliente09476,cliente09476@example.com,Santa Fe,2023-12-04
9477,Cliente09477,cliente09477@example.com,CABA,2022-04-04
9478,Cliente09478,cliente09478@example.com,Santa Fe,2021-04-28
9479,Cliente09479,cliente09479@example.com,Neuquén,2022-11-27
9480,Cliente09480,cliente09480@example.com,Rosario,2020-02-01
9481,Cliente09481,cliente09481@example.com,Tucumán,2020-01-05
9482,Cliente09482,cliente09482@example.com,Neuquén,2023-01-12
9483,Cliente09483,cliente09483@example.com,Rosario,2020-06-21
9484,Cliente09484,cliente09484@example.com,Rosario,2021-01-04
9485,Cliente09485,cliente09485@example.com,Mendoza,2023-07-12
9486,Cliente09486,cliente09486@example.com,Tucumán,2021-11-02
9487,Cliente09487,cliente09487@example.com,Rosario,2020-06-25
9488,Cliente09488,cliente09488@example.com,Neuquén,2023-10-22
9489,Cliente09489,cliente09489@example.com,Tucumán,2020-01-31
9490,Cliente09490,cliente09490@example.com,Tucumán,2023-01-09
9491,Cliente09491,cliente09491@example.com,Santa Fe,2020-08-02
9492,Cliente09492,cliente09492@example.com,Salta,2022-04-09
9493,Cliente09493,cliente09493@example.com,San Luis,2020-11-03
9494,Cliente09494,cliente09494@example.com,Córdoba,2022-12-06
9495,Cliente09495,cliente09495@example.com,Rosario,2020-05-28
9496,Cliente09496,cliente09496@example.com,San Luis,2020-10-11
9497,Cliente09497,cliente09497@example.com,Tucumán,2023-03-08
9498,Cliente09498,cliente09498@example.com,Neuquén,2022-07-24
9499,Cliente09499,cliente09499@example.com,San Luis,2020-03-21
9500,Cliente09500,cliente09500@example.com,Chubut,2023-04-24
9501,Cliente09501,cliente09501@example.com,Chubut,2023-10-28
9502,Cliente09502,cliente09502@example.com,Salta,2021-04-26
9503,Cliente09503,cliente09503@example.com,Neuquén,2023-06-30
9504,Cliente09504,cliente09504@example.com,San Luis,2023-01-14
9505,Cliente09505,cliente09505@example.com,Salta,2023-01-24
9506,Cliente09506,cliente09506@example.com,CABA,2020-11-20
9507,Cliente09507,cliente09507@example.com,Rosario,2020-03-18
9508,Cliente09508,cliente09508@example.com,Tucumán,2020-03-10
9509,Cliente09509,cliente09509@example.com,San Luis,2023-11-17
9510,Cliente09510,cliente09510@example.com,Mendoza,2023-09-18
9511,Cliente09511,cliente09511@example.com,Chubut,2022-06-06
9512,Cliente09512,cliente09512@example.com,San Luis,2023-11-17
9513,Cliente09513,cliente09513@example.com,Salta,2022-11-05
9514,Cliente09514,cliente09514@example.com,Salta,2023-08-20
9515,Cliente09515,cliente09515@example.com,Rosario,2021-09-02
9516,Cliente09516,cliente09516@example.com,San Luis,2021-11-22
9517,Cliente09517,cliente09517@example.com,San Luis,2022-11-14
9518,Cliente09518,cliente09518@example.com,Chubut,2023-07-13
9519,Cliente09519,cliente09519@example.com,Córdoba,2023-08-18
9520,Cliente09520,cliente09520@example.com,Córdoba,2021-08-03
9521,Cliente09521,cliente09521@example.com,Tucumán,2022-07-14
9522,Cliente09522,cliente09522@example.com,Chubut,2022-11-05
9523,Cliente09523,cliente09523@example.com,Santa Fe,2020-03-14
9524,Cliente09524,cliente09524@example.com,Santa Fe,2020-07-06
9525,Cliente09525,cliente09525@example.com,Tucumán,2021-01-01
9526,Cliente09526,cliente09526@example.com,Mendoza,2023-01-19
9527,Cliente09527,cliente09527@example.com,Neuquén,2022-07-05
9528,Cliente09528,cliente09528@example.com,Neuquén,2022-09-05
9529,Cliente09529,cliente09529@example.com,Mendoza,2023-01-09
9530,Cliente09530,cliente09530@example.com,Rosario,2020-02-23
9531,Cliente09531,cliente09531@example.com,San Luis,2022-07-14
9532,Cliente09532,cliente09532@example.com,Salta,2022-02-18
9533,Cliente09533,cliente09533@example.com,Córdoba,2023-06-11
9534,Cliente09534,cliente09534@example.com,Córdoba,2023-07-09
9535,Cliente09535,cliente09535@example.com,Santa Fe,2022-10-10
9536,Cliente09536,cliente09536@example.com,San Luis,2022-12-25
9537,Cliente09537,cliente09537@example.com,Santa Fe,2022-02-26
9538,Cliente09538,cliente09538@example.com,Chubut,2020-11-03
9539,Cliente09539,cliente09539@example.com,San Luis,2023-03-22
9540,Cliente09540,cliente09540@example.com,Neuquén,2022-11-01
9541,Cliente09541,cliente09541@example.com,Santa Fe,2020-11-11
9542,Cliente09542,cliente09542@example.com,Rosario,2021-10-17
9543,Cliente09543,cliente09543@example.com,Chubut,2023-03-27
9544,Cliente09544,cliente09544@example.com,Mendoza,2022-10-08
9545,Cliente09545,cliente09545@example.com,CABA,2023-08-10
9546,Cliente09546,cliente09546@example.com,Chubut,2021-10-13
9547,Cliente09547,cliente09547@example.com,Chubut,2020-01-02
9548,Cliente09548,cliente09548@example.com,Neuquén,2023-08-10
9549,Cliente09549,cliente09549@example.com,Rosario,2023-10-29
9550,Cliente09550,cliente09550@example.com,Mendoza,2022-01-25
9551,Cliente09551,cliente09551@example.com,CABA,2023-11-25
9552,Cliente09552,cliente09552@example.com,Salta,2020-03-02
9553,Cliente09553,cliente09553@example.com,Tucumán,2022-03-10
9554,Cliente09554,cliente09554@example.com,Neuquén,2023-06-22
9555,Cliente09555,cliente09555@example.com,Tucumán,2023-11-05
9556,Cliente09556,cliente09556@example.com,Santa Fe,2023-03-11
9557,Cliente09557,cliente09557@example.com,CABA,2020-03-03
9558,Cliente09558,cliente09558@example.com,Córdoba,2020-12-09
9559,Cliente09559,cliente09559@example.com,Salta,2023-01-14
9560,Cliente09560,cliente09560@example.com,Rosario,2021-12-02
9561,Cliente09561,cliente09561@example.com,Tucumán,2021-07-03
9562,Cliente09562,cliente09562@example.com,Salta,2021-01-08
9563,Cliente09563,cliente09563@example.com,Chubut,2022-03-16
9564,Cliente09564,cliente09564@example.com,Santa Fe,2023-04-30
9565,Cliente09565,cliente09565@example.com,Neuquén,2021-02-05
9566,Cliente09566,cliente09566@example.com,Rosario,2021-12-23
9567,Cliente09567,cliente09567@example.com,San Luis,2021-08-25
9568,Cliente09568,cliente09568@example.com,Rosario,2023-07-31
9569,Cliente09569,cliente09569@example.com,Mendoza,2023-07-22
9570,Cliente09570,cliente09570@example.com,Rosario,2023-10-31
9571,Cliente09571,cliente09571@example.com,Chubut,2023-03-25
9572,Cliente09572,cliente09572@example.com,Salta,2022-03-12
9573,Cliente09573,cliente09573@example.com,Mendoza,2021-02-02
9574,Cliente09574,cliente09574@example.com,Chubut,2023-03-18
9575,Cliente09575,cliente09575@example.com,Córdoba,2021-11-27
9576,Cliente09576,cliente09576@example.com,Neuquén,2020-12-02
9577,Cliente09577,cliente09577@example.com,Salta,2020-06-12
9578,Cliente09578,cliente09578@example.com,Tucumán,2021-01-17
9579,Cliente09579,cliente09579@example.com,Chubut,2021-11-22
9580,Cliente09580,cliente09580@example.com,Santa Fe,2020-12-30
9581,Cliente09581,cliente09581@example.com,Tucumán,2022-03-07
9582,Cliente09582,cliente09582@example.com,Rosario,2023-03-24
9583,Cliente09583,cliente09583@example.com,Rosario,2022-04-06
9584,Cliente09584,cliente09584@example.com,San Luis,2021-03-29
9585,Cliente09585,cliente09585@example.com,Mendoza,2021-12-04
9586,Cliente09586,cliente09586@example.com,Chubut,2023-05-30
9587,Cliente09587,cliente09587@example.com,Tucumán,2020-07-28
9588,Cliente09588,cliente09588@example.com,Mendoza,2022-10-30
9589,Cliente09589,cliente09589@example.com,Córdoba,2023-02-20
9590,Cliente09590,cliente09590@example.com,Neuquén,2022-01-26
9591,Cliente09591,cliente09591@example.com,Tucumán,2020-02-22
9592,Cliente09592,cliente09592@example.com,Santa Fe,2022-11-28
9593,Cliente09593,cliente09593@example.com,Salta,2022-03-02
9594,Cliente09594,cliente09594@example.com,Chubut,2021-10-26
9595,Cliente09595,cliente09595@example.com,CABA,2023-06-03
9596,Cliente09596,cliente09596@example.com,Tucumán,2022-09-25
9597,Cliente09597,cliente09597@example.com,Salta,2021-06-19
9598,Cliente09598,cliente09598@example.com,Mendoza,2020-01-16
9599,Cliente09599,cliente09599@example.com,Mendoza,2021-09-19
9600,Cliente09600,cliente09600@example.com,San Luis,2020-09-02
9601,Cliente09601,cliente09601@example.com,Chubut,2023-03-27
9602,Cliente09602,cliente09602@example.com,Córdoba,2020-08-19
9603,Cliente09603,cliente09603@example.com,Santa Fe,2023-05-11
9604,Cliente09604,cliente09604@example.com,Santa Fe,2020-12-03
9605,Cliente09605,cliente09605@example.com,CABA,2021-02-11
9606,Cliente09606,cliente09606@example.com,Chubut,2023-12-14
9607,Cliente09607,cliente09607@example.com,Tucumán,2023-04-06
9608,Cliente09608,cliente09608@example.com,Mendoza,2021-07-05
9609,Cliente09609,cliente09609@example.com,CABA,2020-06-25
9610,Cliente09610,cliente09610@example.com,Tucumán,2021-03-06
9611,Cliente09611,cliente09611@example.com,Neuquén,2021-09-21
9612,Cliente09612,cliente09612@example.com,Córdoba,2021-10-28
9613,Cliente09613,cliente09613@example.com,Salta,2022-07-18
9614,Cliente09614,cliente09614@example.com,Córdoba,2021-10-31
9615,Cliente09615,cliente09615@example.com,Tucumán,2021-02-18
9616,Cliente09616,cliente09616@example.com,Córdoba,2021-03-19
9617,Cliente09617,cliente09617@example.com,Rosario,2022-01-19
9618,Cliente09618,cliente09618@example.com,San Luis,2021-03-15
9619,Cliente09619,cliente09619@example.com,Neuquén,2022-09-01
9620,Cliente09620,cliente09620@example.com,Chubut,2020-07-18
9621,Cliente09621,cliente09621@example.com,Mendoza,2022-05-22
9622,Cliente09622,cliente09622@example.com,Santa Fe,2021-10-11
9623,Cliente09623,cliente09623@example.com,CABA,2020-02-02
9624,Cliente09624,cliente09624@example.com,San Luis,2021-06-28
9625,Cliente09625,cliente09625@example.com,Rosario,2023-11-28
9626,Cliente09626,cliente09626@example.com,Córdoba,2021-08-03
9627,Cliente09627,cliente09627@example.com,Córdoba,2020-03-13
9628,Cliente09628,cliente09628@example.com,Tucumán,2020-12-29
9629,Cliente09629,cliente09629@example.com,Santa Fe,2022-02-23
9630,Cliente09630,cliente09630@example.com,San Luis,2022-12-19
9631,Cliente09631,cliente09631@example.com,Córdoba,2023-11-26
9632,Cliente09632,cliente09632@example.com,San Luis,2022-12-08
9633,Cliente09633,cliente09633@example.com,Santa Fe,2023-02-23
9634,Cliente09634,cliente09634@example.com,CABA,2023-05-24
9635,Cliente09635,cliente09635@example.com,Rosario,2022-09-05
9636,Cliente09636,cliente09636@example.com,CABA,2021-07-10
9637,Cliente09637,cliente09637@example.com,Tucumán,2020-09-22
9638,Cliente09638,cliente09638@example.com,Mendoza,2022-11-19
9639,Cliente09639,cliente09639@example.com,Chubut,2023-02-16
9640,Cliente09640,cliente09640@example.com,Tucumán,2022-04-03
9641,Cliente09641,cliente09641@example.com,Rosario,2020-10-07
9642,Cliente09642,cliente09642@example.com,Tucumán,2023-02-15
9643,Cliente09643,cliente09643@example.com,Neuquén,2022-05-02
9644,Cliente09644,cliente09644@example.com,CABA,2021-10-26
9645,Cliente09645,cliente09645@example.com,San Luis,2022-11-03
9646,Cliente09646,cliente09646@example.com,Neuquén,2022-07-10
9647,Cliente09647,cliente09647@example.com,Chubut,2022-06-24
9648,Cliente09648,cliente09648@example.com,Salta,2021-09-03
9649,Cliente09649,cliente09649@example.com,Rosario,2020-10-10
9650,Cliente09650,cliente09650@example.com,Santa Fe,2023-12-17
9651,Cliente09651,cliente09651@example.com,Tucumán,2022-11-10
9652,Cliente09652,cliente09652@example.com,Tucumán,2023-10-02
9653,Cliente09653,cliente09653@example.com,Salta,2023-01-13
9654,Cliente09654,cliente09654@example.com,Tucumán,2023-04-19
9655,Cliente09655,cliente09655@example.com,Neuquén,2022-01-14
9656,Cliente09656,cliente09656@example.com,Tucumán,2023-12-30
9657,Cliente09657,cliente09657@example.com,San Luis,2021-08-12
9658,Cliente09658,cliente09658@example.com,Rosario,2022-10-25
9659,Cliente09659,cliente09659@example.com,Rosario,2021-09-15
9660,Cliente09660,cliente09660@example.com,San Luis,2020-08-31
9661,Cliente09661,cliente09661@example.com,Córdoba,2023-11-20
9662,Cliente09662,cliente09662@example.com,Neuquén,2021-11-11
9663,Cliente09663,cliente09663@example.com,CABA,2020-10-05
9664,Cliente09664,cliente09664@example.com,CABA,2020-03-21
9665,Cliente09665,cliente09665@example.com,CABA,2020-11-15
9666,Cliente09666,cliente09666@example.com,Salta,2022-02-01
9667,Cliente09667,cliente09667@example.com,Mendoza,2023-04-15
9668,Cliente09668,cliente09668@example.com,Mendoza,2020-05-28
9669,Cliente09669,cliente09669@example.com,Mendoza,2020-09-25
9670,Cliente09670,cliente09670@example.com,Córdoba,2021-10-29
9671,Cliente09671,cliente09671@example.com,Tucumán,2020-05-21
9672,Cliente09672,cliente09672@example.com,Mendoza,2020-01-12
9673,Cliente09673,cliente09673@example.com,Tucumán,2021-11-27
9674,Cliente09674,cliente09674@example.com,Santa Fe,2020-03-10
9675,Cliente09675,cliente09675@example.com,Chubut,2021-02-21
9676,Cliente09676,cliente09676@example.com,Neuquén,2023-02-11
9677,Cliente09677,cliente09677@example.com,Rosario,2023-10-28
9678,Cliente09678,cliente09678@example.com,Córdoba,2021-08-04
9679,Cliente09679,cliente09679@example.com,Salta,2021-08-05
9680,Cliente09680,cliente09680@example.com,Chubut,2022-12-10
9681,Cliente09681,cliente09681@example.com,San Luis,2022-02-23
9682,Cliente09682,cliente09682@example.com,Neuquén,2023-04-16
9683,Cliente09683,cliente09683@example.com,San Luis,2022-10-01
9684,Cliente09684,cliente09684@example.com,Rosario,2022-10-20
9685,Cliente09685,cliente09685@example.com,Mendoza,2022-05-16
9686,Cliente09686,cliente09686@example.com,Santa Fe,2023-07-29
9687,Cliente09687,cliente09687@example.com,Santa Fe,2021-08-22
9688,Cliente09688,cliente09688@example.com,Neuquén,2020-11-02
9689,Cliente09689,cliente09689@example.com,CABA,2020-09-22
9690,Cliente09690,cliente09690@example.com,Tucumán,2022-11-21
9691,Cliente09691,cliente09691@example.com,Rosario,2022-01-25
9692,Cliente09692,cliente09692@example.com,Salta,2021-03-04
9693,Cliente09693,cliente09693@example.com,Córdoba,2022-12-12
9694,Cliente09694,cliente09694@example.com,Mendoza,2020-12-20
9695,Cliente09695,cliente09695@example.com,Chubut,2020-08-04
9696,Cliente09696,cliente09696@example.com,Rosario,2021-01-24
9697,Cliente09697,cliente09697@example.com,Córdoba,2020-09-15
9698,Cliente09698,cliente09698@example.com,Mendoza,2023-05-27
9699,Cliente09699,cliente09699@example.com,Rosario,2023-08-14
9700,Cliente09700,cliente09700@example.com,CABA,2023-07-07
9701,Cliente09701,cliente09701@example.com,Salta,2023-07-02
9702,Cliente09702,cliente09702@example.com,Córdoba,2020-04-30
9703,Cliente09703,cliente09703@example.com,Neuquén,2020-01-17
9704,Cliente09704,cliente09704@example.com,Córdoba,2022-11-30
9705,Cliente09705,cliente09705@example.com,Mendoza,2022-04-30
9706,Cliente09706,cliente09706@example.com,Salta,2022-09-29
9707,Cliente09707,cliente09707@example.com,Rosario,2021-02-21
9708,Cliente09708,cliente09708@example.com,Chubut,2022-08-06
9709,Cliente09709,cliente09709@example.com,Tucumán,2020-02-19
9710,Cliente09710,cliente09710@example.com,Chubut,2020-12-04
9711,Cliente09711,cliente09711@example.com,Santa Fe,2022-04-07
9712,Cliente09712,cliente09712@example.com,Chubut,2023-12-17
9713,Cliente09713,cliente09713@example.com,Córdoba,2023-09-24
9714,Cliente09714,cliente09714@example.com,Santa Fe,2020-12-28
9715,Cliente09715,cliente09715@example.com,Rosario,2021-12-17
9716,Cliente09716,cliente09716@example.com,Santa Fe,2022-08-08
9717,Cliente09717,cliente09717@example.com,Tucumán,2021-06-17
9718,Cliente09718,cliente09718@example.com,Tucumán,2023-02-25
9719,Cliente09719,cliente09719@example.com,Salta,2022-09-17
9720,Cliente09720,cliente09720@example.com,Rosario,2022-02-15
9721,Cliente09721,cliente09721@example.com,Rosario,2023-03-15
9722,Cliente09722,cliente09722@example.com,CABA,2021-10-28
9723,Cliente09723,cliente09723@example.com,Rosario,2023-06-20
9724,Cliente09724,cliente09724@example.com,Córdoba,2022-11-12
9725,Cliente09725,cliente09725@example.com,Santa Fe,2022-02-22
9726,Cliente09726,cliente09726@example.com,Chubut,2021-05-08
9727,Cliente09727,cliente09727@example.com,Córdoba,2022-03-14
9728,Cliente09728,cliente09728@example.com,CABA,2023-01-30
9729,Cliente09729,cliente09729@example.com,Rosario,2022-06-19
9730,Cliente09730,cliente09730@example.com,Córdoba,2023-08-14
9731,Cliente09731,cliente09731@example.com,Santa Fe,2020-12-25
9732,Cliente09732,cliente09732@example.com,Córdoba,2022-07-25
9733,Cliente09733,cliente09733@example.com,Mendoza,2021-02-10
9734,Cliente09734,cliente09734@example.com,Santa Fe,2021-03-20
9735,Cliente09735,cliente09735@example.com,San Luis,2023-09-04
9736,Cliente09736,cliente09736@example.com,San Luis,2021-01-16
9737,Cliente09737,cliente09737@example.com,CABA,2021-10-29
9738,Cliente09738,cliente09738@example.com,Rosario,2020-12-19
9739,Cliente09739,cliente09739@example.com,Rosario,2023-03-26
9740,Cliente09740,cliente09740@example.com,San Luis,2023-06-13
9741,Cliente09741,cliente09741@example.com,Mendoza,2022-04-23
9742,Cliente09742,cliente09742@example.com,Rosario,2020-07-25
9743,Cliente09743,cliente09743@example.com,Neuquén,2021-10-31
9744,Cliente09744,cliente09744@example.com,San Luis,2020-06-03
9745,Cliente09745,cliente09745@example.com,Salta,2021-04-28
9746,Cliente09746,cliente09746@example.com,Chubut,2023-02-01
9747,Cliente09747,cliente09747@example.com,Rosario,2021-04-29
9748,Cliente09748,cliente09748@example.com,Rosario,2021-10-27
9749,Cliente09749,cliente09749@example.com,Tucumán,2023-12-09
9750,Cliente09750,cliente09750@example.com,Mendoza,2023-03-28
9751,Cliente09751,cliente09751@example.com,Chubut,2021-02-20
9752,Cliente09752,cliente09752@example.com,Tucumán,2023-02-12
9753,Cliente09753,cliente09753@example.com,Salta,2021-06-30
9754,Cliente09754,cliente09754@example.com,Neuquén,2020-09-07
9755,Cliente09755,cliente09755@example.com,Santa Fe,2023-08-13
9756,Cliente09756,cliente09756@example.com,Santa Fe,2022-10-06
9757,Cliente09757,cliente09757@example.com,Mendoza,2020-11-26
9758,Cliente09758,cliente09758@example.com,Neuquén,2021-08-16
9759,Cliente09759,cliente09759@example.com,Mendoza,2020-02-10
9760,Cliente09760,cliente09760@example.com,San Luis,2021-11-12
9761,Cliente09761,cliente09761@example.com,Salta,2021-06-03
9762,Cliente09762,cliente09762@example.com,San Luis,2022-10-17
9763,Cliente09763,cliente09763@example.com,San Luis,2020-08-26
9764,Cliente09764,cliente09764@example.com,Rosario,2022-07-04
9765,Cliente09765,cliente09765@example.com,San Luis,2023-04-07
9766,Cliente09766,cliente09766@example.com,Santa Fe,2020-01-06
9767,Cliente09767,cliente09767@example.com,Rosario,2023-03-15
9768,Cliente09768,cliente09768@example.com,Rosario,2022-06-20
9769,Cliente09769,cliente09769@example.com,Córdoba,2020-11-27
9770,Cliente09770,cliente09770@example.com,CABA,2021-11-09
9771,Cliente09771,cliente09771@example.com,Mendoza,2023-09-27
9772,Cliente09772,cliente09772@example.com,San Luis,2022-08-17
9773,Cliente09773,cliente09773@example.com,Chubut,2022-10-16
9774,Cliente09774,cliente09774@example.com,Córdoba,2021-03-14
9775,Cliente09775,cliente09775@example.com,Santa Fe,2023-12-20
9776,Cliente09776,cliente09776@example.com,Tucumán,2020-10-10
9777,Cliente09777,cliente09777@example.com,San Luis,2023-02-17
9778,Cliente09778,cliente09778@example.com,Chubut,2021-05-12
9779,Cliente09779,cliente09779@example.com,Rosario,2020-11-01
9780,Cliente09780,cliente09780@example.com,CABA,2023-10-14
9781,Cliente09781,cliente09781@example.com,Córdoba,2020-10-02
9782,Cliente09782,cliente09782@example.com,Tucumán,2022-03-24
9783,Cliente09783,cliente09783@example.com,CABA,2023-01-27
9784,Cliente09784,cliente09784@example.com,Mendoza,2020-12-20
9785,Cliente09785,cliente09785@example.com,CABA,2020-04-01
9786,Cliente09786,cliente09786@example.com,Salta,2023-02-09
9787,Cliente09787,cliente09787@example.com,Santa Fe,2023-05-27
9788,Cliente09788,cliente09788@example.com,Santa Fe,2022-11-28
9789,Cliente09789,cliente09789@example.com,Chubut,2022-11-02
9790,Cliente09790,cliente09790@example.com,San Luis,2022-06-16
9791,Cliente09791,cliente09791@example.com,Tucumán,2023-11-01
9792,Cliente09792,cliente09792@example.com,Mendoza,2023-11-20
9793,Cliente09793,cliente09793@example.com,Tucumán,2023-09-28
9794,Cliente09794,cliente09794@example.com,Chubut,2022-01-01
9795,Cliente09795,cliente09795@example.com,Rosario,2021-04-29
9796,Cliente09796,cliente09796@example.com,Chubut,2022-03-18
9797,Cliente09797,cliente09797@example.com,CABA,2020-03-23
9798,Cliente09798,cliente09798@example.com,Mendoza,2020-02-05
9799,Cliente09799,cliente09799@example.com,Salta,2021-09-10
9800,Cliente09800,cliente09800@example.com,Mendoza,2022-03-05
9801,Cliente09801,cliente09801@example.com,Córdoba,2023-03-18
9802,Cliente09802,cliente09802@example.com,San Luis,2021-10-18
9803,Cliente09803,cliente09803@example.com,Córdoba,2022-07-31
9804,Cliente09804,cliente09804@example.com,Córdoba,2021-12-11
9805,Cliente09805,cliente09805@example.com,Rosario,2021-03-06
9806,Cliente09806,cliente09806@example.com,San Luis,2020-07-10
9807,Cliente09807,cliente09807@example.com,CABA,2020-11-01
9808,Cliente09808,cliente09808@example.com,San Luis,2020-12-08
9809,Cliente09809,cliente09809@example.com,San Luis,2021-12-14
9810,Cliente09810,cliente09810@example.com,CABA,2020-07-08
9811,Cliente09811,cliente09811@example.com,Salta,2021-02-11
9812,Cliente09812,cliente09812@example.com,Santa Fe,2021-07-21
9813,Cliente09813,cliente09813@example.com,Chubut,2021-01-29
9814,Cliente09814,cliente09814@example.com,CABA,2023-06-07
9815,Cliente09815,cliente09815@example.com,Mendoza,2020-01-11
9816,Cliente09816,cliente09816@example.com,San Luis,2022-05-01
9817,Cliente09817,cliente09817@example.com,Santa Fe,2020-06-18
9818,Cliente09818,cliente09818@example.com,Mendoza,2023-11-07
9819,Cliente09819,cliente09819@example.com,San Luis,2022-10-20
9820,Cliente09820,cliente09820@example.com,Córdoba,2023-05-31
9821,Cliente09821,cliente09821@example.com,Córdoba,2020-10-24
9822,Cliente09822,cliente09822@example.com,Neuquén,2020-04-09
9823,Cliente09823,cliente09823@example.com,Rosario,2020-11-06
9824,Cliente09824,cliente09824@example.com,Córdoba,2021-02-28
9825,Cliente09825,cliente09825@example.com,Rosario,2020-08-29
9826,Cliente09826,cliente09826@example.com,Santa Fe,2022-04-19
9827,Cliente09827,cliente09827@example.com,Santa Fe,2023-09-14
9828,Cliente09828,cliente09828@example.com,Rosario,2020-04-19
9829,Cliente09829,cliente09829@example.com,Córdoba,2023-05-25
9830,Cliente09830,cliente09830@example.com,Córdoba,2020-08-25
9831,Cliente09831,cliente09831@example.com,Córdoba,2022-02-22
9832,Cliente09832,cliente09832@example.com,Neuquén,2020-08-02
9833,Cliente09833,cliente09833@example.com,Rosario,2021-01-05
9834,Cliente09834,cliente09834@example.com,CABA,2020-09-04
9835,Cliente09835,cliente09835@example.com,San Luis,2020-03-06
9836,Cliente09836,cliente09836@example.com,Santa Fe,2020-10-05
9837,Cliente09837,cliente09837@example.com,Tucumán,2023-09-17
9838,Cliente09838,cliente09838@example.com,Chubut,2022-06-15
9839,Cliente09839,cliente09839@example.com,Mendoza,2021-02-09
9840,Cliente09840,cliente09840@example.com,San Luis,2021-03-14
9841,Cliente09841,cliente09841@example.com,CABA,2021-08-24
9842,Cliente09842,cliente09842@example.com,San Luis,2021-01-29
9843,Cliente09843,cliente09843@example.com,Neuquén,2022-02-17
9844,Cliente09844,cliente09844@example.com,Tucumán,2021-03-02
9845,Cliente09845,cliente09845@example.com,Chubut,2020-01-28
9846,Cliente09846,cliente09846@example.com,Rosario,2022-07-21
9847,Cliente09847,cliente09847@example.com,Salta,2022-12-02
9848,Cliente09848,cliente09848@example.com,Córdoba,2020-11-02
9849,Cliente09849,cliente09849@example.com,Salta,2020-12-26
9850,Cliente09850,cliente09850@example.com,Córdoba,2020-07-03
9851,Cliente09851,cliente09851@example.com,Salta,2020-02-16
9852,Cliente09852,cliente09852@example.com,Chubut,2023-10-30
9853,Cliente09853,cliente09853@example.com,Neuquén,2023-07-04
9854,Cliente09854,cliente09854@example.com,Chubut,2020-10-14
9855,Cliente09855,cliente09855@example.com,Tucumán,2020-01-18
9856,Cliente09856,cliente09856@example.com,San Luis,2023-09-23
9857,Cliente09857,cliente09857@example.com,Tucumán,2020-10-02
9858,Cliente09858,cliente09858@example.com,Rosario,2023-05-06
9859,Cliente09859,cliente09859@example.com,Salta,2022-02-08
9860,Cliente09860,cliente09860@example.com,Rosario,2020-02-05
9861,Cliente09861,cliente09861@example.com,San Luis,2021-01-31
9862,Cliente09862,cliente09862@example.com,Tucumán,2021-12-17
9863,Cliente09863,cliente09863@example.com,Neuquén,2020-05-15
9864,Cliente09864,cliente09864@example.com,CABA,2021-03-15
9865,Cliente09865,cliente09865@example.com,San Luis,2023-05-06
9866,Cliente09866,cliente09866@example.com,Tucumán,2020-09-19
9867,Cliente09867,cliente09867@example.com,San Luis,2022-10-13
9868,Cliente09868,cliente09868@example.com,CABA,2020-07-18
9869,Cliente09869,cliente09869@example.com,Mendoza,2022-07-18
9870,Cliente09870,cliente09870@example.com,Córdoba,2020-10-17
9871,Cliente09871,cliente09871@example.com,Salta,2021-01-25
9872,Cliente09872,cliente09872@example.com,Neuquén,2022-01-05
9873,Cliente09873,cliente09873@example.com,Chubut,2021-10-30
9874,Cliente09874,cliente09874@example.com,Chubut,2022-01-20
9875,Cliente09875,cliente09875@example.com,Neuquén,2021-09-20
9876,Cliente09876,cliente09876@example.com,Rosario,2021-03-10
9877,Cliente09877,cliente09877@example.com,CABA,2021-06-15
9878,Cliente09878,cliente09878@example.com,Córdoba,2020-11-15
9879,Cliente09879,cliente09879@example.com,CABA,2020-10-15
9880,Cliente09880,cliente09880@example.com,Santa Fe,2020-04-20
9881,Cliente09881,cliente09881@example.com,Neuquén,2020-09-09
9882,Cliente09882,cliente09882@example.com,Tucumán,2023-06-11
9883,Cliente09883,cliente09883@example.com,Rosario,2022-09-08
9884,Cliente09884,cliente09884@example.com,Mendoza,2023-02-15
9885,Cliente09885,cliente09885@example.com,Santa Fe,2021-07-23
9886,Cliente09886,cliente09886@example.com,CABA,2020-12-06
9887,Cliente09887,cliente09887@example.com,San Luis,2023-06-22
9888,Cliente09888,cliente09888@example.com,CABA,2022-06-26
9889,Cliente09889,cliente09889@example.com,Córdoba,2022-06-02
9890,Cliente09890,cliente09890@example.com,Neuquén,2023-04-24
9891,Cliente09891,cliente09891@example.com,CABA,2022-04-24
9892,Cliente09892,cliente09892@example.com,Mendoza,2020-09-23
9893,Cliente09893,cliente09893@example.com,Rosario,2021-07-30
9894,Cliente09894,cliente09894@example.com,Chubut,2023-08-24
9895,Cliente09895,cliente09895@example.com,Córdoba,2021-12-02
9896,Cliente09896,cliente09896@example.com,Tucumán,2021-06-18
9897,Cliente09897,cliente09897@example.com,Rosario,2023-11-02
9898,Cliente09898,cliente09898@example.com,CABA,2021-03-30
9899,Cliente09899,cliente09899@example.com,Salta,2020-03-07
9900,Cliente09900,cliente09900@example.com,Mendoza,2020-04-30
9901,Cliente09901,cliente09901@example.com,Córdoba,2020-02-04
9902,Cliente09902,cliente09902@example.com,San Luis,2022-01-13
9903,Cliente09903,cliente09903@example.com,Neuquén,2022-10-13
9904,Cliente09904,cliente09904@example.com,San Luis,2023-08-03
9905,Cliente09905,cliente09905@example.com,Santa Fe,2022-01-24
9906,Cliente09906,cliente09906@example.com,Neuquén,2021-09-23
9907,Cliente09907,cliente09907@example.com,San Luis,2020-05-12
9908,Cliente09908,cliente09908@example.com,Tucumán,2022-06-25
9909,Cliente09909,cliente09909@example.com,San Luis,2023-10-18
9910,Cliente09910,cliente09910@example.com,Tucumán,2022-01-31
9911,Cliente09911,cliente09911@example.com,Salta,2022-05-20
9912,Cliente09912,cliente09912@example.com,Rosario,2021-05-19
9913,Cliente09913,cliente09913@example.com,Salta,2022-09-09
9914,Cliente09914,cliente09914@example.com,Córdoba,2020-10-07
9915,Cliente09915,cliente09915@example.com,Salta,2022-08-03
9916,Cliente09916,cliente09916@example.com,Neuquén,2020-01-06
9917,Cliente09917,cliente09917@example.com,Córdoba,2020-03-31
9918,Cliente09918,cliente09918@example.com,Chubut,2020-05-01
9919,Cliente09919,cliente09919@example.com,Córdoba,2022-11-19
9920,Cliente09920,cliente09920@example.com,Córdoba,2020-03-20
9921,Cliente09921,cliente09921@example.com,Mendoza,2020-02-24
9922,Cliente09922,cliente09922@example.com,Neuquén,2023-02-08
9923,Cliente09923,cliente09923@example.com,Mendoza,2020-07-24
9924,Cliente09924,cliente09924@example.com,Santa Fe,2022-03-27
9925,Cliente09925,cliente09925@example.com,Salta,2020-07-03
9926,Cliente09926,cliente09926@example.com,Santa Fe,2020-11-27
9927,Cliente09927,cliente09927@example.com,Neuquén,2022-11-23
9928,Cliente09928,cliente09928@example.com,CABA,2023-01-19
9929,Cliente09929,cliente09929@example.com,CABA,2022-11-24
9930,Cliente09930,cliente09930@example.com,Córdoba,2023-10-04
9931,Cliente09931,cliente09931@example.com,Tucumán,2022-07-06
9932,Cliente09932,cliente09932@example.com,Córdoba,2020-10-30
9933,Cliente09933,cliente09933@example.com,San Luis,2020-03-03
9934,Cliente09934,cliente09934@example.com,Córdoba,2021-12-02
9935,Cliente09935,cliente09935@example.com,CABA,2022-08-07
9936,Cliente09936,cliente09936@example.com,Córdoba,2021-02-04
9937,Cliente09937,cliente09937@example.com,Chubut,2020-03-27
9938,Cliente09938,cliente09938@example.com,Neuquén,2022-07-16
9939,Cliente09939,cliente09939@example.com,Córdoba,2021-05-19
9940,Cliente09940,cliente09940@example.com,CABA,2022-08-04
9941,Cliente09941,cliente09941@example.com,Mendoza,2021-11-11
9942,Cliente09942,cliente09942@example.com,Córdoba,2020-04-07
9943,Cliente09943,cliente09943@example.com,Salta,2022-01-09
9944,Cliente09944,cliente09944@example.com,Chubut,2021-07-18
9945,Cliente09945,cliente09945@example.com,Santa Fe,2021-09-06
9946,Cliente09946,cliente09946@example.com,Mendoza,2022-03-31
9947,Cliente09947,cliente09947@example.com,Rosario,2020-08-21
9948,Cliente09948,cliente09948@example.com,Mendoza,2020-02-20
9949,Cliente09949,cliente09949@example.com,CABA,2023-03-03
9950,Cliente09950,cliente09950@example.com,Neuquén,2021-01-07
9951,Cliente09951,cliente09951@example.com,Tucumán,2022-12-24
9952,Cliente09952,cliente09952@example.com,Chubut,2023-10-17
9953,Cliente09953,cliente09953@example.com,Tucumán,2022-07-04
9954,Cliente09954,cliente09954@example.com,Neuquén,2023-12-11
9955,Cliente09955,cliente09955@example.com,Neuquén,2023-05-05
9956,Cliente09956,cliente09956@example.com,Salta,2022-10-13
9957,Cliente09957,cliente09957@example.com,CABA,2021-02-22
9958,Cliente09958,cliente09958@example.com,Córdoba,2023-02-23
9959,Cliente09959,cliente09959@example.com,CABA,2021-11-14
9960,Cliente09960,cliente09960@example.com,Mendoza,2023-10-06
9961,Cliente09961,cliente09961@example.com,Mendoza,2023-05-28
9962,Cliente09962,cliente09962@example.com,Neuquén,2020-11-16
9963,Cliente09963,cliente09963@example.com,Santa Fe,2021-06-04
9964,Cliente09964,cliente09964@example.com,Neuquén,2022-03-17
9965,Cliente09965,cliente09965@example.com,Neuquén,2020-10-31
9966,Cliente09966,cliente09966@example.com,Córdoba,2021-12-24
9967,Cliente09967,cliente09967@example.com,San Luis,2020-05-11
9968,Cliente09968,cliente09968@example.com,Chubut,2021-05-07
9969,Cliente09969,cliente09969@example.com,Rosario,2023-12-03
9970,Cliente09970,cliente09970@example.com,Santa Fe,2020-02-08
9971,Cliente09971,cliente09971@example.com,CABA,2020-04-27
9972,Cliente09972,cliente09972@example.com,Salta,2022-04-05
9973,Cliente09973,cliente09973@example.com,Neuquén,2022-05-21
9974,Cliente09974,cliente09974@example.com,Córdoba,2021-09-28
9975,Cliente09975,cliente09975@example.com,Tucumán,2023-07-07
9976,Cliente09976,cliente09976@example.com,San Luis,2020-02-21
9977,Cliente09977,cliente09977@example.com,Córdoba,2020-08-26
9978,Cliente09978,cliente09978@example.com,CABA,2022-07-04
9979,Cliente09979,cliente09979@example.com,San Luis,2022-09-21
9980,Cliente09980,cliente09980@example.com,Santa Fe,2020-09-11
9981,Cliente09981,cliente09981@example.com,Salta,2020-03-17
9982,Cliente09982,cliente09982@example.com,CABA,2023-09-03
9983,Cliente09983,cliente09983@example.com,Salta,2023-04-14
9984,Cliente09984,cliente09984@example.com,Mendoza,2023-01-18
9985,Cliente09985,cliente09985@example.com,Chubut,2020-05-19
9986,Cliente09986,cliente09986@example.com,San Luis,2023-12-04
9987,Cliente09987,cliente09987@example.com,Salta,2023-03-21
9988,Cliente09988,cliente09988@example.com,CABA,2021-10-07
9989,Cliente09989,cliente09989@example.com,Mendoza,2023-09-29
9990,Cliente09990,cliente09990@example.com,Córdoba,2021-10-10
9991,Cliente09991,cliente09991@example.com,Rosario,2020-03-27
9992,Cliente09992,cliente09992@example.com,Salta,2023-06-04
9993,Cliente09993,cliente09993@example.com,San Luis,2022-10-24
9994,Cliente09994,cliente09994@example.com,CABA,2023-04-22
9995,Cliente09995,cliente09995@example.com,Salta,2023-08-17
9996,Cliente09996,cliente09996@example.com,San Luis,2022-10-14
9997,Cliente09997,cliente09997@example.com,Neuquén,2023-05-26
9998,Cliente09998,cliente09998@example.com,Chubut,2022-10-06
9999,Cliente09999,cliente09999@example.com,Mendoza,2023-08-20
10000,Cliente10000,cliente10000@example.com,Córdoba,2021-02-10
