venta_id,cliente_id,producto_id,fecha_venta,cantidad,descuento
1,3783,352,2023-07-10,1,0
15,6722,504,2023-04-06,1,20
17,2494,355,2023-10-10,4,15
19,1622,434,2023-09-11,5,0
24,544,379,2023-11-02,1,5
32,5796,533,2023-08-06,2,0
47,7732,466,2023-11-05,1,0
49,5337,294,2023-10-04,2,5
51,1061,528,2023-10-07,5,0
57,4948,548,2023-01-12,1,5
64,9022,597,2023-01-03,1,0
88,7561,486,2023-10-10,1,5
89,6244,217,2023-02-05,1,0
97,3590,355,2023-03-09,1,5
118,1323,449,2023-07-09,1,0
124,3787,371,2023-02-05,1,10
129,4686,313,2023-12-05,3,2
134,3046,188,2023-11-12,1,10
141,8423,283,2023-12-08,2,0
144,5993,427,2023-12-12,1,0
147,3831,377,2023-10-06,2,0
157,3805,284,2023-02-04,1,0
160,3434,270,2023-12-11,1,0
169,6109,168,2023-04-11,1,5
170,6572,101,2023-06-02,1,0
186,2302,139,2023-05-10,1,0
198,3206,131,2023-08-03,1,10
205,1067,173,2023-02-10,3,5
213,2158,455,2023-10-12,1,0
226,6538,323,2023-03-01,1,2
237,5415,202,2023-07-10,1,0
243,1231,244,2023-10-11,3,0
245,3225,449,2023-03-11,2,5
249,8472,142,2023-02-07,2,15
251,5633,338,2023-09-07,2,5
252,3557,448,2023-02-05,2,0
259,755,228,2023-02-04,1,2
260,8639,196,2023-05-07,2,0
263,5259,462,2023-11-09,2,0
272,3499,136,2023-05-08,2,0
275,7658,115,2023-03-02,3,5
287,7727,471,2023-09-11,1,0
290,2282,183,2023-08-11,2,0
298,5773,219,2023-04-02,1,2
305,4136,421,2023-12-12,1,2
320,6762,598,2023-02-04,2,5
321,4286,400,2023-08-08,1,10
328,3174,335,2023-07-03,1,2
335,2997,474,2023-01-11,1,5
344,5486,366,2023-11-06,3,0
346,1283,279,2023-09-05,2,5
347,4507,538,2023-11-06,1,0
359,6330,212,2023-06-03,5,0
372,356,319,2023-01-02,1,10
380,6540,573,2023-04-02,1,0
398,5169,481,2023-02-08,1,20
402,2136,411,2023-11-12,2,0
410,8712,172,2023-12-09,3,2
427,5331,478,2023-12-01,2,2
430,5680,502,2023-09-05,2,5
436,7330,176,2023-06-11,3,5
444,7380,321,2023-12-06,2,5
459,758,499,2023-08-12,2,0
463,9785,141,2023-03-02,1,0
471,7083,307,2023-01-04,4,10
474,4786,347,2023-12-04,3,0
478,9006,343,2023-11-06,3,0
505,356,512,2023-04-05,1,0
519,734,260,2023-09-12,1,0
536,3320,515,2023-07-03,1,5
541,3086,175,2023-10-11,3,0
542,2424,239,2023-06-03,2,0
543,8657,502,2023-02-05,4,0
544,1809,394,2023-09-01,3,0
547,5981,471,2023-01-04,5,0
551,3823,331,2023-05-12,1,2
562,1207,350,2023-03-08,5,0
574,7144,530,2023-02-01,2,2
583,5210,593,2023-05-08,1,5
587,8695,501,2023-01-09,1,0
588,8127,283,2023-08-02,2,0
601,8690,168,2023-07-07,3,5
608,8368,321,2023-03-05,4,5
614,8240,574,2023-11-09,1,0
617,3082,295,2023-04-08,3,0
618,5773,314,2023-09-03,2,0
625,9578,177,2023-11-02,4,0
631,8184,120,2023-08-11,1,0
632,872,430,2023-03-02,5,0
639,5580,527,2023-04-12,2,0
652,1404,517,2023-01-08,1,2
654,1850,249,2023-10-02,1,0
655,8409,593,2023-12-05,3,10
657,5267,179,2023-03-01,1,0
662,9829,164,2023-01-04,1,10
684,3398,404,2023-06-03,5,0
691,3785,141,2023-09-07,2,2
697,6546,202,2023-12-10,2,0
698,6793,165,2023-07-10,1,10
700,4215,383,2023-12-04,1,5
707,5492,476,2023-12-01,1,0
709,7977,532,2023-02-07,3,10
714,7261,480,2023-06-09,3,10
729,338,244,2023-10-03,1,0
733,1999,221,2023-03-05,1,5
738,9829,557,2023-04-10,4,2
745,6716,576,2023-05-07,3,2
754,6727,217,2023-08-07,3,10
757,3046,129,2023-07-09,1,2
758,5706,469,2023-03-05,1,0
760,8457,463,2023-05-08,1,0
767,8058,376,2023-10-09,4,0
781,4647,340,2023-09-01,3,0
783,4016,170,2023-01-04,3,10
785,7598,289,2023-05-08,4,0
795,6945,502,2023-04-12,2,10
815,4877,380,2023-08-06,5,2
827,8703,233,2023-11-12,4,0
837,7564,310,2023-01-12,1,0
838,4535,121,2023-12-04,4,0
844,2210,327,2023-11-10,4,0
850,7226,488,2023-02-03,1,10
859,4509,582,2023-01-02,1,0
860,2620,451,2023-09-09,2,20
863,2470,189,2023-11-01,2,0
865,4576,278,2023-07-03,2,2
875,81,401,2023-04-05,3,0
885,6188,330,2023-04-04,1,2
893,5839,447,2023-01-09,2,0
919,1300,565,2023-11-05,2,0
920,4933,527,2023-03-01,1,15
921,8219,324,2023-06-06,2,0
922,8835,471,2023-01-07,1,0
928,9228,503,2023-09-01,2,5
930,4475,586,2023-06-07,4,0
935,5081,290,2023-10-06,1,10
944,9077,286,2023-10-09,1,2
949,4050,129,2023-12-03,2,0
963,2010,408,2023-12-08,2,0
964,7081,167,2023-07-04,1,2
968,9251,473,2023-02-11,4,0
970,1263,411,2023-04-10,2,20
976,6834,453,2023-08-03,1,0
987,3314,145,2023-09-01,2,0
990,3615,351,2023-08-06,1,0
995,2090,411,2023-07-04,2,0
997,3403,553,2023-03-04,3,2
1000,4719,516,2023-12-06,1,5
1003,2426,327,2023-07-05,1,2
1033,2096,267,2023-03-02,1,0
1044,9888,128,2023-02-12,2,10
1045,4818,485,2023-01-07,2,2
1055,9925,465,2023-02-03,5,5
1056,4432,340,2023-06-03,3,2
1057,4151,427,2023-02-04,3,0
1066,6834,510,2023-01-02,2,0
1068,1663,379,2023-01-04,1,0
1072,2585,182,2023-05-12,1,0
1077,2908,141,2023-03-03,1,0
1082,94,454,2023-08-02,2,20
1085,8677,223,2023-04-04,1,10
1087,8075,256,2023-08-06,1,0
1093,3358,186,2023-11-02,2,0
1103,6505,548,2023-04-04,1,0
1104,258,188,2023-04-03,2,0
1106,380,245,2023-11-12,1,5
1107,1272,412,2023-09-07,3,0
1113,661,274,2023-06-12,1,0
1116,9253,114,2023-12-02,2,10
1135,3370,385,2023-02-01,3,0
1138,5789,426,2023-03-08,2,0
1140,8226,356,2023-05-03,2,0
1142,7744,557,2023-07-09,1,5
1146,7454,228,2023-02-08,1,5
1152,3186,226,2023-09-04,1,0
1170,8668,213,2023-08-11,2,2
1171,3844,125,2023-04-05,2,10
1176,1164,572,2023-08-04,1,0
1181,606,298,2023-04-05,1,5
1193,4042,462,2023-04-11,4,0
1206,6868,209,2023-11-05,2,10
1210,1701,370,2023-09-01,3,10
1215,5940,497,2023-09-10,2,0
1224,3672,441,2023-08-07,1,0
1233,9812,356,2023-11-07,1,0
1239,4938,228,2023-02-06,3,0
1243,6770,356,2023-08-12,3,0
1245,5712,253,2023-01-05,4,0
1246,8262,157,2023-12-08,3,2
1247,3311,284,2023-08-10,3,0
1250,2217,199,2023-09-09,1,10
1256,7160,181,2023-09-02,4,15
1258,2226,333,2023-11-09,3,2
1259,4084,128,2023-05-03,1,0
1263,6132,380,2023-07-03,1,15
1268,4804,253,2023-07-06,3,0
1269,9572,104,2023-11-01,1,0
1273,9816,452,2023-07-05,1,10
1278,8115,224,2023-09-04,3,0
1284,8227,274,2023-02-12,4,2
1292,3070,168,2023-05-04,1,0
1298,9366,318,2023-05-12,1,0
1305,279,529,2023-10-07,2,0
1307,6771,197,2023-07-05,2,2
1316,8849,102,2023-07-09,1,5
1323,6786,588,2023-06-11,2,0
1338,5676,171,2023-04-07,5,15
1339,6337,156,2023-02-11,2,2
1342,3109,444,2023-07-11,3,5
1349,5974,592,2023-07-12,2,0
1366,821,487,2023-09-05,5,0
1371,232,535,2023-02-02,1,0
1375,6431,326,2023-01-12,3,2
1387,7335,448,2023-02-06,2,10
1393,8652,152,2023-05-07,1,0
1406,2782,237,2023-04-10,2,10
1409,5956,149,2023-10-09,1,0
1414,1708,491,2023-03-12,3,0
1420,992,191,2023-04-10,1,15
1425,1264,263,2023-11-11,3,5
1430,2633,467,2023-05-12,2,2
1439,5711,224,2023-07-09,1,5
1441,8834,414,2023-01-03,2,0
1442,3917,144,2023-06-04,1,10
1446,6231,285,2023-11-06,1,5
1447,9572,466,2023-08-06,1,0
1459,3925,231,2023-07-11,3,10
1460,567,218,2023-10-12,1,15
1467,986,194,2023-12-11,4,0
1483,2718,250,2023-02-10,2,0
1486,2273,157,2023-04-11,3,0
1496,5839,478,2023-10-07,1,15
1519,5163,177,2023-06-04,2,0
1523,6507,122,2023-09-07,2,0
1525,4756,461,2023-11-11,1,0
1528,7590,119,2023-11-04,2,2
1531,9988,298,2023-04-02,4,2
1532,4110,111,2023-05-05,1,10
1573,10,325,2023-10-02,1,0
1583,7658,557,2023-06-07,5,0
1587,7722,216,2023-04-02,1,5
1592,8202,482,2023-08-06,1,2
1599,2564,419,2023-11-12,1,0
1601,3129,276,2023-04-12,2,5
1618,4114,227,2023-12-06,3,0
1620,9855,228,2023-04-01,1,10
1623,1979,238,2023-06-01,1,5
1630,4762,564,2023-06-06,1,0
1631,4232,174,2023-04-07,1,2
1632,5681,390,2023-10-07,1,5
1634,9176,502,2023-02-11,2,2
1637,4256,482,2023-07-06,1,2
1639,5807,352,2023-06-11,4,2
1653,249,322,2023-11-08,1,2
1655,7512,324,2023-08-09,1,0
1664,3499,243,2023-04-02,4,2
1666,3905,477,2023-12-09,3,0
1672,2842,302,2023-07-01,1,0
1677,7390,495,2023-08-03,2,0
1695,5494,484,2023-09-06,1,2
1710,4873,518,2023-07-07,3,10
1712,5438,133,2023-07-03,1,10
1713,3370,489,2023-10-12,1,10
1716,5486,373,2023-07-11,1,0
1731,1180,194,2023-05-09,1,2
1733,9390,303,2023-06-03,5,0
1746,4886,365,2023-04-08,3,0
1751,7717,518,2023-06-04,1,0
1754,1105,370,2023-07-04,3,2
1755,1035,470,2023-03-08,3,5
1765,4539,447,2023-12-05,1,2
1766,8519,226,2023-07-02,1,15
1767,9022,586,2023-09-05,2,0
1770,197,264,2023-12-07,1,2
1771,9111,556,2023-05-09,1,2
1775,5415,225,2023-07-12,1,5
1779,1217,277,2023-01-01,1,0
1784,6998,184,2023-05-08,1,10
1790,9759,450,2023-05-09,4,10
1793,6395,134,2023-01-12,1,2
1805,1690,169,2023-10-03,1,10
1808,7739,261,2023-06-12,3,2
1813,7620,537,2023-08-12,1,2
1815,4052,545,2023-09-06,1,0
1821,2982,454,2023-12-12,1,0
1822,8468,182,2023-06-05,1,0
1825,7247,185,2023-12-04,2,2
1826,9672,503,2023-05-11,2,2
1840,6685,387,2023-05-04,4,0
1843,6780,124,2023-07-12,2,0
1845,5360,249,2023-06-02,1,10
1862,5707,479,2023-11-09,4,5
1866,7939,120,2023-10-07,1,0
1870,8992,110,2023-10-04,5,10
1886,3613,146,2023-04-10,3,0
1895,7022,170,2023-08-01,1,0
1900,2792,323,2023-10-09,1,0
1901,2539,267,2023-09-05,1,2
1903,3405,374,2023-04-04,1,2
1904,5648,138,2023-03-11,2,0
1906,7885,274,2023-03-01,1,0
1916,4821,399,2023-07-09,5,0
1919,6608,310,2023-03-07,3,2
1927,186,181,2023-01-04,1,0
1929,5987,589,2023-12-03,1,0
1932,1384,112,2023-03-09,3,0
1950,2905,434,2023-07-12,2,0
1956,4077,382,2023-06-09,3,0
1958,5101,285,2023-07-08,2,0
1965,3085,160,2023-11-06,1,2
1968,6141,445,2023-03-06,1,0
1970,3276,572,2023-01-12,1,0
1973,6330,305,2023-01-11,1,0
1982,7082,223,2023-12-05,1,0
1999,877,378,2023-09-05,3,0
2019,5321,197,2023-05-10,1,10
2024,3967,424,2023-08-02,2,10
2026,7017,396,2023-01-11,3,0
2041,814,304,2023-11-12,3,2
2046,884,302,2023-02-07,1,5
2051,3510,366,2023-06-11,4,10
2053,4280,148,2023-10-03,3,0
2082,52,202,2023-11-06,1,2
2084,1003,444,2023-02-04,1,0
2091,8064,347,2023-04-08,2,0
2098,9672,271,2023-03-05,1,2
2107,5264,132,2023-07-10,4,5
2111,561,419,2023-06-05,2,2
2120,2856,125,2023-12-02,1,0
2125,4453,589,2023-07-06,1,0
2129,7221,280,2023-04-03,1,0
2131,2205,262,2023-11-06,1,15
2132,8690,121,2023-11-09,2,5
2136,1784,274,2023-09-12,1,5
2141,4056,163,2023-01-08,1,0
2170,4452,118,2023-10-05,2,5
2177,7757,300,2023-09-12,4,2
2184,4468,531,2023-08-12,1,10
2186,9997,377,2023-12-01,2,5
2195,1624,299,2023-09-08,1,2
2203,6890,562,2023-06-04,1,20
2228,4681,111,2023-07-04,3,0
2236,759,471,2023-11-09,1,2
2246,6601,128,2023-04-03,2,10
2247,4438,228,2023-05-05,3,5
2254,4206,568,2023-02-07,4,0
2261,9116,111,2023-11-12,2,2
2268,2030,217,2023-09-06,2,0
2269,2897,311,2023-05-07,3,10
2271,9232,441,2023-03-07,1,10
2288,892,559,2023-10-07,2,0
2292,2707,276,2023-02-10,3,0
2293,3542,313,2023-04-02,1,2
2300,5689,378,2023-09-11,4,5
2318,7463,318,2023-06-04,1,0
2319,783,265,2023-02-12,3,10
2330,5880,484,2023-03-02,1,0
2332,6123,135,2023-01-05,2,10
2347,1767,374,2023-12-06,2,0
2354,8951,570,2023-08-06,1,0
2358,7955,200,2023-12-07,3,5
2361,4827,338,2023-01-07,2,0
2366,9405,299,2023-05-01,1,10
2376,4452,560,2023-10-12,1,0
2379,8264,453,2023-11-01,3,5
2383,7294,369,2023-04-03,5,5
2384,3952,325,2023-08-02,1,10
2393,2210,117,2023-12-07,3,10
2395,223,492,2023-11-02,1,0
2396,6328,172,2023-12-02,2,0
2397,5188,532,2023-05-06,2,0
2398,5630,440,2023-07-11,1,0
2412,7012,312,2023-10-11,3,2
2417,635,128,2023-04-02,4,10
2421,7500,452,2023-05-12,1,0
2422,3249,181,2023-09-02,5,0
2430,5835,132,2023-05-11,5,0
2431,8034,445,2023-06-11,1,20
2436,1143,445,2023-06-05,1,15
2442,5065,277,2023-05-09,2,10
2449,4778,189,2023-12-08,1,2
2451,2075,317,2023-10-05,1,2
2452,825,596,2023-01-12,3,0
2456,5739,593,2023-12-02,1,5
2458,7658,455,2023-10-01,3,0
2470,3313,167,2023-05-06,2,0
2471,8127,411,2023-11-07,1,0
2473,3959,326,2023-08-08,2,0
2487,829,173,2023-10-02,1,0
2500,3160,476,2023-05-02,3,0
2505,8080,329,2023-09-12,1,0
2511,6116,313,2023-06-06,4,2
2522,384,543,2023-02-06,1,0
2527,6191,158,2023-08-05,1,0
2537,8270,179,2023-04-04,1,0
2551,1028,287,2023-08-02,3,5
2571,7672,315,2023-07-04,4,2
2579,8819,504,2023-08-03,1,2
2584,7710,286,2023-06-01,3,2
2591,5343,469,2023-10-07,5,0
2596,5918,545,2023-04-07,2,0
2603,7812,574,2023-03-05,1,2
2606,8602,116,2023-10-11,2,5
2608,1233,509,2023-06-03,1,5
2618,3317,410,2023-06-08,1,0
2619,6297,437,2023-06-11,1,5
2623,3124,425,2023-05-01,1,0
2629,60,336,2023-06-02,2,0
2632,8284,247,2023-06-04,3,0
2634,8100,354,2023-07-11,1,2
2641,7581,186,2023-06-08,3,2
2645,278,258,2023-06-03,1,0
2650,5639,216,2023-05-02,1,15
2651,1138,336,2023-08-08,3,5
2657,6603,119,2023-07-12,2,10
2666,3327,129,2023-11-11,4,5
2676,6065,545,2023-03-11,2,2
2678,1601,358,2023-08-02,2,2
2679,2302,210,2023-03-03,1,15
2693,9537,580,2023-09-06,1,0
2696,6989,469,2023-01-08,1,0
2705,7375,316,2023-09-03,1,0
2714,7857,293,2023-05-04,2,0
2725,5717,196,2023-12-07,1,2
2746,7069,118,2023-06-12,3,2
2760,8564,555,2023-09-08,1,0
2767,6186,118,2023-04-12,3,0
2771,5006,274,2023-03-01,1,5
2790,6910,403,2023-08-07,1,10
2791,2857,122,2023-09-06,2,5
2792,6789,151,2023-09-11,1,0
2795,613,144,2023-11-04,5,5
2798,4669,381,2023-12-06,2,0
2818,6735,207,2023-06-10,2,0
2821,8994,581,2023-04-01,3,0
2822,1969,108,2023-10-07,3,0
2856,3246,327,2023-11-09,2,0
2867,8945,367,2023-05-06,2,20
2870,2003,377,2023-10-09,1,0
2873,4918,240,2023-06-05,1,2
2874,1045,132,2023-07-08,1,5
2881,7696,284,2023-11-01,1,2
2883,6451,596,2023-12-12,3,10
2896,8701,416,2023-01-04,1,0
2915,5932,245,2023-06-06,1,5
2929,5666,444,2023-06-12,3,0
2931,7058,156,2023-04-02,4,5
2943,2420,555,2023-03-07,2,0
2951,1167,388,2023-08-08,1,0
2959,2079,124,2023-02-04,3,2
2961,6536,523,2023-05-04,2,0
2964,3859,426,2023-06-02,2,10
2968,2054,558,2023-07-06,5,5
2970,479,351,2023-10-09,1,0
2975,766,131,2023-02-11,2,0
2986,999,477,2023-06-05,1,0
2987,7022,479,2023-01-05,2,0
2995,3507,200,2023-07-04,1,0
2998,4291,329,2023-07-05,3,5
3004,868,501,2023-11-12,4,2
3020,9381,292,2023-02-02,2,0
3023,279,552,2023-12-08,3,15
3027,8050,178,2023-03-05,2,0
3035,1374,428,2023-09-07,1,0
3039,1542,461,2023-04-06,1,0
3044,1708,316,2023-02-09,2,2
3054,4056,291,2023-08-09,1,2
3064,5974,514,2023-01-04,1,0
3071,7249,351,2023-11-09,4,0
3078,4016,338,2023-03-06,1,5
3083,9040,362,2023-05-01,2,0
3093,9738,258,2023-05-11,4,2
3094,6700,211,2023-01-05,3,0
3099,5709,334,2023-04-11,1,0
3104,9588,408,2023-01-09,1,5
3107,8324,415,2023-06-09,2,0
3113,8849,531,2023-09-01,4,2
3115,7485,511,2023-08-01,2,0
3122,4477,461,2023-10-03,2,15
3126,830,419,2023-08-12,3,0
3131,606,467,2023-09-09,1,0
3159,7864,300,2023-11-09,2,2
3166,6071,264,2023-11-09,2,0
3167,8709,486,2023-05-12,4,2
3186,2470,149,2023-12-05,3,0
3196,8058,119,2023-01-10,1,5
3198,8342,290,2023-03-08,1,5
3202,3317,565,2023-10-07,2,15
3204,165,256,2023-02-04,4,0
3206,6418,278,2023-12-10,2,5
3209,2684,204,2023-03-03,1,0
3212,1651,479,2023-05-11,1,0
3213,9695,141,2023-05-10,3,0
3215,8972,304,2023-09-02,3,0
3216,9074,311,2023-05-09,4,5
3237,4578,322,2023-02-03,1,0
3241,7952,449,2023-10-01,2,5
3249,3224,540,2023-05-05,3,5
3256,94,347,2023-02-01,1,10
3276,6739,374,2023-01-04,4,2
3279,6584,242,2023-02-08,1,0
3281,4618,184,2023-04-07,2,10
3290,9846,207,2023-06-01,4,0
3293,6070,503,2023-04-01,1,5
3296,1901,236,2023-10-07,1,0
3302,3159,235,2023-10-02,1,2
3312,9680,151,2023-10-12,3,0
3335,1809,145,2023-06-11,1,0
3342,5567,526,2023-02-12,2,0
3343,3574,123,2023-01-06,2,0
3345,6075,557,2023-06-06,1,5
3347,4281,209,2023-02-06,1,0
3354,7836,323,2023-09-06,1,15
3360,7244,536,2023-12-05,1,15
3368,6636,105,2023-06-08,2,2
3372,3660,502,2023-03-08,3,5
3374,2768,339,2023-09-09,4,0
3384,3680,443,2023-04-09,1,0
3393,8570,577,2023-10-08,1,0
3403,3689,194,2023-08-09,3,0
3405,7640,557,2023-07-08,5,2
3409,5223,137,2023-07-03,2,2
3413,5055,214,2023-11-07,1,5
3415,910,327,2023-05-07,1,10
3440,9379,227,2023-09-08,1,0
3454,6952,364,2023-11-07,3,10
3459,8799,144,2023-05-05,1,5
3463,1235,392,2023-09-09,1,0
3478,1381,328,2023-03-02,2,0
3487,9353,491,2023-07-11,1,0
3510,4426,546,2023-02-06,1,5
3519,297,566,2023-03-11,1,2
3522,223,155,2023-03-10,1,15
3532,5415,266,2023-10-05,5,2
3536,3261,391,2023-05-02,1,0
3545,8919,124,2023-11-03,1,0
3550,9708,279,2023-09-09,1,0
3570,3149,299,2023-03-07,1,0
3575,4430,183,2023-10-07,1,0
3576,6509,179,2023-01-05,1,0
3577,431,459,2023-02-07,1,0
3580,1378,292,2023-04-05,1,0
3594,456,594,2023-05-11,1,10
3606,2107,590,2023-12-09,4,5
3629,4779,292,2023-12-09,2,0
3642,8713,282,2023-06-06,1,2
3648,1751,471,2023-12-04,2,0
3659,3056,150,2023-01-11,1,15
3663,4432,561,2023-06-03,1,5
3666,9789,546,2023-02-05,2,0
3667,6558,350,2023-06-12,1,5
3674,4695,508,2023-10-07,1,2
3675,3066,236,2023-12-04,2,0
3677,2775,315,2023-08-02,3,0
3685,6791,335,2023-03-12,1,0
3693,8335,273,2023-11-02,1,5
3699,2620,443,2023-05-04,4,0
3701,7144,322,2023-06-01,2,0
3704,9443,194,2023-07-11,1,0
3716,3511,173,2023-01-10,1,0
3726,5245,126,2023-10-10,1,10
3729,1123,317,2023-02-01,1,5
3742,1007,480,2023-08-03,1,0
3759,5706,234,2023-12-06,1,0
3763,535,304,2023-02-12,1,10
3775,7928,103,2023-02-06,3,10
3777,9746,255,2023-08-11,2,0
3782,9146,298,2023-09-09,2,0
3788,4610,277,2023-10-06,3,2
3790,1013,416,2023-09-05,1,2
3793,7005,349,2023-06-07,4,10
3803,2105,411,2023-06-04,1,5
3808,1167,283,2023-02-04,3,15
3813,3295,289,2023-02-04,2,0
3821,5206,146,2023-03-10,1,0
3837,696,591,2023-03-10,3,10
3845,103,495,2023-03-09,3,2
3846,5831,331,2023-10-08,1,5
3849,8575,301,2023-01-04,5,5
3853,9856,430,2023-09-01,1,2
3861,5935,381,2023-06-05,1,0
3862,1204,101,2023-05-09,1,2
3864,5080,352,2023-05-08,1,0
3870,103,454,2023-10-04,3,0
3872,9789,333,2023-04-03,1,5
3881,2804,407,2023-07-12,1,2
3887,6844,399,2023-11-05,2,2
3890,9521,312,2023-03-12,3,0
3892,5430,312,2023-03-07,1,10
3895,6512,309,2023-02-11,2,2
3898,7614,270,2023-01-01,3,2
3900,3022,493,2023-10-10,1,0
3904,7603,235,2023-03-08,2,0
3907,3720,270,2023-02-07,2,2
3908,9879,450,2023-12-08,3,0
3920,4766,284,2023-07-08,1,0
3921,4911,184,2023-07-01,2,0
3930,5981,518,2023-06-02,3,0
3943,4401,404,2023-10-09,1,0
3947,5338,550,2023-01-09,1,0
3954,5002,245,2023-08-07,2,5
3955,5212,158,2023-08-08,2,10
3956,9205,151,2023-01-06,1,0
3958,5583,419,2023-04-08,1,5
3963,972,530,2023-05-05,2,2
3965,4030,572,2023-07-05,1,0
3973,2096,160,2023-03-10,1,5
3976,9503,268,2023-10-01,1,2
3981,2058,448,2023-09-02,3,0
3982,9323,232,2023-02-08,4,5
3989,3893,581,2023-05-08,1,0
3997,9818,348,2023-06-05,3,0
4001,11,372,2023-05-05,2,15
4013,2091,421,2023-05-01,1,10
4022,7073,579,2023-07-08,1,0
4028,5847,155,2023-05-06,1,10
4031,2072,214,2023-05-02,1,5
4032,6028,148,2023-09-01,1,0
4034,9595,499,2023-05-12,2,2
4037,8240,139,2023-12-11,1,0
4040,5411,523,2023-11-02,1,2
4044,2858,447,2023-08-05,3,0
4057,6524,121,2023-10-09,1,10
4069,948,475,2023-07-10,1,0
4073,7885,575,2023-07-03,1,0
4074,8382,155,2023-02-05,1,10
4096,6549,427,2023-10-08,2,0
4097,4786,127,2023-01-01,2,0
4119,5658,417,2023-01-11,1,15
4123,2048,533,2023-07-09,1,0
4124,273,306,2023-02-02,1,5
4132,9973,535,2023-08-06,2,5
4135,5369,543,2023-04-04,3,0
4136,8227,535,2023-07-04,1,0
4138,7377,157,2023-06-05,1,0
4145,493,469,2023-11-01,2,5
4146,3829,297,2023-01-06,3,10
4147,9232,251,2023-11-05,4,2
4150,6351,314,2023-07-07,1,0
4154,8965,101,2023-11-02,1,2
4159,3988,413,2023-10-04,2,0
4171,1007,335,2023-04-05,3,0
4175,6250,555,2023-10-02,4,0
4183,2925,196,2023-03-12,1,0
4185,350,105,2023-11-02,2,2
4186,1941,157,2023-05-10,3,0
4192,5676,478,2023-08-05,1,0
4195,2591,260,2023-12-05,3,0
4197,1025,328,2023-08-05,2,2
4206,4598,202,2023-03-09,1,0
4211,773,455,2023-03-08,3,5
4221,2814,175,2023-05-08,1,5
4227,4809,561,2023-02-06,3,5
4235,8448,580,2023-12-05,1,0
4236,775,316,2023-06-07,1,0
4240,8527,246,2023-07-07,1,2
4257,6992,510,2023-08-03,3,0
4265,9712,313,2023-04-11,5,0
4279,7300,316,2023-02-11,1,5
4290,5893,150,2023-03-11,2,0
4291,8336,505,2023-04-07,3,2
4298,9357,512,2023-09-05,1,10
4304,1584,240,2023-02-10,1,0
4305,6669,292,2023-04-11,5,0
4328,4384,378,2023-07-10,1,0
4335,8705,562,2023-08-09,3,0
4336,3510,327,2023-06-07,2,0
4348,3169,458,2023-06-03,1,2
4350,420,432,2023-07-09,2,0
4354,2113,177,2023-05-03,5,0
4360,7183,320,2023-01-01,5,0
4363,7022,240,2023-11-02,2,2
4374,8461,231,2023-03-12,2,0
4391,6501,439,2023-12-09,1,0
4399,4477,216,2023-01-11,4,0
4401,1008,350,2023-01-07,4,2
4412,1326,587,2023-07-05,2,10
4420,7891,107,2023-08-05,2,5
4423,2297,366,2023-06-11,1,5
4431,3110,481,2023-08-02,1,2
4433,8656,391,2023-03-06,1,10
4440,6431,104,2023-01-08,5,0
4441,6412,547,2023-09-02,1,0
4451,9708,164,2023-10-01,2,10
4453,3069,229,2023-03-09,1,0
4463,9074,121,2023-12-01,3,10
4466,871,568,2023-03-02,1,0
4469,4485,418,2023-04-12,4,5
4476,6538,213,2023-01-07,3,0
4484,3386,203,2023-01-02,1,2
4486,1791,585,2023-11-06,1,0
4488,9465,504,2023-11-03,1,0
4491,5589,442,2023-11-12,5,10
4493,5147,457,2023-06-09,2,0
4499,5182,234,2023-02-05,1,10
4512,4584,399,2023-09-11,2,0
4517,7675,466,2023-03-03,1,10
4519,6311,242,2023-02-04,1,0
4531,5681,515,2023-12-08,1,0
4542,9780,264,2023-03-12,1,10
4543,9213,390,2023-02-03,1,2
4545,7295,335,2023-10-05,1,0
4546,8437,534,2023-10-10,2,10
4566,5818,567,2023-05-04,1,0
4596,5809,542,2023-05-11,1,5
4610,1702,250,2023-01-01,3,2
4621,8994,153,2023-02-03,1,15
4628,3340,223,2023-01-07,2,0
4632,3935,217,2023-10-01,1,10
4634,7292,491,2023-02-04,4,0
4644,3011,364,2023-02-10,1,0
4666,2802,429,2023-12-12,2,0
4679,1167,141,2023-08-03,1,0
4711,7797,311,2023-04-12,1,10
4712,5483,408,2023-08-04,3,0
4714,5159,353,2023-08-07,5,0
4728,7677,363,2023-08-10,3,15
4729,8934,140,2023-07-11,1,15
4736,3835,111,2023-10-04,1,0
4739,258,490,2023-08-01,1,0
4744,1742,299,2023-07-09,1,5
4750,5065,356,2023-03-10,1,5
4754,2582,543,2023-12-03,4,0
4758,5666,363,2023-09-12,3,10
4767,8037,424,2023-03-08,1,10
4772,1075,359,2023-06-06,3,2
4784,9861,389,2023-03-01,1,0
4791,4902,578,2023-03-09,1,0
4801,9405,158,2023-01-12,1,0
4803,2757,112,2023-06-02,1,2
4811,4080,594,2023-05-10,3,15
4827,2931,522,2023-02-12,1,5
4830,7478,195,2023-02-01,3,0
4835,1913,596,2023-05-10,2,0
4841,6323,376,2023-06-09,3,2
4851,6259,325,2023-01-09,3,5
4884,6827,176,2023-02-12,1,0
4896,758,206,2023-06-03,5,0
4899,8716,259,2023-03-06,5,0
4903,904,483,2023-10-05,1,0
4907,5992,583,2023-02-07,2,0
4909,1820,166,2023-03-12,3,0
4914,6126,514,2023-02-10,5,5
4919,9381,108,2023-12-03,1,2
4946,5726,180,2023-04-11,1,0
4950,4168,311,2023-12-08,4,0
4951,8275,257,2023-04-01,1,10
4955,3121,591,2023-07-03,1,5
4992,4504,509,2023-04-08,1,0
4993,2779,189,2023-11-01,3,5
4995,3943,128,2023-04-01,3,0
4998,1588,469,2023-08-11,1,0
5003,3079,171,2023-09-12,2,10
5005,7405,441,2023-04-02,1,0
5009,8659,103,2023-07-01,1,5
5032,7602,352,2023-07-06,1,2
5039,6031,234,2023-02-11,1,5
5042,8421,509,2023-09-06,2,0
5053,2595,251,2023-10-08,2,5
5058,4041,174,2023-05-11,1,10
5079,5062,508,2023-05-05,1,10
5080,8972,580,2023-07-06,3,0
5085,5964,151,2023-11-10,1,10
5087,2834,320,2023-06-10,5,5
5088,3859,595,2023-07-07,3,5
5108,9993,376,2023-05-03,2,0
5115,1288,182,2023-04-05,1,0
5116,2235,579,2023-09-07,2,5
5120,551,298,2023-09-09,1,0
5140,9507,106,2023-02-03,1,0
5159,2217,389,2023-05-12,2,0
5168,181,591,2023-04-05,2,0
5178,7382,562,2023-07-04,5,5
5188,4647,416,2023-10-04,2,2
5197,5342,410,2023-01-03,3,0
5202,7574,590,2023-05-07,3,5
5213,5656,412,2023-11-06,1,0
5229,6907,477,2023-06-07,3,2
5233,2841,540,2023-01-06,1,0
5246,9617,313,2023-03-04,4,0
5249,9046,466,2023-12-10,1,0
5260,7858,455,2023-08-04,2,15
5268,2650,327,2023-01-10,1,5
5271,1911,473,2023-09-10,2,5
5273,506,590,2023-05-09,1,0
5295,8767,167,2023-10-06,3,2
5298,2414,559,2023-02-05,2,0
5299,3408,327,2023-04-03,5,5
5305,3118,382,2023-06-12,2,2
5306,1374,362,2023-02-11,1,10
5307,5251,107,2023-11-06,2,0
5308,5274,274,2023-04-01,1,0
5311,1170,341,2023-07-12,3,0
5334,4890,249,2023-09-01,2,0
5345,5580,582,2023-07-10,4,0
5349,3827,435,2023-12-06,2,0
5355,5703,496,2023-06-08,3,10
5365,5077,342,2023-09-10,2,0
5368,8034,521,2023-03-11,1,0
5370,7222,385,2023-06-05,1,2
5382,2122,197,2023-11-10,1,5
5390,25,348,2023-10-10,1,0
5396,3296,589,2023-06-07,5,0
5398,32,578,2023-03-12,2,0
5418,6475,162,2023-08-08,2,0
5424,8453,565,2023-11-08,2,2
5426,5624,415,2023-06-09,2,0
5437,8752,471,2023-05-12,3,10
5440,2766,338,2023-08-12,4,0
5446,1043,158,2023-12-06,2,0
5449,4868,234,2023-09-09,3,5
5463,2907,429,2023-01-08,3,0
5469,9363,487,2023-04-04,1,0
5483,9369,361,2023-12-09,1,0
5486,8819,219,2023-05-04,2,15
5489,8152,346,2023-01-10,1,0
5507,3348,567,2023-11-01,2,10
5508,8090,389,2023-11-01,1,0
5512,6370,188,2023-04-03,1,5
5527,6989,280,2023-01-04,2,0
5548,5933,296,2023-02-05,2,0
5557,3137,142,2023-09-06,1,10
5570,5602,478,2023-04-05,3,2
5577,7383,514,2023-02-08,1,2
5599,1793,520,2023-01-09,3,0
5600,729,160,2023-09-06,3,10
5601,5055,303,2023-08-01,1,20
5603,7468,381,2023-04-10,4,0
5605,3708,240,2023-06-08,1,0
5609,9465,387,2023-10-03,4,2
5617,6352,287,2023-09-04,3,0
5632,4116,448,2023-07-07,2,5
5637,120,452,2023-12-12,1,0
5638,4075,550,2023-03-03,1,0
5647,1011,209,2023-01-08,1,0
5654,5760,195,2023-06-11,1,0
5660,6315,130,2023-12-08,4,0
5661,8343,506,2023-07-02,1,0
5664,3612,162,2023-06-03,1,2
5668,7667,433,2023-07-06,1,5
5674,4397,443,2023-09-10,2,2
5683,1298,474,2023-09-03,1,0
5686,1134,499,2023-05-02,2,15
5687,6840,413,2023-04-01,1,0
5698,1166,369,2023-09-09,3,5
5703,9460,398,2023-01-07,1,0
5707,2129,423,2023-02-08,1,0
5711,8716,536,2023-02-04,4,2
5749,4271,553,2023-12-01,3,0
5751,6948,348,2023-07-09,3,5
5752,9784,557,2023-07-01,1,0
5753,1661,203,2023-06-07,1,0
5765,782,366,2023-07-12,1,5
5773,9364,385,2023-03-09,1,5
5774,5747,485,2023-09-04,2,2
5788,8389,137,2023-03-01,1,0
5790,5883,523,2023-08-09,2,15
5794,7951,304,2023-12-12,2,0
5800,6252,146,2023-10-02,3,15
5805,9394,413,2023-12-04,1,5
5811,1243,548,2023-11-08,2,0
5814,4676,168,2023-12-11,3,5
5820,6316,484,2023-02-10,1,15
5829,1324,192,2023-07-08,2,2
5834,1325,216,2023-08-08,2,0
5840,1024,246,2023-01-07,1,2
5842,5236,375,2023-09-02,1,0
5846,5619,466,2023-04-09,5,0
5854,4370,407,2023-03-10,1,0
5855,5433,382,2023-06-04,3,0
5866,7175,460,2023-10-03,4,0
5873,8275,364,2023-10-01,1,2
5899,3936,327,2023-07-12,1,0
5901,5510,307,2023-10-10,1,2
5908,1874,474,2023-07-04,3,2
5912,3612,498,2023-09-02,4,5
5914,1562,289,2023-11-05,2,0
5915,7606,543,2023-04-12,1,0
5923,8468,470,2023-06-04,1,0
5930,2470,103,2023-06-05,3,5
5933,4743,213,2023-02-04,1,0
5939,205,352,2023-06-05,5,0
5953,993,260,2023-10-08,1,10
5957,8319,151,2023-03-07,2,5
5961,9606,394,2023-05-04,1,20
5962,8752,545,2023-10-12,2,10
5972,5992,460,2023-08-02,1,2
5985,6555,109,2023-09-07,1,0
5987,3471,492,2023-02-11,2,0
5992,8612,376,2023-08-08,2,0
6019,6604,106,2023-07-01,3,0
6030,6771,267,2023-03-02,2,0
6034,8554,236,2023-10-01,2,0
6042,7526,468,2023-05-08,1,0
6045,754,115,2023-03-12,4,2
6048,7047,258,2023-09-10,1,0
6052,380,187,2023-12-05,5,2
6056,9184,213,2023-03-06,3,10
6057,428,525,2023-07-08,3,0
6071,8870,481,2023-01-07,1,2
6099,8256,335,2023-10-03,1,0
6103,2531,343,2023-06-07,1,5
6114,5317,421,2023-07-03,2,0
6125,8241,551,2023-02-02,1,0
6131,5858,367,2023-03-10,2,0
6132,285,256,2023-03-10,1,0
6136,1200,110,2023-05-09,1,5
6140,6452,106,2023-12-06,3,0
6149,8219,496,2023-02-09,1,0
6158,8475,476,2023-05-03,1,0
6167,6663,417,2023-11-05,2,0
6168,7037,478,2023-01-08,1,15
6180,3039,257,2023-08-10,1,0
6186,8275,138,2023-01-08,2,0
6188,1479,471,2023-04-01,4,2
6193,8774,479,2023-02-06,1,10
6194,420,273,2023-06-04,1,0
6200,7737,377,2023-04-08,4,2
6202,1112,184,2023-03-08,1,0
6203,9272,516,2023-01-06,3,0
6209,8256,144,2023-03-05,2,0
6216,1809,589,2023-06-10,4,0
6218,1421,480,2023-12-10,1,2
6224,5392,578,2023-08-05,2,0
6225,6703,572,2023-02-01,5,0
6227,450,491,2023-09-10,5,0
6228,8928,181,2023-04-09,2,10
6233,4994,303,2023-02-11,3,5
6240,7406,396,2023-08-12,5,2
6241,8674,142,2023-06-05,1,0
6246,8576,338,2023-05-09,1,2
6248,1314,446,2023-07-12,1,0
6256,3915,210,2023-05-03,3,0
6261,6070,595,2023-03-06,1,0
6267,2718,381,2023-01-05,1,0
6272,5011,429,2023-11-02,1,2
6282,1574,309,2023-01-09,1,5
6286,1647,222,2023-09-11,3,0
6291,7675,391,2023-09-09,1,0
6293,6046,293,2023-06-06,1,5
6294,9838,304,2023-09-03,1,15
6295,3864,399,2023-07-12,2,0
6299,556,547,2023-10-09,2,5
6307,1761,181,2023-05-07,4,5
6317,4828,213,2023-06-03,1,0
6318,7908,188,2023-12-04,1,0
6332,6329,567,2023-09-09,1,0
6335,3384,528,2023-09-03,3,15
6341,9304,377,2023-09-07,3,0
6343,4959,173,2023-07-11,2,2
6344,8263,560,2023-09-01,2,0
6345,7933,517,2023-03-09,2,0
6347,7578,372,2023-12-10,1,0
6363,1940,507,2023-05-06,1,2
6373,7603,162,2023-07-08,1,5
6375,401,495,2023-12-07,1,0
6378,5920,569,2023-07-12,5,0
6384,9219,355,2023-08-11,2,0
6386,6971,262,2023-01-06,4,0
6390,5018,101,2023-02-06,2,2
6391,4913,177,2023-04-05,1,0
6397,3326,375,2023-06-06,1,5
6404,8666,255,2023-02-08,3,0
6410,1138,227,2023-10-01,3,0
6426,4971,298,2023-07-05,3,2
6443,1467,283,2023-10-01,1,2
6444,4429,188,2023-09-01,1,0
6447,1387,445,2023-07-08,2,0
6450,5168,353,2023-06-02,1,5
6458,534,319,2023-06-11,2,10
6460,817,391,2023-12-11,1,0
6476,9497,210,2023-08-01,1,10
6489,5251,117,2023-06-08,1,10
6491,731,156,2023-04-11,1,0
6500,992,533,2023-10-02,1,0
6507,6440,558,2023-11-04,1,10
6513,3243,590,2023-04-04,3,0
6529,5639,102,2023-03-08,1,5
6535,4826,297,2023-05-04,1,0
6538,8703,148,2023-08-05,3,0
6548,4518,463,2023-05-05,1,5
6551,4297,531,2023-04-07,1,0
6561,172,115,2023-08-07,3,0
6567,8576,336,2023-09-07,1,0
6568,4275,456,2023-01-08,2,0
6571,8960,374,2023-01-05,3,2
6576,9588,386,2023-04-05,1,2
6590,842,241,2023-01-01,1,2
6594,9264,382,2023-08-11,1,5
6597,245,287,2023-08-12,2,15
6601,9236,234,2023-07-07,3,10
6606,586,238,2023-02-10,1,0
6610,5178,442,2023-03-03,3,2
6611,4383,246,2023-01-04,1,15
6617,994,222,2023-10-10,1,10
6620,9001,168,2023-03-12,2,2
6632,9086,154,2023-06-02,1,0
6633,2927,479,2023-06-02,2,5
6640,2022,463,2023-03-12,1,0
6642,1119,369,2023-10-11,2,0
6648,3785,595,2023-08-06,1,0
6652,4872,441,2023-01-09,1,5
6653,5154,456,2023-12-06,3,0
6663,7229,512,2023-04-04,2,0
6664,4960,460,2023-05-07,1,2
6680,9191,271,2023-02-08,1,0
6683,6036,393,2023-10-10,4,0
6684,7200,157,2023-07-06,1,10
6692,6692,384,2023-01-07,1,0
6694,8931,527,2023-06-10,1,0
6703,9064,241,2023-05-08,1,10
6705,7857,252,2023-07-07,4,10
6708,1820,357,2023-11-01,1,2
6712,8540,350,2023-10-08,4,0
6717,2925,454,2023-08-07,1,0
6721,7290,188,2023-06-07,3,0
6725,7616,569,2023-07-01,1,0
6726,3928,273,2023-01-07,5,0
6745,4191,329,2023-11-10,1,0
6747,2346,281,2023-06-07,2,2
6748,8457,233,2023-08-09,4,0
6754,3755,301,2023-05-05,3,0
6759,8428,162,2023-12-10,5,10
6774,9969,600,2023-09-11,1,20
6784,2990,196,2023-04-07,2,0
6789,9639,238,2023-02-09,2,0
6796,3023,128,2023-11-02,2,0
6797,493,558,2023-07-07,2,0
6798,5747,198,2023-10-02,3,2
6802,6925,115,2023-08-09,4,5
6806,6878,249,2023-11-01,1,0
6811,4765,322,2023-09-02,4,0
6828,2450,385,2023-03-06,3,20
6832,8652,129,2023-10-02,1,0
6842,7725,429,2023-03-06,3,0
6857,2367,150,2023-03-10,3,0
6858,6190,538,2023-09-10,2,0
6862,7840,467,2023-01-04,3,10
6874,518,572,2023-12-04,1,0
6878,4771,561,2023-05-02,4,0
6879,6334,494,2023-02-10,3,0
6883,8203,114,2023-10-09,2,0
6886,8226,106,2023-09-06,1,0
6902,3738,110,2023-03-11,1,15
6909,1067,394,2023-07-05,2,0
6912,1849,254,2023-10-05,2,2
6916,6344,549,2023-05-02,4,0
6936,8072,172,2023-09-12,2,10
6940,1702,365,2023-02-08,4,0
6942,3386,124,2023-07-08,3,0
6952,4579,246,2023-02-06,1,10
6954,6252,240,2023-07-07,1,5
6958,4320,384,2023-01-08,1,0
6966,7290,130,2023-04-07,1,10
6969,4393,579,2023-02-08,2,2
6974,5766,189,2023-06-03,3,5
6975,5935,112,2023-05-08,1,0
6980,3500,508,2023-07-06,2,0
6986,3269,206,2023-12-03,5,5
6987,3725,483,2023-02-02,3,5
6995,2311,595,2023-12-01,3,0
6996,1437,147,2023-08-07,1,0
7008,3032,330,2023-07-04,2,0
7013,4018,402,2023-06-09,2,2
7019,4686,120,2023-03-11,1,0
7023,6397,452,2023-10-06,1,2
7024,3069,353,2023-03-12,2,0
7031,1340,413,2023-02-05,2,5
7033,5267,311,2023-09-09,1,5
7041,4658,199,2023-04-09,2,0
7050,582,219,2023-03-03,4,2
7060,3087,309,2023-03-04,3,10
7066,8852,262,2023-04-12,3,10
7068,1637,466,2023-08-04,4,2
7069,6432,535,2023-03-02,2,0
7072,2935,517,2023-11-11,4,0
7079,1868,517,2023-08-06,1,0
7082,449,309,2023-06-04,1,15
7084,8107,198,2023-07-06,1,2
7096,2236,520,2023-10-09,2,0
7113,5974,141,2023-01-08,2,0
7127,9061,526,2023-03-03,2,0
7133,793,579,2023-05-09,3,5
7140,2436,289,2023-02-10,3,0
7142,5964,314,2023-08-09,3,10
7150,4661,328,2023-12-06,1,0
7162,7063,308,2023-07-03,2,10
7164,5516,323,2023-02-06,1,2
7165,6191,568,2023-05-09,3,10
7166,2602,355,2023-05-09,3,10
7170,2586,303,2023-10-02,3,5
7172,4181,518,2023-04-12,3,0
7174,3013,317,2023-05-02,3,2
7175,423,397,2023-05-08,4,10
7189,8621,279,2023-12-03,4,0
7194,9665,225,2023-02-07,1,0
7201,7295,428,2023-08-07,3,0
7205,3225,487,2023-04-12,5,2
7211,4291,518,2023-12-03,1,0
7214,6225,359,2023-10-03,2,5
7217,1953,446,2023-03-11,2,2
7224,1329,109,2023-01-10,2,5
7230,8639,482,2023-04-01,1,10
7245,4326,482,2023-05-07,2,0
7246,1966,367,2023-04-10,1,0
7250,147,590,2023-11-01,3,0
7258,9079,132,2023-06-05,2,5
7269,2921,533,2023-11-04,1,10
7273,6989,530,2023-11-10,1,0
7278,8401,205,2023-09-09,2,0
7281,6123,404,2023-02-06,5,0
7328,8273,490,2023-02-02,2,5
7330,7644,366,2023-08-04,2,0
7341,4507,342,2023-02-01,1,0
7349,3148,287,2023-03-08,1,0
7358,441,509,2023-04-12,2,0
7359,5766,199,2023-08-03,5,10
7366,5601,356,2023-09-08,1,10
7380,9363,423,2023-07-08,1,0
7387,1719,599,2023-07-12,2,0
7397,8048,474,2023-09-05,4,2
7399,3169,127,2023-08-09,1,10
7415,5363,171,2023-04-06,1,2
7416,8839,428,2023-08-02,1,10
7427,2648,472,2023-07-11,1,0
7428,2729,564,2023-03-07,3,10
7429,983,367,2023-08-03,2,0
7430,9276,129,2023-03-08,1,0
7432,1761,408,2023-03-02,1,0
7436,3923,274,2023-05-12,1,0
7439,3762,450,2023-12-03,3,5
7440,7807,273,2023-05-01,3,5
7458,2860,313,2023-08-10,2,0
7459,9587,594,2023-11-09,1,5
7460,8754,551,2023-03-12,1,10
7462,9402,480,2023-04-11,2,0
7475,8283,367,2023-07-10,2,0
7477,1885,398,2023-10-01,5,5
7482,2037,535,2023-04-11,5,0
7483,321,233,2023-12-07,3,0
7488,8367,177,2023-08-06,1,0
7491,7926,438,2023-02-12,3,2
7502,6710,285,2023-04-07,2,0
7504,6189,112,2023-03-06,2,0
7516,3823,328,2023-02-01,1,15
7520,6252,123,2023-05-02,1,5
7525,7148,283,2023-09-11,1,0
7531,7770,525,2023-12-11,3,2
7532,1986,448,2023-01-04,4,0
7533,1361,227,2023-01-08,1,10
7536,2928,497,2023-06-01,3,0
7539,4709,520,2023-10-08,2,0
7542,9377,565,2023-01-05,3,0
7543,7130,377,2023-03-04,1,0
7557,1919,399,2023-05-10,3,0
7575,742,129,2023-12-10,1,5
7586,7478,213,2023-10-01,3,0
7591,8401,457,2023-05-07,1,5
7601,8870,275,2023-03-02,5,0
7602,1251,155,2023-11-11,5,0
7609,4999,158,2023-04-10,1,5
7611,2276,113,2023-07-12,2,0
7613,8849,190,2023-06-11,2,5
7625,905,457,2023-04-12,3,5
7629,5065,553,2023-06-09,1,0
7632,3144,419,2023-01-06,1,10
7637,1325,204,2023-10-09,1,0
7639,9211,366,2023-12-07,2,0
7642,6897,164,2023-07-06,3,0
7654,2927,430,2023-04-09,1,10
7665,8934,153,2023-03-01,2,5
7675,2826,164,2023-11-01,1,20
7678,4281,300,2023-07-06,2,5
7699,291,470,2023-11-01,1,10
7712,8679,275,2023-09-04,1,0
7722,5516,272,2023-04-08,1,0
7728,4275,469,2023-06-05,2,5
7741,479,317,2023-06-01,3,0
7748,7304,571,2023-08-10,2,0
7752,1053,173,2023-04-11,1,5
7775,5079,226,2023-03-10,1,0
7784,916,141,2023-11-02,1,0
7795,7009,149,2023-01-11,2,2
7796,1818,553,2023-12-04,3,0
7806,702,198,2023-07-04,2,0
7812,9663,370,2023-08-03,3,0
7814,5347,566,2023-09-07,2,10
7823,5427,133,2023-10-09,3,5
7826,4962,304,2023-07-04,3,0
7830,7773,264,2023-11-06,1,0
7838,479,517,2023-07-11,1,15
7847,6992,554,2023-12-09,3,0
7855,6626,480,2023-06-07,1,5
7858,7521,199,2023-05-02,1,0
7859,4725,473,2023-11-08,1,0
7877,1304,510,2023-08-02,1,0
7890,7332,357,2023-04-11,1,0
7897,5857,406,2023-04-07,1,15
7907,455,145,2023-06-04,1,0
7908,2242,349,2023-03-09,2,0
7910,6654,173,2023-07-10,2,0
7916,6729,104,2023-07-08,1,2
7933,9377,194,2023-04-02,2,0
7947,7958,107,2023-04-09,1,10
7956,2697,542,2023-04-06,1,0
7958,712,532,2023-12-11,2,5
7961,553,180,2023-12-10,3,10
7973,544,190,2023-10-08,1,10
7978,3160,551,2023-12-10,1,2
7982,3191,296,2023-03-02,3,0
8009,9151,591,2023-03-05,2,10
8012,5962,171,2023-10-05,1,0
8013,6543,282,2023-08-12,1,5
8019,2424,557,2023-06-09,1,5
8024,2605,520,2023-07-06,2,0
8025,118,396,2023-02-08,1,0
8041,4681,266,2023-12-03,1,0
8047,7637,593,2023-02-10,1,0
8048,990,263,2023-03-04,5,2
8053,9580,265,2023-08-03,4,0
8058,655,266,2023-05-05,2,0
8064,1719,164,2023-02-10,3,0
8072,2315,435,2023-02-07,1,0
8075,5837,231,2023-10-07,1,5
8077,6727,270,2023-08-07,2,0
8100,5514,348,2023-11-07,4,0
8107,9505,522,2023-11-07,5,10
8114,8915,395,2023-08-09,2,0
8127,3809,144,2023-02-08,4,0
8137,5950,314,2023-05-11,1,10
8148,8143,134,2023-02-11,1,0
8151,2013,533,2023-10-09,1,5
8153,8837,466,2023-11-08,1,5
8155,4783,564,2023-08-01,1,0
8166,1052,246,2023-10-03,4,0
8169,108,113,2023-06-09,1,0
8174,3654,187,2023-02-10,3,5
8175,7227,326,2023-02-11,2,2
8178,8202,374,2023-07-11,2,0
8188,3185,154,2023-08-06,1,2
8197,7057,181,2023-08-01,1,0
8199,3398,377,2023-10-02,1,0
8201,7820,151,2023-05-05,1,2
8204,6353,392,2023-12-06,1,0
8205,8839,497,2023-10-10,1,10
8210,9011,518,2023-05-08,1,15
8215,3840,313,2023-11-10,3,5
8219,9366,238,2023-03-12,5,5
8222,6320,305,2023-07-03,5,0
8236,2122,227,2023-08-09,2,0
8240,5629,494,2023-05-04,1,0
8241,8179,456,2023-09-09,1,2
8250,3442,329,2023-05-09,2,2
8262,7461,351,2023-09-10,2,0
8267,9496,559,2023-04-11,1,0
8269,3737,588,2023-03-06,3,0
8274,5055,141,2023-09-09,2,15
8275,8126,182,2023-07-10,1,0
8290,8651,587,2023-03-06,4,0
8309,876,534,2023-09-01,1,5
8315,7704,556,2023-09-07,1,0
8320,7397,534,2023-07-05,1,0
8328,8853,385,2023-02-07,4,0
8330,5031,542,2023-03-02,3,0
8342,7725,428,2023-01-11,3,0
8346,2261,369,2023-02-07,2,5
8353,7710,206,2023-03-12,3,0
8355,7722,183,2023-09-11,2,2
8359,8769,324,2023-08-08,1,15
8378,6575,178,2023-04-12,3,0
8383,3502,398,2023-07-04,2,0
8384,3046,169,2023-03-04,3,2
8385,9668,527,2023-12-12,1,0
8397,7308,303,2023-11-05,2,0
8404,4139,130,2023-02-04,1,5
8408,2908,416,2023-10-11,2,2
8419,3859,333,2023-06-12,2,0
8446,9812,234,2023-06-04,1,2
8453,6227,417,2023-07-10,2,0
8454,7682,470,2023-09-11,1,2
8455,3315,339,2023-08-09,3,2
8456,6276,374,2023-09-07,1,10
8465,9058,368,2023-08-01,2,0
8470,6610,598,2023-05-02,2,5
8473,2269,477,2023-12-03,2,10
8475,782,142,2023-01-10,5,0
8476,1955,136,2023-02-02,1,5
8500,5391,447,2023-06-11,1,10
8501,9184,215,2023-02-11,4,2
8503,8648,137,2023-03-07,2,0
8506,6349,339,2023-05-12,4,2
8512,2444,347,2023-10-10,1,15
8513,3252,381,2023-02-06,2,2
8518,8166,396,2023-11-12,2,0
8519,4939,169,2023-05-09,4,0
8520,6655,358,2023-09-01,2,10
8542,8228,106,2023-05-09,2,10
8550,6278,135,2023-01-04,2,10
8551,7526,575,2023-12-07,2,5
8559,4826,416,2023-11-12,2,0
8578,3249,215,2023-04-04,3,0
8581,9207,554,2023-12-10,2,0
8583,6661,366,2023-12-01,1,0
8584,9348,327,2023-10-05,2,0
8585,5305,482,2023-12-04,1,0
8590,9823,401,2023-01-08,3,0
8593,9275,519,2023-10-11,5,15
8594,5111,583,2023-09-04,1,15
8606,9993,243,2023-06-05,1,0
8612,4244,125,2023-08-10,2,0
8617,7209,353,2023-08-10,1,10
8629,3129,460,2023-09-04,2,2
8633,580,381,2023-09-03,4,5
8634,1962,390,2023-08-04,1,0
8637,8424,383,2023-06-11,1,2
8642,8537,480,2023-09-11,1,0
8663,3680,107,2023-09-10,2,0
8665,6820,458,2023-04-05,1,0
8674,4877,225,2023-10-01,1,5
8675,6292,329,2023-05-11,1,0
8677,7606,510,2023-01-09,2,10
8681,2533,550,2023-11-01,2,0
8695,5582,560,2023-05-08,3,0
8707,1198,209,2023-05-10,2,5
8716,606,564,2023-07-02,1,5
8725,2574,351,2023-10-06,2,10
8726,7402,410,2023-09-03,1,2
8743,1404,306,2023-06-05,2,10
8751,4025,469,2023-10-08,4,0
8752,2261,499,2023-11-12,1,2
8755,6282,202,2023-01-09,2,5
8762,8668,397,2023-05-01,5,2
8765,3225,232,2023-10-08,2,0
8767,2311,270,2023-07-07,2,0
8769,8050,558,2023-03-06,2,10
8774,6240,347,2023-12-07,1,15
8777,1206,360,2023-04-10,2,0
8779,5345,113,2023-03-06,1,0
8782,4713,545,2023-09-05,4,2
8790,9316,222,2023-09-08,3,0
8791,186,395,2023-11-10,2,0
8794,8585,438,2023-03-02,3,0
8796,4782,253,2023-05-03,1,0
8799,2714,419,2023-01-05,1,0
8804,7083,104,2023-08-06,1,5
8807,6878,168,2023-10-12,1,0
8812,3785,598,2023-01-07,3,2
8820,8931,499,2023-03-05,1,5
8827,8467,244,2023-01-03,1,10
8836,703,556,2023-09-05,2,10
8859,8499,560,2023-11-02,3,0
8863,1794,220,2023-01-06,1,2
8866,8825,180,2023-12-12,3,0
8869,5629,408,2023-02-12,1,0
8872,5601,477,2023-11-10,3,0
8876,4116,455,2023-10-10,1,0
8880,1218,241,2023-07-08,2,0
8895,5540,432,2023-07-01,3,0
8896,6344,103,2023-06-10,1,15
8904,8660,505,2023-04-12,4,2
8907,7778,401,2023-10-08,1,15
8921,8754,456,2023-01-02,1,0
8951,3117,255,2023-08-09,1,10
8953,1037,477,2023-10-06,2,0
8966,1237,181,2023-09-12,2,5
8967,5470,173,2023-01-08,3,10
8968,8213,183,2023-07-02,1,0
8977,8001,237,2023-03-03,5,0
8980,3893,532,2023-09-10,1,2
8985,787,150,2023-06-05,2,0
8994,4940,122,2023-09-11,1,0
8998,3749,202,2023-01-07,2,0
9003,1099,281,2023-04-03,1,0
9015,5330,404,2023-03-07,1,10
9019,3526,351,2023-06-01,1,5
9028,9750,198,2023-11-03,5,5
9034,6181,293,2023-01-02,1,0
9038,6426,521,2023-04-03,1,5
9078,6588,419,2023-09-07,5,0
9087,4231,260,2023-09-02,3,0
9088,4686,210,2023-11-12,3,10
9106,4850,577,2023-07-03,1,2
9109,472,419,2023-11-06,1,15
9114,9708,346,2023-07-06,1,10
9128,7397,346,2023-10-02,1,10
9143,9665,352,2023-01-12,1,0
9146,2995,206,2023-11-05,1,10
9152,5106,340,2023-12-02,1,5
9155,1560,158,2023-11-11,2,5
9156,7123,384,2023-10-08,4,2
9160,6123,406,2023-07-06,3,0
9175,9856,378,2023-06-02,2,0
9183,6925,226,2023-10-03,2,5
9191,6685,229,2023-06-06,2,5
9209,3063,301,2023-12-11,3,0
9211,9975,154,2023-10-03,1,2
9215,5541,161,2023-05-03,1,0
9216,1938,541,2023-08-05,1,0
9222,108,306,2023-05-02,2,0
9223,3357,559,2023-05-07,1,0
9237,7967,161,2023-02-06,1,10
9239,7665,497,2023-02-05,2,0
9241,2549,442,2023-05-02,1,0
9247,9822,335,2023-12-11,2,5
9264,3733,415,2023-12-09,3,2
9265,2121,160,2023-10-02,4,0
9282,2216,446,2023-02-04,1,0
9291,6031,416,2023-01-01,4,0
9295,729,294,2023-05-06,1,0
9296,4701,496,2023-11-08,1,0
9307,7082,526,2023-04-04,4,0
9310,2783,456,2023-02-07,2,2
9332,5437,308,2023-11-09,2,0
9336,3374,431,2023-03-08,3,2
9338,2562,349,2023-06-04,4,5
9340,4393,224,2023-05-04,2,0
9349,9789,330,2023-07-03,3,15
9361,8328,185,2023-02-04,2,0
9363,7992,174,2023-12-04,4,5
9371,3296,421,2023-07-11,1,2
9379,7102,203,2023-07-10,2,2
9381,9342,470,2023-12-08,3,0
9390,1920,465,2023-07-03,3,0
9395,4452,522,2023-03-12,1,0
9407,5249,432,2023-02-10,2,0
9413,1034,172,2023-12-08,2,0
9414,3868,538,2023-10-02,2,0
9417,5178,112,2023-01-07,1,5
9422,4060,201,2023-06-11,1,0
9423,9435,485,2023-11-07,1,0
9424,3574,475,2023-08-07,1,0
9436,5162,111,2023-10-08,1,2
9441,5198,359,2023-08-09,5,2
9451,6583,227,2023-09-06,1,5
9452,7256,419,2023-08-11,3,0
9456,9156,304,2023-02-03,4,2
9467,2552,469,2023-11-11,1,5
9479,5509,534,2023-07-02,2,0
9483,7316,422,2023-07-06,1,5
9512,7840,524,2023-05-04,1,0
9514,1966,250,2023-08-05,3,0
9516,253,414,2023-03-02,4,0
9524,8256,478,2023-03-03,1,0
9525,6551,444,2023-06-10,1,5
9540,8636,130,2023-08-02,3,0
9552,2856,364,2023-03-08,2,0
9562,337,118,2023-04-07,1,0
9570,411,548,2023-12-03,1,5
9572,1856,475,2023-08-02,1,0
9579,2126,174,2023-03-02,1,2
9580,1583,144,2023-12-05,3,0
9581,9251,487,2023-02-02,1,5
9625,1601,255,2023-03-09,1,2
9626,9033,301,2023-05-01,2,0
9630,8945,397,2023-11-06,4,2
9635,7102,328,2023-11-07,2,0
9656,309,363,2023-02-12,1,0
9657,870,333,2023-01-07,3,15
9661,7237,225,2023-04-03,2,0
9677,5915,411,2023-02-08,1,0
9682,3788,443,2023-03-07,1,0
9703,6543,356,2023-08-01,4,10
9704,4890,561,2023-03-03,1,2
9706,2492,315,2023-09-12,2,0
9707,1932,163,2023-12-08,1,0
9720,6942,178,2023-12-02,3,5
9725,6546,374,2023-05-11,1,5
9730,8638,421,2023-03-06,1,0
9737,4593,592,2023-11-04,2,0
9747,7953,107,2023-12-06,3,0
9754,1123,124,2023-01-11,1,0
9768,3635,166,2023-12-04,1,5
9772,6046,431,2023-11-05,2,5
9775,1913,208,2023-07-07,2,20
9778,8280,485,2023-07-10,3,0
9779,9599,248,2023-10-08,1,0
9789,3820,291,2023-05-01,1,10
9790,6292,567,2023-11-10,1,2
9803,4044,146,2023-05-03,2,0
9809,5333,276,2023-09-01,2,2
9846,1144,198,2023-03-07,1,0
9855,5700,518,2023-06-06,1,0
9858,2771,355,2023-11-01,2,0
9874,384,233,2023-11-02,2,2
9875,9982,456,2023-08-04,1,0
9884,1235,510,2023-12-05,2,5
9887,1909,517,2023-08-11,3,0
9888,6700,375,2023-02-03,3,0
9891,840,455,2023-12-03,2,0
9899,6725,570,2023-06-02,3,5
9906,6678,342,2023-09-02,1,0
9913,3425,469,2023-02-08,2,2
9951,6302,436,2023-02-08,2,0
9963,2804,386,2023-10-02,4,0
9964,5339,567,2023-01-04,1,0
9965,1875,591,2023-01-01,1,0
9968,3097,335,2023-01-01,4,5
9973,2261,167,2023-09-04,2,0
9975,9700,451,2023-06-07,3,0
9978,9943,398,2023-08-01,3,0
9993,1180,314,2023-08-03,1,0
9994,9046,135,2023-06-08,2,2
9998,8058,204,2023-08-07,3,2
10000,1974,424,2023-10-09,3,5
10007,339,495,2023-05-09,1,10
10020,6142,579,2023-12-07,2,0
10030,6079,237,2023-02-11,1,5
10039,3067,299,2023-11-02,3,10
10044,5241,238,2023-11-10,1,2
10048,9146,576,2023-11-10,1,10
10050,8335,530,2023-01-08,2,0
10057,5364,214,2023-08-08,1,0
10060,4383,221,2023-08-10,4,2
10062,9629,582,2023-12-06,2,0
10067,9,376,2023-11-02,1,0
10070,5406,122,2023-04-12,1,0
10075,1448,566,2023-05-10,1,0
10077,7063,570,2023-12-12,1,0
10084,6411,232,2023-12-04,1,0
10085,2690,214,2023-06-01,1,0
10086,486,258,2023-03-09,3,0
10094,8890,599,2023-01-08,1,5
10101,3236,304,2023-03-01,1,0
10102,3855,559,2023-07-03,1,0
10112,2140,219,2023-12-03,1,15
10120,2335,289,2023-02-02,1,0
10122,5857,408,2023-05-01,2,2
10123,3381,156,2023-06-01,3,0
10126,775,411,2023-06-11,2,15
10129,1111,429,2023-07-03,1,2
10134,9173,356,2023-09-05,1,15
10138,2121,162,2023-11-04,1,5
10141,2778,390,2023-05-06,1,2
10145,750,235,2023-08-04,1,5
10150,1881,498,2023-09-01,2,10
10171,4370,369,2023-03-02,2,5
10175,3947,520,2023-01-02,4,5
10182,1964,529,2023-01-05,1,2
10191,1973,466,2023-07-07,3,2
10198,3475,239,2023-12-02,1,0
10208,1119,272,2023-11-05,2,0
10210,2265,484,2023-02-06,2,0
10216,5540,597,2023-08-03,3,0
10226,7152,520,2023-07-09,1,5
10249,2442,228,2023-11-09,1,2
10252,165,532,2023-01-07,1,0
10255,5415,432,2023-09-06,4,15
10265,5516,301,2023-07-07,1,2
10267,5734,537,2023-02-11,2,0
10270,2819,380,2023-06-03,1,0
10273,6727,368,2023-07-04,3,0
10297,6705,305,2023-03-03,2,0
10307,3828,468,2023-06-12,4,0
10313,1414,194,2023-03-03,4,2
10314,4164,199,2023-12-09,3,10
10319,6722,327,2023-06-01,2,0
10340,3386,231,2023-11-02,1,2
10342,8903,492,2023-02-12,4,0
10356,4981,172,2023-04-06,3,2
10370,3224,392,2023-07-10,1,0
10375,6060,569,2023-01-02,2,0
10379,3615,235,2023-11-07,1,0
10388,4289,263,2023-12-02,1,2
10400,6871,151,2023-04-12,1,5
10402,7228,127,2023-10-01,1,0
10405,7304,194,2023-07-11,3,2
10407,2814,167,2023-06-07,4,0
10424,2276,103,2023-12-09,1,0
10425,7269,418,2023-08-06,2,0
10436,5343,102,2023-06-10,1,0
10438,2649,269,2023-05-01,1,0
10446,8356,544,2023-09-10,3,2
10452,3882,480,2023-11-03,1,0
10459,6495,465,2023-09-07,1,5
10466,3056,165,2023-12-10,1,0
10467,154,429,2023-10-01,1,0
10482,4324,482,2023-07-11,4,5
10496,9211,406,2023-09-06,1,0
10499,7229,317,2023-09-08,1,0
10500,4567,384,2023-02-10,1,0
10509,2223,118,2023-10-04,1,0
10513,8509,566,2023-12-05,3,0
10520,1329,460,2023-01-11,2,0
10523,5215,229,2023-10-11,1,0
10531,7070,167,2023-12-01,4,0
10555,7050,555,2023-08-03,5,0
10565,7807,413,2023-02-11,2,2
10573,1266,479,2023-01-02,4,10
10577,2013,293,2023-01-07,3,0
10602,7501,442,2023-07-07,2,5
10609,5516,392,2023-07-05,1,10
10614,8325,583,2023-06-02,3,2
10628,2796,211,2023-01-05,2,2
10632,1746,253,2023-03-12,1,0
10634,5656,553,2023-08-02,2,0
10643,3967,433,2023-06-01,5,0
10646,5252,528,2023-04-11,1,0
10655,3689,166,2023-03-04,5,0
10665,3611,577,2023-10-11,2,0
10677,3126,431,2023-08-02,3,0
10690,6116,418,2023-04-07,2,0
10696,6311,165,2023-03-12,1,0
10698,308,296,2023-02-07,3,0
10700,1097,269,2023-12-11,3,0
10711,8356,412,2023-08-02,2,10
10727,5130,518,2023-12-08,4,0
10729,4434,389,2023-10-08,1,2
10734,6161,523,2023-09-09,1,2
10742,1480,399,2023-03-12,2,0
10745,8858,422,2023-07-12,3,0
10748,6193,260,2023-01-07,3,0
10751,2467,346,2023-11-09,1,0
10758,9707,229,2023-12-03,1,0
10762,8332,369,2023-11-05,1,5
10763,1848,387,2023-05-07,1,2
10772,759,324,2023-06-08,2,0
10784,6440,444,2023-08-04,5,0
10786,2878,482,2023-02-01,1,0
10788,920,177,2023-11-07,1,0
10790,2056,592,2023-07-02,2,2
10799,6876,537,2023-01-11,2,2
10801,7994,493,2023-03-01,3,15
10803,5140,202,2023-11-08,3,0
10812,2670,270,2023-12-06,1,0
10814,7454,457,2023-01-07,1,0
10817,7413,527,2023-08-12,3,5
10828,8753,446,2023-09-03,1,0
10829,176,554,2023-12-05,1,5
10832,398,398,2023-11-10,4,0
10844,7167,253,2023-01-02,1,2
10851,4608,195,2023-04-03,4,0
10855,4541,283,2023-09-09,1,0
10864,7135,314,2023-12-09,1,10
10874,7472,417,2023-09-12,3,0
10875,4194,380,2023-07-08,1,2
10879,5062,448,2023-08-07,3,0
10882,4664,350,2023-11-02,3,10
10883,4602,416,2023-11-08,1,10
10885,6952,262,2023-06-09,3,2
10888,5243,156,2023-02-06,3,0
10896,3182,478,2023-05-03,2,0
10897,1798,527,2023-11-02,2,2
10903,8589,507,2023-07-03,3,0
10910,9010,175,2023-02-09,3,5
10913,3636,398,2023-05-02,3,2
10921,3462,322,2023-06-06,3,5
10923,2968,239,2023-03-08,1,0
10954,2335,419,2023-05-09,4,0
10965,2300,556,2023-01-02,1,2
10969,890,401,2023-07-07,2,0
10972,2746,350,2023-06-04,2,0
10979,442,317,2023-12-03,2,2
10983,2218,545,2023-07-02,5,15
10991,8501,239,2023-07-07,2,5
10994,2650,106,2023-11-12,2,0
11005,3738,436,2023-09-03,2,10
11007,3109,229,2023-02-10,3,0
11009,9378,466,2023-03-06,3,10
11012,7408,484,2023-05-03,1,2
11018,4213,424,2023-05-12,1,0
11040,1933,507,2023-02-02,1,5
11049,7784,352,2023-05-07,1,15
11053,7440,275,2023-01-11,4,0
11057,2441,552,2023-08-06,1,0
11076,6630,502,2023-05-04,3,5
11083,2,509,2023-10-01,1,0
11089,5415,576,2023-03-05,1,5
11090,2376,301,2023-01-01,3,0
11093,8280,122,2023-02-11,4,15
11100,5571,120,2023-07-10,1,10
11104,734,189,2023-12-03,1,10
11113,8894,481,2023-09-11,3,2
11116,5349,317,2023-02-04,1,20
11119,159,447,2023-01-09,3,0
11127,1342,401,2023-06-09,2,0
11143,861,108,2023-04-10,1,0
11146,1769,135,2023-02-10,3,2
11147,2399,525,2023-10-07,3,0
11160,8891,256,2023-12-06,1,10
11162,1588,515,2023-10-09,3,0
11163,544,204,2023-04-06,5,0
11180,4614,322,2023-08-03,1,2
11181,8064,400,2023-08-07,1,5
11188,9109,354,2023-03-04,4,0
11193,3153,202,2023-09-05,1,10
11194,9562,294,2023-11-09,3,0
11195,7042,352,2023-08-02,2,0
11198,8021,187,2023-07-04,1,0
11204,3689,459,2023-06-01,1,0
11218,817,309,2023-03-09,3,0
11238,4965,248,2023-03-06,1,5
11244,4598,249,2023-11-02,2,10
11249,969,105,2023-06-08,1,0
11252,71,342,2023-11-04,5,0
11253,5757,197,2023-08-04,2,2
11256,8077,198,2023-11-09,1,0
11260,8377,348,2023-04-04,2,10
11274,9110,362,2023-01-07,1,5
11277,4430,190,2023-02-07,1,0
11278,7722,259,2023-12-10,1,10
11283,7023,423,2023-01-07,3,0
11298,2864,155,2023-10-08,1,0
11309,631,153,2023-03-07,5,5
11315,9964,477,2023-09-04,1,5
11316,7797,404,2023-11-06,3,0
11321,913,540,2023-05-09,1,0
11325,8824,312,2023-02-10,2,0
11326,9774,380,2023-11-06,2,0
11329,8780,145,2023-11-05,4,0
11333,8944,274,2023-11-09,2,0
11335,1358,483,2023-01-07,5,5
11343,2901,504,2023-10-04,3,0
11351,7457,331,2023-08-10,3,0
11361,1326,181,2023-03-08,1,2
11363,7015,442,2023-08-08,4,2
11370,8905,178,2023-11-06,2,0
11372,4549,389,2023-08-07,2,2
11382,4098,417,2023-08-11,1,0
11394,3032,473,2023-03-09,5,0
11400,9613,582,2023-02-07,3,0
11405,5802,396,2023-09-07,2,15
11410,9503,153,2023-02-06,1,0
11423,2243,211,2023-02-11,4,15
11428,4747,109,2023-12-04,2,0
11431,8891,436,2023-10-10,2,0
11438,9682,434,2023-07-01,2,0
11441,754,139,2023-08-06,5,10
11447,6369,316,2023-01-04,1,0
11458,8753,383,2023-08-04,3,15
11467,1763,418,2023-01-12,5,0
11469,4981,483,2023-12-11,1,5
11475,522,600,2023-04-06,3,0
11476,9595,319,2023-01-04,2,10
11482,3311,473,2023-03-10,5,2
11486,824,569,2023-11-11,1,0
11499,5884,558,2023-04-05,1,2
11504,9620,245,2023-11-04,1,10
11513,5732,599,2023-04-07,1,0
11514,4164,402,2023-07-09,3,2
11515,4510,352,2023-05-06,1,0
11521,9855,482,2023-11-08,1,10
11523,1455,409,2023-02-11,1,5
11530,4340,284,2023-11-08,2,5
11543,9359,294,2023-01-08,2,0
11545,8914,201,2023-09-09,2,0
11546,3136,391,2023-03-05,2,5
11553,925,593,2023-07-06,2,0
11554,5674,233,2023-09-08,1,2
11557,5880,412,2023-02-05,1,0
11558,5387,464,2023-03-04,3,0
11565,9376,574,2023-06-03,5,0
11575,8955,185,2023-11-08,1,0
11580,5510,435,2023-05-05,2,0
11595,4897,132,2023-11-10,2,0
11597,4048,590,2023-04-12,1,0
11602,3788,521,2023-02-03,1,20
11605,1113,490,2023-11-12,1,0
11611,1448,130,2023-05-02,1,0
11622,2323,328,2023-03-11,1,2
11623,3070,267,2023-05-03,1,10
11634,9458,437,2023-01-11,1,0
11639,3365,389,2023-02-01,2,0
11640,7620,192,2023-09-01,2,0
11643,3806,209,2023-12-12,5,0
11652,9162,120,2023-06-04,1,5
11653,6720,287,2023-05-06,1,15
11661,1391,404,2023-09-12,2,15
11673,4844,484,2023-06-11,2,0
11679,7380,175,2023-04-11,4,5
11682,8437,415,2023-02-01,1,5
11689,4391,227,2023-11-01,1,2
11694,9871,282,2023-01-11,2,2
11698,4841,521,2023-07-04,1,0
11701,782,599,2023-12-08,2,5
11708,4779,379,2023-08-05,2,0
11716,5618,429,2023-06-10,1,0
11723,7507,136,2023-09-07,1,0
11730,1509,154,2023-08-01,2,0
11735,2922,558,2023-02-02,3,0
11747,1941,144,2023-07-07,3,0
11748,2737,404,2023-11-06,1,5
11772,278,407,2023-08-08,1,15
11777,4886,314,2023-04-01,2,15
11780,4886,194,2023-04-04,3,5
11801,5917,217,2023-11-07,1,0
11819,2223,240,2023-04-08,4,10
11827,7863,421,2023-05-11,5,5
11830,5604,537,2023-02-03,1,2
11838,8421,495,2023-12-11,1,2
11839,1801,313,2023-07-07,2,2
11846,6934,365,2023-02-09,4,10
11851,7050,251,2023-08-12,5,2
11873,2938,320,2023-03-09,4,0
11877,9533,400,2023-08-06,1,0
11878,7165,319,2023-09-11,1,15
11880,7266,599,2023-08-05,4,5
11907,1803,205,2023-03-09,2,0
11910,8275,508,2023-08-09,2,0
11921,9287,322,2023-12-03,2,5
11926,1560,454,2023-06-08,2,2
11930,7564,143,2023-07-05,5,5
11931,5223,148,2023-03-05,2,15
11934,6710,425,2023-11-12,3,0
11941,1725,413,2023-12-07,1,0
11947,8142,204,2023-08-01,3,0
11955,8328,252,2023-03-04,4,0
11962,613,349,2023-04-06,1,5
11967,4867,186,2023-09-12,3,0
11970,5177,419,2023-02-04,2,0
11979,3526,485,2023-11-08,4,10
11994,8056,342,2023-05-07,1,2
11995,6058,436,2023-05-10,1,5
12011,4292,155,2023-08-08,1,10
12014,1680,588,2023-11-08,1,0
12034,8152,548,2023-05-02,1,15
12041,507,150,2023-03-09,2,5
12054,2016,362,2023-07-06,2,0
12063,6240,261,2023-07-02,2,10
12069,2921,392,2023-03-09,1,0
12071,2905,109,2023-06-08,1,0
12082,9545,342,2023-07-04,3,0
12083,2528,403,2023-04-06,1,10
12094,8146,475,2023-11-10,3,2
12098,9033,559,2023-07-02,3,0
12103,5415,495,2023-01-09,1,0
12105,6705,585,2023-02-06,1,10
12114,7352,371,2023-12-12,2,0
12117,8917,135,2023-02-01,1,0
12125,2036,496,2023-07-11,1,10
12129,5210,569,2023-07-03,2,0
12137,4879,513,2023-06-04,1,0
12138,2577,516,2023-01-02,2,2
12144,8069,295,2023-06-04,1,15
12150,9419,505,2023-09-04,4,0
12152,9270,566,2023-10-04,3,5
12157,4202,522,2023-10-04,3,10
12163,5188,372,2023-04-02,1,0
12165,5931,329,2023-11-05,4,0
12176,7290,418,2023-10-12,3,5
12181,8735,414,2023-11-11,1,0
12198,8262,367,2023-05-12,2,0
12199,1225,511,2023-05-12,1,10
12203,2219,281,2023-03-09,3,0
12209,2893,322,2023-06-07,1,15
12211,2189,366,2023-12-04,4,0
12220,5471,345,2023-08-11,2,0
12236,1390,446,2023-08-02,4,15
12240,2804,123,2023-05-03,1,5
12242,4375,450,2023-11-06,2,5
12244,8919,544,2023-06-01,2,5
12247,5883,177,2023-10-11,1,0
12248,1790,457,2023-02-04,1,2
12250,9991,306,2023-10-04,1,0
12254,7017,416,2023-09-04,4,5
12255,1453,332,2023-08-09,1,0
12256,6937,301,2023-06-01,2,2
12257,2005,221,2023-05-11,2,0
12265,522,459,2023-07-02,2,2
12266,5942,549,2023-10-05,1,5
12283,7950,240,2023-08-10,1,10
12284,6925,188,2023-01-09,1,2
12286,6843,103,2023-01-05,2,10
12288,9898,300,2023-11-04,4,0
12297,5469,282,2023-03-07,1,0
12298,1705,180,2023-08-03,1,0
12302,1634,472,2023-07-10,5,10
12308,2893,375,2023-10-06,1,0
12314,5835,383,2023-02-09,1,10
12324,6476,287,2023-09-02,1,15
12328,3574,202,2023-02-07,1,0
12343,3589,124,2023-11-02,5,15
12346,8007,446,2023-05-06,1,0
12347,1864,391,2023-10-10,3,0
12348,1963,358,2023-01-04,3,2
12355,5536,212,2023-12-03,1,0
12359,5481,440,2023-10-07,1,5
12366,9125,585,2023-12-09,1,0
12370,1196,349,2023-12-08,2,0
12375,618,127,2023-11-06,1,15
12378,8716,181,2023-07-07,2,0
12388,7891,497,2023-10-12,1,0
12397,904,158,2023-11-08,4,0
12400,4886,171,2023-09-04,2,0
12404,507,309,2023-10-03,2,0
12407,6199,157,2023-02-04,3,0
12425,5642,226,2023-12-06,5,0
12440,409,588,2023-02-03,2,5
12453,7672,327,2023-08-12,3,5
12468,9920,375,2023-03-12,4,0
12471,3165,481,2023-05-07,2,10
12486,5101,332,2023-08-02,3,0
12503,759,303,2023-04-12,1,0
12513,4327,338,2023-09-09,1,0
12529,5300,503,2023-05-10,1,0
12536,1814,425,2023-09-02,1,0
12566,5656,568,2023-07-05,2,5
12581,8709,471,2023-06-08,1,0
12585,2674,532,2023-05-08,1,0
12588,3486,131,2023-07-11,1,10
12601,7977,391,2023-04-01,1,5
12603,3823,143,2023-11-04,2,2
12609,1586,584,2023-03-02,2,5
12616,9695,314,2023-10-08,2,0
12619,6132,410,2023-11-02,2,0
12632,4511,229,2023-09-02,5,5
12633,3629,197,2023-08-03,2,2
12637,9750,180,2023-09-10,2,0
12640,6700,251,2023-11-04,1,0
12643,5700,500,2023-12-12,5,0
12648,7067,224,2023-06-10,1,5
12652,9070,590,2023-09-08,2,10
12654,5011,393,2023-05-12,2,0
12659,4862,133,2023-08-10,2,5
12664,1868,105,2023-11-06,3,0
12665,3885,515,2023-11-12,5,0
12668,9405,577,2023-03-05,5,0
12683,1480,419,2023-07-08,1,10
12692,5188,296,2023-01-02,2,15
12704,2126,488,2023-02-02,1,5
12705,2022,592,2023-05-03,2,10
12712,6870,285,2023-11-02,3,2
12722,8703,271,2023-01-08,1,0
12723,1885,190,2023-02-11,1,0
12726,5458,122,2023-08-08,2,0
12737,1048,185,2023-09-01,1,0
12753,5055,194,2023-06-01,3,0
12755,3315,310,2023-07-03,2,0
12760,8425,483,2023-08-02,3,0
12763,892,201,2023-02-06,2,0
12765,8589,242,2023-01-08,2,5
12766,2615,368,2023-03-11,3,2
12770,2884,306,2023-04-07,1,0
12776,9732,299,2023-10-09,1,0
12780,8934,391,2023-01-04,5,0
12789,2909,405,2023-07-10,2,0
12814,6423,241,2023-12-11,2,2
12820,249,279,2023-02-09,1,0
12830,1381,429,2023-12-01,1,0
12832,4066,282,2023-08-07,1,0
12837,4220,102,2023-12-02,2,0
12864,2905,166,2023-07-11,2,0
12865,3680,209,2023-06-11,4,0
12869,5847,177,2023-12-10,1,0
12871,4924,208,2023-05-07,1,10
12881,2122,220,2023-08-12,1,0
12883,2160,122,2023-12-06,1,5
12889,2562,418,2023-06-07,2,2
12893,9888,211,2023-08-01,2,0
12916,3439,212,2023-10-04,1,0
12922,1034,355,2023-11-11,1,5
12925,7590,428,2023-09-01,1,5
12928,4393,339,2023-03-12,3,15
12929,2284,157,2023-12-11,3,0
12930,7677,337,2023-10-10,1,0
12943,1540,552,2023-11-11,1,0
12947,598,108,2023-12-08,5,5
12951,3835,297,2023-01-05,2,0
12955,2599,264,2023-01-10,1,0
12965,4999,514,2023-01-01,2,10
12981,468,225,2023-04-09,2,20
12991,1306,267,2023-01-08,1,0
12999,147,438,2023-08-01,4,0
13008,2438,504,2023-02-07,2,2
13009,3223,105,2023-04-05,3,0
13011,8617,109,2023-05-12,1,0
13019,3820,151,2023-05-04,2,15
13021,4270,597,2023-12-02,2,5
13027,6244,597,2023-07-06,1,0
13032,3479,269,2023-12-01,2,5
13033,8617,310,2023-11-01,2,10
13034,4455,259,2023-02-08,1,0
13038,9828,180,2023-09-08,1,15
13039,5198,116,2023-10-06,1,0
13045,5010,543,2023-05-12,1,0
13046,1414,288,2023-10-10,4,0
13048,7210,540,2023-11-02,1,0
13063,7672,325,2023-04-06,2,2
13065,9064,385,2023-12-05,2,0
13075,9372,226,2023-02-05,1,0
13080,3904,249,2023-10-01,1,0
13082,679,156,2023-03-07,5,5
13084,211,547,2023-08-08,2,0
13087,4291,390,2023-07-10,1,5
13096,551,165,2023-07-08,1,5
13098,2186,345,2023-09-07,2,0
13124,4618,234,2023-07-03,1,0
13129,6329,167,2023-08-05,1,10
13131,4233,563,2023-04-04,2,0
13134,3256,372,2023-05-04,3,5
13140,2323,159,2023-06-04,2,0
13147,3785,385,2023-11-04,1,0
13154,7956,502,2023-05-04,4,0
13159,6509,382,2023-04-11,1,2
13162,1250,447,2023-03-05,4,0
13163,3066,579,2023-05-12,1,5
13164,7644,541,2023-10-05,1,5
13173,4388,188,2023-11-05,1,0
13174,4826,169,2023-04-06,1,0
13175,1487,469,2023-04-11,1,0
13190,7951,551,2023-03-01,4,2
13191,3691,486,2023-04-05,1,2
13202,4684,531,2023-04-05,1,0
13206,4650,410,2023-05-09,1,5
13217,7125,436,2023-03-08,5,2
13218,342,387,2023-12-06,1,2
13219,3349,288,2023-08-04,1,10
13224,605,228,2023-10-02,3,0
13225,7635,201,2023-08-02,4,0
13227,436,286,2023-06-09,1,0
13229,682,249,2023-01-09,1,2
13235,2388,249,2023-02-03,3,2
13241,6027,590,2023-07-11,2,0
13253,7564,234,2023-05-07,4,2
13256,6458,202,2023-08-05,2,15
13257,2336,514,2023-06-04,1,5
13261,7175,153,2023-09-01,1,0
13269,1397,524,2023-10-10,2,10
13289,3928,292,2023-07-03,2,10
13291,6148,329,2023-09-03,5,0
13297,9878,416,2023-01-09,2,0
13305,8465,346,2023-11-10,2,5
13316,6708,431,2023-10-08,3,10
13317,3190,160,2023-02-04,1,0
13320,8423,599,2023-11-11,3,0
13332,1793,446,2023-06-12,1,5
13342,771,115,2023-04-11,1,5
13361,2104,147,2023-11-01,2,5
13362,3689,596,2023-04-03,2,10
13368,7141,369,2023-11-08,1,0
13373,1266,588,2023-01-02,2,0
13374,4206,505,2023-11-07,1,5
13376,8085,340,2023-01-05,1,0
13380,6562,515,2023-11-04,1,2
13381,877,340,2023-01-02,3,10
13382,1007,310,2023-12-04,2,0
13389,49,117,2023-07-03,3,5
13395,6808,406,2023-09-03,3,0
13401,285,242,2023-10-07,1,0
13405,6170,242,2023-07-03,2,20
13406,8896,187,2023-07-11,2,5
13413,9986,449,2023-02-09,2,5
13415,1611,154,2023-12-06,1,0
13418,2819,229,2023-04-11,4,0
13429,4136,228,2023-07-08,1,10
13433,232,192,2023-11-05,1,0
13458,9822,156,2023-07-05,2,0
13459,4014,153,2023-03-11,3,5
13468,7036,392,2023-05-01,1,0
13469,6870,582,2023-01-10,1,0
13478,9158,442,2023-10-09,2,0
13490,7632,396,2023-03-02,1,5
13517,4540,170,2023-11-09,1,5
13521,4650,186,2023-01-03,1,5
13531,7654,144,2023-05-07,2,10
13541,8539,270,2023-08-12,1,10
13550,6418,267,2023-09-12,1,0
13563,4138,310,2023-02-08,1,0
13566,5362,331,2023-05-10,3,0
13570,5430,137,2023-07-12,2,0
13577,8365,223,2023-10-05,1,5
13578,3461,341,2023-04-02,2,5
13581,8335,191,2023-12-12,2,5
13587,5427,524,2023-08-12,2,5
13592,3986,149,2023-10-07,2,0
13596,6541,323,2023-09-02,1,10
13603,4396,415,2023-09-04,1,0
13606,9366,351,2023-03-07,2,0
13616,4757,154,2023-05-08,2,0
13624,5189,479,2023-11-12,1,5
13632,5790,292,2023-06-05,4,0
13634,8319,353,2023-02-09,5,0
13636,3915,415,2023-05-02,3,0
13646,169,180,2023-03-08,1,5
13653,8232,524,2023-12-06,1,0
13654,6466,137,2023-03-08,1,5
13655,2947,190,2023-08-11,1,10
13678,1058,508,2023-11-07,1,2
13684,1112,209,2023-05-12,4,0
13690,9192,148,2023-10-03,1,0
13703,7928,335,2023-12-12,2,0
13717,5000,357,2023-07-11,1,15
13727,6982,169,2023-05-05,1,0
13735,3758,122,2023-07-12,2,2
13741,8197,131,2023-10-10,1,10
13742,1903,500,2023-04-01,2,0
13747,5567,588,2023-08-03,1,0
13749,2482,556,2023-10-09,1,15
13771,2897,440,2023-09-02,4,0
13773,8255,380,2023-06-05,1,0
13774,5396,302,2023-02-09,1,2
13787,1196,226,2023-01-01,1,0
13788,96,155,2023-04-08,1,0
13795,2779,308,2023-01-12,3,0
13800,4202,347,2023-12-01,4,2
13811,8677,493,2023-03-02,2,0
13813,1340,142,2023-05-05,1,0
13821,7380,409,2023-11-02,2,0
13823,1881,595,2023-05-11,1,0
13827,766,513,2023-08-04,2,0
13829,6871,560,2023-03-07,3,0
13831,1341,402,2023-07-06,2,0
13840,8423,144,2023-10-10,2,5
13844,3169,182,2023-08-02,1,5
13848,3048,227,2023-12-04,2,0
13852,8621,402,2023-07-02,1,0
13857,9759,113,2023-01-05,1,0
13861,4773,430,2023-07-11,2,0
13866,1187,490,2023-07-11,3,5
13873,1751,476,2023-09-09,1,0
13880,4614,174,2023-06-11,1,0
13887,6070,160,2023-11-09,3,2
13894,6161,176,2023-04-05,2,0
13897,7500,180,2023-11-04,1,5
13899,2220,154,2023-09-11,1,2
13900,1748,444,2023-11-04,1,0
13907,1719,185,2023-11-03,4,2
13915,4317,341,2023-12-12,2,2
13918,823,484,2023-04-05,2,15
13936,1204,227,2023-12-09,3,5
13943,674,555,2023-05-06,4,0
13950,3493,259,2023-01-07,2,5
13953,5055,175,2023-09-07,1,5
13958,1725,511,2023-11-01,2,0
13965,8084,521,2023-06-09,1,10
13967,690,444,2023-09-06,5,0
13969,2936,334,2023-05-08,1,2
13979,3514,433,2023-10-06,1,5
13986,3720,178,2023-09-01,1,10
13987,6287,298,2023-08-09,4,0
14010,6455,168,2023-09-06,1,5
14019,4878,412,2023-11-05,1,0
14054,5566,477,2023-04-03,1,0
14083,3603,235,2023-08-07,1,0
14085,3,377,2023-05-05,3,0
14089,3148,268,2023-11-03,1,15
14101,3076,495,2023-05-12,2,0
14109,2265,392,2023-10-02,2,0
14111,449,509,2023-03-04,1,10
14115,7080,267,2023-07-06,3,0
14126,2841,245,2023-11-05,3,0
14142,1798,247,2023-12-01,2,0
14151,7269,137,2023-11-01,1,5
14170,2510,186,2023-10-06,1,0
14186,6234,385,2023-04-11,1,0
14190,9213,153,2023-12-11,2,2
14202,2936,554,2023-12-04,1,15
14219,8922,258,2023-12-05,3,5
14225,9892,524,2023-06-01,1,0
14228,489,156,2023-12-06,3,10
14230,5037,396,2023-08-08,1,2
14243,7241,103,2023-03-07,1,2
14251,9087,553,2023-01-04,2,0
14255,7387,152,2023-11-08,1,2
14256,2456,410,2023-10-12,1,0
14263,2136,354,2023-03-09,2,0
14264,4278,586,2023-11-02,2,0
14270,151,394,2023-07-06,2,0
14274,3737,220,2023-12-08,1,0
14285,2899,133,2023-12-09,5,0
14310,8591,493,2023-03-02,1,5
14313,9056,105,2023-01-03,1,0
14314,3406,153,2023-10-11,1,2
14319,871,138,2023-01-09,3,0
14324,9369,344,2023-05-08,3,0
14325,6392,493,2023-08-01,1,0
14336,7012,359,2023-09-10,5,0
14340,9541,381,2023-03-03,3,0
14342,6729,427,2023-09-11,2,0
14352,6096,510,2023-01-07,4,5
14360,2268,309,2023-11-02,2,2
14366,3896,139,2023-09-06,2,0
14370,703,124,2023-06-05,2,0
14371,4934,478,2023-02-08,2,0
14394,3926,210,2023-03-01,1,20
14402,4589,383,2023-09-06,1,0
14443,6377,378,2023-12-06,4,5
14450,2078,389,2023-04-01,3,0
14453,2589,436,2023-11-09,1,10
14455,5231,445,2023-12-11,1,0
14466,4165,212,2023-10-03,1,2
14475,918,501,2023-05-06,3,0
14487,1939,293,2023-06-08,3,5
14493,5983,413,2023-04-11,1,0
14500,6419,287,2023-07-09,2,5
14504,7170,392,2023-12-06,3,0
14510,1390,365,2023-12-04,5,0
14514,4922,514,2023-06-07,2,0
14517,4624,181,2023-06-10,4,0
14518,3504,345,2023-03-02,1,0
14520,9041,536,2023-04-08,1,0
14538,181,599,2023-08-03,3,2
14557,6568,362,2023-02-01,2,15
14560,5458,200,2023-07-03,3,0
14564,6007,329,2023-08-06,4,0
14567,2746,318,2023-08-08,2,0
14574,2267,153,2023-08-05,2,15
14578,1528,539,2023-10-04,1,0
14581,7478,110,2023-10-05,1,0
14584,5392,151,2023-03-08,1,0
14589,7214,598,2023-10-10,2,0
14591,1515,190,2023-03-01,2,2
14592,2072,217,2023-02-09,5,10
14594,7906,137,2023-11-12,2,0
14595,6509,509,2023-04-04,2,0
14601,2126,207,2023-03-10,1,0
14607,5484,321,2023-01-08,3,0
14611,398,147,2023-01-07,3,0
14615,2506,357,2023-06-10,2,0
14617,2607,290,2023-03-06,1,0
14619,9585,114,2023-02-08,2,0
14625,4647,184,2023-10-05,2,2
14628,1395,405,2023-12-09,1,0
14632,2670,598,2023-09-11,2,10
14640,5960,272,2023-03-06,1,5
14646,9022,233,2023-05-08,1,0
14652,3028,155,2023-05-10,3,5
14659,5752,107,2023-10-10,2,20
14667,1355,476,2023-06-11,2,0
14668,626,123,2023-08-01,2,0
14670,3644,276,2023-08-09,5,5
14676,9759,516,2023-06-04,1,5
14680,7508,598,2023-05-02,1,0
14684,7734,553,2023-06-11,1,0
14694,6279,381,2023-05-02,1,0
14698,8119,162,2023-10-02,1,0
14700,4720,488,2023-08-08,1,5
14706,8760,583,2023-02-06,2,0
14707,2940,320,2023-11-01,3,0
14709,4720,535,2023-10-09,4,0
14711,4485,501,2023-01-02,1,0
14714,9253,134,2023-02-09,1,2
14716,3708,402,2023-06-01,2,2
14722,7188,310,2023-02-07,4,5
14727,7476,588,2023-08-02,1,0
14731,3514,535,2023-02-03,2,2
14732,108,337,2023-03-05,3,0
14735,9896,312,2023-06-02,2,0
14738,4746,540,2023-08-12,1,0
14741,2054,184,2023-01-03,3,0
14743,4867,214,2023-07-03,1,5
14744,4250,301,2023-09-01,3,10
14752,4660,284,2023-04-03,1,5
14780,7624,481,2023-06-02,1,0
14784,5402,565,2023-06-03,2,5
14789,5850,458,2023-02-10,2,2
14792,9236,201,2023-12-06,3,15
14794,5742,224,2023-05-09,3,2
14795,3885,513,2023-07-05,1,0
14800,3688,475,2023-10-08,3,15
14802,4114,413,2023-10-01,3,10
14804,3032,413,2023-10-12,3,2
14815,3191,373,2023-11-11,1,0
14818,4610,481,2023-12-04,1,5
14821,6654,135,2023-05-11,2,10
14824,8974,226,2023-04-03,2,10
14826,8576,515,2023-09-02,2,0
14827,5031,395,2023-11-09,1,0
14839,3703,529,2023-01-01,1,10
14840,1661,131,2023-02-05,3,0
14841,9306,473,2023-09-08,1,10
14843,9191,323,2023-03-10,1,0
14847,5186,349,2023-03-01,1,0
14848,5501,385,2023-06-05,2,5
14861,4658,165,2023-12-04,4,0
14863,8433,501,2023-03-08,1,5
14868,4381,581,2023-08-10,5,15
14876,5656,129,2023-08-02,4,0
14877,7958,440,2023-01-10,2,15
14893,5913,111,2023-02-09,1,10
14898,5600,546,2023-09-10,1,0
14900,6178,195,2023-07-11,3,5
14902,2382,587,2023-03-05,1,0
14905,4030,256,2023-12-01,3,0
14918,5330,523,2023-10-10,3,0
14923,6280,520,2023-10-09,3,5
14926,2735,446,2023-02-11,1,0
14933,446,391,2023-11-09,3,0
14936,1434,589,2023-04-06,3,5
14944,7308,200,2023-02-05,1,0
14945,6361,158,2023-12-01,1,10
14948,1794,446,2023-12-11,1,2
14949,154,496,2023-02-01,1,2
14957,8434,211,2023-09-06,3,0
14959,7390,203,2023-12-10,3,10
14961,1085,370,2023-07-08,1,5
14963,8760,498,2023-07-07,4,0
14974,4971,174,2023-01-08,1,0
14982,1019,235,2023-11-07,2,2
15007,8757,544,2023-07-02,1,5
15009,2129,525,2023-11-04,3,2
15012,6411,394,2023-03-09,3,15
15016,3357,503,2023-02-12,1,2
15017,4152,462,2023-08-01,1,5
15030,8465,431,2023-12-04,2,0
15035,2650,535,2023-11-04,3,0
15036,1763,169,2023-07-02,4,0
15039,4145,458,2023-04-06,3,2
15042,8557,289,2023-01-03,2,0
15044,1970,567,2023-03-10,1,0
15049,1725,210,2023-09-03,1,0
15052,2417,389,2023-04-02,2,0
15054,3426,294,2023-11-10,1,0
15061,2595,588,2023-10-04,3,5
15067,103,331,2023-03-02,4,2
15068,5935,205,2023-07-03,1,0
15077,5387,549,2023-04-10,1,20
15097,5410,164,2023-08-07,1,5
15103,6370,481,2023-01-03,1,0
15108,3987,287,2023-06-03,1,5
15112,1733,141,2023-12-10,3,0
15123,9844,454,2023-06-05,2,5
15124,4384,483,2023-04-09,2,5
15128,8241,465,2023-10-01,1,2
15164,5150,218,2023-10-03,2,5
15167,1860,568,2023-01-05,1,0
15176,3787,415,2023-10-12,1,5
15199,1323,596,2023-01-01,2,5
15219,8731,514,2023-11-06,2,2
15227,9689,324,2023-01-08,2,5
15231,4485,358,2023-06-06,1,10
15235,1601,399,2023-10-06,1,10
15239,6678,241,2023-02-02,3,0
15240,2522,207,2023-02-01,2,0
15244,9479,395,2023-01-08,1,10
15249,3942,501,2023-03-02,1,2
15259,5819,382,2023-12-08,1,2
15263,8126,378,2023-07-04,3,0
15269,8576,168,2023-09-10,1,15
15270,1637,353,2023-03-11,4,2
15277,9921,293,2023-04-02,3,0
15282,5058,542,2023-07-08,1,5
15298,7736,131,2023-07-02,2,0
15299,5857,422,2023-07-04,1,0
15306,6690,150,2023-04-08,1,10
15307,2792,271,2023-04-04,4,0
15311,1906,325,2023-02-08,1,0
15312,3980,516,2023-12-07,2,2
15313,6707,396,2023-08-11,1,0
15318,8225,102,2023-08-07,1,0
15323,8746,121,2023-11-09,3,0
15365,3727,319,2023-08-05,3,0
15366,8527,500,2023-11-04,2,0
15383,2815,164,2023-12-08,1,5
15385,6036,384,2023-05-08,1,5
15396,731,361,2023-02-02,2,0
15400,4723,572,2023-08-04,1,0
15410,7781,535,2023-07-02,1,5
15416,6509,185,2023-10-08,1,2
15419,8032,524,2023-08-03,2,0
15421,6367,502,2023-12-02,1,15
15423,3286,405,2023-01-10,1,2
15430,5223,595,2023-02-10,1,0
15436,1745,204,2023-05-07,3,0
15451,3479,206,2023-11-10,2,2
15452,9435,564,2023-12-04,1,0
15456,8525,212,2023-12-02,1,0
15466,779,517,2023-12-12,3,2
15473,8752,111,2023-02-01,4,10
15475,6686,589,2023-06-01,2,0
15482,977,513,2023-08-08,1,0
15484,9110,185,2023-10-07,2,2
15495,9213,512,2023-02-10,1,2
15501,4255,450,2023-02-01,3,0
15509,4398,164,2023-03-11,2,2
15535,1404,348,2023-08-09,1,0
15536,8705,237,2023-12-07,1,0
15541,3315,189,2023-12-01,1,0
15542,3817,158,2023-01-01,1,0
15554,4019,190,2023-04-12,1,0
15561,3904,595,2023-12-03,2,2
15563,3301,205,2023-11-08,2,2
15568,8408,314,2023-05-04,2,2
15575,7913,451,2023-01-05,1,10
15577,9323,129,2023-11-04,1,20
15581,3128,547,2023-07-09,3,5
15585,3378,555,2023-08-09,1,10
15586,2036,144,2023-09-09,3,10
15599,744,253,2023-09-08,4,0
15608,6172,271,2023-02-05,1,20
15618,1408,352,2023-06-02,3,0
15628,1751,244,2023-10-05,2,0
15634,7045,373,2023-05-04,1,5
15643,1121,480,2023-05-12,1,10
15666,4076,595,2023-07-09,1,0
15670,5566,597,2023-01-04,1,2
15677,3590,457,2023-09-09,2,10
15685,7894,274,2023-12-12,1,5
15689,5000,207,2023-08-05,1,0
15690,9079,225,2023-01-09,4,0
15693,5464,385,2023-09-08,2,0
15703,7249,155,2023-03-03,3,2
15707,8891,168,2023-06-07,3,10
15711,4009,434,2023-03-02,4,0
15715,5546,575,2023-11-07,4,2
15730,3363,594,2023-06-05,1,0
15742,5604,378,2023-11-10,2,0
15745,4948,521,2023-08-06,2,0
15750,4098,335,2023-11-04,1,0
15762,4386,392,2023-07-12,2,20
15764,1020,285,2023-07-06,1,0
15782,2048,566,2023-12-09,1,0
15789,2666,185,2023-09-10,1,2
15805,2819,507,2023-10-04,1,5
15807,7387,403,2023-11-01,1,5
15813,8299,509,2023-06-06,1,0
15814,1804,198,2023-11-11,1,20
15819,585,307,2023-12-08,2,0
15824,6297,295,2023-03-10,2,0
15836,3496,368,2023-11-02,5,0
15839,1806,597,2023-04-12,1,20
15843,1562,483,2023-12-12,1,0
15844,3403,543,2023-04-11,2,0
15846,2571,585,2023-01-03,3,2
15851,2737,388,2023-11-01,1,0
15865,4210,106,2023-01-05,2,0
15874,4569,573,2023-02-01,3,2
15899,7722,151,2023-08-09,2,0
15902,2172,472,2023-11-07,2,0
15905,3816,427,2023-10-08,4,0
15914,4899,296,2023-04-10,1,0
15923,2385,456,2023-11-07,3,0
15928,771,580,2023-07-08,2,0
15935,7784,396,2023-05-05,3,0
15938,5162,412,2023-02-01,3,10
15943,153,345,2023-06-05,2,2
15950,2484,471,2023-01-05,3,0
15954,8648,137,2023-05-02,1,5
15956,3401,267,2023-12-10,1,0
15960,9810,594,2023-05-10,1,0
15963,5014,114,2023-03-12,1,5
15974,4027,306,2023-12-09,1,10
15998,1349,232,2023-09-04,3,2
16001,7578,427,2023-07-02,3,2
16004,4525,347,2023-06-02,1,10
16009,7048,354,2023-02-03,1,10
16010,2145,148,2023-06-12,1,0
16038,7962,173,2023-06-07,1,0
16039,9354,484,2023-09-10,1,0
16043,8628,172,2023-10-10,4,0
16045,9935,350,2023-07-04,1,0
16057,1264,310,2023-12-01,1,0
16064,5016,203,2023-01-04,1,0
16068,3636,302,2023-11-06,1,0
16069,8190,401,2023-11-09,1,5
16076,4891,462,2023-04-06,5,0
16078,6282,214,2023-03-06,4,0
16097,7512,510,2023-08-11,1,0
16107,3567,328,2023-06-10,5,5
16108,2734,219,2023-12-03,2,2
16109,1528,329,2023-02-11,1,10
16114,5808,411,2023-02-08,2,5
16117,1263,149,2023-10-01,1,2
16118,3256,590,2023-12-12,2,2
16122,843,572,2023-02-01,1,0
16140,1542,418,2023-03-06,2,10
16143,3738,344,2023-08-08,2,0
16144,4281,593,2023-06-06,2,0
16147,7569,270,2023-06-12,1,2
16149,7717,207,2023-08-04,1,5
16150,3820,537,2023-11-05,1,0
16191,3303,437,2023-10-07,3,0
16196,4701,421,2023-03-09,5,0
16202,3117,497,2023-12-03,3,2
16204,6758,211,2023-02-10,4,0
16219,9436,591,2023-04-05,1,10
16220,9599,523,2023-02-12,1,0
16223,4280,568,2023-06-02,1,15
16229,141,547,2023-04-10,3,0
16233,4913,457,2023-03-05,5,0
16234,751,290,2023-07-05,2,2
16240,1200,153,2023-02-10,1,2
16243,3923,501,2023-07-01,1,5
16257,3065,541,2023-06-11,4,0
16271,2281,574,2023-03-02,1,0
16278,2121,166,2023-02-08,3,0
16279,6940,144,2023-12-10,3,0
16285,5652,422,2023-02-05,3,0
16287,2822,457,2023-11-06,1,0
16292,2391,577,2023-01-12,1,0
16296,889,217,2023-10-10,2,0
16310,3500,110,2023-04-11,2,2
16322,6586,470,2023-04-04,1,5
16329,4783,537,2023-05-01,1,2
16338,7749,183,2023-01-11,1,0
16344,3066,157,2023-08-06,2,0
16347,7729,272,2023-06-05,2,10
16349,7253,439,2023-06-12,3,2
16353,8203,169,2023-03-09,5,5
16375,9888,135,2023-10-08,1,2
16376,3738,588,2023-02-10,3,10
16377,771,571,2023-08-09,1,0
16379,2666,315,2023-05-03,1,5
16387,2061,147,2023-12-04,3,0
16401,7063,362,2023-11-04,4,2
16403,1180,250,2023-12-05,1,5
16426,7727,338,2023-05-04,5,5
16436,9364,594,2023-06-09,1,0
16438,5917,510,2023-12-11,1,2
16442,9671,243,2023-07-11,4,5
16446,6027,429,2023-12-06,2,0
16452,1101,588,2023-01-01,1,0
16455,4938,314,2023-04-08,1,0
16457,6839,411,2023-04-02,1,2
16461,7600,240,2023-10-03,3,0
16463,6483,228,2023-08-10,3,0
16469,7215,427,2023-10-04,1,10
16474,4050,513,2023-11-10,1,10
16475,5990,190,2023-06-10,2,2
16477,3400,357,2023-04-03,4,10
16484,3406,571,2023-10-12,1,0
16492,1912,399,2023-03-12,3,10
16513,2412,319,2023-10-06,1,0
16522,6240,291,2023-11-06,3,2
16539,7553,581,2023-06-03,2,10
16553,3577,170,2023-02-09,1,0
16576,7558,344,2023-11-05,2,10
16588,5476,217,2023-09-05,5,0
16592,580,433,2023-06-09,3,5
16594,8166,263,2023-07-12,1,15
16612,4063,105,2023-04-12,1,0
16613,9219,497,2023-09-12,2,0
16614,2516,172,2023-05-01,2,0
16639,8545,464,2023-10-10,1,10
16640,3493,236,2023-07-09,5,10
16646,6900,544,2023-11-11,3,5
16647,8178,500,2023-06-09,1,0
16652,9233,172,2023-05-09,5,0
16666,7797,539,2023-04-01,2,0
16675,4354,440,2023-08-05,1,2
16687,6595,115,2023-03-08,3,15
16688,124,239,2023-11-07,1,10
16690,7837,243,2023-07-12,3,20
16697,744,502,2023-10-10,2,0
16702,242,138,2023-04-09,1,0
16706,9838,116,2023-02-09,1,0
16712,4530,225,2023-05-06,1,2
16713,3117,480,2023-01-08,2,0
16728,4844,262,2023-06-11,3,0
16737,8226,429,2023-10-12,4,0
16748,4247,340,2023-02-12,1,0
16750,1868,597,2023-04-07,2,0
16753,5742,436,2023-02-10,3,0
16757,9852,162,2023-11-04,1,2
16767,7637,501,2023-07-06,4,10
16775,5626,268,2023-05-05,2,0
16784,4138,209,2023-12-08,2,0
16796,4856,595,2023-10-10,1,0
16804,2299,286,2023-03-02,2,0
16808,2983,546,2023-01-01,2,10
16819,8465,180,2023-09-10,2,0
16825,5863,194,2023-05-04,1,0
16830,9688,491,2023-08-02,1,2
16837,9236,420,2023-02-06,1,0
16838,2003,500,2023-12-08,2,0
16841,3426,334,2023-11-05,1,0
16846,5007,377,2023-12-06,3,5
16847,7723,478,2023-08-03,1,0
16850,1790,435,2023-07-03,1,0
16852,8576,363,2023-03-01,1,0
16860,3703,362,2023-03-07,2,0
16862,1274,210,2023-05-01,3,0
16864,4757,301,2023-05-08,1,0
16870,4934,355,2023-09-10,1,0
16875,3034,106,2023-12-03,1,2
16877,9693,274,2023-02-04,1,0
16878,6311,600,2023-09-10,1,0
16883,8628,391,2023-03-03,1,0
16884,8998,375,2023-08-02,1,5
16885,8891,434,2023-03-11,1,2
16889,4910,428,2023-06-09,1,10
16895,9938,259,2023-06-03,1,0
16898,11,475,2023-10-09,3,0
16905,3056,185,2023-12-07,2,0
16909,5753,418,2023-11-01,2,0
16914,9526,505,2023-07-04,2,5
16939,8332,407,2023-08-03,1,0
16946,1551,145,2023-06-03,1,0
16948,7436,323,2023-05-05,1,10
16952,8539,145,2023-07-07,1,0
16954,2997,411,2023-04-03,3,0
16956,9860,435,2023-01-10,1,0
16977,7950,404,2023-01-04,1,0
16981,1546,204,2023-12-12,1,0
16986,1986,259,2023-06-12,1,2
16991,9696,131,2023-02-11,4,0
16994,8595,461,2023-02-04,2,0
16997,7559,307,2023-02-01,1,0
17012,6808,447,2023-06-10,4,15
17025,1598,518,2023-03-08,1,0
17026,3159,315,2023-12-05,4,0
17028,1075,429,2023-06-06,4,0
17029,1860,517,2023-10-02,1,0
17030,2691,462,2023-12-03,3,0
17034,3461,283,2023-10-01,2,5
17042,7396,153,2023-02-04,2,5
17064,6177,437,2023-12-11,4,0
17068,96,108,2023-04-12,3,0
17073,3286,173,2023-09-03,2,0
17075,1033,187,2023-06-10,1,0
17076,6722,576,2023-02-08,3,0
17083,5437,170,2023-08-07,1,0
17086,4281,574,2023-03-12,1,0
17090,9554,179,2023-12-08,1,0
17112,577,376,2023-09-10,1,0
17117,6960,378,2023-08-06,4,0
17126,2467,424,2023-06-06,4,2
17144,6397,538,2023-03-05,1,2
17158,6067,357,2023-01-09,1,0
17172,1902,485,2023-11-04,3,0
17173,7744,324,2023-01-06,3,5
17177,1207,525,2023-11-02,4,0
17179,6235,331,2023-11-11,1,0
17188,5475,130,2023-03-08,1,0
17189,4935,392,2023-02-08,1,15
17199,5740,471,2023-10-02,1,0
17207,5381,501,2023-01-06,3,2
17214,4434,397,2023-11-02,2,0
17216,4731,284,2023-09-12,3,10
17222,7992,561,2023-12-03,1,0
17223,2586,118,2023-08-09,1,5
17227,1803,593,2023-04-02,5,0
17232,2224,175,2023-05-01,5,0
17241,9228,599,2023-05-11,3,0
17255,6725,435,2023-03-01,1,15
17257,157,109,2023-06-06,2,2
17262,5210,246,2023-07-03,1,5
17272,1342,162,2023-01-12,5,0
17277,1836,395,2023-02-03,3,0
17279,6412,231,2023-08-04,1,2
17284,2976,536,2023-05-06,3,0
17287,1656,225,2023-05-03,1,0
17305,7857,291,2023-11-11,2,0
17317,8388,279,2023-11-12,3,15
17318,4614,225,2023-02-01,1,2
17324,3486,339,2023-01-07,3,0
17336,2261,442,2023-08-12,4,0
17337,4434,249,2023-08-04,2,15
17340,1345,438,2023-07-10,2,0
17343,6307,313,2023-01-10,5,5
17344,7442,417,2023-06-12,2,0
17350,7553,591,2023-09-10,1,5
17354,3917,448,2023-05-08,1,5
17357,5437,250,2023-12-06,2,2
17358,2057,232,2023-05-10,2,0
17362,4922,348,2023-02-08,5,2
17402,4247,176,2023-06-03,4,0
17407,1601,437,2023-05-11,1,0
17417,1550,446,2023-06-01,2,15
17419,6770,497,2023-02-11,1,0
17425,818,574,2023-07-05,1,0
17426,3803,313,2023-04-04,3,2
17431,3697,237,2023-07-09,2,0
17440,9475,373,2023-09-11,2,2
17451,4727,312,2023-07-07,3,2
17458,8213,276,2023-04-07,3,2
17464,2013,309,2023-10-06,2,0
17469,3499,373,2023-05-01,2,5
17486,8974,123,2023-01-09,1,0
17495,1798,342,2023-06-09,2,0
17502,4970,115,2023-02-11,2,10
17504,9861,106,2023-04-12,3,5
17509,5807,379,2023-07-10,1,0
17514,4210,574,2023-12-11,2,0
17535,1079,434,2023-03-09,3,0
17537,4496,246,2023-07-06,4,0
17565,8343,274,2023-06-12,4,0
17566,1848,396,2023-05-12,1,0
17568,7036,295,2023-12-04,1,0
17571,4261,284,2023-05-04,1,0
17589,3780,580,2023-05-08,1,2
17591,9349,383,2023-03-12,1,15
17608,2264,261,2023-09-10,4,10
17623,6555,534,2023-04-04,2,5
17624,6770,537,2023-10-05,3,10
17627,990,108,2023-03-01,1,5
17632,4388,295,2023-05-01,3,5
17654,1494,379,2023-09-05,1,5
17680,4746,516,2023-05-05,3,2
17687,3992,494,2023-08-04,1,0
17692,8757,195,2023-02-06,3,0
17693,6118,208,2023-01-08,2,0
17713,3079,211,2023-08-02,1,0
17724,7899,273,2023-03-11,2,0
17729,6373,599,2023-06-05,3,0
17731,8617,505,2023-10-03,1,0
17733,8427,101,2023-08-07,2,10
17737,1803,225,2023-10-06,2,2
17746,2282,462,2023-08-02,2,2
17776,962,377,2023-11-06,1,15
17790,9784,507,2023-06-05,3,2
17803,3401,158,2023-01-09,1,0
17813,2,256,2023-04-10,1,10
17819,4238,530,2023-06-11,2,5
17825,9184,305,2023-07-10,1,0
17845,8625,366,2023-12-10,1,15
17847,9759,474,2023-12-08,3,0
17851,1112,144,2023-07-12,1,0
17866,6629,402,2023-10-12,2,0
17880,9570,516,2023-07-09,2,2
17882,554,148,2023-11-05,3,2
17884,6700,406,2023-07-01,3,2
17926,924,595,2023-11-07,5,0
17927,340,514,2023-11-03,1,0
17935,1793,144,2023-08-09,2,15
17942,7197,374,2023-03-06,1,0
17949,7904,208,2023-10-08,2,2
17955,998,300,2023-06-08,2,0
17963,8428,190,2023-08-08,1,0
17967,9799,188,2023-07-04,1,15
17970,9033,212,2023-10-02,5,15
17978,8100,476,2023-01-08,1,5
17992,1104,338,2023-09-06,2,0
18007,2982,558,2023-07-01,4,0
18008,5960,315,2023-05-05,3,0
18009,5081,182,2023-04-06,2,10
18012,2530,560,2023-10-04,1,0
18020,3320,247,2023-06-11,1,0
18023,6473,276,2023-07-11,3,0
18025,4480,241,2023-06-08,1,15
18027,9272,366,2023-05-04,1,0
18031,8056,377,2023-09-12,4,0
18032,3565,255,2023-10-04,3,0
18043,4944,370,2023-01-09,3,0
18059,9264,426,2023-05-12,3,0
18079,9503,306,2023-08-05,1,5
18088,8408,393,2023-06-04,1,2
18092,6876,543,2023-06-10,3,0
18108,3442,449,2023-01-09,1,0
18110,1318,448,2023-11-11,1,0
18114,1323,425,2023-06-06,1,0
18118,3915,303,2023-04-02,1,2
18127,8089,138,2023-01-04,3,0
18128,3102,279,2023-11-08,2,0
18138,9829,389,2023-09-08,2,0
18140,1992,164,2023-11-03,1,15
18142,4100,215,2023-07-02,2,10
18145,7769,473,2023-06-05,3,10
18154,6752,390,2023-07-08,1,0
18173,7518,465,2023-12-01,4,2
18179,6236,545,2023-06-03,2,2
18209,830,336,2023-05-01,2,0
18219,308,401,2023-10-10,2,5
18220,4160,223,2023-02-02,4,5
18222,4948,408,2023-04-10,1,0
18223,8241,307,2023-03-08,2,10
18224,8179,322,2023-01-04,1,0
18230,4213,293,2023-01-04,5,0
18232,4323,416,2023-08-12,4,10
18248,7408,196,2023-11-07,4,2
18252,6489,436,2023-06-11,1,2
18261,3722,261,2023-03-08,1,2
18263,5243,266,2023-01-11,1,2
18271,6854,532,2023-09-04,3,10
18284,5189,353,2023-05-07,1,2
18294,6141,308,2023-01-09,1,15
18307,2126,118,2023-06-03,1,0
18315,2990,402,2023-09-01,1,5
18318,3701,530,2023-07-10,3,0
18324,4537,135,2023-04-01,1,0
18330,4014,297,2023-04-06,2,0
18331,7770,487,2023-07-04,4,0
18333,2396,338,2023-03-12,3,0
18337,4201,516,2023-07-11,5,0
18339,4915,473,2023-11-12,1,0
18345,2921,233,2023-07-06,1,0
18351,6367,346,2023-08-04,1,5
18353,4311,563,2023-08-12,3,5
18357,2729,438,2023-11-08,1,10
18359,2426,533,2023-09-12,1,0
18360,497,124,2023-03-12,2,0
18362,8887,166,2023-05-01,1,0
18365,5301,324,2023-05-09,1,10
18369,3507,335,2023-10-08,1,5
18370,3333,468,2023-09-05,2,0
18372,9988,553,2023-08-01,1,0
18376,3955,452,2023-02-12,1,10
18384,3104,508,2023-10-09,1,20
18386,8442,104,2023-09-07,1,5
18406,5472,392,2023-11-06,2,0
18415,2210,307,2023-05-05,3,0
18429,6225,535,2023-04-04,3,5
18440,29,505,2023-05-08,2,0
18446,972,546,2023-01-12,2,0
18459,7890,249,2023-08-04,5,0
18462,9361,278,2023-04-05,2,0
18467,9829,390,2023-09-12,2,10
18473,1709,205,2023-09-06,4,0
18497,9905,283,2023-06-04,2,0
18501,6199,225,2023-02-06,1,0
18506,2818,181,2023-08-07,1,0
18508,8382,495,2023-11-04,4,0
18520,4890,131,2023-06-06,1,0
18523,7159,568,2023-11-04,4,2
18527,3531,320,2023-09-05,2,2
18532,2273,404,2023-11-08,1,10
18548,1421,181,2023-09-01,2,0
18550,4442,115,2023-03-12,1,5
18558,1700,594,2023-09-08,4,0
18563,613,208,2023-03-12,3,0
18567,5492,548,2023-01-10,1,2
18585,5681,514,2023-01-10,1,0
18589,5464,115,2023-06-04,1,0
18603,6523,264,2023-12-11,3,10
18605,7606,403,2023-03-11,1,10
18616,7675,368,2023-10-10,1,2
18620,4669,547,2023-07-09,1,5
18621,4087,526,2023-07-06,1,0
18624,2054,105,2023-09-01,3,0
18632,565,492,2023-03-08,1,10
18639,2527,577,2023-10-04,3,0
18642,4244,409,2023-07-08,1,0
18652,8541,470,2023-05-02,2,0
18655,6193,365,2023-05-11,1,0
18662,8408,434,2023-08-02,1,0
18675,4674,395,2023-02-02,4,0
18677,480,236,2023-03-04,3,2
18701,2236,599,2023-06-03,1,2
18702,246,260,2023-02-12,2,2
18708,9801,244,2023-03-03,4,5
18720,4128,401,2023-01-05,1,2
18724,4616,480,2023-05-04,1,0
18726,7126,413,2023-05-05,3,15
18728,8960,276,2023-01-01,4,10
18730,7283,226,2023-06-11,2,0
18737,6958,137,2023-10-05,3,0
18743,4044,137,2023-09-08,5,0
18748,3515,124,2023-05-04,3,10
18749,429,237,2023-07-02,1,2
18750,7160,411,2023-04-05,2,0
18760,6844,459,2023-09-09,4,0
18763,6152,567,2023-06-02,3,0
18765,4877,357,2023-07-12,2,2
18767,5626,233,2023-09-07,1,2
18768,9087,589,2023-03-12,3,0
18780,436,326,2023-04-02,1,2
18791,3243,255,2023-02-02,1,15
18792,7860,230,2023-11-02,1,5
18803,9617,310,2023-02-08,1,0
18811,998,257,2023-11-05,4,5
18812,2775,538,2023-05-01,2,2
18813,4413,295,2023-10-09,1,0
18819,6351,262,2023-03-08,5,0
18825,399,564,2023-03-02,1,0
18831,2077,269,2023-12-11,5,0
18836,572,427,2023-04-08,4,2
18839,7080,417,2023-02-04,1,0
18842,4824,539,2023-01-09,2,0
18846,9818,189,2023-08-05,4,0
18853,9997,415,2023-01-12,1,5
18856,7393,493,2023-06-07,5,0
18858,7396,521,2023-09-04,2,0
18871,4902,454,2023-10-07,3,2
18886,6401,164,2023-11-05,4,5
18888,7102,126,2023-04-04,3,0
18891,1913,404,2023-11-03,4,2
18899,7478,230,2023-10-08,2,5
18901,7073,504,2023-04-07,2,5
18905,8946,431,2023-08-08,1,0
18906,7953,159,2023-04-02,3,0
18923,1414,191,2023-03-07,1,0
18924,1809,423,2023-08-10,2,0
18936,7206,502,2023-10-06,1,0
18945,1727,382,2023-10-04,3,0
18947,1113,185,2023-07-09,2,0
18953,6635,120,2023-05-03,2,0
18959,5475,252,2023-03-10,2,2
18964,3319,581,2023-08-01,2,5
18967,2318,434,2023-10-03,1,0
18974,3948,532,2023-10-06,4,0
18977,9295,407,2023-06-04,1,0
18982,7057,546,2023-12-06,1,0
18993,2964,115,2023-05-10,1,20
18994,2670,112,2023-02-09,2,5
18995,5018,174,2023-04-03,1,10
18999,5051,558,2023-12-02,3,5
19003,9253,348,2023-10-06,3,0
19012,4001,560,2023-10-01,2,0
19014,7310,530,2023-08-09,1,10
19015,1025,198,2023-12-01,1,5
19018,2706,132,2023-05-06,4,10
19029,1076,364,2023-06-01,1,2
19033,3358,163,2023-03-10,3,0
19036,8024,400,2023-12-09,1,0
19042,2169,227,2023-04-07,2,10
19043,9745,452,2023-04-08,1,2
19051,2982,176,2023-08-06,4,10
19055,3249,255,2023-07-08,2,5
19057,2510,386,2023-11-07,1,2
19070,3808,127,2023-06-06,1,5
19077,3802,332,2023-07-11,4,0
19083,4504,544,2023-03-12,1,0
19098,4852,344,2023-07-07,2,0
19099,9699,360,2023-06-04,1,10
19101,8369,159,2023-10-09,2,0
19103,8238,304,2023-10-04,3,5
19110,1612,241,2023-10-05,1,5
19119,3313,256,2023-01-04,1,0
19124,7664,134,2023-06-06,1,0
19128,6871,540,2023-03-04,1,5
19140,5347,204,2023-04-11,3,0
19159,449,190,2023-03-04,1,0
19160,7401,330,2023-09-10,2,5
19171,2284,392,2023-08-03,1,0
19177,8162,212,2023-03-06,1,0
19182,8457,243,2023-07-02,1,0
19185,2441,264,2023-03-01,1,0
19193,3136,541,2023-03-08,1,2
19194,3531,342,2023-11-09,1,0
19205,7388,214,2023-04-03,1,0
19207,270,490,2023-02-12,5,0
19214,6674,235,2023-12-08,2,0
19219,4297,545,2023-09-02,2,0
19220,8295,404,2023-08-10,1,0
19241,5950,426,2023-05-11,1,2
19249,7335,466,2023-12-07,3,0
19251,8853,144,2023-03-11,1,5
19258,791,266,2023-08-01,2,0
19269,1932,194,2023-06-06,1,10
19281,1480,429,2023-07-10,2,0
19283,8006,397,2023-07-06,3,20
19287,6231,210,2023-04-01,1,0
19291,9799,521,2023-10-09,3,0
19302,8979,101,2023-02-06,1,0
19305,5042,490,2023-10-11,1,0
19310,9380,336,2023-01-04,3,5
19318,5100,524,2023-01-10,4,5
19325,4732,600,2023-04-02,1,2
19326,2022,457,2023-11-06,4,0
19336,9175,525,2023-04-11,4,0
19357,8499,328,2023-05-09,2,2
19363,3901,386,2023-07-05,1,2
19371,9560,141,2023-12-02,2,0
19373,8317,207,2023-08-04,2,0
19406,2582,426,2023-06-10,1,5
19411,4589,254,2023-05-09,3,5
19433,9323,216,2023-05-09,1,0
19438,5319,251,2023-10-07,3,0
19439,6067,396,2023-06-12,1,0
19446,5860,179,2023-11-02,2,10
19447,7717,208,2023-06-11,1,0
19454,6540,292,2023-03-05,2,0
19458,4994,445,2023-12-11,1,2
19464,1478,193,2023-05-05,3,2
19484,7020,359,2023-04-11,2,2
19486,3063,599,2023-11-08,1,10
19501,2126,105,2023-02-02,1,5
19502,3471,447,2023-10-08,1,2
19504,8361,521,2023-07-12,3,10
19506,5016,138,2023-05-01,1,0
19507,598,580,2023-05-05,3,2
19508,1305,408,2023-12-01,1,15
19514,3032,573,2023-03-12,5,10
19530,9507,537,2023-07-09,2,0
19542,8917,527,2023-06-10,3,0
19543,2344,359,2023-07-10,1,0
19546,5252,468,2023-01-02,2,15
19550,8265,369,2023-08-12,1,5
19563,972,133,2023-03-03,1,5
19564,2438,374,2023-02-05,2,0
19566,8140,514,2023-05-07,5,0
19568,7350,197,2023-08-04,1,0
19573,5839,151,2023-10-10,2,2
19578,4807,463,2023-12-12,2,5
19581,8899,290,2023-06-08,1,0
19590,581,134,2023-06-01,4,0
19593,356,412,2023-07-06,2,0
19596,6367,309,2023-09-01,3,0
19599,4191,191,2023-08-01,1,2
19605,9064,109,2023-01-11,2,0
19611,5223,304,2023-12-09,3,0
19614,2739,413,2023-07-02,2,0
19625,7521,253,2023-05-02,4,2
19626,875,393,2023-07-04,1,5
19638,6542,230,2023-02-12,4,0
19644,2235,153,2023-06-08,3,0
19645,5090,239,2023-08-09,3,5
19657,4275,301,2023-12-08,1,0
19662,4779,222,2023-04-05,1,0
19663,2056,368,2023-08-08,2,0
19665,4199,531,2023-05-04,1,0
19675,3227,321,2023-02-11,2,0
19680,6844,173,2023-12-12,1,0
19689,6116,420,2023-10-02,3,0
19698,2421,276,2023-07-03,2,0
19707,7393,520,2023-06-11,1,2
19712,2789,382,2023-05-09,1,0
19715,341,120,2023-10-03,3,10
19718,8998,490,2023-09-01,5,0
19720,2397,353,2023-08-02,5,2
19725,3242,255,2023-11-05,3,0
19728,4507,111,2023-06-05,1,0
19739,8598,367,2023-05-06,3,0
19760,3936,170,2023-11-04,3,0
19761,8701,480,2023-04-05,1,0
19767,2981,595,2023-03-09,1,0
19786,8152,411,2023-05-09,1,0
19788,557,245,2023-01-09,1,5
19792,9096,484,2023-06-05,3,0
19795,4779,457,2023-05-05,2,2
19798,3808,310,2023-09-10,2,0
19812,8906,590,2023-12-09,1,0
19814,8846,540,2023-07-04,1,0
19817,4879,404,2023-07-01,2,0
19827,2385,448,2023-03-10,4,0
19830,4704,148,2023-04-01,1,0
19834,60,209,2023-01-08,2,5
19866,2189,176,2023-09-02,4,5
19873,4567,373,2023-10-12,2,10
19876,9270,597,2023-06-06,5,0
19879,5042,520,2023-03-06,1,0
19891,1140,517,2023-02-12,4,2
19905,7405,302,2023-09-08,1,2
19921,4743,511,2023-03-03,3,0
19927,3148,200,2023-12-01,4,5
19929,7024,379,2023-07-05,5,0
19933,9928,473,2023-11-05,1,0
19935,6956,173,2023-08-03,2,2
19940,8465,449,2023-09-06,1,5
19942,8849,523,2023-02-08,1,0
19944,9304,484,2023-04-09,1,2
19952,4642,274,2023-12-05,1,0
19963,3314,467,2023-04-05,2,2
19966,1075,352,2023-01-06,1,5
19973,246,540,2023-01-02,2,0
19976,9287,418,2023-12-05,2,5
19985,2577,543,2023-05-03,5,0
19990,2783,408,2023-11-11,2,10
20008,1407,582,2023-01-11,1,0
20011,4655,575,2023-10-10,3,0
20016,6193,368,2023-08-06,4,0
20017,999,124,2023-12-04,3,0
20026,8589,327,2023-05-10,2,0
20036,2140,259,2023-07-09,3,0
20037,4686,554,2023-06-05,1,2
20040,7359,277,2023-11-12,2,0
20047,6548,582,2023-06-02,3,5
20058,3849,286,2023-04-01,1,2
20065,2452,403,2023-01-03,1,0
20076,1913,116,2023-12-04,2,5
20100,330,298,2023-11-12,5,5
20101,3901,300,2023-11-01,3,20
20102,1934,547,2023-09-01,1,10
20120,8221,124,2023-07-12,1,0
20123,626,544,2023-07-08,5,0
20125,1024,243,2023-11-03,1,2
20134,4924,210,2023-02-11,3,0
20144,1828,154,2023-06-04,2,0
20155,1690,459,2023-01-03,1,0
20165,3540,528,2023-04-04,2,5
20170,4942,217,2023-07-12,3,5
20173,7380,422,2023-04-03,1,0
20176,7230,500,2023-12-06,1,0
20189,2783,550,2023-04-09,2,5
20203,4779,424,2023-11-07,1,0
20214,535,247,2023-10-07,1,2
20223,5162,453,2023-01-08,3,15
20230,6686,246,2023-08-11,1,10
20252,3691,302,2023-08-02,1,5
20266,6152,106,2023-08-01,4,0
20269,1620,485,2023-02-09,3,10
20272,273,213,2023-12-03,5,10
20282,9579,214,2023-11-06,3,0
20306,6344,411,2023-09-11,2,0
20310,5002,126,2023-05-04,1,0
20316,4234,492,2023-02-02,1,0
20328,2618,383,2023-01-01,3,0
20356,2520,511,2023-09-02,4,5
20376,6118,551,2023-11-12,2,2
20385,6985,279,2023-09-09,2,5
20388,9497,323,2023-11-11,1,0
20392,270,175,2023-10-02,1,0
20396,1127,442,2023-09-09,2,0
20400,6425,312,2023-09-04,2,0
20414,661,228,2023-09-11,2,0
20417,2313,296,2023-11-09,2,0
20419,1702,180,2023-10-05,4,10
20425,1639,168,2023-12-01,2,0
20435,8446,529,2023-08-01,1,0
20436,3749,226,2023-02-11,5,0
20437,9982,499,2023-10-03,2,0
20449,8426,119,2023-06-03,2,0
20450,4397,165,2023-07-08,5,0
20454,342,243,2023-06-05,3,0
20456,2578,444,2023-05-11,4,2
20458,5345,392,2023-11-02,2,0
20461,4232,550,2023-07-12,1,2
20469,2577,342,2023-10-04,2,0
20479,6982,405,2023-08-01,1,0
20481,8442,240,2023-11-06,1,0
20483,169,211,2023-08-10,3,0
20485,5594,576,2023-09-10,3,5
20502,7634,368,2023-07-06,1,5
20503,1780,451,2023-08-10,1,2
20510,7131,322,2023-08-02,5,2
20529,7682,314,2023-12-03,1,0
20531,1906,346,2023-07-10,1,5
20544,4946,343,2023-10-08,2,10
20552,5139,410,2023-12-01,3,0
20553,1410,323,2023-05-01,1,0
20557,4766,278,2023-03-04,3,0
20565,9046,313,2023-03-07,1,0
20566,4540,371,2023-03-03,4,0
20569,2174,578,2023-04-05,1,0
20576,9986,384,2023-07-01,1,10
20580,9206,143,2023-05-11,1,2
20582,175,475,2023-08-05,1,0
20596,4009,403,2023-06-10,1,2
20598,6323,137,2023-02-04,1,0
20600,6583,260,2023-10-06,3,0
20601,4452,285,2023-10-05,5,0
20615,5337,167,2023-11-01,1,2
20629,9061,337,2023-09-01,1,0
20630,8922,543,2023-08-10,1,0
20638,734,429,2023-05-09,1,0
20639,493,426,2023-08-11,1,10
20640,4232,243,2023-04-07,4,5
20642,1946,190,2023-05-12,3,0
20647,3697,225,2023-12-06,2,0
20659,3598,457,2023-04-04,4,0
20673,1746,447,2023-01-02,2,0
20678,8468,237,2023-05-07,1,0
20685,6338,288,2023-10-04,3,0
20687,5857,412,2023-11-08,1,5
20688,7311,173,2023-03-11,2,0
20695,7638,426,2023-05-03,3,0
20715,8115,500,2023-11-08,2,0
20732,2318,371,2023-10-03,1,0
20735,2574,245,2023-05-03,1,0
20739,6681,335,2023-05-02,2,0
20742,4637,330,2023-08-11,1,0
20747,8457,261,2023-04-10,1,2
20749,5838,400,2023-06-07,1,0
20751,9359,204,2023-02-08,1,15
20756,4025,408,2023-03-08,3,0
20759,5138,295,2023-08-12,1,2
20769,1790,543,2023-07-01,2,0
20774,9439,387,2023-12-04,4,10
20780,3646,542,2023-03-09,1,0
20784,4614,259,2023-10-01,1,20
20785,4778,256,2023-01-07,4,0
20794,4935,259,2023-11-06,4,5
20797,7624,214,2023-12-07,2,5
20836,7967,535,2023-01-08,2,15
20845,2276,116,2023-05-08,3,0
20855,1906,458,2023-09-11,1,5
20872,2908,465,2023-04-11,1,0
20881,6083,275,2023-08-11,4,0
20895,2272,352,2023-12-09,1,0
20907,8578,253,2023-11-10,2,0
20920,6715,156,2023-04-11,2,5
20921,9161,488,2023-08-03,2,0
20925,924,288,2023-09-01,3,5
20931,4080,267,2023-09-06,1,0
20932,6562,211,2023-02-04,2,5
20938,9700,563,2023-02-03,1,2
20950,5201,203,2023-10-03,3,2
20953,1840,210,2023-04-06,4,0
20959,3893,448,2023-02-07,4,10
20960,6315,550,2023-08-07,3,2
20962,6079,210,2023-04-12,3,5
20969,4642,175,2023-12-10,1,0
20978,6770,441,2023-07-09,4,2
20979,2940,181,2023-09-03,2,0
20999,5790,374,2023-02-09,2,0
21006,9535,552,2023-04-07,3,2
21027,5442,557,2023-07-10,1,0
21037,4856,207,2023-03-03,5,0
21040,8455,205,2023-04-07,3,0
21041,7895,318,2023-08-01,2,2
21044,1210,146,2023-05-07,3,5
21047,3915,106,2023-05-05,3,2
21050,3772,149,2023-03-11,1,0
21054,8719,445,2023-03-12,1,2
21056,3037,300,2023-01-06,1,5
21066,5909,472,2023-09-04,3,0
21069,8918,540,2023-04-11,1,2
21075,8509,219,2023-04-10,3,0
21078,7387,241,2023-11-12,4,2
21082,1010,494,2023-01-12,2,0
21091,983,113,2023-09-11,1,0
21094,6655,291,2023-10-02,1,0
21106,3548,581,2023-09-12,1,0
21108,5304,183,2023-12-12,1,0
21126,2586,383,2023-09-03,1,0
21132,8032,394,2023-10-08,1,0
21145,4076,505,2023-09-05,1,5
21154,5680,395,2023-12-12,1,0
21155,6349,127,2023-05-11,2,0
21162,2264,353,2023-01-11,4,0
21187,6693,173,2023-12-05,1,0
21195,2842,329,2023-01-06,3,0
21202,4850,341,2023-07-05,2,2
21204,4248,155,2023-08-05,2,2
21206,7100,370,2023-03-04,3,0
21217,8444,563,2023-05-10,1,0
21220,9508,302,2023-09-11,1,2
21222,5070,590,2023-02-03,1,10
21230,7805,407,2023-01-09,1,0
21234,2336,287,2023-08-10,2,0
21240,8972,244,2023-07-10,1,0
21246,6118,445,2023-06-03,1,0
21248,4039,363,2023-12-01,2,20
21251,6264,532,2023-03-08,1,0
21258,5369,565,2023-10-03,1,0
21306,5397,322,2023-09-02,1,0
21314,6893,520,2023-02-05,4,0
21322,8771,425,2023-06-03,2,15
21323,5248,286,2023-07-05,4,0
21324,6287,424,2023-08-03,3,10
21325,7805,547,2023-07-12,1,0
21326,1140,261,2023-03-03,2,0
21329,1505,573,2023-06-09,1,0
21334,2940,427,2023-09-10,3,0
21347,948,418,2023-04-02,2,0
21348,7148,226,2023-07-02,2,0
21355,8873,197,2023-11-09,1,5
21365,4537,510,2023-03-03,1,5
21371,1324,256,2023-10-07,1,0
21378,1281,585,2023-05-09,1,0
21384,2927,527,2023-09-12,1,2
21386,6669,424,2023-09-06,4,0
21396,356,284,2023-02-03,2,0
21403,5633,177,2023-04-05,3,0
21404,8317,169,2023-06-07,1,0
21414,8426,228,2023-10-07,1,0
21416,3180,499,2023-03-09,1,0
21423,1702,356,2023-06-07,1,0
21426,2577,261,2023-06-06,2,0
21432,5075,298,2023-02-08,3,0
21435,6854,104,2023-07-07,3,0
21437,6686,486,2023-11-04,1,15
21438,9357,275,2023-10-10,2,0
21458,7697,328,2023-10-12,5,0
21459,142,520,2023-11-06,1,0
21463,2424,554,2023-04-04,1,10
21464,9620,203,2023-08-07,2,0
21465,7571,328,2023-08-10,3,0
21471,6838,215,2023-12-10,1,2
21476,7222,599,2023-11-03,2,0
21482,8430,440,2023-01-11,3,0
21487,5909,582,2023-08-10,2,15
21489,2822,218,2023-04-05,3,0
21491,7523,570,2023-09-01,4,0
21497,8950,432,2023-10-10,2,0
21498,4461,213,2023-01-11,1,2
21504,4215,482,2023-03-11,3,2
21510,8162,214,2023-09-11,3,0
21511,7748,154,2023-12-06,1,5
21534,3212,192,2023-08-04,1,2
21535,9020,240,2023-05-01,1,0
21555,5492,351,2023-09-01,3,2
21564,3574,228,2023-08-10,2,10
21566,1498,556,2023-03-11,1,5
21571,5528,171,2023-12-11,2,0
21575,6079,557,2023-10-08,2,0
21589,6617,480,2023-07-10,1,2
21593,7664,334,2023-06-06,1,0
21596,1986,297,2023-03-04,3,0
21598,2100,272,2023-01-03,2,2
21603,8108,183,2023-04-12,2,0
21625,7332,330,2023-01-06,1,10
21626,5667,450,2023-06-04,1,5
21642,7227,406,2023-04-04,1,15
21648,7665,260,2023-09-05,1,0
21653,7335,351,2023-09-12,1,0
21654,4362,564,2023-05-02,4,0
21657,4370,281,2023-09-01,1,0
21664,2177,259,2023-03-02,2,2
21666,4960,512,2023-09-09,4,0
21677,6942,472,2023-07-08,1,0
21686,539,329,2023-11-09,3,2
21688,4994,536,2023-04-02,1,0
21689,1097,425,2023-09-05,1,2
21695,605,583,2023-10-09,1,0
21696,2265,400,2023-07-01,1,0
21705,7141,427,2023-11-04,1,0
21707,5169,374,2023-05-07,1,0
21716,4879,447,2023-01-07,2,0
21729,5248,425,2023-06-12,3,0
21732,9508,132,2023-01-07,2,0
21739,6871,486,2023-09-08,1,5
21743,9253,331,2023-09-05,3,0
21747,6808,357,2023-03-09,3,5
21755,6725,249,2023-12-04,1,5
21768,6844,308,2023-06-09,3,5
21779,2140,523,2023-12-03,2,5
21781,517,300,2023-12-07,1,5
21794,9006,414,2023-12-05,1,0
21795,2414,457,2023-11-09,5,10
21803,7860,166,2023-05-05,4,5
21807,6007,183,2023-01-09,1,5
21809,4783,534,2023-04-12,3,10
21811,11,284,2023-10-07,1,0
21814,4837,507,2023-05-10,4,2
21824,9244,500,2023-08-09,3,5
21825,3076,281,2023-08-11,1,0
21828,8367,548,2023-12-03,3,10
21832,9945,213,2023-09-06,1,20
21843,1183,203,2023-03-02,1,0
21847,6773,416,2023-07-04,5,0
21851,4956,539,2023-05-03,2,0
21861,5818,310,2023-06-11,4,0
21864,8516,379,2023-03-06,2,5
21867,4655,118,2023-12-12,3,5
21879,6683,529,2023-08-07,1,2
21880,9560,555,2023-05-03,1,10
21886,6058,253,2023-08-02,3,5
21887,182,248,2023-09-11,2,0
21888,9465,456,2023-02-04,2,0
21908,760,342,2023-11-06,1,10
21916,9168,131,2023-06-04,2,5
21917,5932,348,2023-08-02,1,2
21952,3063,227,2023-10-10,4,0
21954,3778,592,2023-07-11,5,0
21960,7823,352,2023-02-12,1,5
21966,5475,525,2023-08-02,2,0
21973,3047,307,2023-07-05,2,15
21978,6910,161,2023-05-10,2,2
21980,8225,303,2023-05-02,1,0
21986,7525,242,2023-06-12,1,15
21989,5814,402,2023-05-11,1,2
21993,872,352,2023-12-10,1,0
21999,998,412,2023-09-08,4,2
22010,6661,322,2023-06-03,2,15
22011,2336,543,2023-04-01,1,0
22017,6568,416,2023-06-01,1,0
22018,4525,372,2023-05-11,1,0
22020,8584,442,2023-07-03,3,5
22037,2164,266,2023-07-08,3,0
22049,3182,310,2023-05-03,4,2
22053,6908,592,2023-03-09,1,2
22056,1637,531,2023-06-11,1,2
22064,3408,381,2023-05-11,1,2
22071,7072,592,2023-09-02,2,5
22075,2522,461,2023-06-03,1,0
22084,5256,262,2023-09-12,5,0
22087,6337,249,2023-10-08,1,0
22088,3999,293,2023-11-09,1,5
22091,4170,214,2023-07-06,2,2
22093,3117,492,2023-04-04,1,2
22095,6338,147,2023-12-11,2,5
22109,341,260,2023-10-09,1,10
22110,1438,333,2023-12-05,3,5
22114,8612,165,2023-12-05,5,0
22115,8213,406,2023-01-01,4,5
22121,5451,344,2023-04-07,1,0
22124,7100,135,2023-06-02,3,2
22127,9632,218,2023-04-08,1,0
22128,9151,292,2023-08-12,1,0
22130,8589,265,2023-08-02,1,0
22132,3125,198,2023-09-01,1,2
22135,8088,275,2023-01-05,1,0
22140,7102,388,2023-06-02,1,2
22150,9837,251,2023-04-12,2,5
22153,4060,154,2023-10-04,1,5
22155,6231,515,2023-02-06,2,0
22195,381,208,2023-10-09,2,5
22203,7658,245,2023-12-09,2,0
22206,5483,490,2023-10-04,1,0
22223,9925,320,2023-06-11,4,5
22227,1062,282,2023-12-11,1,0
22232,3481,173,2023-11-12,1,0
22236,8256,355,2023-02-02,1,0
22239,5369,334,2023-07-02,2,2
22241,634,366,2023-11-01,3,0
22244,1167,106,2023-06-12,2,5
22250,7953,474,2023-07-05,3,0
22252,2919,218,2023-12-01,1,2
22255,844,387,2023-05-08,1,0
22256,7620,479,2023-01-11,1,0
22260,1378,175,2023-07-08,3,2
22263,3489,418,2023-02-07,3,5
22276,5273,253,2023-11-04,2,0
22281,2072,422,2023-11-11,1,0
22294,5600,338,2023-10-01,3,10
22297,8179,228,2023-08-06,1,5
22298,8516,590,2023-12-08,1,2
22302,631,138,2023-06-08,2,0
22303,3864,380,2023-06-02,3,0
22314,5882,435,2023-12-05,1,2
22315,7504,369,2023-08-01,1,5
22316,6971,248,2023-12-04,1,5
22338,957,415,2023-09-04,2,0
22344,3192,270,2023-03-02,2,5
22349,6166,304,2023-04-04,4,5
22354,4731,398,2023-07-09,1,2
22358,7564,231,2023-02-08,2,2
22359,523,281,2023-12-11,3,0
22364,8722,102,2023-04-07,2,10
22367,779,492,2023-01-02,3,10
22368,28,449,2023-02-09,1,2
22372,6466,181,2023-10-03,1,2
22379,5524,233,2023-02-05,3,0
22380,5396,456,2023-08-07,1,0
22381,4641,137,2023-03-01,1,10
22398,6225,458,2023-06-08,1,10
22413,896,569,2023-05-12,1,5
22416,9450,218,2023-02-01,3,0
22429,625,571,2023-07-09,4,10
22431,8092,513,2023-10-11,1,0
22437,5695,196,2023-12-05,3,0
22439,9816,381,2023-03-12,1,5
22441,8564,456,2023-05-10,2,0
22442,4593,278,2023-10-05,3,0
22453,3864,314,2023-08-02,2,0
22456,194,497,2023-04-07,1,0
22473,1235,204,2023-04-04,1,2
22478,5264,424,2023-09-10,1,0
22482,4181,293,2023-05-03,1,0
22483,9682,565,2023-04-01,3,0
22484,7055,404,2023-06-10,2,0
22496,3526,475,2023-08-01,1,2
22525,4194,218,2023-10-06,1,10
22527,566,580,2023-11-01,4,5
22529,7507,507,2023-02-08,1,10
22537,3337,328,2023-08-12,3,5
22541,5345,456,2023-08-11,1,0
22544,6888,182,2023-03-02,2,5
22546,5802,198,2023-12-10,1,5
22558,7719,298,2023-04-04,1,5
22565,5351,252,2023-08-10,1,0
22567,3082,322,2023-03-01,1,5
22582,5600,366,2023-07-01,1,2
22584,6752,358,2023-08-12,1,2
22602,4885,402,2023-04-05,1,5
22608,4429,367,2023-03-02,4,0
22623,6876,401,2023-09-11,3,2
22625,7623,572,2023-01-05,1,10
22627,3893,472,2023-12-04,2,0
22628,8493,254,2023-06-11,2,0
22629,8928,422,2023-05-11,1,0
22635,3903,412,2023-07-11,3,0
22637,731,218,2023-09-04,1,0
22645,6479,263,2023-09-03,2,5
22648,6538,256,2023-04-04,1,0
22649,3534,280,2023-01-08,4,0
22660,8755,450,2023-04-06,3,5
22661,4716,403,2023-03-05,3,0
22673,3943,264,2023-03-08,2,10
22679,7640,347,2023-04-05,4,15
22686,2884,324,2023-05-05,3,5
22691,1856,324,2023-09-02,1,2
22692,1864,568,2023-07-01,1,0
22697,1264,166,2023-04-04,1,0
22712,2559,448,2023-07-05,2,15
22761,2284,313,2023-07-12,5,0
22764,5407,168,2023-08-07,1,0
22766,1075,168,2023-08-08,2,5
22768,9699,368,2023-01-11,3,0
22771,356,144,2023-02-08,2,5
22775,5375,192,2023-01-06,2,0
22776,6323,472,2023-04-11,2,0
22780,5415,105,2023-05-11,1,0
22784,1946,310,2023-03-12,3,10
22794,7154,575,2023-07-02,1,0
22795,4289,578,2023-04-04,2,5
22801,8598,189,2023-04-07,3,0
22816,9332,213,2023-05-06,1,2
22817,6583,273,2023-10-12,1,5
22850,356,443,2023-12-06,2,10
22853,9816,507,2023-11-10,1,15
22861,3430,232,2023-03-04,1,0
22862,5933,304,2023-01-03,1,10
22864,444,347,2023-11-02,2,2
22866,3749,432,2023-02-02,3,2
22871,3104,311,2023-01-05,3,0
22874,817,463,2023-05-04,4,0
22881,4481,254,2023-10-07,3,5
22891,7787,548,2023-06-07,3,5
22893,5162,374,2023-02-06,2,10
22897,5317,496,2023-04-12,1,5
22904,9954,490,2023-06-10,3,5
22907,7229,148,2023-11-09,1,0
22910,6276,598,2023-01-05,1,2
22922,582,137,2023-02-12,1,0
22923,2595,502,2023-01-08,3,0
22926,1058,329,2023-08-12,3,0
22942,1033,475,2023-06-05,1,2
22961,8261,502,2023-08-05,1,10
22963,1020,582,2023-05-08,3,0
22965,1812,491,2023-08-12,3,0
22971,1955,124,2023-03-04,1,0
22979,6466,326,2023-07-04,2,0
22982,9860,240,2023-09-12,3,0
22996,6068,105,2023-05-08,2,0
22997,913,544,2023-09-01,1,0
22998,7632,182,2023-07-11,1,2
23002,1183,286,2023-05-05,1,2
23014,5430,332,2023-02-06,4,0
23043,242,182,2023-05-02,4,0
23045,2735,269,2023-09-10,2,0
23096,6169,341,2023-11-11,1,2
23097,1708,481,2023-10-05,3,2
23099,4688,513,2023-02-03,1,0
23104,5536,254,2023-10-03,3,0
23107,1745,223,2023-01-07,1,10
23130,8638,419,2023-06-04,1,0
23132,9046,376,2023-09-02,4,0
23142,8053,437,2023-01-06,3,2
23149,523,538,2023-06-02,4,5
23155,3959,542,2023-12-04,4,0
23171,6236,282,2023-07-10,3,10
23175,5368,348,2023-11-12,1,2
23183,3051,126,2023-11-05,1,0
23185,3319,451,2023-07-01,2,0
23186,25,524,2023-07-02,1,0
23189,9228,382,2023-03-12,1,15
23197,1909,339,2023-05-05,2,0
23200,4261,364,2023-02-12,1,10
23216,3442,402,2023-11-03,3,10
23219,4610,561,2023-04-01,3,0
23227,2424,134,2023-08-10,1,10
23230,8208,163,2023-09-10,3,0
23237,8915,560,2023-10-12,2,2
23246,8554,559,2023-02-04,1,0
23254,998,266,2023-03-12,3,0
23266,2586,167,2023-09-08,2,0
23269,7172,212,2023-06-04,1,2
23271,9683,112,2023-12-07,1,0
23274,1687,392,2023-12-04,1,0
23276,1487,562,2023-01-07,2,5
23277,661,205,2023-05-06,5,5
23280,3859,471,2023-09-08,1,5
23283,1974,284,2023-04-05,5,0
23285,4584,253,2023-03-08,1,0
23288,8382,281,2023-07-12,1,0
23292,7748,453,2023-09-04,1,5
23311,5037,332,2023-03-03,4,0
23317,3803,345,2023-09-10,1,5
23333,8324,305,2023-09-01,1,5
23335,8072,428,2023-12-03,2,10
23339,7880,289,2023-09-09,2,0
23354,3672,474,2023-08-01,2,2
23364,3471,499,2023-01-04,2,10
23375,4204,598,2023-09-11,3,0
23377,2175,540,2023-04-10,3,10
23378,8427,232,2023-06-09,2,5
23381,8537,481,2023-05-02,3,2
23385,1543,265,2023-06-11,2,10
23388,5818,109,2023-08-10,2,0
23399,161,572,2023-06-03,5,0
23411,6166,291,2023-07-03,1,2
23412,6618,379,2023-10-04,2,5
23423,5666,190,2023-08-05,3,10
23426,9407,142,2023-03-03,2,10
23431,5470,550,2023-02-04,4,5
23432,6488,469,2023-02-08,1,0
23433,9554,558,2023-03-08,4,0
23443,2804,205,2023-02-11,1,0
23447,5990,547,2023-09-05,1,0
23453,8364,518,2023-03-01,1,0
23454,7928,303,2023-01-10,2,0
23462,6479,205,2023-08-04,1,0
23471,7857,386,2023-11-07,5,2
23478,1232,539,2023-08-01,2,0
23484,1909,300,2023-05-10,3,0
23485,5913,119,2023-05-07,1,10
23486,2618,333,2023-10-05,3,0
23495,1334,188,2023-02-12,1,0
23504,7665,541,2023-05-01,1,10
23507,9684,241,2023-01-08,2,0
23512,2746,420,2023-10-01,1,5
23513,8584,357,2023-01-05,2,0
23526,1137,451,2023-12-12,1,0
23528,3827,228,2023-03-11,4,0
23532,2022,114,2023-09-02,2,0
23535,6252,170,2023-05-10,1,5
23550,3755,537,2023-01-06,2,5
23555,7419,373,2023-05-02,4,0
23558,1806,596,2023-08-05,3,10
23562,5152,573,2023-03-10,3,0
23572,2908,597,2023-04-10,1,0
23577,444,348,2023-05-05,3,5
23590,9620,375,2023-09-03,1,0
23591,4179,588,2023-04-10,3,10
23602,1121,590,2023-09-09,4,0
23603,6771,427,2023-07-04,1,0
23605,7977,561,2023-09-08,1,10
23614,6812,355,2023-01-03,1,0
23617,6819,255,2023-01-01,5,0
23620,5198,158,2023-05-04,1,5
23622,4120,167,2023-04-10,3,0
23625,5739,169,2023-06-04,2,0
23627,4138,266,2023-02-10,1,0
23631,4749,165,2023-08-05,1,2
23635,3439,363,2023-08-02,1,0
23646,6036,151,2023-04-09,1,10
23654,2949,325,2023-10-02,2,10
23655,9755,104,2023-04-09,1,0
23656,5232,262,2023-06-02,4,2
23677,1279,393,2023-11-09,3,0
23685,7755,268,2023-03-01,3,10
23687,4475,197,2023-10-02,1,2
23695,7676,258,2023-01-05,3,5
23696,7406,386,2023-04-06,1,5
23700,6475,268,2023-12-07,3,5
23703,4297,597,2023-12-09,1,15
23707,9432,219,2023-11-06,1,5
23714,7123,131,2023-03-08,1,2
23722,3605,112,2023-06-02,3,10
23740,8585,558,2023-09-03,2,0
23741,8336,205,2023-01-01,2,0
23749,655,199,2023-01-04,2,0
23753,840,505,2023-10-04,2,0
23770,2582,597,2023-04-09,1,5
23780,8719,320,2023-02-03,1,0
23800,8472,478,2023-02-11,1,10
23803,301,136,2023-01-01,2,15
23814,868,193,2023-12-02,3,0
23816,3159,150,2023-10-12,1,0
23821,5757,367,2023-09-11,1,0
23826,9281,352,2023-07-01,3,0
23843,446,375,2023-12-09,1,0
23846,3511,295,2023-09-02,3,5
23851,6529,118,2023-11-03,3,5
23855,8617,306,2023-12-02,3,0
23859,817,365,2023-10-10,2,10
23865,1421,347,2023-10-05,1,2
23867,1105,499,2023-11-12,1,5
23887,6220,378,2023-11-03,1,5
23893,7269,599,2023-11-02,5,0
23906,468,108,2023-12-06,4,2
23917,8084,427,2023-04-10,1,2
23921,1581,465,2023-03-04,2,0
23926,5860,184,2023-10-10,1,2
23928,606,454,2023-07-11,5,0
23934,1791,450,2023-12-01,2,10
23956,9968,114,2023-12-08,1,2
23980,553,224,2023-09-03,2,2
23983,4393,286,2023-07-10,1,2
23987,2796,225,2023-01-09,3,5
23988,1556,507,2023-09-10,2,0
23991,4049,129,2023-03-01,1,2
24000,4396,530,2023-09-05,5,0
24001,5407,268,2023-09-07,1,2
24011,7860,417,2023-03-11,1,0
24020,2265,276,2023-11-04,2,5
24025,8103,196,2023-02-07,2,5
24027,907,546,2023-03-10,1,2
24035,2513,423,2023-11-06,1,0
24040,8239,493,2023-09-06,3,2
24042,6361,277,2023-11-05,3,0
24044,3995,369,2023-04-05,3,0
24075,8823,256,2023-09-04,1,0
24080,4555,484,2023-09-04,2,0
24091,8731,185,2023-12-09,1,0
24094,8634,448,2023-11-10,2,0
24103,2620,474,2023-01-02,1,5
24104,868,128,2023-08-12,1,0
24106,4894,119,2023-04-12,3,0
24110,9675,470,2023-02-07,1,0
24116,4844,482,2023-06-10,1,5
24125,6131,309,2023-07-01,1,5
24129,1369,376,2023-11-04,1,0
24132,4393,505,2023-02-11,3,5
24134,4510,292,2023-10-12,4,5
24147,4058,110,2023-05-10,1,0
24151,5362,125,2023-10-09,3,5
24152,4244,142,2023-09-04,1,0
24166,3439,285,2023-08-02,2,0
24167,4107,335,2023-10-09,1,0
24169,6592,361,2023-12-07,1,15
24174,2449,226,2023-05-07,2,10
24192,8241,377,2023-04-04,1,5
24193,6309,516,2023-03-12,1,0
24204,4318,259,2023-06-10,3,2
24206,5093,339,2023-06-02,2,15
24218,2573,324,2023-04-12,1,0
24225,1797,455,2023-01-05,1,5
24226,2735,374,2023-11-12,1,0
24241,7824,498,2023-04-10,1,10
24255,1039,297,2023-02-02,1,15
24263,2822,188,2023-05-03,3,5
24266,1809,426,2023-06-03,5,0
24269,8423,189,2023-09-04,2,15
24273,1864,263,2023-04-07,3,0
24274,4705,201,2023-07-08,3,0
24276,7393,308,2023-01-04,2,2
24294,3806,431,2023-11-02,2,2
24298,5333,546,2023-06-06,1,0
24307,1661,226,2023-12-11,5,2
24309,5649,566,2023-06-01,3,5
24314,5075,443,2023-04-09,2,0
24322,7310,552,2023-11-06,2,5
24332,9244,582,2023-08-05,1,10
24333,5594,518,2023-01-09,4,0
24334,1043,598,2023-12-06,2,5
24341,5699,534,2023-02-01,2,0
24342,3917,294,2023-01-12,1,10
24345,2734,511,2023-11-09,2,0
24346,779,311,2023-08-11,1,2
24359,3160,441,2023-09-05,2,2
24364,160,581,2023-12-03,1,2
24373,6543,561,2023-03-05,1,5
24381,5411,339,2023-12-06,3,5
24393,3118,351,2023-12-10,1,0
24397,8849,545,2023-01-07,1,0
24398,6401,487,2023-06-07,4,0
24407,9813,118,2023-12-07,1,0
24411,4623,484,2023-11-09,2,10
24417,1063,490,2023-03-08,3,0
24425,6191,117,2023-01-02,4,10
24426,4734,180,2023-11-09,2,0
24427,5016,392,2023-08-12,2,0
24438,3489,546,2023-08-12,2,0
24443,814,460,2023-02-11,3,0
24454,9280,164,2023-06-03,2,2
24466,6608,139,2023-04-09,2,0
24468,2822,206,2023-03-12,1,2
24475,7413,543,2023-07-09,1,0
24477,3965,470,2023-07-07,3,0
24485,7154,436,2023-08-09,4,0
24509,157,172,2023-09-10,2,2
24510,4424,379,2023-07-08,4,0
24523,7734,597,2023-02-02,1,5
24524,6714,222,2023-06-12,1,2
24538,5524,374,2023-06-03,1,0
24549,6381,574,2023-12-02,1,0
24556,842,281,2023-07-11,1,0
24558,2783,379,2023-10-01,2,2
24568,3643,395,2023-11-06,2,10
24580,8965,196,2023-08-06,2,0
24589,3615,484,2023-04-12,1,0
24594,6629,377,2023-02-12,1,2
24607,8126,410,2023-09-01,1,0
24611,8081,489,2023-02-09,2,5
24618,28,252,2023-06-02,1,0
24621,8240,506,2023-03-09,1,2
24622,6432,437,2023-09-10,1,0
24632,5426,135,2023-03-09,1,2
24635,7677,571,2023-11-10,1,0
24638,3,196,2023-09-07,3,0
24645,4704,211,2023-06-05,2,5
24654,9723,588,2023-05-07,4,2
24658,3340,389,2023-12-03,3,15
24662,567,414,2023-11-09,2,2
24664,5475,519,2023-08-05,5,5
24666,3109,547,2023-10-06,1,0
24667,8192,391,2023-03-04,1,2
24672,8834,508,2023-10-03,1,5
24673,3110,457,2023-07-11,1,0
24676,5420,472,2023-02-06,3,10
24679,5436,281,2023-01-04,1,0
24680,8053,284,2023-07-09,1,0
24685,9124,111,2023-07-01,1,10
24702,6110,167,2023-04-08,3,10
24704,8682,497,2023-09-08,1,0
24712,8103,361,2023-02-05,2,2
24713,605,239,2023-02-08,1,0
24716,3032,494,2023-07-01,1,0
24731,3567,111,2023-09-09,1,0
24737,2321,206,2023-05-11,1,10
24739,9907,575,2023-09-12,3,2
24742,7528,192,2023-11-04,2,2
24746,4300,557,2023-11-06,2,0
24748,9228,245,2023-03-12,2,0
24749,978,495,2023-06-09,2,2
24755,4076,168,2023-10-08,3,0
24759,3660,309,2023-06-05,1,15
24764,4936,378,2023-11-07,1,0
24781,1278,553,2023-10-10,1,0
24782,1569,563,2023-10-08,1,0
24786,4978,104,2023-09-07,1,0
24797,9162,119,2023-10-08,5,2
24809,1448,263,2023-01-02,3,0
24819,9253,312,2023-05-05,3,0
24820,6235,437,2023-12-02,2,0
24829,4430,439,2023-05-07,1,0
24834,1187,152,2023-08-04,3,0
24841,8870,313,2023-07-11,3,0
24846,1450,399,2023-08-03,1,5
24850,4731,567,2023-05-11,2,20
24855,8527,423,2023-03-06,1,10
24857,4771,303,2023-06-03,2,20
24881,6043,143,2023-02-11,2,0
24884,7778,450,2023-09-06,5,0
24889,2076,150,2023-09-11,1,0
24897,3727,152,2023-09-03,2,0
24903,2318,180,2023-08-08,1,0
24907,1708,457,2023-06-05,3,0
24908,661,168,2023-05-09,1,0
24924,6859,398,2023-12-12,2,5
24936,8351,484,2023-08-05,3,0
24939,2346,295,2023-06-03,4,0
24941,9752,432,2023-09-03,4,5
24942,6267,232,2023-01-12,1,0
24981,7073,307,2023-08-01,3,0
24988,6178,412,2023-08-06,4,0
24990,258,274,2023-08-12,3,2
25002,2344,103,2023-04-02,4,2
25014,4531,199,2023-04-07,3,5
25033,278,535,2023-09-03,1,2
25035,951,138,2023-07-01,1,0
25036,5973,383,2023-11-10,1,0
25044,9120,417,2023-01-08,2,0
25059,5010,597,2023-12-09,2,0
25061,5580,216,2023-02-11,1,0
25062,3788,475,2023-01-02,3,0
25075,5792,423,2023-10-11,1,0
25081,5422,150,2023-04-03,1,0
25084,5233,439,2023-08-02,2,0
25096,5572,503,2023-03-08,1,0
25118,1292,452,2023-04-05,1,2
25124,444,557,2023-08-08,1,2
25130,9843,353,2023-12-01,3,2
25146,9224,590,2023-06-11,1,0
25150,9921,338,2023-06-12,2,0
25152,3909,414,2023-02-03,3,0
25153,6405,456,2023-08-05,1,10
25154,3909,508,2023-10-08,2,0
25160,5620,491,2023-11-12,3,2
25170,4970,529,2023-02-11,1,0
25179,7084,598,2023-11-04,1,0
25192,8882,419,2023-04-06,1,5
25204,6707,555,2023-09-08,1,0
25208,6714,549,2023-11-09,2,0
25210,8878,264,2023-03-04,2,5
25229,1470,351,2023-08-07,1,15
25239,8757,555,2023-12-04,3,0
25240,3877,504,2023-01-11,3,2
25249,2332,389,2023-03-03,1,5
25252,4099,494,2023-09-04,1,0
25263,2,237,2023-12-07,3,0
25265,5338,466,2023-03-08,4,0
25270,467,523,2023-08-10,3,10
25271,2931,336,2023-12-02,1,15
25283,4843,587,2023-10-04,3,2
25286,4027,460,2023-10-11,2,2
25295,3152,291,2023-03-01,2,0
25297,6501,271,2023-08-04,3,5
25303,6328,217,2023-02-12,1,0
25311,4248,421,2023-07-09,2,0
25316,6034,461,2023-12-08,2,0
25317,3515,364,2023-07-04,2,2
25323,4873,149,2023-06-02,1,0
25352,1591,556,2023-09-03,1,0
25382,5436,544,2023-04-01,1,0
25394,3173,407,2023-12-01,1,0
25399,9743,221,2023-03-12,1,0
25405,2279,327,2023-02-10,5,15
25407,2301,483,2023-04-11,3,10
25423,3442,335,2023-08-02,5,0
25431,8621,187,2023-09-06,1,0
25432,2227,108,2023-08-02,1,0
25434,337,155,2023-12-08,1,5
25443,6936,286,2023-04-06,2,15
25459,4373,447,2023-06-01,4,5
25464,4138,379,2023-08-06,3,0
25466,4276,575,2023-11-02,1,5
25468,8575,404,2023-12-06,1,0
25485,5915,252,2023-04-03,4,5
25486,6770,277,2023-07-12,4,0
25494,3443,517,2023-06-11,1,0
25495,3458,336,2023-09-04,2,2
25505,5245,322,2023-06-09,2,0
25507,7281,349,2023-05-03,1,0
25511,6104,597,2023-07-03,3,0
25522,6639,465,2023-12-05,4,0
25536,6992,177,2023-01-07,2,0
25540,5075,128,2023-03-05,2,0
25542,8092,234,2023-09-07,4,0
25552,8077,553,2023-02-07,1,2
25559,5471,486,2023-09-02,2,0
25567,7553,410,2023-01-05,1,0
25571,3102,364,2023-04-09,1,0
25572,9890,581,2023-08-09,3,2
25575,5395,297,2023-07-06,1,0
25579,1922,135,2023-04-05,3,0
25583,5463,469,2023-02-12,1,0
25587,5571,378,2023-06-01,2,2
25595,9138,434,2023-06-10,3,5
25596,5850,531,2023-08-01,5,15
25600,8152,522,2023-12-07,1,15
25601,374,160,2023-07-11,2,0
25606,6774,313,2023-11-12,1,5
25610,196,539,2023-01-08,1,0
25614,9349,255,2023-08-10,4,15
25618,2620,263,2023-08-03,3,5
25622,489,476,2023-08-11,4,0
25623,4541,163,2023-02-11,2,0
25627,1298,241,2023-06-04,1,0
25630,2276,409,2023-04-11,1,0
25634,6172,496,2023-05-09,4,0
25647,5112,365,2023-09-03,1,10
25648,9207,563,2023-07-05,1,0
25650,5483,454,2023-07-09,2,0
25661,2221,481,2023-12-01,2,15
25667,3314,214,2023-03-07,2,0
25677,1992,240,2023-12-03,2,2
25679,2704,558,2023-08-12,4,0
25681,9193,388,2023-09-08,2,5
25685,3868,227,2023-09-07,1,10
25689,4743,588,2023-11-03,3,0
25693,2321,292,2023-01-09,5,10
25695,323,347,2023-10-10,2,10
25704,4208,211,2023-12-04,2,2
25709,1236,296,2023-11-04,1,0
25722,194,369,2023-08-01,1,5
25730,839,518,2023-03-01,5,0
25737,3292,259,2023-08-02,2,0
25746,4641,136,2023-02-03,1,0
25751,1143,247,2023-05-04,2,0
25762,5977,529,2023-10-01,3,0
25765,7485,444,2023-09-07,1,0
25769,4136,592,2023-09-02,1,2
25774,3806,359,2023-01-11,2,5
25775,5420,345,2023-05-06,1,5
25778,9299,463,2023-05-04,2,5
25784,1232,492,2023-05-05,2,0
25799,4340,377,2023-03-07,2,0
25813,3149,195,2023-09-08,1,2
25817,3486,119,2023-10-02,2,2
25821,1048,498,2023-12-10,1,0
25834,5470,116,2023-06-06,5,15
25857,2136,499,2023-09-05,1,0
25859,1233,359,2023-07-07,1,5
25869,6106,580,2023-03-05,3,5
25873,1113,389,2023-06-08,1,0
25880,5819,312,2023-05-08,2,5
25893,566,200,2023-07-01,4,0
25896,4706,333,2023-01-01,2,0
25899,9576,373,2023-03-09,2,2
25917,221,366,2023-04-05,1,5
25920,4541,292,2023-07-01,3,2
25935,4709,321,2023-04-05,2,0
25938,8362,435,2023-08-09,1,0
25943,3613,247,2023-10-11,2,0
25948,374,296,2023-01-07,1,10
25969,956,230,2023-02-06,2,0
25970,9878,332,2023-11-07,5,2
25974,6882,382,2023-05-12,3,0
25975,3162,549,2023-03-01,1,0
25976,2072,165,2023-07-01,1,2
25978,6054,505,2023-07-02,4,0
25985,3978,275,2023-05-03,1,5
25988,3589,590,2023-09-03,1,0
25990,9693,560,2023-07-07,4,5
26009,3611,569,2023-12-10,3,0
26022,9505,106,2023-05-06,1,2
26028,9077,280,2023-04-12,4,5
26030,5327,219,2023-03-07,1,0
26037,2815,227,2023-08-05,3,0
26045,916,241,2023-06-01,1,5
26053,2983,316,2023-04-06,3,0
26059,5375,379,2023-01-12,1,0
26065,2235,575,2023-01-08,1,0
26072,1726,158,2023-04-10,3,2
26077,8933,555,2023-11-08,1,10
26078,431,427,2023-07-05,2,0
26091,6881,124,2023-06-02,2,0
26102,1478,286,2023-06-06,1,5
26106,3039,217,2023-04-09,4,0
26110,9671,374,2023-06-08,3,0
26115,5153,162,2023-01-02,1,0
26126,6710,349,2023-07-09,2,0
26135,3365,346,2023-05-11,2,0
26136,5621,319,2023-07-09,3,2
26142,4541,392,2023-06-03,2,0
26146,1346,421,2023-12-01,2,0
26153,6532,295,2023-12-03,3,0
26159,7621,205,2023-12-11,1,0
26160,2515,471,2023-04-03,2,2
26162,6153,223,2023-04-09,2,10
26171,8852,267,2023-08-03,2,0
26175,9295,431,2023-12-03,1,0
26183,8669,496,2023-04-12,2,0
26185,8035,118,2023-07-02,1,0
26188,2678,372,2023-05-01,2,0
26194,7644,395,2023-10-08,4,0
26199,8467,353,2023-10-03,2,2
26202,5879,396,2023-10-01,1,0
26204,8768,552,2023-12-01,2,5
26207,1644,371,2023-06-06,1,0
26208,7844,215,2023-08-01,4,2
26212,5351,583,2023-09-01,2,0
26218,6236,597,2023-10-08,1,0
26219,8945,526,2023-02-06,3,5
26221,9968,408,2023-05-04,3,0
26228,2853,103,2023-07-01,1,10
26232,2169,180,2023-01-12,5,20
26236,9077,240,2023-02-11,1,0
26239,3501,582,2023-10-10,2,0
26245,8695,200,2023-08-12,1,0
26248,3206,300,2023-08-08,1,0
26259,990,127,2023-10-10,1,10
26266,5420,588,2023-11-09,2,0
26267,6922,506,2023-11-06,1,0
26274,2321,426,2023-06-01,3,0
26282,1437,131,2023-01-11,1,15
26295,8187,423,2023-07-03,1,2
26296,6282,212,2023-03-12,1,0
26297,2982,496,2023-03-01,2,10
26302,409,287,2023-12-05,2,10
26305,6720,101,2023-04-04,2,0
26307,1622,395,2023-07-03,3,5
26313,6945,486,2023-10-08,3,5
26321,4490,462,2023-11-07,3,0
26333,1426,586,2023-12-03,1,0
26338,2251,283,2023-10-04,1,0
26339,2856,437,2023-06-10,1,0
26343,4726,588,2023-02-02,2,0
26345,2090,539,2023-09-10,5,0
26357,2897,138,2023-07-03,1,0
26358,9333,504,2023-01-04,2,2
26360,60,407,2023-12-07,1,5
26404,8179,386,2023-12-10,1,0
26406,6832,588,2023-09-08,3,2
26408,4168,525,2023-03-11,1,0
26419,6600,470,2023-09-05,1,0
26424,3159,279,2023-06-08,2,0
26427,7525,120,2023-03-03,1,5
26431,6720,273,2023-07-04,3,2
26433,6378,275,2023-10-09,1,2
26437,6917,504,2023-06-05,1,0
26441,7084,478,2023-03-08,2,2
26442,3280,211,2023-04-11,2,0
26445,5301,236,2023-08-11,2,5
26455,5776,223,2023-08-09,4,5
26464,3249,183,2023-08-12,1,10
26473,6310,144,2023-10-09,1,5
26491,8024,545,2023-02-08,4,0
26492,5748,457,2023-02-08,1,0
26498,7773,509,2023-07-10,1,0
26506,3222,457,2023-01-05,3,2
26507,3409,446,2023-02-03,1,0
26508,6161,294,2023-06-11,2,0
26516,3917,428,2023-12-01,4,10
26522,9040,404,2023-08-09,3,0
26523,4308,500,2023-07-03,3,0
26524,2126,123,2023-10-12,1,0
26529,8754,126,2023-11-12,3,5
26533,201,103,2023-09-07,2,0
26534,824,245,2023-01-08,5,5
26540,5886,561,2023-11-12,1,0
26541,430,374,2023-04-07,5,0
26545,1687,337,2023-02-05,1,2
26552,6197,291,2023-03-01,1,2
26555,3855,443,2023-02-03,3,2
26557,2414,419,2023-08-03,1,0
26562,83,357,2023-04-02,2,0
26574,3255,556,2023-08-08,1,0
26586,1327,370,2023-10-09,2,5
26588,3698,181,2023-10-03,1,0
26602,1946,259,2023-02-12,3,0
26604,5931,212,2023-05-12,1,0
26612,5169,407,2023-12-06,2,0
26626,4151,401,2023-01-10,1,0
26627,2232,433,2023-06-12,3,0
26631,9613,586,2023-02-07,2,10
26647,4965,146,2023-04-12,1,0
26649,8917,419,2023-08-12,1,5
26657,3381,354,2023-03-06,1,0
26662,103,375,2023-11-12,2,0
26672,8069,339,2023-07-01,5,10
26679,6767,369,2023-03-03,2,10
26680,7808,307,2023-07-11,5,0
26687,6847,356,2023-07-03,1,0
26695,3252,253,2023-04-04,1,2
26696,3257,599,2023-11-03,2,10
26701,3406,461,2023-02-02,4,2
26702,1011,522,2023-05-01,1,0
26709,1111,245,2023-09-10,2,15
26715,4738,556,2023-03-08,4,0
26727,2749,386,2023-10-04,3,2
26733,1966,590,2023-07-09,1,0
26745,4087,277,2023-04-05,2,0
26753,5472,178,2023-07-11,1,2
26756,5458,387,2023-11-08,1,0
26764,3405,547,2023-01-02,1,0
26769,3293,395,2023-09-12,5,5
26774,7624,471,2023-02-07,1,2
26776,9432,153,2023-04-02,5,0
26779,7770,188,2023-06-02,2,0
26783,5310,113,2023-05-02,3,15
26792,5518,385,2023-02-08,1,0
26799,6432,570,2023-03-11,1,0
26810,2642,423,2023-07-02,1,10
26820,7017,217,2023-08-03,2,10
26823,3755,589,2023-08-11,1,0
26848,5430,398,2023-11-07,4,0
26852,1540,471,2023-07-05,1,10
26857,9982,103,2023-09-07,2,0
26862,5601,108,2023-05-05,3,2
26867,736,567,2023-09-07,3,0
26873,1062,404,2023-04-08,1,0
26886,8660,380,2023-12-10,2,0
26887,7812,596,2023-05-05,5,0
26891,1795,568,2023-09-07,3,0
26894,2142,389,2023-02-03,1,5
26898,9884,504,2023-07-06,2,10
26909,2739,495,2023-02-12,2,2
26911,8444,463,2023-06-02,2,0
26915,5397,176,2023-06-07,1,0
26923,3148,567,2023-03-11,4,5
26931,9390,164,2023-07-08,2,5
26933,5549,464,2023-01-08,1,5
26939,7315,271,2023-05-11,2,10
26944,2487,177,2023-04-08,1,10
26960,4950,112,2023-08-09,2,0
26962,6142,326,2023-06-09,4,2
26963,7388,260,2023-10-04,1,10
26966,5360,501,2023-12-10,1,5
26971,3233,153,2023-03-05,3,0
26980,1213,473,2023-09-02,2,0
26983,6412,372,2023-12-06,1,0
26994,7127,307,2023-12-09,1,0
26999,7981,309,2023-03-06,3,0
27005,1244,392,2023-02-03,1,2
27006,8367,451,2023-07-05,3,10
27014,6126,547,2023-10-07,3,0
27015,2718,571,2023-10-03,2,0
27027,196,405,2023-10-06,4,0
27032,5310,443,2023-08-02,2,10
27041,6922,572,2023-10-07,3,0
27055,4107,137,2023-10-08,2,2
27058,8263,256,2023-07-08,5,2
27084,1266,161,2023-04-07,1,2
27086,5712,399,2023-12-07,1,0
27089,6601,587,2023-02-05,3,10
27098,9860,353,2023-09-03,2,0
27110,2335,377,2023-12-09,1,0
27113,626,294,2023-10-11,2,0
27115,1747,176,2023-05-03,1,5
27129,1417,315,2023-01-05,2,0
27135,8979,268,2023-09-02,2,0
27136,8656,308,2023-06-09,4,0
27138,9270,522,2023-10-12,3,0
27144,3287,482,2023-01-01,1,0
27149,4386,495,2023-04-04,2,0
27154,3314,538,2023-02-01,1,10
27163,1733,483,2023-08-10,2,15
27164,5765,144,2023-08-06,2,10
27165,7388,439,2023-06-09,1,0
27167,5080,519,2023-07-02,3,0
27177,348,297,2023-06-07,2,2
27180,3689,312,2023-01-10,1,0
27188,3625,254,2023-02-11,2,0
27193,6030,403,2023-04-06,2,0
27196,4504,142,2023-02-08,4,0
27200,9379,418,2023-09-09,3,0
27202,7864,299,2023-10-09,3,0
27203,3348,127,2023-04-09,1,0
27208,4469,399,2023-04-05,1,5
27210,3684,345,2023-02-12,1,15
27215,4989,589,2023-07-11,1,0
27217,5065,365,2023-06-06,1,0
27218,9994,125,2023-06-10,1,0
27226,8839,309,2023-05-09,2,0
27242,2768,180,2023-04-10,2,10
27256,5747,464,2023-07-05,3,0
27265,8829,302,2023-12-05,1,2
27266,9138,317,2023-09-04,1,5
27267,5979,556,2023-07-02,3,10
27269,7614,519,2023-02-10,1,0
27279,8651,563,2023-10-07,3,2
27285,6046,597,2023-11-03,4,0
27287,325,476,2023-07-12,1,0
27292,3943,559,2023-08-05,4,2
27308,6297,392,2023-01-02,1,0
27309,2695,544,2023-04-01,3,0
27314,1708,454,2023-09-04,2,15
27317,3204,248,2023-10-06,1,0
27329,9151,212,2023-10-07,2,0
27340,3233,427,2023-08-10,1,15
27346,9521,541,2023-11-05,2,0
27352,1266,452,2023-12-10,1,2
27363,8192,150,2023-07-03,4,0
27385,8388,582,2023-11-08,4,0
27399,9986,234,2023-06-08,2,0
27407,5572,247,2023-04-06,2,0
27409,9299,586,2023-10-07,2,0
27414,9386,526,2023-03-11,4,0
27415,5751,155,2023-11-11,1,0
27432,817,391,2023-12-01,1,2
27438,8125,243,2023-08-12,1,15
27441,420,228,2023-09-10,1,0
27446,9556,209,2023-07-01,3,0
27454,3625,196,2023-12-05,3,0
27457,5780,367,2023-06-07,1,5
27476,8887,394,2023-02-03,3,0
27479,6160,355,2023-07-09,1,0
27482,4969,220,2023-11-06,1,10
27489,2049,405,2023-12-12,1,0
27505,9980,185,2023-12-05,3,0
27506,223,429,2023-05-02,5,5
27511,4327,350,2023-11-03,2,0
27526,4384,374,2023-02-06,2,2
27537,4786,440,2023-05-05,1,10
27539,2618,566,2023-06-08,1,0
27547,9171,273,2023-02-07,4,0
27553,2056,290,2023-03-01,2,0
27564,1121,531,2023-03-08,1,0
27565,3630,507,2023-01-07,1,0
27566,4909,279,2023-07-10,1,0
27573,8896,355,2023-09-12,4,0
27576,9606,569,2023-11-09,1,0
27580,1127,359,2023-01-01,1,0
27582,1912,189,2023-03-07,2,0
27593,2062,288,2023-07-03,1,2
27610,1288,379,2023-01-09,2,0
27613,5809,129,2023-07-09,3,0
27615,9765,559,2023-11-07,1,5
27620,9193,304,2023-06-07,3,0
27622,4039,199,2023-04-01,1,5
27627,3514,486,2023-08-05,1,2
27631,7079,123,2023-08-05,3,0
27635,7263,206,2023-11-05,1,2
27652,5152,557,2023-07-09,1,0
27662,6620,539,2023-10-06,1,5
27668,6349,221,2023-10-09,1,0
27670,410,245,2023-05-09,4,0
27674,4051,542,2023-09-04,1,0
27677,3829,164,2023-11-04,1,0
27685,2223,295,2023-09-10,3,2
27694,2907,522,2023-09-12,3,0
27701,7544,401,2023-03-09,1,0
27702,67,115,2023-02-07,1,10
27708,6839,369,2023-12-06,4,10
27711,8208,460,2023-11-11,3,0
27716,215,535,2023-03-12,2,2
27719,981,343,2023-10-03,2,0
27723,3986,118,2023-04-06,1,0
27732,9545,336,2023-11-09,2,0
27739,9304,383,2023-10-01,1,5
27740,7508,284,2023-06-03,1,10
27749,1591,354,2023-03-06,1,5
27762,5274,103,2023-02-12,3,2
27771,2834,368,2023-04-11,1,15
27773,2467,421,2023-04-08,2,2
27784,5935,123,2023-09-08,1,0
27787,4372,116,2023-12-02,2,0
27799,1819,381,2023-04-07,1,0
27808,2884,452,2023-06-07,2,0
27812,2921,503,2023-11-05,2,0
27816,1928,298,2023-05-12,3,0
27817,9921,157,2023-05-06,5,0
27822,3905,565,2023-12-01,2,0
27826,6097,136,2023-05-03,2,0
27840,1435,158,2023-08-08,1,0
27841,1981,181,2023-08-04,4,0
27842,7757,165,2023-05-09,3,2
27844,2919,354,2023-09-12,1,0
27847,6047,488,2023-12-12,1,0
27849,814,225,2023-06-12,1,10
27852,1922,128,2023-02-12,4,2
27853,9079,544,2023-02-06,2,0
27854,2103,515,2023-06-12,3,0
27855,8979,119,2023-11-08,1,0
27856,3493,286,2023-05-06,1,2
27857,962,354,2023-03-10,1,15
27858,6337,521,2023-06-10,3,0
27868,9012,475,2023-12-08,1,0
27889,2109,236,2023-07-12,1,2
27899,1170,386,2023-03-04,1,0
27900,1167,522,2023-07-02,3,0
27903,7575,422,2023-06-03,1,15
27905,2057,128,2023-05-01,3,0
27908,4388,460,2023-11-11,4,0
27918,6495,207,2023-11-05,2,15
27919,49,285,2023-12-01,1,2
27934,6193,236,2023-05-05,2,0
27940,6292,340,2023-05-03,1,2
27941,1548,476,2023-04-08,1,10
27953,4075,248,2023-10-01,1,2
27960,7490,454,2023-10-01,2,2
27961,4663,587,2023-07-02,5,0
27979,3286,584,2023-10-02,1,0
27996,3992,494,2023-08-04,2,0
27998,6088,284,2023-07-03,2,0
28001,2818,374,2023-09-05,3,10
28003,8598,248,2023-02-07,1,2
28005,5210,182,2023-05-10,1,0
28015,830,246,2023-02-12,1,0
28020,2481,307,2023-07-04,1,0
28022,9417,532,2023-08-12,1,0
28024,7330,569,2023-10-02,3,15
28033,1255,492,2023-09-08,2,0
28034,9040,117,2023-07-01,5,0
28041,8774,386,2023-08-08,1,0
28044,1530,576,2023-07-07,2,10
28047,3242,235,2023-10-03,2,0
28062,5213,587,2023-04-12,1,0
28063,5567,212,2023-05-02,1,5
28071,6907,482,2023-08-10,2,10
28084,1037,132,2023-07-12,1,0
28097,5486,201,2023-09-03,4,0
28102,9838,455,2023-05-05,1,0
28108,2136,203,2023-06-12,1,5
28118,8741,288,2023-12-10,2,0
28136,4807,136,2023-03-04,4,0
28156,5499,328,2023-02-01,1,2
28174,3028,315,2023-12-07,1,20
28188,9939,574,2023-04-05,1,2
28208,3816,355,2023-09-07,3,0
28209,4983,556,2023-02-04,5,0
28217,1804,357,2023-09-11,2,5
28220,3214,253,2023-02-11,1,10
28233,4809,448,2023-05-05,1,5
28248,5391,566,2023-11-02,1,0
28258,891,278,2023-02-08,1,10
28264,2940,250,2023-04-06,2,0
28266,8583,350,2023-07-02,1,0
28270,108,468,2023-10-08,1,0
28288,6774,588,2023-01-09,1,0
28297,8905,562,2023-11-01,3,5
28311,9765,402,2023-05-12,3,0
28316,9682,516,2023-01-08,4,5
28322,8064,111,2023-06-11,1,0
28323,6252,320,2023-06-09,3,0
28326,5724,242,2023-01-07,1,5
28362,2628,510,2023-07-11,1,0
28367,8946,385,2023-04-05,1,0
28384,4413,174,2023-08-05,2,10
28389,3496,154,2023-01-06,4,0
28392,1247,553,2023-07-10,1,0
28394,2367,600,2023-03-05,5,5
28398,1661,294,2023-11-02,1,0
28405,9058,173,2023-10-03,1,0
28409,7501,248,2023-04-11,2,0
28431,8666,450,2023-04-09,3,0
28437,4014,101,2023-07-09,1,0
28439,3185,237,2023-02-03,2,2
28445,7862,282,2023-12-12,5,10
28446,3792,107,2023-12-03,5,0
28448,7210,315,2023-12-10,4,0
28450,7812,103,2023-10-12,1,0
28452,4924,126,2023-11-05,1,10
28457,8846,378,2023-04-09,4,0
28460,7972,193,2023-06-04,1,5
28468,2091,113,2023-11-06,2,0
28481,339,185,2023-05-07,2,0
28489,2426,452,2023-12-07,1,10
28494,3889,171,2023-01-04,1,0
28510,6707,320,2023-03-02,1,20
28529,9879,318,2023-10-03,1,0
28537,4989,294,2023-01-04,1,0
28542,1515,126,2023-10-08,5,0
28544,1085,431,2023-06-07,2,10
28554,4808,511,2023-08-02,2,0
28567,5198,549,2023-12-02,2,10
28568,2650,443,2023-09-08,1,0
28580,4237,598,2023-12-10,1,0
28583,9667,330,2023-09-08,5,0
28589,3366,436,2023-12-08,1,0
28600,9369,575,2023-06-10,3,2
28601,8405,350,2023-02-03,5,0
28602,4952,174,2023-11-04,1,0
28615,2055,353,2023-08-08,1,2
28617,9295,327,2023-07-05,1,0
28630,6302,152,2023-10-09,1,0
28631,6334,521,2023-04-01,5,2
28634,4690,537,2023-02-11,1,0
28644,2128,151,2023-07-02,2,0
28645,151,318,2023-04-12,1,0
28647,2559,249,2023-03-06,2,0
28649,7332,523,2023-02-10,1,10
28650,3136,174,2023-03-05,1,0
28658,9040,351,2023-10-11,1,15
28659,556,277,2023-03-04,2,2
28661,4790,385,2023-01-03,3,0
28664,5712,534,2023-10-04,2,5
28670,1911,250,2023-07-12,3,0
28676,7454,383,2023-10-03,3,0
28678,6124,261,2023-05-03,2,0
28679,5621,391,2023-09-09,2,5
28688,6739,146,2023-09-11,3,0
28693,9458,224,2023-09-06,2,5
28699,6096,518,2023-10-08,1,5
28712,2687,385,2023-11-03,1,0
28718,2977,198,2023-09-07,2,0
28725,2318,119,2023-03-06,4,2
28738,2670,233,2023-08-05,2,0
28758,6181,428,2023-08-05,2,5
28759,4902,286,2023-05-06,2,0
28781,4577,140,2023-06-05,1,5
28782,818,312,2023-04-10,5,0
28786,9596,593,2023-03-11,1,0
28792,2192,182,2023-02-03,1,0
28799,9934,358,2023-06-06,2,0
28816,5106,218,2023-10-01,1,15
28827,8903,486,2023-08-03,1,0
28834,5753,179,2023-02-01,1,0
28847,8103,176,2023-10-07,3,0
28863,9366,587,2023-02-07,3,5
28866,6704,413,2023-03-02,1,0
28872,6922,326,2023-05-04,2,0
28879,1478,104,2023-08-03,1,0
28881,7721,330,2023-12-03,2,0
28884,9503,448,2023-11-02,2,0
28888,1045,517,2023-01-02,1,20
28900,3926,168,2023-07-08,2,0
28903,7883,424,2023-12-10,3,0
28906,194,565,2023-07-12,1,0
28907,1922,444,2023-08-09,3,2
28924,3049,490,2023-01-08,2,5
28925,5572,158,2023-04-09,3,0
28934,8638,293,2023-05-03,1,0
28958,9349,538,2023-01-09,1,5
28963,8200,206,2023-08-12,2,2
28964,5965,131,2023-05-07,1,15
28973,6106,242,2023-12-02,1,0
28974,7261,223,2023-06-04,2,0
28982,8367,143,2023-09-09,2,0
28989,4244,285,2023-10-11,1,0
28990,368,235,2023-02-01,3,2
28991,3548,589,2023-05-08,1,5
28992,9972,347,2023-10-07,1,0
29001,9619,383,2023-03-04,5,0
29002,9172,333,2023-10-10,1,5
29014,1126,563,2023-09-12,2,5
29016,625,415,2023-11-06,1,0
29021,1863,383,2023-07-08,1,0
29033,9513,492,2023-02-10,2,5
29043,8425,129,2023-07-06,3,0
29047,486,356,2023-01-12,5,5
29053,6651,273,2023-06-08,5,0
29070,9372,462,2023-04-12,1,2
29074,868,380,2023-05-04,2,2
29076,108,423,2023-02-12,2,0
29077,2227,278,2023-07-10,1,2
29091,4852,551,2023-06-09,2,0
29106,264,235,2023-12-10,2,0
29107,4276,191,2023-11-11,2,0
29108,5033,429,2023-06-11,1,0
29112,9879,518,2023-10-07,1,0
29123,5729,509,2023-06-01,1,0
29130,3915,105,2023-06-05,2,0
29133,7704,348,2023-02-02,1,10
29163,1816,482,2023-06-04,5,0
29170,4803,124,2023-10-01,3,0
29172,9705,322,2023-01-07,3,5
29176,1049,143,2023-11-08,1,5
29180,4897,576,2023-11-02,1,10
29196,7428,599,2023-07-10,2,5
29202,5330,368,2023-11-06,4,0
29212,9203,168,2023-12-11,3,5
29221,9359,139,2023-10-06,2,0
29232,2268,344,2023-12-08,1,0
29235,838,130,2023-10-04,2,0
29243,9419,262,2023-04-05,1,2
29244,7167,239,2023-08-12,1,2
29254,2467,559,2023-03-08,1,0
29258,1507,196,2023-06-08,4,5
29259,1397,190,2023-06-07,3,0
29260,2693,241,2023-08-08,3,5
29270,181,118,2023-08-04,3,0
29274,4326,498,2023-05-10,2,2
29282,2669,574,2023-01-05,3,0
29286,6789,467,2023-03-11,3,0
29288,4864,177,2023-08-11,2,5
29290,8545,419,2023-05-05,3,0
29299,8870,259,2023-02-11,2,15
29314,3186,320,2023-11-02,2,0
29323,3063,419,2023-05-03,1,10
29325,9837,415,2023-10-11,3,0
29326,3729,247,2023-02-05,2,5
29332,8852,158,2023-12-09,1,0
29335,9402,240,2023-10-06,2,0
29357,7678,589,2023-09-02,1,0
29359,9070,521,2023-09-08,3,0
29368,4413,337,2023-10-03,1,0
29369,3641,402,2023-12-11,1,10
29390,5472,459,2023-04-07,4,2
29398,7008,425,2023-02-05,4,0
29400,2249,415,2023-09-06,4,0
29401,9588,221,2023-10-10,2,15
29406,3502,144,2023-12-04,3,0
29415,3540,221,2023-07-04,3,0
29416,2690,282,2023-06-11,4,10
29417,9052,279,2023-01-02,1,2
29423,5993,287,2023-08-02,1,0
29426,2224,577,2023-01-12,2,5
29444,6604,168,2023-02-03,4,2
29445,1966,464,2023-08-02,5,5
29456,4476,202,2023-11-02,3,0
29460,7017,330,2023-05-01,1,0
29462,194,411,2023-12-01,3,0
29468,2391,252,2023-07-04,2,0
29469,8208,174,2023-06-11,1,0
29470,1247,336,2023-12-05,2,0
29471,1962,305,2023-05-04,1,5
29474,5079,187,2023-08-02,5,0
29502,9364,243,2023-10-01,1,2
29504,2482,166,2023-10-04,3,0
29505,3548,182,2023-12-01,3,5
29515,8069,432,2023-08-11,1,15
29518,3378,479,2023-07-11,2,0
29519,6044,244,2023-02-04,1,5
29521,5169,157,2023-07-03,2,0
29534,7213,469,2023-02-04,2,5
29554,1438,383,2023-01-10,1,5
29556,7892,201,2023-12-03,4,2
29562,1558,342,2023-12-02,3,0
29564,5760,330,2023-01-08,1,5
29572,8541,220,2023-08-06,3,10
29575,4438,292,2023-01-03,1,0
29576,1435,313,2023-01-02,2,0
29579,2935,508,2023-10-03,4,10
29582,7972,303,2023-02-11,1,0
29589,1517,598,2023-04-01,1,0
29590,3654,594,2023-09-10,5,0
29591,5808,562,2023-12-05,2,10
29600,4868,189,2023-01-10,1,0
29605,9205,173,2023-11-06,2,0
29610,1515,427,2023-01-10,2,0
29615,1903,264,2023-09-08,1,0
29630,2335,458,2023-10-09,1,5
29632,5706,455,2023-08-02,2,0
29655,7952,304,2023-01-03,1,2
29683,8983,509,2023-03-03,2,0
29687,1025,420,2023-08-06,3,2
29694,9667,147,2023-09-09,3,2
29695,3731,216,2023-12-03,3,0
29701,7891,129,2023-06-12,3,10
29709,7696,439,2023-05-06,3,0
29710,2218,151,2023-11-01,1,0
29711,7068,578,2023-03-02,1,0
29713,479,346,2023-03-03,2,0
29719,3605,209,2023-09-05,4,15
29722,8712,372,2023-05-03,1,2
29726,428,514,2023-11-06,1,0
29732,5469,478,2023-07-09,1,5
29740,2238,200,2023-03-07,4,2
29741,6308,486,2023-08-07,1,0
29757,9672,277,2023-07-02,4,10
29767,7904,319,2023-10-09,3,2
29770,246,526,2023-07-04,2,0
29778,2997,381,2023-01-06,1,5
29781,3425,322,2023-03-10,2,5
29790,1247,322,2023-03-01,1,0
29800,8277,413,2023-10-10,2,0
29810,6390,360,2023-10-03,2,0
29811,4478,276,2023-07-02,1,0
29825,2714,175,2023-08-10,1,10
29827,7076,590,2023-07-09,3,5
29829,6121,534,2023-07-04,2,5
29834,9023,188,2023-12-12,1,0
29846,5264,370,2023-01-10,2,0
29850,3904,232,2023-06-04,1,0
29854,5546,371,2023-06-02,1,10
29855,4381,490,2023-08-08,1,0
29865,6669,217,2023-01-02,4,0
29866,3737,502,2023-06-10,1,2
29871,6015,585,2023-07-02,5,10
29889,7082,482,2023-09-06,3,2
29895,8526,111,2023-05-08,2,10
29901,5898,444,2023-02-11,4,2
29916,4747,570,2023-02-08,2,0
29919,771,251,2023-07-11,1,0
29927,3641,402,2023-03-06,1,2
29928,1941,536,2023-07-06,3,10
29940,4372,582,2023-04-08,3,5
29946,6635,409,2023-08-01,1,5
29948,5469,275,2023-11-01,4,2
29964,1263,150,2023-03-05,4,5
29965,5007,362,2023-04-08,1,0
29967,3531,337,2023-12-12,2,15
29975,9890,460,2023-04-04,3,10
29978,5498,436,2023-05-07,2,0
29989,7769,108,2023-12-03,3,0
30011,1038,338,2023-09-10,1,0
30030,4557,339,2023-07-04,1,5
30036,529,394,2023-04-03,2,0
30040,6241,573,2023-06-10,1,2
30050,1432,102,2023-11-12,2,0
30053,7247,216,2023-07-05,1,0
30069,2722,508,2023-09-08,1,0
30072,1483,264,2023-05-07,3,5
30077,5658,283,2023-09-05,4,15
30079,9691,591,2023-08-10,2,2
30082,2751,124,2023-04-05,1,0
30110,844,177,2023-04-04,1,0
30111,5732,461,2023-07-09,3,5
30115,6412,444,2023-12-03,1,0
30118,7623,256,2023-04-05,1,0
30125,5918,226,2023-07-11,2,5
30135,3928,149,2023-02-11,2,10
30139,165,264,2023-08-04,1,0
30141,5509,419,2023-06-07,3,0
30159,6323,375,2023-08-02,2,20
30161,5385,152,2023-09-03,1,0
30166,7397,570,2023-06-02,3,0
30186,7558,144,2023-11-02,1,15
30189,8602,429,2023-03-04,3,15
30191,2442,260,2023-01-12,1,0
30193,2322,144,2023-05-07,5,0
30208,6888,570,2023-08-11,1,2
30209,4766,157,2023-03-09,4,20
30212,8482,491,2023-11-07,2,5
30213,3384,167,2023-07-07,3,5
30215,3533,414,2023-04-12,1,0
30219,5920,149,2023-12-06,1,10
30222,8409,198,2023-12-01,2,2
30223,690,280,2023-04-02,2,2
30224,3834,127,2023-04-04,1,0
30240,7842,494,2023-11-08,4,0
30248,4393,540,2023-02-04,4,5
30251,5358,243,2023-03-07,1,5
30258,2315,425,2023-03-10,1,5
30261,297,441,2023-02-05,1,0
30277,8927,468,2023-02-01,3,0
30287,3102,379,2023-04-05,3,5
30295,7664,227,2023-11-07,3,15
30305,1746,421,2023-08-08,5,10
30307,5241,339,2023-09-12,2,2
30308,7699,414,2023-07-05,2,0
30309,4835,359,2023-05-04,2,0
30310,1964,220,2023-10-06,3,0
30311,9251,224,2023-02-11,2,0
30341,8223,174,2023-02-11,1,2
30343,5761,424,2023-04-01,1,0
30344,5969,511,2023-06-11,1,2
30351,8890,288,2023-09-05,1,0
30355,2429,571,2023-11-11,1,5
30358,9578,597,2023-04-11,3,10
30364,6592,477,2023-07-09,3,0
30367,4475,230,2023-03-04,1,5
30376,4741,524,2023-09-04,1,5
30381,2516,198,2023-08-06,2,0
30382,2990,326,2023-05-03,1,0
30385,8834,599,2023-07-10,1,0
30395,3733,451,2023-08-03,1,10
30397,1670,381,2023-04-10,1,0
30403,6509,136,2023-07-05,3,0
30404,121,398,2023-04-09,1,10
30416,5813,494,2023-12-07,2,0
30420,9861,433,2023-10-12,4,10
30422,1045,115,2023-01-06,5,2
30431,2653,381,2023-12-03,2,5
30436,3755,390,2023-08-04,3,0
30455,1239,201,2023-02-11,1,0
30456,9369,397,2023-07-12,3,0
30465,6118,305,2023-07-07,3,10
30485,9446,149,2023-02-12,4,5
30488,3583,465,2023-12-04,4,0
30489,3403,459,2023-09-09,1,2
30491,6600,514,2023-06-08,4,0
30498,9788,412,2023-07-05,1,10
30500,663,390,2023-08-03,1,0
30503,8284,383,2023-11-08,3,2
30513,6688,413,2023-01-11,4,0
30521,6264,514,2023-08-06,1,5
30522,5983,491,2023-10-01,1,0
30524,518,512,2023-03-07,2,2
30529,441,361,2023-03-02,4,2
30530,1680,443,2023-10-01,3,0
30535,6235,113,2023-03-03,2,10
30540,748,542,2023-12-08,3,10
30541,5218,354,2023-12-07,1,0
30543,5395,436,2023-08-07,2,0
30551,1020,489,2023-05-02,1,5
30555,8468,342,2023-11-06,2,0
30570,8621,303,2023-08-06,3,5
30590,2707,509,2023-01-07,1,0
30599,773,527,2023-10-10,3,0
30607,4826,523,2023-04-06,1,10
30609,8289,251,2023-05-06,1,10
30611,6418,456,2023-04-10,3,0
30613,6722,560,2023-04-09,2,0
30619,6258,328,2023-01-04,1,2
30637,9576,547,2023-10-03,2,2
30665,8162,267,2023-08-02,1,0
30669,7836,121,2023-07-08,1,0
30671,662,350,2023-07-07,2,2
30672,8263,596,2023-04-05,5,0
30677,1428,128,2023-11-05,1,2
30709,9299,273,2023-02-04,5,10
30717,1349,116,2023-04-12,2,5
30736,7513,195,2023-10-07,1,15
30754,2693,386,2023-09-07,1,2
30757,4549,359,2023-08-11,1,10
30758,1828,292,2023-08-09,1,0
30767,9680,402,2023-10-10,3,0
30775,3531,342,2023-06-07,2,0
30778,572,364,2023-05-03,3,2
30785,9074,322,2023-10-05,3,10
30790,4507,343,2023-01-11,4,0
30798,1637,263,2023-03-07,3,10
30805,7228,364,2023-01-05,1,2
30817,1076,376,2023-08-08,1,5
30822,7528,135,2023-03-04,1,2
30826,5368,245,2023-07-10,1,2
30828,3363,431,2023-11-05,1,0
30831,8755,510,2023-11-03,2,5
30840,1840,291,2023-08-07,1,0
30845,9253,401,2023-01-07,1,0
30850,8922,200,2023-05-02,5,0
30855,2418,143,2023-04-10,2,2
30856,9921,132,2023-07-12,1,2
30862,286,108,2023-07-08,1,0
30882,3643,411,2023-10-05,1,0
30917,606,328,2023-02-12,1,2
30924,951,562,2023-11-05,5,2
30929,2349,303,2023-03-11,3,0
30932,6222,559,2023-04-06,4,2
30938,6123,457,2023-06-06,4,0
30939,4196,591,2023-02-09,1,2
30949,6276,162,2023-11-11,1,10
30954,6888,211,2023-08-04,1,0
30958,8208,515,2023-12-02,2,10
30966,442,530,2023-01-03,1,0
30979,1804,140,2023-05-01,2,0
30983,1061,170,2023-09-01,2,0
30988,2444,298,2023-01-04,2,0
30994,1432,565,2023-05-09,2,0
30997,8255,362,2023-01-09,3,10
31010,9606,402,2023-06-08,1,0
31027,6278,387,2023-12-05,1,0
31034,3930,453,2023-09-12,1,0
31041,5709,535,2023-06-04,3,0
31042,2279,470,2023-08-06,1,10
31043,8049,161,2023-12-06,2,0
31048,8270,103,2023-11-08,3,2
31052,9688,481,2023-09-06,1,2
31054,855,133,2023-09-06,1,0
31059,3434,516,2023-05-05,5,0
31076,1649,113,2023-05-04,1,0
31079,1963,305,2023-10-11,2,0
31082,1637,326,2023-02-11,1,0
31088,1663,499,2023-12-09,1,0
31114,8561,148,2023-05-02,1,0
31124,8557,211,2023-08-04,3,0
31128,1126,293,2023-01-05,1,10
31134,3409,586,2023-03-03,1,0
31143,4950,580,2023-01-09,3,0
31145,9806,434,2023-03-08,2,2
31149,450,463,2023-01-04,2,0
31153,1769,111,2023-02-10,1,0
31162,9252,301,2023-06-12,1,0
31165,2220,380,2023-01-01,1,2
31172,1542,402,2023-01-01,1,0
31173,5138,116,2023-01-02,1,2
31177,4138,554,2023-05-05,1,0
31203,5568,135,2023-04-07,1,0
31208,1647,156,2023-11-08,1,10
31219,4077,335,2023-12-01,2,2
31220,3346,563,2023-03-11,1,0
31223,4434,183,2023-10-09,3,0
31225,8712,388,2023-04-06,1,0
31227,7298,395,2023-04-03,2,0
31228,2414,494,2023-02-01,2,10
31230,5732,264,2023-01-06,1,0
31231,124,151,2023-08-01,1,0
31238,4372,524,2023-12-01,1,0
31239,4637,201,2023-11-10,2,0
31240,4727,349,2023-12-06,3,0
31242,3831,267,2023-01-08,1,0
31257,9310,126,2023-10-03,3,20
31272,9632,199,2023-01-01,1,5
31274,1288,300,2023-08-03,1,2
31284,2055,230,2023-06-02,2,0
31298,6878,317,2023-08-10,1,5
31299,6436,460,2023-10-05,1,0
31300,2309,212,2023-07-03,2,10
31313,5940,208,2023-06-11,2,0
31321,7849,360,2023-02-06,1,5
31329,10,439,2023-09-05,1,10
31336,4739,329,2023-02-03,2,5
31338,4894,239,2023-02-09,1,0
31354,4237,102,2023-12-02,1,0
31355,2058,249,2023-09-11,3,0
31356,8178,520,2023-06-01,2,10
31359,433,352,2023-05-10,2,10
31361,182,175,2023-12-08,3,0
31363,5077,223,2023-05-01,4,2
31371,8928,232,2023-09-11,4,5
31378,5201,265,2023-07-04,1,0
31381,5438,208,2023-02-07,1,2
31382,3901,442,2023-09-07,2,0
31384,9680,549,2023-06-11,3,5
31386,9888,265,2023-03-07,1,10
31387,6685,406,2023-07-04,4,10
31398,5451,377,2023-11-08,4,10
31414,7206,239,2023-07-12,2,0
31415,4650,254,2023-01-04,1,2
31418,7908,447,2023-11-07,1,0
31423,433,104,2023-08-11,2,0
31424,8636,175,2023-11-12,1,0
31425,9146,324,2023-10-11,2,0
31432,327,473,2023-01-04,3,0
31439,1647,223,2023-08-05,1,15
31440,1963,222,2023-05-09,3,0
31446,4950,549,2023-06-12,1,0
31447,5426,181,2023-03-04,1,5
31472,8849,297,2023-11-11,1,0
31497,6031,450,2023-05-01,1,0
31507,1624,453,2023-04-07,4,0
31510,7023,385,2023-02-05,1,0
31513,612,229,2023-06-02,2,10
31518,8674,383,2023-09-04,1,0
31524,8240,231,2023-05-12,1,5
31528,381,475,2023-10-05,1,0
31532,1101,481,2023-05-05,2,0
31544,9691,309,2023-02-06,1,5
31552,4674,563,2023-07-06,3,0
31565,2055,272,2023-02-10,1,2
31568,7624,254,2023-08-05,2,5
31576,3646,415,2023-09-05,1,0
31588,8100,531,2023-04-06,1,0
31596,190,530,2023-02-04,5,2
31598,221,150,2023-12-09,3,0
31605,7632,335,2023-06-07,1,0
31614,7261,382,2023-11-08,2,0
31621,8774,475,2023-09-03,4,0
31623,5501,339,2023-08-03,2,0
31633,197,120,2023-10-08,5,0
31652,2615,577,2023-02-11,2,5
31654,1661,430,2023-03-07,4,5
31656,679,192,2023-05-08,1,0
31668,4165,337,2023-05-07,2,5
31671,9085,139,2023-10-01,2,2
31678,4319,561,2023-06-12,1,0
31682,8107,551,2023-02-12,2,0
31684,5484,157,2023-08-06,1,10
31686,2789,277,2023-02-08,1,0
31695,9206,152,2023-06-09,1,0
31696,6044,596,2023-11-12,2,0
31701,8767,574,2023-02-12,3,10
31703,194,352,2023-02-03,1,0
31705,7620,449,2023-02-10,2,10
31708,5236,521,2023-01-01,2,0
31723,6713,126,2023-07-12,1,5
31725,214,438,2023-03-01,2,10
31727,5565,119,2023-02-12,4,5
31732,2075,282,2023-01-10,1,0
31738,8576,540,2023-05-05,2,0
31743,8416,430,2023-03-12,2,20
31744,7227,356,2023-02-02,1,0
31749,7230,429,2023-01-04,1,0
31751,4315,108,2023-03-11,1,0
31754,3855,497,2023-12-05,1,5
31760,2012,206,2023-03-03,1,0
31763,5962,101,2023-07-07,2,0
31767,6483,533,2023-02-08,4,0
31774,9699,406,2023-06-10,1,2
31777,1966,278,2023-03-06,1,2
31780,4579,453,2023-08-12,1,0
31781,6096,405,2023-02-12,3,0
31803,6707,527,2023-08-04,1,5
31807,9557,195,2023-07-03,2,0
31829,1387,187,2023-06-02,2,0
31832,5905,516,2023-10-07,1,15
31836,1033,492,2023-05-01,1,0
31837,4063,389,2023-12-11,3,0
31847,8589,291,2023-05-11,5,0
31863,9316,235,2023-12-10,4,0
31875,1611,531,2023-11-07,1,0
31886,5786,568,2023-11-01,1,5
31890,6549,127,2023-01-10,2,5
31902,4844,216,2023-11-07,3,5
31904,8264,402,2023-11-05,1,2
31905,2311,477,2023-01-01,2,0
31912,5000,372,2023-06-06,2,0
31914,5472,512,2023-08-11,2,20
31920,3097,463,2023-01-09,2,0
31926,7787,198,2023-11-12,1,5
31932,7508,568,2023-02-02,5,0
31936,3574,366,2023-08-03,2,5
31942,2577,314,2023-05-10,1,10
31945,8940,243,2023-05-01,3,0
31949,6227,215,2023-04-06,2,5
31954,9494,169,2023-04-06,1,0
31961,4244,205,2023-12-03,1,15
31963,7230,314,2023-09-06,1,5
31965,4989,580,2023-10-12,4,2
31966,2226,106,2023-07-02,2,5
31967,8226,132,2023-10-12,2,5
31971,1744,328,2023-12-04,3,0
31980,4681,419,2023-01-08,1,0
31984,3783,481,2023-01-10,2,5
31988,707,537,2023-07-03,1,0
31990,3982,522,2023-12-11,2,10
31991,4803,395,2023-06-12,3,10
32009,7621,255,2023-06-10,2,5
32011,7063,125,2023-01-12,4,0
32013,6970,163,2023-02-07,3,0
32014,7214,574,2023-10-08,4,0
32016,6910,480,2023-09-10,2,0
32023,2297,333,2023-02-03,3,0
32033,8499,260,2023-08-06,3,2
32042,3222,548,2023-01-12,3,0
32045,7967,554,2023-04-04,1,15
32046,2338,419,2023-07-08,2,0
32050,6323,486,2023-05-10,1,2
32051,7256,537,2023-07-02,4,0
32055,4695,221,2023-01-10,1,2
32058,2395,429,2023-02-05,1,0
32060,3792,251,2023-11-10,2,2
32062,1795,252,2023-08-01,1,2
32069,2528,474,2023-06-08,2,2
32070,136,375,2023-11-07,3,5
32078,3598,410,2023-04-09,1,5
32080,429,388,2023-11-12,5,2
32088,5789,343,2023-06-09,1,0
32095,8842,190,2023-11-06,2,0
32097,9693,569,2023-10-11,2,2
32100,3829,559,2023-04-05,3,0
32102,5285,103,2023-06-08,3,0
32106,6893,215,2023-10-05,1,5
32116,3501,463,2023-03-10,4,0
32118,3575,588,2023-08-11,3,0
32137,3738,498,2023-06-07,3,2
32140,4388,138,2023-03-12,1,5
32141,1985,559,2023-07-04,2,0
32147,1560,320,2023-09-06,2,0
32151,8448,284,2023-09-06,1,10
32156,2277,502,2023-06-06,1,0
32158,4222,160,2023-03-03,1,0
32163,2481,424,2023-08-12,1,0
32165,7602,208,2023-11-01,1,0
32170,9521,168,2023-12-12,3,0
32176,8665,529,2023-05-01,2,0
32179,4584,541,2023-04-06,3,0
32180,9980,435,2023-02-05,3,2
32186,7918,552,2023-09-07,1,5
32191,1680,409,2023-05-05,1,0
32196,5154,458,2023-11-03,3,5
32212,9720,422,2023-10-10,2,0
32220,9232,179,2023-06-01,2,0
32230,431,306,2023-07-07,2,0
32233,6651,127,2023-04-08,1,5
32241,303,507,2023-07-11,2,0
32246,365,336,2023-06-06,4,2
32247,657,159,2023-01-08,1,0
32261,679,319,2023-08-10,2,0
32263,662,342,2023-01-02,3,10
32265,7635,186,2023-11-12,2,15
32266,8905,422,2023-12-12,2,10
32269,8621,508,2023-09-11,1,0
32278,4873,240,2023-10-07,4,0
32313,1480,563,2023-04-09,3,0
32326,7725,230,2023-11-09,1,5
32336,4749,419,2023-09-06,1,10
32337,8583,354,2023-01-04,5,2
32340,5707,504,2023-07-08,1,0
32341,3528,120,2023-02-01,1,2
32354,4910,306,2023-08-07,2,0
32365,8256,153,2023-01-10,1,2
32376,8273,551,2023-01-03,1,0
32380,4688,387,2023-10-08,5,0
32391,7620,392,2023-01-06,5,0
32415,4478,593,2023-09-04,3,0
32434,5160,600,2023-04-05,3,2
32445,5839,148,2023-03-06,4,10
32450,1868,523,2023-10-01,4,0
32460,9287,140,2023-05-11,3,20
32461,7981,445,2023-10-02,1,0
32478,396,579,2023-06-09,1,0
32483,8788,156,2023-10-05,2,0
32484,7665,169,2023-10-08,1,0
32488,6871,315,2023-01-08,3,0
32502,2426,118,2023-07-05,2,0
32503,3926,323,2023-05-06,2,15
32507,6674,245,2023-12-08,4,0
32508,428,224,2023-04-08,5,0
32516,9077,132,2023-10-10,1,5
32518,1969,270,2023-03-01,3,10
32519,5701,226,2023-04-08,1,0
32531,8197,480,2023-11-05,2,0
32534,7823,582,2023-06-04,3,0
32538,578,500,2023-09-02,1,2
32539,318,208,2023-09-02,1,5
32550,1591,514,2023-08-05,3,2
32554,3772,245,2023-08-12,2,0
32563,889,346,2023-06-01,1,0
32565,5673,434,2023-05-09,2,0
32583,1253,482,2023-01-11,3,0
32590,8818,282,2023-03-01,2,0
32619,5982,110,2023-06-01,1,2
32620,8705,237,2023-05-11,1,5
32622,7213,558,2023-12-06,1,5
32631,635,594,2023-12-01,1,0
32646,1166,237,2023-08-05,2,0
32650,4317,471,2023-02-04,1,0
32659,2224,140,2023-11-11,2,5
32669,7955,329,2023-06-12,1,0
32676,7820,429,2023-12-04,3,0
32685,444,513,2023-07-12,3,0
32701,6308,131,2023-07-11,2,5
32702,8628,129,2023-08-04,2,15
32709,2591,453,2023-09-08,4,0
32710,2739,582,2023-10-06,1,0
32713,412,265,2023-01-05,1,0
32717,5808,287,2023-01-09,2,0
32718,7144,122,2023-07-04,2,0
32719,6220,480,2023-03-02,1,2
32720,8853,161,2023-05-08,5,0
32728,5748,361,2023-07-02,2,0
32729,2279,236,2023-06-02,3,15
32736,5909,125,2023-09-04,2,2
32738,6634,199,2023-04-07,2,0
32762,614,109,2023-12-12,2,15
32763,9589,320,2023-01-02,1,10
32770,2287,256,2023-06-12,1,5
32772,517,353,2023-08-02,2,0
32779,6837,227,2023-12-01,1,0
32780,8237,520,2023-08-05,1,0
32786,5080,378,2023-09-03,3,0
32788,843,309,2023-02-06,1,20
32792,5835,507,2023-09-08,2,0
32793,844,330,2023-08-02,1,0
32806,7419,597,2023-01-02,1,5
32813,6369,493,2023-03-11,1,20
32823,1466,566,2023-06-06,1,2
32835,4886,521,2023-04-11,1,0
32837,7507,539,2023-12-06,4,0
32840,8225,524,2023-04-10,1,0
32843,5082,206,2023-12-11,1,0
32855,2442,553,2023-11-10,1,0
32890,9460,572,2023-02-06,1,0
32897,6426,340,2023-05-11,5,5
32902,3959,265,2023-07-10,1,10
32910,3672,433,2023-08-02,3,2
32919,1144,504,2023-12-01,1,0
32928,9341,367,2023-10-06,4,5
32934,3224,542,2023-02-12,1,2
32936,1598,294,2023-03-09,1,5
32945,6872,348,2023-07-04,3,5
32948,6258,591,2023-04-06,1,5
32950,8424,384,2023-01-06,1,0
32951,3577,124,2023-03-07,1,0
32953,3923,276,2023-06-12,1,0
32966,2062,302,2023-06-12,3,10
32982,1381,411,2023-08-04,1,2
32983,168,445,2023-04-12,3,10
32988,837,225,2023-12-03,3,0
33004,6682,458,2023-01-09,1,5
33013,9556,548,2023-10-04,1,0
33019,8911,398,2023-08-01,1,0
33026,3728,254,2023-12-07,3,2
33029,9475,228,2023-11-03,1,0
33036,7723,350,2023-05-04,2,0
33040,5766,513,2023-12-06,3,0
33044,9029,230,2023-04-07,2,5
33050,6654,155,2023-06-01,1,2
33054,8434,165,2023-07-12,1,10
33055,5835,454,2023-12-10,1,2
33057,969,543,2023-05-12,2,0
33058,1686,365,2023-09-09,3,0
33059,1586,215,2023-08-08,3,2
33069,6827,226,2023-11-08,2,0
33070,1899,201,2023-10-09,1,0
33071,9572,401,2023-07-08,3,0
33082,9056,223,2023-03-04,5,0
33084,9503,393,2023-07-05,3,0
33096,1979,122,2023-08-10,3,0
33097,7955,500,2023-11-09,3,2
33120,8497,386,2023-10-02,1,0
33122,8557,593,2023-06-10,1,0
33135,4915,588,2023-09-11,1,0
33137,6736,211,2023-01-07,1,0
33145,6023,153,2023-08-04,1,0
33148,8136,331,2023-02-10,2,5
33154,7928,262,2023-01-10,4,0
33156,4593,256,2023-09-02,5,0
33157,8519,411,2023-06-04,2,0
33161,7122,411,2023-11-05,1,0
33165,1747,484,2023-02-03,2,0
33171,242,141,2023-03-01,2,10
33182,3129,441,2023-02-05,1,5
33195,7734,590,2023-07-09,2,0
33215,9363,519,2023-05-03,1,0
33229,8430,426,2023-10-12,1,0
33232,1200,157,2023-07-11,2,5
33233,4567,320,2023-05-04,3,0
33241,8903,162,2023-07-02,1,0
33247,9681,332,2023-07-02,1,0
33250,8202,504,2023-06-06,1,5
33252,9852,325,2023-03-03,2,2
33254,7263,216,2023-07-08,4,10
33260,8232,228,2023-09-05,1,0
33264,5430,592,2023-09-01,3,2
33268,7576,347,2023-12-04,2,0
33271,4777,253,2023-03-04,1,2
33289,9,422,2023-12-03,1,2
33294,5248,139,2023-05-01,1,0
33303,5393,233,2023-11-01,2,5
33305,2174,315,2023-05-04,2,0
33320,2449,562,2023-07-07,5,0
33321,5231,284,2023-01-10,1,2
33323,2369,388,2023-02-03,2,15
33327,7145,251,2023-06-09,1,0
33332,6639,184,2023-07-05,3,2
33345,5120,138,2023-08-01,1,0
33362,8823,342,2023-04-04,5,10
33364,661,240,2023-02-09,1,2
33370,3006,544,2023-07-06,1,0
33384,3935,375,2023-08-05,2,0
33394,9281,416,2023-12-05,1,0
33402,586,376,2023-04-08,3,0
33403,2103,421,2023-06-08,3,2
33404,4989,255,2023-08-07,1,0
33416,7148,111,2023-12-05,1,0
33417,4251,529,2023-04-11,2,0
33424,4060,441,2023-04-05,1,0
33428,8655,453,2023-10-05,2,0
33430,7797,447,2023-11-03,1,0
33432,1061,183,2023-04-08,2,10
33450,5231,395,2023-09-08,2,5
33459,6023,364,2023-11-07,1,5
33471,8197,319,2023-08-09,2,10
33483,4098,520,2023-05-07,3,0
33487,5037,292,2023-03-03,4,0
33491,8960,245,2023-05-12,3,0
33503,9252,208,2023-07-09,1,15
33504,8578,141,2023-05-01,4,2
33520,8983,384,2023-07-11,3,0
33523,3787,259,2023-07-09,1,0
33525,3223,197,2023-03-09,2,0
33538,9507,272,2023-05-09,1,0
33545,1598,184,2023-12-08,2,0
33549,2267,373,2023-01-06,1,0
33556,3746,479,2023-06-12,1,2
33561,8138,271,2023-10-11,1,2
33562,6531,143,2023-10-04,1,0
33569,7704,237,2023-12-07,4,0
33578,9546,283,2023-05-08,1,0
33593,8317,409,2023-01-12,1,2
33596,6628,292,2023-05-09,1,5
33601,9021,189,2023-08-06,3,0
33623,6713,271,2023-12-05,1,10
33666,8570,258,2023-01-02,1,10
33667,744,559,2023-03-11,1,0
33671,515,108,2023-03-09,2,0
33684,1144,146,2023-06-06,1,10
33689,7188,156,2023-02-09,3,10
33701,2702,537,2023-01-01,3,5
33703,2091,155,2023-08-11,1,0
33705,9275,262,2023-10-04,1,10
33707,7805,110,2023-07-08,4,0
33714,3627,208,2023-07-03,3,0
33721,4291,425,2023-05-02,3,15
33725,8598,284,2023-11-09,2,0
33735,8435,316,2023-05-04,2,10
33747,1932,485,2023-06-07,1,15
33754,2848,575,2023-10-11,3,0
33764,5433,352,2023-12-11,2,5
33774,4285,591,2023-09-09,2,0
33777,9348,116,2023-03-04,2,0
33781,5284,131,2023-07-08,3,2
33783,7606,586,2023-08-04,1,0
33789,6854,583,2023-06-02,2,10
33792,9026,178,2023-05-06,3,5
33803,1101,216,2023-05-12,1,15
33822,5427,347,2023-01-03,1,5
33840,3514,314,2023-07-02,1,2
33843,8143,388,2023-12-10,1,5
33855,4098,203,2023-02-05,1,0
33873,5963,250,2023-06-12,1,5
33898,2261,273,2023-01-07,3,5
33911,4774,132,2023-09-12,1,15
33925,8461,331,2023-04-07,1,5
33933,8126,505,2023-06-08,1,0
33941,7951,473,2023-08-07,1,0
33943,3806,105,2023-05-03,1,5
33946,605,499,2023-08-03,2,2
33965,5777,575,2023-08-11,3,5
33967,5464,510,2023-05-09,2,0
33969,289,116,2023-11-03,3,5
33977,286,227,2023-11-03,1,0
33990,612,567,2023-02-08,1,2
33991,6401,123,2023-02-11,2,5
34003,7339,192,2023-09-10,3,0
34004,1101,337,2023-07-04,1,0
34006,7571,351,2023-06-11,2,0
34007,3725,232,2023-07-08,3,0
34013,4970,282,2023-11-01,3,10
34016,4705,475,2023-09-10,1,2
34023,4647,174,2023-06-12,1,5
34034,3426,331,2023-08-05,1,15
34053,8564,432,2023-11-12,1,10
34058,4420,473,2023-04-05,4,0
34061,9828,401,2023-05-09,1,15
34065,1999,138,2023-06-04,1,5
34070,2735,138,2023-08-01,1,0
34074,6315,233,2023-08-12,1,0
34085,6852,306,2023-10-08,1,0
34086,9069,394,2023-11-01,4,10
34087,3889,259,2023-09-12,1,0
34089,1913,224,2023-09-09,3,0
34097,4880,212,2023-06-01,2,15
34113,8442,548,2023-04-02,2,2
34131,2079,266,2023-04-01,5,0
34132,7170,435,2023-04-11,4,0
34137,6808,245,2023-08-04,1,2
34143,4897,211,2023-04-03,3,0
34145,4934,563,2023-07-11,1,0
34147,7862,420,2023-04-07,1,0
34152,517,402,2023-10-11,1,5
34153,6907,220,2023-01-01,2,0
34161,2917,105,2023-06-06,4,0
34166,2776,265,2023-04-04,2,2
34176,1305,213,2023-07-02,4,0
34194,6568,446,2023-04-11,2,0
34195,6870,367,2023-04-09,1,10
34209,4886,193,2023-05-09,1,5
34223,3056,177,2023-07-12,2,5
34224,1793,501,2023-12-12,2,0
34228,4084,237,2023-02-05,3,10
34230,5569,185,2023-11-09,5,0
34231,7083,469,2023-11-10,1,2
34244,9975,327,2023-10-01,3,0
34253,7057,194,2023-02-04,4,0
34270,3540,465,2023-08-02,1,0
34276,5204,439,2023-11-12,2,0
34284,5139,127,2023-05-02,1,5
34285,2506,306,2023-03-02,2,5
34292,9475,244,2023-01-09,2,0
34304,662,586,2023-03-11,1,0
34308,3124,451,2023-09-07,2,5
34311,2448,518,2023-11-04,3,0
34315,2387,507,2023-06-05,2,2
34319,5667,294,2023-12-07,1,0
34320,4048,600,2023-09-08,3,0
34325,7890,480,2023-11-08,4,0
34331,4867,264,2023-06-07,2,0
34338,2264,481,2023-10-10,1,0
34348,7847,312,2023-01-02,3,10
34357,1196,197,2023-08-06,1,2
34358,1966,484,2023-02-04,4,0
34361,6495,472,2023-08-02,1,0
34365,8050,153,2023-03-03,1,0
34372,7457,137,2023-08-03,5,0
34384,9513,446,2023-10-07,3,5
34389,194,231,2023-04-04,2,0
34397,844,147,2023-05-02,3,0
34399,2251,597,2023-04-03,1,5
34400,1213,127,2023-12-08,3,0
34413,2783,363,2023-11-05,2,0
34416,5782,292,2023-05-07,1,10
34436,6704,347,2023-08-08,3,2
34465,1232,596,2023-04-05,1,0
34466,4525,412,2023-04-02,1,5
34474,4576,262,2023-11-12,1,10
34475,6851,376,2023-10-07,1,0
34477,6088,510,2023-10-03,3,2
34481,4045,534,2023-06-08,4,0
34489,2169,368,2023-10-04,1,10
34490,7463,105,2023-08-11,1,0
34498,4621,198,2023-06-12,5,0
34500,5893,109,2023-12-08,1,0
34501,8298,503,2023-09-08,1,10
34512,4042,139,2023-02-02,1,0
34514,9784,184,2023-12-01,1,0
34515,6608,406,2023-09-07,2,0
34516,8665,416,2023-10-06,2,2
34520,108,261,2023-12-01,1,0
34537,612,387,2023-02-06,1,0
34547,3731,198,2023-10-10,1,0
34549,5983,501,2023-10-03,3,0
34560,2872,552,2023-01-03,3,0
34562,3729,194,2023-06-08,2,0
34572,4234,264,2023-06-05,2,0
34576,1341,274,2023-03-09,1,2
34588,2702,285,2023-01-08,1,0
34593,6882,472,2023-11-06,1,2
34594,1237,457,2023-11-10,5,2
34595,4757,400,2023-01-03,3,5
34610,1639,115,2023-06-09,1,0
34615,6172,339,2023-10-04,2,0
34625,190,382,2023-03-08,1,2
34627,4824,242,2023-03-02,1,0
34634,183,174,2023-03-09,2,15
34641,6651,142,2023-01-09,2,0
34656,5015,512,2023-12-07,3,0
34658,8143,287,2023-10-11,1,0
34661,4389,548,2023-04-09,4,5
34665,8434,142,2023-11-07,1,0
34668,1649,284,2023-08-06,1,2
34669,1528,354,2023-04-06,3,0
34687,5761,254,2023-09-06,1,5
34691,9353,487,2023-11-03,1,0
34704,5656,221,2023-05-09,3,10
34722,6608,409,2023-11-10,3,0
34725,6940,456,2023-08-07,3,2
34730,4871,454,2023-08-01,1,0
34731,2571,495,2023-05-12,1,0
34754,2420,513,2023-08-03,1,5
34755,4959,256,2023-08-12,3,0
34763,6683,544,2023-06-01,1,10
34766,3708,456,2023-02-01,2,0
34767,1073,552,2023-04-02,1,0
34778,8225,592,2023-09-05,3,2
34783,6849,224,2023-05-06,1,15
34786,1379,592,2023-02-06,2,0
34788,1102,498,2023-12-06,2,5
34794,3978,139,2023-07-11,1,5
34808,1033,346,2023-03-02,4,0
34813,1707,304,2023-04-02,1,0
34815,1372,362,2023-08-08,1,5
34824,1112,141,2023-08-09,3,10
34830,2005,376,2023-07-10,3,10
34838,5051,110,2023-01-12,2,10
34841,9949,283,2023-12-04,3,0
34848,5087,251,2023-11-08,5,10
34852,721,132,2023-02-04,1,0
34861,4536,400,2023-09-01,3,5
34874,1304,596,2023-12-06,3,5
34878,972,257,2023-04-08,3,15
34885,3051,363,2023-10-10,1,2
34896,7063,525,2023-05-06,1,0
34905,9633,188,2023-11-10,1,0
34913,1620,189,2023-02-12,2,0
34922,1913,412,2023-09-12,3,10
34923,1856,537,2023-11-05,2,2
34926,9,191,2023-08-06,3,2
34930,6630,402,2023-07-02,1,0
34931,925,436,2023-08-06,1,0
34945,6598,338,2023-05-02,1,2
34948,9419,313,2023-07-04,1,5
34953,7487,459,2023-07-01,1,0
34962,7083,316,2023-12-08,1,5
34965,1531,554,2023-01-03,1,2
34970,2553,261,2023-11-08,4,0
34988,6895,279,2023-09-03,2,10
34989,6109,581,2023-09-02,1,10
35001,8457,512,2023-09-06,1,2
35008,8535,218,2023-07-09,1,0
35026,7481,289,2023-07-01,5,2
35027,6378,175,2023-02-08,1,0
35030,9691,130,2023-11-08,1,15
35037,6160,454,2023-07-12,3,5
35049,5850,325,2023-02-10,1,0
35050,5436,426,2023-08-08,4,0
35061,1140,340,2023-05-10,1,0
35086,2444,290,2023-07-12,1,0
35090,8034,135,2023-12-01,1,0
35093,4594,591,2023-11-11,2,10
35094,8869,187,2023-05-02,2,0
35107,7712,162,2023-02-02,1,5
35108,1612,475,2023-07-06,1,10
35110,3224,467,2023-09-07,1,0
35126,165,548,2023-02-08,3,0
35127,6464,217,2023-03-02,2,5
35135,556,385,2023-07-04,2,20
35137,8075,561,2023-10-01,2,10
35140,142,379,2023-02-01,1,0
35142,5730,203,2023-03-01,1,5
35144,5150,487,2023-03-12,1,0
35148,5135,234,2023-08-09,5,0
35159,5463,241,2023-10-05,2,0
35161,4536,159,2023-11-05,2,10
35164,1156,512,2023-07-07,2,10
35167,4138,429,2023-02-11,2,0
35168,9682,460,2023-09-04,1,0
35177,3995,144,2023-08-08,1,0
35180,2633,489,2023-06-06,1,0
35181,9789,217,2023-05-08,4,0
35190,3575,322,2023-09-03,2,5
35192,9087,458,2023-03-03,2,0
35197,2878,199,2023-08-10,2,0
35198,3926,183,2023-04-04,3,2
35199,3785,377,2023-12-09,1,0
35207,6170,338,2023-05-07,2,10
35216,6972,442,2023-11-04,3,0
35219,5458,475,2023-05-10,2,0
35236,696,240,2023-04-08,1,10
35238,4045,424,2023-02-01,2,5
35241,5760,462,2023-11-01,1,0
35245,2794,449,2023-01-12,5,2
35248,8719,405,2023-03-12,1,10
35249,9628,303,2023-01-11,1,0
35256,6302,237,2023-05-05,1,5
35262,1974,518,2023-09-12,1,2
35266,2964,572,2023-12-01,1,0
35274,4337,208,2023-05-03,2,0
35275,9525,580,2023-08-06,1,0
35290,3082,515,2023-02-10,1,5
35302,1926,495,2023-02-07,3,2
35303,8442,468,2023-09-09,1,0
35307,2603,332,2023-01-04,2,0
35314,380,231,2023-10-05,2,0
35320,6663,317,2023-11-10,4,5
35336,6175,351,2023-09-06,3,15
35338,3479,157,2023-02-03,1,10
35349,4240,182,2023-12-10,1,5
35352,4330,228,2023-11-10,1,10
35355,3405,195,2023-12-06,4,2
35360,712,595,2023-10-12,1,15
35365,3314,537,2023-11-12,2,10
35378,6411,347,2023-03-07,1,2
35383,5362,420,2023-07-09,1,0
35393,5905,348,2023-03-05,1,0
35397,2184,301,2023-10-07,2,10
35414,9860,475,2023-04-04,4,2
35415,7541,323,2023-10-07,2,2
35418,920,192,2023-11-02,1,5
35419,7624,449,2023-10-11,3,10
35436,5305,250,2023-07-02,5,10
35445,4946,309,2023-08-11,1,0
35452,1072,417,2023-04-04,4,2
35456,5732,123,2023-11-04,2,0
35461,5786,196,2023-02-01,3,0
35473,2925,415,2023-01-08,1,0
35474,8914,400,2023-04-10,2,10
35480,8416,269,2023-08-07,3,0
35482,2201,542,2023-10-09,3,10
35483,9125,484,2023-10-11,1,5
35511,5982,414,2023-10-04,4,5
35527,7860,450,2023-11-12,3,0
35531,1374,296,2023-02-02,2,2
35534,1828,215,2023-03-09,1,0
35535,1218,343,2023-04-04,2,10
35541,176,250,2023-05-11,2,0
35547,2277,444,2023-01-10,2,0
35549,8001,398,2023-12-09,1,10
35551,4782,383,2023-06-09,2,0
35552,2605,420,2023-06-10,2,15
35553,981,208,2023-02-10,1,10
35555,9011,509,2023-05-01,1,20
35558,2573,524,2023-03-08,2,0
35561,5102,505,2023-04-12,1,10
35573,9751,505,2023-02-09,2,15
35575,3802,350,2023-02-07,1,10
35579,9355,104,2023-10-03,1,5
35581,751,501,2023-07-06,2,0
35583,1121,228,2023-10-04,1,0
35591,1837,392,2023-08-06,1,0
35603,3773,374,2023-07-04,2,0
35605,8659,558,2023-12-06,1,0
35613,8760,515,2023-05-04,1,15
35614,3823,219,2023-10-09,3,20
35619,3728,348,2023-10-04,2,15
35632,9376,543,2023-11-08,2,0
35633,1863,143,2023-03-04,3,0
35638,1829,351,2023-06-12,4,0
35644,4661,404,2023-08-10,1,0
35654,4324,230,2023-10-11,2,0
35659,8636,185,2023-02-04,1,0
35672,5362,382,2023-11-07,3,2
35684,6132,514,2023-07-06,1,5
35685,9246,187,2023-06-03,3,0
35686,8537,422,2023-03-12,2,5
35699,4160,169,2023-12-09,3,15
35701,5932,124,2023-12-08,1,0
35707,750,544,2023-05-03,1,0
35711,8981,203,2023-07-12,3,0
35721,3892,112,2023-09-03,1,0
35724,8788,102,2023-10-03,2,5
35726,3458,197,2023-08-05,2,2
35735,8261,253,2023-05-05,2,2
35747,5016,589,2023-02-11,4,0
35754,5565,166,2023-12-04,1,10
35762,5215,592,2023-09-04,1,0
35779,561,583,2023-09-06,2,0
35783,6654,568,2023-03-03,1,5
35792,4194,373,2023-01-07,1,5
35797,9363,313,2023-10-09,3,0
35808,1663,294,2023-10-01,2,5
35835,1969,591,2023-09-11,2,0
35845,5818,208,2023-07-06,3,5
35856,7474,301,2023-05-09,2,0
35862,5004,207,2023-11-08,1,5
35871,5368,233,2023-01-02,2,0
35876,8299,597,2023-10-02,2,5
35885,6871,460,2023-12-12,2,10
35894,6890,532,2023-09-08,2,0
35904,8812,237,2023-05-11,1,0
35910,7531,424,2023-09-03,1,0
35914,8758,197,2023-01-08,1,0
35915,2796,567,2023-12-02,2,0
35919,6541,323,2023-11-06,1,2
35922,8769,183,2023-10-02,3,0
35931,81,280,2023-10-11,2,0
35934,3548,276,2023-07-06,1,0
35939,4076,550,2023-04-02,2,0
35940,1196,549,2023-02-04,5,5
35943,5284,277,2023-02-12,1,0
35945,8080,375,2023-12-01,2,2
35947,1435,425,2023-01-08,3,2
35954,565,531,2023-03-03,1,0
35960,5740,436,2023-05-10,2,5
35961,4779,243,2023-08-10,2,2
35963,5441,122,2023-02-03,2,0
35988,819,445,2023-04-05,2,0
35994,1848,330,2023-03-02,1,0
35995,8401,591,2023-11-05,2,0
35997,3249,551,2023-07-09,1,10
36007,1634,457,2023-05-07,1,20
36009,1218,433,2023-08-06,1,15
36013,6334,298,2023-02-09,4,0
36022,5689,139,2023-02-04,1,0
36025,5391,274,2023-06-10,2,20
36031,6710,591,2023-08-02,2,10
36037,7213,370,2023-07-01,1,15
36053,8219,276,2023-09-07,1,0
36057,2565,211,2023-06-01,1,2
36063,8578,429,2023-02-06,2,2
36081,4650,274,2023-12-03,4,10
36082,7080,486,2023-04-04,5,0
36083,9173,191,2023-11-01,1,10
36084,1038,253,2023-02-04,1,0
36085,5549,594,2023-02-06,2,2
36102,3137,378,2023-10-11,1,5
36105,4757,426,2023-11-04,2,5
36110,4790,105,2023-03-02,1,0
36122,969,178,2023-08-11,2,0
36131,1044,215,2023-04-09,1,0
36137,9323,204,2023-03-05,1,0
36141,6568,331,2023-02-02,1,2
36150,1144,317,2023-10-08,4,5
36153,925,111,2023-05-03,1,0
36155,5724,425,2023-05-08,3,0
36168,631,310,2023-02-01,1,0
36175,561,281,2023-04-03,1,0
36184,3315,198,2023-06-11,2,5
36188,6452,572,2023-06-07,2,0
36197,4464,140,2023-04-10,2,5
36200,2872,595,2023-11-12,1,0
36205,4891,543,2023-02-04,1,15
36237,1606,113,2023-03-01,1,0
36238,1047,361,2023-10-07,3,5
36239,5155,582,2023-08-04,2,2
36258,868,574,2023-02-01,1,0
36269,4475,344,2023-05-09,2,0
36272,6852,328,2023-03-03,1,5
36285,5965,224,2023-08-04,1,0
36286,25,144,2023-05-07,2,0
36288,3214,127,2023-08-10,2,0
36302,9979,198,2023-02-03,2,2
36305,1358,236,2023-05-05,3,2
36317,9612,356,2023-07-07,1,0
36323,1099,578,2023-06-04,2,5
36326,7621,108,2023-09-04,1,10
36348,6635,401,2023-07-11,3,0
36362,9928,157,2023-02-06,3,0
36378,6110,564,2023-08-03,3,2
36391,998,234,2023-09-10,1,10
36399,6476,318,2023-10-05,1,0
36403,7050,542,2023-12-12,2,15
36411,3788,302,2023-04-04,2,0
36426,2450,285,2023-10-07,1,0
36429,6309,251,2023-03-01,1,0
36436,8656,396,2023-01-01,4,2
36442,401,116,2023-01-06,1,0
36444,6774,383,2023-05-10,3,0
36452,4815,366,2023-02-09,3,10
36456,1167,183,2023-03-07,2,5
36460,2559,519,2023-08-08,3,0
36466,3362,305,2023-07-09,1,0
36467,1578,192,2023-11-07,3,5
36468,9708,401,2023-01-09,5,0
36470,1882,477,2023-05-11,1,0
36471,7281,556,2023-12-05,2,10
36488,4391,560,2023-08-10,1,0
36491,5918,422,2023-03-06,1,0
36502,1276,378,2023-10-11,1,0
36508,8944,397,2023-12-11,3,0
36510,3627,332,2023-03-02,1,0
36512,8332,125,2023-10-07,1,0
36515,1578,599,2023-05-01,2,5
36533,760,135,2023-07-08,2,5
36563,9458,158,2023-07-03,1,2
36582,823,269,2023-03-02,1,0
36584,1546,118,2023-11-08,1,15
36586,2192,108,2023-12-07,5,10
36605,7624,448,2023-06-05,4,0
36608,5172,134,2023-07-01,1,0
36612,3110,174,2023-07-02,3,2
36615,9000,488,2023-04-02,2,0
36617,7959,114,2023-05-06,1,10
36621,6405,333,2023-01-07,2,2
36623,3605,278,2023-09-09,2,0
36632,3646,395,2023-11-08,2,0
36641,8335,441,2023-09-03,3,0
36647,2158,350,2023-05-10,3,0
36657,4341,346,2023-04-10,3,0
36664,7022,125,2023-09-11,1,10
36665,1901,586,2023-03-08,1,2
36667,1276,599,2023-09-11,2,10
36678,7359,299,2023-03-08,1,5
36692,2977,264,2023-02-04,4,0
36695,5726,587,2023-09-04,1,2
36701,1455,272,2023-07-02,1,2
36710,8319,303,2023-05-10,2,5
36712,7616,222,2023-11-02,2,0
36722,4946,182,2023-01-06,4,5
36723,7069,282,2023-06-09,1,10
36727,9026,364,2023-05-06,1,0
36730,4953,385,2023-11-12,4,0
36747,8089,583,2023-03-07,1,0
36748,4907,215,2023-06-12,3,2
36751,6907,267,2023-05-08,1,0
36763,3631,320,2023-05-06,1,2
36777,9232,571,2023-06-05,3,0
36780,8424,456,2023-06-12,1,0
36786,9191,275,2023-11-11,1,5
36788,4540,235,2023-12-10,3,0
36792,9595,178,2023-10-10,2,0
36793,4850,377,2023-05-10,1,2
36800,4734,489,2023-05-04,3,2
36804,1094,378,2023-04-03,2,0
36808,4961,220,2023-06-06,4,0
36820,6710,234,2023-12-12,3,10
36823,5053,377,2023-04-09,5,0
36833,94,227,2023-09-11,1,0
36845,5757,312,2023-06-03,5,2
36849,1110,253,2023-06-11,1,0
36851,9632,460,2023-05-01,1,0
36869,1771,592,2023-08-07,3,0
36875,1374,218,2023-01-10,2,0
36883,4509,170,2023-09-01,2,5
36884,4231,450,2023-11-06,4,0
36886,6630,561,2023-03-04,1,0
36902,6716,208,2023-10-12,2,10
36906,4894,592,2023-06-07,2,0
36907,3366,145,2023-06-03,1,0
36908,6015,432,2023-05-10,3,0
36909,1047,553,2023-04-04,3,0
36913,4655,425,2023-02-01,2,0
36915,6624,450,2023-11-01,2,2
36916,2269,474,2023-02-06,1,2
36928,4133,488,2023-11-03,2,0
36942,7521,273,2023-04-08,1,0
36952,1237,446,2023-07-01,1,2
36956,1053,127,2023-02-07,1,0
36960,4208,371,2023-04-11,1,0
36963,8192,195,2023-12-12,4,0
36964,5463,367,2023-05-11,4,0
36968,3892,446,2023-07-12,1,0
36978,9094,284,2023-10-07,2,0
36989,3396,437,2023-03-04,3,5
37006,759,545,2023-03-05,1,10
37023,2507,260,2023-11-12,1,0
37036,325,391,2023-01-01,1,5
37045,2594,518,2023-11-09,1,2
37062,7390,420,2023-02-05,1,0
37066,83,374,2023-11-07,3,5
37072,8911,300,2023-01-12,1,10
37074,6063,392,2023-02-12,1,0
37076,85,240,2023-07-08,2,10
37100,9253,134,2023-05-09,3,0
37105,1404,528,2023-05-11,2,0
37106,5007,510,2023-10-07,3,15
37111,2974,283,2023-06-01,1,0
37129,8467,419,2023-06-06,2,0
37134,2746,574,2023-11-04,1,5
37136,5146,205,2023-01-05,1,0
37147,7793,280,2023-12-02,1,10
37159,1206,134,2023-07-03,3,2
37172,4362,181,2023-10-09,3,2
37183,3859,108,2023-02-07,3,0
37191,6047,333,2023-06-11,2,0
37195,8367,403,2023-09-10,2,0
37197,6893,567,2023-12-03,3,5
37198,3128,222,2023-08-12,1,0
37207,8561,462,2023-01-04,2,10
37215,2794,281,2023-11-05,3,10
37216,8437,537,2023-01-10,1,0
37217,3514,473,2023-08-06,1,0
37218,7869,493,2023-07-12,1,0
37227,9120,308,2023-11-01,1,10
37232,5514,504,2023-05-09,2,0
37234,2104,417,2023-05-01,1,0
37256,8310,294,2023-01-02,3,10
37264,706,507,2023-02-03,3,5
37266,9975,515,2023-11-01,3,0
37269,3129,213,2023-12-09,1,0
37272,175,563,2023-12-03,2,0
37279,1170,323,2023-01-09,3,2
37284,7722,289,2023-11-01,1,2
37304,1189,396,2023-11-10,1,0
37305,5206,156,2023-09-06,1,2
37308,4088,324,2023-11-01,1,0
37315,384,341,2023-08-01,5,5
37320,5360,131,2023-02-02,1,2
37333,4824,262,2023-05-09,1,2
37334,8621,528,2023-11-02,1,0
37342,2077,165,2023-06-11,1,0
37360,4934,136,2023-07-06,1,5
37362,5627,238,2023-02-02,1,0
37367,7155,543,2023-07-01,2,0
37370,2424,154,2023-11-06,3,0
37375,4913,596,2023-06-05,2,0
37376,566,140,2023-08-10,2,0
37394,663,299,2023-11-11,2,0
37399,6264,355,2023-09-09,1,10
37405,8336,389,2023-07-11,3,0
37415,9619,126,2023-11-11,2,5
37417,5691,419,2023-04-04,1,2
37423,7366,166,2023-05-06,3,5
37425,7670,316,2023-03-04,1,0
37427,9743,507,2023-08-08,1,0
37433,5252,260,2023-03-03,2,0
37434,703,436,2023-10-05,1,10
37435,8077,316,2023-05-01,1,2
37441,6378,293,2023-03-01,3,0
37448,6207,379,2023-03-07,2,5
37453,9080,350,2023-06-03,4,5
37468,3849,349,2023-07-07,1,15
37475,3148,574,2023-12-06,5,20
37492,6419,213,2023-05-04,2,0
37495,4681,579,2023-09-09,3,2
37497,8728,585,2023-02-12,5,5
37503,5154,242,2023-12-05,2,5
37519,1701,520,2023-03-11,1,0
37524,431,487,2023-10-02,1,10
37525,9746,520,2023-01-06,1,0
37539,8037,145,2023-03-11,3,5
37543,1234,582,2023-05-09,1,0
37545,5965,574,2023-09-07,3,5
37547,3901,197,2023-03-08,2,0
37551,9878,407,2023-09-05,2,2
37555,9379,272,2023-09-05,2,5
37556,8493,339,2023-01-12,1,0
37560,4807,229,2023-10-03,1,0
37563,2072,200,2023-12-01,4,0
37564,3622,344,2023-07-10,1,5
37576,5778,469,2023-11-12,4,5
37587,1761,367,2023-06-02,1,0
37609,7072,569,2023-06-07,1,10
37613,3246,154,2023-06-07,3,0
37620,6169,186,2023-07-01,3,0
37622,9671,111,2023-05-11,2,10
37626,4881,579,2023-06-12,1,2
37627,9085,154,2023-06-06,1,2
37632,8660,249,2023-07-01,1,5
37635,1318,492,2023-11-09,1,0
37640,4660,517,2023-11-02,1,0
37645,4539,289,2023-05-06,4,0
37648,7436,510,2023-11-06,1,0
37655,242,154,2023-12-08,3,0
37656,2715,252,2023-07-10,2,2
37688,9304,494,2023-03-10,1,0
37691,2965,189,2023-05-12,1,0
37694,3212,252,2023-03-07,3,0
37701,3841,242,2023-06-03,3,0
37705,3533,546,2023-10-05,4,0
37721,5473,357,2023-04-02,3,10
37723,6598,104,2023-05-01,2,0
37725,4213,346,2023-04-03,4,5
37728,5217,581,2023-02-06,1,5
37731,3612,232,2023-03-08,1,5
37732,6007,114,2023-01-05,1,0
37738,2122,509,2023-08-12,1,0
37739,5353,101,2023-04-08,3,15
37743,3073,539,2023-04-02,1,5
37751,486,365,2023-03-05,1,0
37755,1379,122,2023-07-05,2,10
37758,9639,432,2023-07-08,2,0
37767,4732,472,2023-08-09,1,10
37772,1235,541,2023-12-12,2,0
37773,4233,149,2023-04-02,4,5
37781,690,103,2023-02-11,1,0
37788,787,482,2023-05-07,2,0
37793,2826,399,2023-04-03,1,10
37795,4206,488,2023-07-01,1,0
37815,5252,533,2023-04-04,2,0
37818,6469,486,2023-10-05,1,0
37821,2126,279,2023-07-04,2,2
37833,6797,291,2023-09-12,4,0
37834,9253,490,2023-04-09,3,0
37835,7154,338,2023-04-11,4,2
37836,5898,227,2023-08-11,3,15
37840,6864,384,2023-01-03,2,0
37841,2060,240,2023-10-02,2,0
37844,5893,115,2023-05-09,3,0
37848,7670,304,2023-05-08,1,0
37851,7755,588,2023-07-09,1,5
37856,4248,455,2023-08-04,2,10
37858,1938,586,2023-11-01,3,15
37865,4165,553,2023-07-04,1,0
37875,6475,325,2023-11-04,2,0
37876,827,181,2023-02-03,3,2
37877,2564,508,2023-02-02,1,0
37879,9784,454,2023-08-04,1,5
37884,1837,419,2023-01-09,3,5
37885,3915,403,2023-05-04,2,5
37889,3233,501,2023-10-09,2,0
37893,773,253,2023-02-08,3,2
37901,1686,218,2023-11-08,1,0
37907,2757,156,2023-01-09,2,0
37909,8849,233,2023-10-07,1,0
37910,7100,416,2023-10-07,1,2
37912,6773,527,2023-04-05,2,0
37920,5274,376,2023-08-08,2,5
37923,8219,557,2023-02-03,1,10
37930,2775,336,2023-05-12,3,0
37934,337,192,2023-06-01,5,5
37936,5818,529,2023-04-06,3,10
37947,5685,522,2023-06-02,2,10
37952,4208,426,2023-04-06,3,15
37953,6666,234,2023-09-10,4,0
37956,7167,560,2023-11-08,1,2
37959,3817,295,2023-08-09,1,0
37975,9696,584,2023-07-12,2,2
37976,1060,106,2023-08-01,3,2
37977,2590,386,2023-08-01,3,0
37979,2382,510,2023-03-07,2,0
37996,1595,250,2023-04-04,1,5
38001,8119,170,2023-02-06,1,2
38009,619,548,2023-04-11,1,5
38027,8007,255,2023-11-01,4,2
38049,4681,208,2023-03-02,1,0
38071,8228,338,2023-08-07,3,0
38073,4170,209,2023-04-07,1,5
38081,2322,139,2023-01-10,3,0
38085,6826,420,2023-05-05,5,0
38098,7468,420,2023-08-03,1,0
38104,3384,205,2023-06-10,1,0
38110,7773,116,2023-12-11,3,2
38117,8127,176,2023-07-02,2,0
38122,1649,266,2023-10-08,1,0
38128,7298,597,2023-11-11,1,0
38133,8839,300,2023-07-06,4,2
38137,6870,120,2023-01-10,3,0
38142,9446,432,2023-09-06,2,5
38150,6715,204,2023-02-05,3,10
38153,6198,153,2023-07-01,2,2
38157,3292,153,2023-03-04,2,5
38178,6355,266,2023-11-08,4,0
38188,2232,339,2023-07-10,3,2
38190,5265,387,2023-07-06,1,10
38203,9572,239,2023-05-08,1,2
38211,6771,281,2023-08-02,2,5
38220,7972,468,2023-08-02,1,0
38225,8965,184,2023-08-11,2,2
38238,263,474,2023-05-08,1,10
38242,7155,167,2023-03-10,1,0
38244,8767,576,2023-09-07,5,5
38247,7298,396,2023-06-03,1,0
38249,9496,214,2023-04-04,3,0
38256,729,444,2023-04-08,4,2
38258,7023,342,2023-03-03,2,5
38261,759,496,2023-01-01,1,5
38267,6972,265,2023-01-06,1,0
38283,890,235,2023-02-07,2,0
38296,7992,374,2023-03-02,4,2
38306,4315,513,2023-03-08,3,0
38312,3405,249,2023-05-08,5,0
38314,4437,533,2023-12-08,2,0
38324,1812,376,2023-07-06,2,2
38330,8811,232,2023-08-08,5,10
38332,4098,335,2023-09-10,1,15
38340,356,366,2023-03-06,1,0
38353,5741,573,2023-02-09,1,5
38357,2208,203,2023-11-09,4,0
38362,3290,232,2023-09-01,1,5
38368,1819,429,2023-01-11,1,0
38387,2186,255,2023-12-01,3,10
38393,3703,228,2023-12-03,2,5
38401,5524,534,2023-06-09,3,15
38403,1325,258,2023-06-01,3,0
38407,5213,195,2023-05-07,1,0
38416,4719,596,2023-03-09,4,2
38423,2309,385,2023-10-08,2,2
38426,3622,320,2023-07-04,1,0
38427,1985,334,2023-06-11,2,0
38435,3442,523,2023-10-04,3,5
38444,7279,107,2023-05-03,3,0
38450,1172,376,2023-05-10,1,2
38454,1323,242,2023-05-09,1,0
38461,756,537,2023-05-06,5,0
38476,2249,355,2023-08-01,2,0
38479,9460,404,2023-12-05,1,0
38484,6401,269,2023-04-05,2,0
38485,176,104,2023-09-09,3,10
38513,1304,480,2023-09-07,1,5
38524,7024,168,2023-06-03,3,0
38538,5159,472,2023-04-03,3,5
38545,7967,403,2023-07-07,4,0
38551,2036,267,2023-09-02,4,2
38560,2976,513,2023-05-01,2,5
38570,7528,374,2023-08-01,3,0
38577,5860,275,2023-08-08,3,2
38583,29,422,2023-10-04,1,0
38587,5987,518,2023-07-05,1,0
38605,318,441,2023-03-11,1,0
38608,4001,292,2023-03-03,3,0
38621,1390,400,2023-04-06,1,5
38630,235,424,2023-05-04,1,2
38642,3130,130,2023-03-06,2,15
38643,9680,598,2023-05-11,4,0
38646,8760,528,2023-10-12,3,2
38649,11,281,2023-07-07,1,0
38658,8229,102,2023-10-07,3,5
38659,5741,559,2023-08-02,2,0
38666,4485,494,2023-12-09,1,0
38671,7918,150,2023-09-03,1,0
38672,8443,345,2023-06-01,1,0
38682,523,356,2023-04-07,1,0
38683,6710,132,2023-03-11,1,5
38692,8525,259,2023-01-07,2,0
38695,1005,268,2023-06-09,3,0
38700,1234,449,2023-07-07,1,10
38707,4101,111,2023-03-02,1,10
38726,4725,359,2023-09-07,2,0
38737,9270,585,2023-02-06,2,0
38754,2268,347,2023-05-03,1,0
38758,6707,381,2023-01-07,1,0
38765,5392,474,2023-04-02,4,2
38769,8343,305,2023-12-11,1,5
38817,4948,461,2023-05-05,3,0
38828,4208,578,2023-03-06,2,5
38840,2057,437,2023-09-09,1,5
38849,3119,378,2023-12-01,1,0
38850,544,316,2023-07-05,1,15
38855,5393,535,2023-09-02,2,5
38874,431,397,2023-04-11,1,0
38879,5618,462,2023-08-06,1,2
38888,2335,112,2023-10-10,1,0
38889,2741,513,2023-02-11,3,2
38893,8367,295,2023-01-12,3,0
38894,9215,557,2023-01-12,5,5
38895,3326,288,2023-06-05,2,0
38897,1531,201,2023-07-12,1,0
38905,8655,395,2023-07-12,3,2
38907,5406,279,2023-03-06,1,0
38914,4048,500,2023-03-01,3,2
38916,7880,431,2023-02-02,1,10
38923,4480,105,2023-04-02,1,2
38931,2741,161,2023-09-01,1,2
38936,4160,285,2023-06-01,4,0
38943,4734,331,2023-11-09,1,2
38954,7667,512,2023-11-07,1,2
38955,9126,399,2023-09-08,1,2
38957,6096,344,2023-10-02,1,10
38958,8679,598,2023-05-09,1,0
38962,8076,501,2023-06-09,3,0
38980,3363,317,2023-07-01,3,5
38983,1719,535,2023-03-03,3,15
38984,2585,467,2023-11-09,1,10
38985,4496,180,2023-07-04,1,0
38994,1538,282,2023-08-08,3,2
38995,7447,540,2023-01-05,1,0
39008,8983,138,2023-03-12,3,0
39016,2779,172,2023-05-04,1,10
39018,2219,599,2023-01-02,1,0
39019,9535,489,2023-07-11,2,2
39020,7457,116,2023-06-11,2,2
39022,8999,528,2023-12-05,1,5
39029,4614,288,2023-09-01,2,10
39039,1421,493,2023-04-09,1,0
39046,9130,585,2023-07-02,3,0
39056,5415,170,2023-02-12,1,5
39070,679,449,2023-02-06,1,0
39079,2513,509,2023-01-03,4,5
39082,5639,450,2023-04-09,1,15
39089,7712,272,2023-08-11,3,2
39094,7102,451,2023-06-07,1,5
39103,3129,114,2023-10-06,5,0
39110,3927,113,2023-09-10,3,0
39111,2908,380,2023-07-07,3,10
39115,1727,598,2023-07-08,5,0
39139,2936,302,2023-10-05,2,5
39145,4862,349,2023-01-05,1,5
39150,7748,404,2023-07-07,5,0
39156,5744,406,2023-04-12,1,5
39158,983,488,2023-08-04,1,0
39159,5391,568,2023-08-11,5,0
39165,2533,544,2023-01-03,2,0
39166,7521,213,2023-12-12,1,0
39174,161,414,2023-11-05,1,0
39180,2226,211,2023-12-03,3,0
39185,8010,273,2023-08-12,2,20
39203,2128,477,2023-10-11,1,0
39220,3605,206,2023-04-08,3,5
39238,8335,144,2023-08-01,1,0
39243,951,518,2023-08-08,2,0
39246,1801,479,2023-08-06,2,0
39260,5363,352,2023-10-12,1,0
39265,9968,234,2023-12-06,3,10
39266,9533,396,2023-08-04,3,2
39267,4956,381,2023-08-12,2,2
39271,1444,439,2023-11-08,1,10
39272,8135,307,2023-10-02,4,0
39278,3510,113,2023-05-11,2,20
39281,8582,302,2023-04-12,1,10
39284,535,584,2023-06-10,3,2
39285,916,170,2023-07-04,2,5
39291,3206,460,2023-06-06,2,0
39295,9348,325,2023-06-04,3,0
39305,1008,319,2023-08-05,1,0
39311,6541,513,2023-07-02,3,5
39313,3965,270,2023-04-05,2,0
39319,2573,413,2023-10-04,2,0
39325,201,539,2023-06-02,3,5
39329,3925,327,2023-09-12,2,5
39330,8328,445,2023-11-06,2,0
39331,6762,398,2023-11-08,2,2
39338,9483,123,2023-10-08,2,2
39348,2175,341,2023-12-03,3,0
39352,1455,214,2023-11-03,4,0
39364,7544,183,2023-04-10,4,5
39365,9632,453,2023-02-02,4,2
39368,6394,515,2023-07-06,3,0
39377,8595,523,2023-10-08,1,0
39379,9596,198,2023-08-09,1,0
39386,3086,359,2023-08-03,1,0
39389,658,488,2023-10-12,3,0
39394,6871,594,2023-02-05,3,10
39403,7148,142,2023-01-02,1,0
39411,83,321,2023-07-11,1,0
39413,6538,208,2023-03-01,2,0
39415,3901,406,2023-10-05,1,0
39424,3672,349,2023-11-07,3,5
39430,4749,487,2023-09-12,3,0
39433,3840,127,2023-04-03,2,0
39435,7939,590,2023-11-01,1,0
39448,6067,110,2023-02-07,3,0
39450,2829,449,2023-12-10,1,0
39456,2873,530,2023-08-06,1,20
39464,9168,346,2023-05-01,1,10
39467,6106,202,2023-08-07,4,0
39473,1624,378,2023-03-06,2,0
39478,6258,471,2023-04-08,3,2
39482,9323,462,2023-08-01,2,5
39487,8548,286,2023-09-09,1,0
39491,7550,381,2023-02-06,3,0
39494,1863,159,2023-05-03,2,0
39500,4756,582,2023-01-11,2,2
39517,6047,167,2023-06-11,1,0
39522,3445,308,2023-08-10,3,0
39525,5504,240,2023-04-01,1,5
39531,1218,214,2023-11-08,1,2
39535,4397,110,2023-03-07,2,5
39539,1700,401,2023-02-05,2,10
39542,1414,311,2023-05-10,3,2
39545,7151,594,2023-01-01,1,0
39563,5369,484,2023-12-04,1,5
39564,2164,412,2023-09-02,1,0
39573,4555,340,2023-05-03,1,2
39593,8275,227,2023-01-05,3,0
39600,3403,289,2023-01-10,1,0
39615,9823,211,2023-02-05,2,2
39618,1326,233,2023-04-04,1,0
39628,7683,454,2023-07-01,2,5
39631,7144,473,2023-12-04,3,0
39635,7906,371,2023-03-09,1,0
39636,2160,557,2023-12-02,1,10
39643,9859,158,2023-10-11,2,0
39647,8595,265,2023-03-12,3,0
39648,8726,469,2023-05-11,2,0
39649,2284,540,2023-12-05,1,15
39653,9878,171,2023-04-02,2,5
39666,7152,279,2023-06-12,2,2
39675,1187,484,2023-10-02,3,0
39688,2826,382,2023-08-01,2,0
39689,3401,237,2023-12-11,4,2
39691,26,142,2023-08-12,5,5
39692,7858,434,2023-12-11,3,15
39693,8446,513,2023-07-02,1,0
39699,7558,249,2023-09-11,2,0
39705,843,539,2023-02-05,2,0
39710,8059,247,2023-08-12,1,5
39711,2467,579,2023-02-12,1,0
39725,3324,373,2023-02-06,2,0
39727,4996,159,2023-04-03,1,2
39751,3896,361,2023-05-08,2,0
39762,9483,413,2023-10-10,1,0
39765,2088,380,2023-03-09,1,2
39766,9589,455,2023-08-02,1,0
39767,6204,526,2023-02-04,1,0
39771,6118,187,2023-01-09,2,15
39773,957,418,2023-10-05,1,0
39776,6870,292,2023-04-03,1,0
39788,5369,398,2023-02-06,1,0
39790,2243,202,2023-11-12,3,0
39792,6337,494,2023-07-06,5,0
39822,1060,363,2023-10-01,3,0
39826,8066,275,2023-07-01,2,0
39841,3357,311,2023-06-05,1,0
39850,7447,567,2023-02-04,3,0
39855,1480,487,2023-06-04,1,0
39870,8656,436,2023-02-08,2,0
39871,869,105,2023-06-01,1,20
39876,2652,386,2023-05-09,1,2
39880,8069,149,2023-03-09,1,0
39881,9487,181,2023-06-01,3,0
39889,3787,527,2023-01-11,3,0
39892,8753,140,2023-09-06,2,10
39896,3363,357,2023-08-06,3,0
39906,156,408,2023-07-09,1,0
39908,5499,188,2023-01-01,1,5
39909,8049,426,2023-12-08,3,2
39911,6042,371,2023-07-05,2,0
39916,2323,390,2023-12-08,3,5
39917,3031,472,2023-08-11,1,10
39918,350,188,2023-04-07,1,0
39931,5304,433,2023-01-10,2,2
39933,6572,240,2023-03-07,3,10
39935,1863,361,2023-07-02,1,0
39937,6400,288,2023-02-07,3,0
39940,8042,205,2023-11-09,1,0
39964,2921,345,2023-12-06,3,10
39972,5110,510,2023-11-12,1,0
39994,5287,334,2023-12-09,3,5
39996,5790,374,2023-12-04,3,2
40001,6052,522,2023-10-01,1,2
40002,4455,232,2023-02-07,2,5
40015,7131,431,2023-09-12,2,0
40019,6060,164,2023-04-04,1,10
40021,5518,315,2023-10-10,1,0
40023,7569,454,2023-11-06,5,5
40025,561,304,2023-03-01,1,10
40026,3501,416,2023-11-04,1,0
40030,4881,430,2023-08-07,1,2
40032,1104,257,2023-09-07,1,0
40033,4317,444,2023-08-06,4,0
40041,544,425,2023-11-02,3,0
40043,364,327,2023-03-11,2,5
40056,5486,174,2023-11-09,1,5
40060,9818,336,2023-02-12,3,5
40077,7890,278,2023-09-02,4,0
40078,7461,420,2023-08-03,3,10
40096,2121,464,2023-01-05,3,0
40099,396,469,2023-07-04,1,2
40114,7378,361,2023-05-08,2,0
40118,7805,395,2023-02-11,1,0
40125,4047,117,2023-06-05,3,0
40127,1119,348,2023-05-04,1,0
40129,2376,564,2023-02-01,1,0
40135,5055,136,2023-08-11,1,0
40143,9297,567,2023-10-10,2,0
40144,6028,548,2023-02-04,2,2
40145,9407,122,2023-06-01,1,2
40146,1304,495,2023-05-06,1,10
40150,4996,123,2023-04-09,1,0
40153,9422,571,2023-09-04,1,0
40161,8891,560,2023-07-03,2,0
40167,7572,425,2023-12-11,1,0
40173,341,103,2023-05-12,1,0
40174,1327,251,2023-05-06,1,0
40179,380,453,2023-04-07,4,0
40185,4289,548,2023-05-09,1,0
40187,9728,110,2023-04-10,2,10
40196,9287,261,2023-07-07,1,0
40199,109,402,2023-06-08,2,0
40224,8555,473,2023-09-10,4,0
40241,4779,145,2023-02-05,1,0
40243,7984,593,2023-06-10,1,0
40253,4771,247,2023-11-09,2,0
40259,4535,333,2023-04-03,3,10
40263,4049,370,2023-03-05,3,0
40265,8058,350,2023-06-07,4,5
40273,2272,130,2023-08-01,1,0
40277,9080,310,2023-04-06,2,0
40293,5676,549,2023-09-11,2,5
40294,3290,413,2023-10-06,3,5
40296,9537,404,2023-07-03,2,10
40298,9791,219,2023-06-01,1,0
40321,6934,256,2023-01-06,2,2
40323,9417,319,2023-02-04,1,0
40330,703,276,2023-04-09,1,5
40334,6919,150,2023-11-05,5,2
40335,4319,350,2023-12-01,4,0
40347,2396,355,2023-05-04,3,0
40353,2223,331,2023-01-06,1,0
40358,2995,407,2023-04-05,2,0
40365,8184,369,2023-05-09,1,0
40370,8042,229,2023-12-08,2,0
40381,166,287,2023-02-03,1,0
40382,9593,235,2023-01-01,3,0
40391,2142,230,2023-10-02,1,2
40400,9696,224,2023-05-07,1,0
40402,905,347,2023-12-05,1,0
40405,7959,508,2023-08-07,1,0
40410,8905,396,2023-10-11,1,0
40411,9935,111,2023-02-03,1,10
40416,2010,350,2023-02-09,1,2
40440,5600,418,2023-09-05,4,0
40442,2338,416,2023-07-07,2,0
40445,3925,388,2023-04-12,1,0
40455,6555,394,2023-07-03,2,0
40456,232,481,2023-10-09,1,10
40458,9972,368,2023-11-11,1,5
40466,8922,466,2023-02-06,1,5
40478,4647,366,2023-08-05,1,15
40480,1225,569,2023-04-09,2,5
40481,474,344,2023-06-01,5,0
40489,5706,269,2023-11-10,1,0
40493,8905,135,2023-10-06,2,0
40494,2124,163,2023-02-01,1,0
40499,58,277,2023-03-03,1,0
40505,4442,377,2023-07-09,2,2
40514,1744,342,2023-02-04,4,2
40515,2322,281,2023-03-02,1,5
40535,1791,430,2023-04-09,4,0
40551,4382,432,2023-01-04,1,0
40552,1797,361,2023-09-02,2,10
40560,1232,408,2023-07-08,1,0
40569,9954,177,2023-10-04,1,0
40573,1806,241,2023-10-08,4,10
40574,1912,188,2023-12-01,2,5
40602,2449,437,2023-04-09,1,5
40605,3762,300,2023-11-10,1,10
40619,3670,470,2023-11-09,2,0
40621,1513,499,2023-05-06,2,10
40624,4716,473,2023-02-11,2,0
40658,1213,395,2023-08-08,1,0
40659,8467,516,2023-01-11,1,0
40660,7717,165,2023-10-08,1,0
40672,2078,574,2023-06-10,2,5
40673,7725,506,2023-03-07,2,0
40675,3337,584,2023-06-08,3,0
40676,7188,507,2023-09-08,1,0
40684,7092,207,2023-01-10,1,0
40709,6046,477,2023-01-03,1,0
40710,3192,251,2023-09-01,2,0
40714,8056,580,2023-01-02,2,0
40716,6837,301,2023-05-08,2,5
40737,4726,241,2023-10-12,3,0
40744,9085,383,2023-06-05,1,0
40754,566,543,2023-07-03,1,2
40755,4170,246,2023-03-04,2,0
40758,1964,290,2023-08-06,1,0
40759,7638,467,2023-02-08,2,20
40760,5392,597,2023-06-09,3,5
40768,7508,311,2023-11-04,1,5
40786,6419,196,2023-11-05,3,10
40787,8780,220,2023-11-05,1,0
40789,6095,169,2023-11-05,1,0
40796,7670,600,2023-05-06,3,5
40799,7332,355,2023-02-05,1,0
40801,1323,348,2023-01-08,2,0
40805,4537,549,2023-02-03,2,0
40829,1099,250,2023-09-04,1,10
40843,3684,520,2023-08-02,1,0
40848,5007,392,2023-08-08,3,0
40849,8834,346,2023-05-12,3,0
40852,9696,342,2023-06-10,1,0
40859,7798,480,2023-04-05,2,2
40865,2841,375,2023-04-12,2,0
40867,7002,139,2023-05-01,1,2
40884,9505,548,2023-07-06,1,2
40895,2609,148,2023-07-02,3,0
40896,9554,161,2023-02-05,1,10
40901,5075,448,2023-12-07,1,0
40902,4801,462,2023-02-01,2,0
40903,8887,283,2023-05-08,1,0
40921,5217,461,2023-08-09,3,0
40922,4826,177,2023-03-11,3,20
40932,8226,527,2023-12-07,1,5
40936,7079,114,2023-05-05,1,0
40937,4890,310,2023-11-03,1,0
40939,428,163,2023-11-06,1,15
40950,8593,529,2023-07-03,1,0
40958,2935,568,2023-09-07,2,0
40963,5795,145,2023-01-06,2,2
40965,2054,199,2023-02-11,1,0
40966,3700,534,2023-11-06,4,0
40970,7823,404,2023-07-07,4,0
40976,9844,114,2023-02-02,1,5
40979,3419,278,2023-11-01,4,2
40989,6054,525,2023-04-04,5,10
40994,6425,391,2023-03-08,1,0
41000,7167,471,2023-10-02,3,0
41004,6820,483,2023-03-12,3,0
41014,9816,459,2023-08-06,2,0
41031,679,320,2023-08-05,3,0
41033,529,536,2023-07-01,4,0
41047,9077,227,2023-02-02,3,2
41048,8017,572,2023-01-02,1,0
41056,7127,261,2023-11-09,1,5
41059,3631,205,2023-07-06,2,0
41078,8142,349,2023-03-07,1,0
41088,5238,455,2023-02-05,1,0
41090,2790,359,2023-01-05,2,5
41101,3474,416,2023-07-10,2,0
41114,6204,160,2023-02-11,1,0
41125,9146,345,2023-07-06,1,0
41126,5877,253,2023-06-07,3,0
41131,3233,429,2023-07-10,5,0
41137,5621,331,2023-02-12,1,2
41138,6488,441,2023-03-10,1,2
41141,7739,205,2023-08-12,2,10
41142,2578,250,2023-03-07,1,0
41145,907,410,2023-05-03,1,0
41154,5709,510,2023-09-08,4,0
41159,5701,107,2023-04-03,1,15
41162,1233,570,2023-03-01,2,0
41165,1435,231,2023-10-04,1,10
41170,2490,447,2023-12-01,1,2
41187,8719,496,2023-06-04,3,0
41188,2056,382,2023-04-03,4,5
41191,8931,234,2023-02-11,1,0
41193,5396,229,2023-12-02,3,0
41196,5080,362,2023-10-01,3,0
41199,1874,411,2023-04-05,3,0
41201,3943,521,2023-12-04,4,0
41209,1318,298,2023-04-12,3,0
41213,5707,407,2023-03-07,2,10
41222,1028,260,2023-11-04,2,15
41229,3849,426,2023-03-10,3,0
41236,7122,499,2023-10-08,1,0
41240,1955,376,2023-04-05,1,10
41249,1620,435,2023-07-02,1,15
41250,2907,570,2023-04-09,2,2
41254,1795,294,2023-04-08,3,10
41258,702,249,2023-09-08,1,0
41264,1645,273,2023-09-06,1,2
41272,7188,486,2023-11-07,1,10
41274,2796,323,2023-12-01,3,0
41280,8754,207,2023-07-08,1,2
41285,1639,377,2023-07-04,1,0
41289,4382,410,2023-01-07,2,2
41293,6436,194,2023-07-12,1,2
41294,2965,150,2023-05-06,1,0
41302,1641,382,2023-08-01,3,0
41303,1887,224,2023-10-10,1,0
41304,9010,565,2023-10-09,2,0
41314,9264,584,2023-10-02,2,0
41324,6116,380,2023-09-10,3,15
41333,5777,217,2023-05-02,2,0
41339,5458,574,2023-05-10,1,0
41347,1656,530,2023-06-01,4,0
41350,6972,358,2023-12-11,3,15
41353,7913,411,2023-02-12,3,0
41359,8465,336,2023-02-11,2,0
41360,9559,498,2023-08-08,4,10
41378,3808,358,2023-12-08,3,2
41381,5167,278,2023-09-04,2,0
41386,4773,548,2023-04-09,1,0
41402,5572,322,2023-04-07,1,0
41405,6349,279,2023-06-05,1,10
41419,4018,207,2023-09-09,1,0
41421,6058,408,2023-07-12,3,15
41442,3008,451,2023-05-07,2,0
41446,4578,179,2023-11-09,1,0
41452,1048,187,2023-05-07,3,0
41453,9986,281,2023-03-01,2,2
41461,8690,255,2023-05-12,1,5
41470,2983,105,2023-04-02,1,10
41488,9394,553,2023-05-11,1,0
41494,1137,388,2023-05-04,2,5
41498,9444,324,2023-10-04,2,0
41501,7887,263,2023-10-01,3,0
41508,2033,144,2023-03-07,1,5
41516,9997,316,2023-10-04,3,10
41533,580,244,2023-12-10,2,10
41535,9935,139,2023-11-01,1,2
41542,8024,366,2023-06-09,1,0
41553,8159,255,2023-11-06,1,0
41554,4233,268,2023-11-01,5,0
41557,3419,544,2023-05-06,1,0
41562,9535,354,2023-12-06,1,5
41568,9772,313,2023-12-02,3,2
41584,4809,323,2023-10-03,1,2
41593,9628,500,2023-02-10,1,2
41601,6220,114,2023-12-03,1,2
41602,4139,191,2023-02-10,1,0
41623,7517,193,2023-03-04,1,0
41638,1323,286,2023-09-05,1,15
41639,901,109,2023-11-09,1,0
41642,472,367,2023-11-09,1,0
41643,2054,557,2023-07-02,2,5
41655,9760,117,2023-05-08,1,0
41660,5956,436,2023-09-07,1,2
41665,837,306,2023-04-02,1,10
41680,1140,183,2023-12-05,1,0
41684,9925,348,2023-11-01,2,2
41688,7032,599,2023-04-08,2,0
41689,3487,543,2023-01-02,3,0
41693,619,221,2023-04-01,3,5
41695,6530,152,2023-08-04,3,0
41696,8088,351,2023-02-02,1,0
41701,6558,432,2023-07-09,3,0
41718,5099,278,2023-10-11,2,5
41719,760,229,2023-08-01,2,0
41720,999,158,2023-11-10,1,2
41721,7864,131,2023-10-04,5,10
41733,81,192,2023-09-01,1,0
41734,7934,234,2023-03-05,2,5
41735,6881,508,2023-04-07,2,2
41736,6211,302,2023-06-09,3,0
41743,913,475,2023-10-01,2,0
41751,3835,111,2023-08-11,1,0
41754,7329,266,2023-04-11,1,0
41764,6610,585,2023-02-10,3,0
41772,9331,374,2023-07-06,2,0
41786,9633,305,2023-07-09,4,0
41787,4867,185,2023-05-11,3,0
41791,4076,597,2023-08-09,2,0
41794,8138,577,2023-10-09,1,0
41795,2965,139,2023-12-05,5,2
41804,3827,410,2023-01-12,1,0
41807,9521,175,2023-06-10,3,0
41808,4001,281,2023-10-09,1,0
41814,8056,273,2023-04-11,1,10
41816,2399,307,2023-02-09,2,0
41821,3329,350,2023-02-05,1,0
41822,6335,443,2023-02-05,1,0
41840,6007,414,2023-07-07,2,0
41843,1361,212,2023-02-02,4,5
41845,3249,204,2023-05-11,2,0
41847,8328,155,2023-04-02,1,0
41848,9364,178,2023-11-11,1,0
41849,3733,342,2023-11-09,1,10
41852,5699,529,2023-02-11,1,2
41857,5883,554,2023-06-09,3,0
41875,618,483,2023-07-03,2,0
41878,3526,582,2023-03-01,1,10
41896,8401,328,2023-01-03,4,0
41897,3093,395,2023-09-02,1,2
41906,9871,482,2023-02-10,1,15
41912,3070,429,2023-08-08,5,10
41916,5350,243,2023-09-05,1,5
41922,287,363,2023-06-11,1,5
41926,9813,176,2023-11-08,5,2
41929,3534,280,2023-10-05,1,2
41930,9064,587,2023-05-06,2,0
41933,6012,189,2023-08-08,2,0
41951,9938,426,2023-03-10,3,0
41957,7623,192,2023-05-02,4,5
41984,4286,566,2023-09-04,1,0
42014,8703,299,2023-11-01,1,0
42019,870,404,2023-06-02,3,5
42024,8238,182,2023-09-01,1,0
42044,4278,198,2023-03-02,1,0
42052,1744,391,2023-01-11,1,0
42057,5648,238,2023-06-10,3,2
42058,7862,277,2023-03-02,1,5
42062,9217,145,2023-09-08,4,10
42063,3212,320,2023-09-01,3,0
42065,7824,443,2023-05-09,5,0
42066,8417,262,2023-05-02,1,0
42070,827,402,2023-02-11,1,10
42071,9759,506,2023-06-06,1,5
42073,6789,511,2023-06-05,4,10
42088,3147,474,2023-09-09,4,15
42090,474,374,2023-06-07,2,0
42092,4386,435,2023-10-09,1,0
42094,6635,361,2023-05-09,1,0
42101,9596,528,2023-04-04,1,0
42109,6940,455,2023-08-11,1,15
42116,8001,264,2023-03-07,2,0
42125,4206,472,2023-07-05,2,15
42133,4368,497,2023-03-04,1,2
42138,1326,275,2023-05-01,1,0
42154,8208,152,2023-11-04,3,10
42161,7042,131,2023-07-05,1,0
42174,5790,414,2023-05-05,3,0
42180,4738,262,2023-05-05,2,5
42184,9394,398,2023-06-12,3,0
42185,2148,585,2023-05-05,4,2
42199,7315,243,2023-11-05,3,15
42202,8362,368,2023-02-06,2,15
42203,5752,197,2023-12-05,2,0
42208,9640,449,2023-08-11,1,0
42224,4324,189,2023-06-07,2,0
42232,2404,150,2023-11-08,2,0
42244,5362,335,2023-08-12,1,2
42252,3130,345,2023-12-11,2,0
42255,6685,133,2023-10-01,4,2
42285,8228,598,2023-07-07,1,2
42306,1085,458,2023-09-08,1,0
42313,4578,509,2023-10-03,1,0
42315,3644,325,2023-09-07,1,15
42322,9206,276,2023-12-02,1,2
42323,4292,132,2023-07-07,1,0
42324,3296,508,2023-04-11,3,15
42325,3773,313,2023-06-11,1,10
42326,5451,147,2023-02-07,3,15
42327,8853,446,2023-05-06,2,20
42329,9772,563,2023-06-08,1,0
42332,7037,479,2023-03-09,1,0
42334,1083,265,2023-07-07,1,0
42336,7962,141,2023-01-01,2,0
42340,2712,476,2023-10-11,2,2
42346,8669,584,2023-07-01,1,10
42352,8754,245,2023-05-11,2,0
42378,4936,578,2023-08-09,1,0
42380,7822,332,2023-02-02,2,10
42383,7339,334,2023-10-02,1,2
42387,8914,358,2023-06-12,2,5
42391,4727,480,2023-12-04,2,0
42393,6667,269,2023-11-07,2,5
42396,2176,160,2023-03-11,3,0
42401,4053,481,2023-02-10,1,5
42414,4584,292,2023-01-08,2,0
42415,1969,279,2023-11-05,2,0
42417,4128,182,2023-02-03,1,5
42425,5549,453,2023-08-11,2,0
42429,5515,394,2023-12-03,4,0
42432,5524,400,2023-04-11,1,5
42437,4701,450,2023-06-03,1,5
42442,6270,154,2023-05-08,1,20
42462,2573,512,2023-01-06,4,0
42488,9023,127,2023-03-07,1,5
42491,6872,412,2023-11-10,3,0
42495,5963,566,2023-05-05,1,0
42497,7860,585,2023-09-07,3,2
42500,5885,455,2023-04-05,4,0
42501,2107,478,2023-10-11,2,5
42510,1962,379,2023-06-04,1,2
42515,9475,460,2023-01-11,3,0
42520,4420,113,2023-07-08,3,0
42522,1428,501,2023-12-05,5,2
42525,2017,337,2023-04-09,2,5
42538,2217,541,2023-02-09,3,2
42539,5437,299,2023-07-11,1,0
42547,9738,397,2023-01-09,2,0
42554,3893,333,2023-04-11,1,20
42558,901,519,2023-02-11,1,0
42567,2969,445,2023-02-04,1,0
42569,5264,265,2023-07-12,1,10
42588,8425,547,2023-07-08,1,0
42590,2302,131,2023-07-03,3,2
42597,8418,390,2023-07-11,1,0
42598,1806,448,2023-11-02,5,0
42607,6895,319,2023-07-05,2,0
42615,4618,313,2023-06-12,4,2
42622,4623,208,2023-12-07,3,0
42634,3583,344,2023-10-10,4,2
42636,1062,159,2023-06-04,2,0
42643,7330,529,2023-12-09,1,20
42650,4476,468,2023-02-07,1,0
42655,1065,222,2023-09-08,1,5
42658,7899,105,2023-07-04,1,0
42663,6840,430,2023-05-11,5,10
42673,2691,563,2023-01-06,4,5
42681,5920,597,2023-10-09,1,2
42684,5274,303,2023-03-02,3,0
42690,8289,500,2023-07-10,4,0
42706,5649,472,2023-05-07,2,0
42734,7316,489,2023-12-11,2,2
42745,2603,516,2023-08-09,3,0
42749,3955,155,2023-03-03,1,0
42761,7335,220,2023-06-11,2,0
42765,2249,530,2023-03-04,3,15
42770,5129,295,2023-06-06,4,5
42773,4823,468,2023-08-08,1,15
42790,9124,187,2023-04-10,3,5
42804,8388,474,2023-08-01,3,2
42807,3835,542,2023-07-09,1,0
42814,7507,571,2023-06-02,1,10
42820,9381,202,2023-06-12,2,5
42828,5510,509,2023-10-06,5,2
42836,7621,311,2023-05-03,1,0
42844,58,169,2023-09-06,2,2
42850,8325,112,2023-11-11,2,0
42851,8766,392,2023-11-05,1,10
42852,7962,494,2023-01-09,3,2
42853,4994,264,2023-06-12,2,10
42870,277,505,2023-01-06,2,5
42887,9991,177,2023-09-04,1,0
42889,4971,367,2023-03-02,1,5
42907,2061,356,2023-07-05,2,0
42911,4271,105,2023-12-07,2,0
42918,2609,410,2023-08-02,3,0
42922,889,393,2023-03-08,3,0
42926,5102,213,2023-12-02,1,0
42941,3110,404,2023-11-03,1,0
42944,1930,524,2023-09-07,1,0
42947,729,200,2023-07-09,3,10
42949,3565,129,2023-05-04,4,2
42952,4868,411,2023-03-12,2,2
42954,7144,310,2023-09-12,1,0
42956,3031,366,2023-09-09,4,5
42970,3510,108,2023-09-03,3,2
42974,7787,487,2023-06-05,1,0
42978,183,464,2023-06-04,3,10
42979,2531,112,2023-02-03,3,0
42983,6343,244,2023-08-10,3,0
42986,8284,592,2023-04-11,2,0
42988,3337,516,2023-02-09,2,0
42991,1934,456,2023-08-07,1,0
43002,5106,451,2023-03-10,3,0
43012,4783,116,2023-09-10,2,0
43013,8072,101,2023-06-02,5,5
43014,1250,376,2023-07-02,1,0
43015,60,356,2023-05-04,1,10
43028,1795,433,2023-02-04,3,2
43045,3859,462,2023-03-08,1,5
43052,635,558,2023-09-02,3,15
43053,3889,581,2023-09-05,1,2
43059,7422,320,2023-06-03,1,5
43063,3397,265,2023-03-08,1,5
43064,3329,196,2023-01-10,1,0
43066,357,572,2023-05-10,1,0
43079,4240,372,2023-08-12,1,2
43081,6153,143,2023-08-05,1,0
43085,3703,113,2023-11-12,1,0
43099,5415,567,2023-07-06,3,5
43106,2203,259,2023-03-02,1,2
43110,6152,473,2023-09-01,2,5
43111,9898,180,2023-09-10,2,10
43114,4485,287,2023-08-07,1,0
43145,2921,169,2023-04-05,1,0
43147,1586,309,2023-05-05,1,0
43149,4455,561,2023-05-08,3,0
43165,2625,458,2023-05-09,3,10
43166,8107,539,2023-02-03,1,0
43175,2949,224,2023-07-04,1,0
43176,2760,355,2023-09-04,1,10
43179,3397,538,2023-06-06,1,0
43180,8361,434,2023-11-09,1,2
43182,321,509,2023-09-11,2,0
43185,837,335,2023-11-12,2,10
43195,7263,587,2023-05-12,1,10
43196,5429,507,2023-02-02,1,10
43198,6869,495,2023-09-04,1,10
43199,2322,185,2023-01-04,3,0
43200,3803,303,2023-12-10,1,0
43201,8213,101,2023-07-04,2,5
43204,4027,312,2023-01-06,1,0
43214,4537,253,2023-01-12,1,2
43238,4192,555,2023-02-10,3,10
43250,1384,543,2023-11-06,5,0
43252,998,553,2023-03-12,4,0
43267,4100,477,2023-12-11,1,10
43288,2829,119,2023-01-12,1,0
43290,6270,430,2023-03-08,1,2
43300,8578,196,2023-03-03,2,0
43304,3585,597,2023-08-11,1,2
43305,2248,423,2023-06-02,2,0
43315,3129,507,2023-07-11,1,10
43318,9064,140,2023-03-10,5,0
43324,1232,198,2023-04-07,4,5
43340,5337,478,2023-11-07,1,2
43342,4480,156,2023-07-07,1,0
43343,160,167,2023-02-09,5,2
43348,1318,490,2023-02-02,2,10
43352,7239,464,2023-05-09,4,5
43357,2853,369,2023-11-05,2,5
43368,5682,393,2023-06-11,1,5
43374,450,400,2023-02-12,2,5
43389,5893,596,2023-10-06,3,0
43399,235,406,2023-04-09,2,0
43400,145,414,2023-10-11,2,0
43408,190,304,2023-07-06,4,0
43423,426,435,2023-09-02,1,10
43427,8905,521,2023-04-12,1,15
43430,3814,527,2023-02-02,3,0
43439,2860,121,2023-10-02,1,5
43443,4050,182,2023-08-11,4,0
43445,7160,427,2023-12-08,1,0
43446,308,198,2023-07-08,4,0
43451,6240,261,2023-10-04,3,10
43457,160,330,2023-07-08,1,0
43459,872,467,2023-05-07,2,10
43460,1494,581,2023-10-05,5,2
43476,474,599,2023-09-06,2,0
43481,7012,435,2023-11-04,3,5
43482,7257,229,2023-11-06,1,2
43490,1408,364,2023-07-02,2,2
43495,658,357,2023-09-02,3,5
43505,205,189,2023-01-03,2,0
43509,5599,288,2023-12-03,2,5
43510,6897,320,2023-01-07,3,0
43522,1138,495,2023-04-10,2,0
43525,6054,400,2023-04-04,1,2
43548,5186,222,2023-02-04,2,10
43549,956,164,2023-11-08,1,0
43568,5396,572,2023-11-02,2,0
43575,8931,328,2023-01-03,1,0
43579,7036,261,2023-10-05,2,0
43580,9333,126,2023-06-12,2,0
43587,4568,458,2023-03-01,1,0
43590,9939,535,2023-10-02,1,0
43595,5582,245,2023-08-05,2,10
43601,6106,303,2023-01-11,1,0
43606,8746,143,2023-05-03,3,0
43616,6882,207,2023-01-01,1,5
43620,3164,327,2023-03-04,1,0
43634,4996,276,2023-05-02,5,0
43643,3806,432,2023-09-06,3,0
43650,3728,224,2023-09-04,1,2
43651,263,489,2023-10-08,1,0
43652,276,515,2023-09-05,3,10
43656,5245,469,2023-05-12,1,0
43670,1250,317,2023-05-07,1,2
43681,7598,305,2023-03-08,1,0
43685,1909,227,2023-08-04,4,0
43688,5172,258,2023-04-02,3,15
43699,8799,399,2023-12-04,1,0
43715,1574,235,2023-10-12,3,0
43716,3102,249,2023-08-11,1,0
43719,7227,493,2023-11-09,4,0
43725,6047,206,2023-11-11,2,0
43736,4354,170,2023-03-12,1,0
43737,8127,190,2023-12-08,1,10
43751,8842,573,2023-06-08,1,0
43752,3109,416,2023-03-02,1,0
43759,9244,597,2023-11-03,4,5
43761,8227,153,2023-07-05,1,0
43769,9022,501,2023-02-09,5,2
43772,9954,204,2023-10-01,1,0
43774,3803,445,2023-06-05,2,0
43778,4247,160,2023-07-01,4,0
43811,4893,353,2023-11-04,1,10
43812,7228,473,2023-11-12,2,0
43815,9381,337,2023-02-11,1,0
43824,1494,313,2023-01-07,3,0
43830,2062,570,2023-10-03,5,0
43833,4899,404,2023-08-06,3,0
43866,7638,190,2023-08-01,3,0
43869,279,574,2023-02-11,2,5
43875,5790,405,2023-04-09,2,10
43878,3729,507,2023-03-05,1,15
43882,9755,134,2023-05-09,3,0
43884,3889,380,2023-02-01,1,0
43897,6276,288,2023-08-04,1,0
43903,1687,543,2023-03-04,1,15
43904,2268,360,2023-11-06,2,10
43905,3592,257,2023-12-09,2,2
43906,585,128,2023-08-09,5,0
43908,7887,274,2023-04-10,1,10
43915,2130,403,2023-05-03,1,5
43921,3719,418,2023-04-06,4,10
43922,8077,573,2023-10-05,2,2
43928,1856,409,2023-01-02,2,15
43935,6596,214,2023-06-06,1,0
43942,6548,498,2023-03-05,1,0
43951,1612,211,2023-05-06,1,2
43956,3978,270,2023-07-03,3,2
43959,2309,243,2023-12-06,4,0
43961,6948,420,2023-05-12,4,2
43965,635,351,2023-05-03,3,15
43972,1101,344,2023-12-12,1,0
43988,256,238,2023-06-04,1,2
44010,7393,556,2023-09-02,4,0
44012,9200,137,2023-03-11,1,5
44029,7279,544,2023-10-11,2,0
44040,6043,302,2023-01-07,1,0
44041,2396,582,2023-01-11,1,5
44042,8885,308,2023-05-06,3,10
44045,8264,597,2023-08-06,4,10
44047,5706,248,2023-10-10,1,0
44052,6985,345,2023-02-11,1,0
44056,3985,327,2023-02-04,1,0
44057,6918,382,2023-11-03,2,5
44058,4786,418,2023-11-01,1,2
44059,5251,294,2023-03-11,2,0
44067,3102,120,2023-05-10,2,0
44069,4867,253,2023-06-05,1,0
44070,5204,246,2023-08-03,1,0
44078,2382,411,2023-07-09,4,0
44079,2385,321,2023-03-07,1,0
44080,2091,568,2023-08-12,2,0
44081,9964,546,2023-04-06,5,2
44084,8820,442,2023-02-08,1,0
44085,6231,442,2023-06-05,3,0
44089,8823,228,2023-09-06,1,0
44095,1926,165,2023-10-06,2,0
44097,5742,502,2023-04-12,3,2
44098,1140,421,2023-08-10,4,0
44105,1760,310,2023-07-11,3,0
44121,6686,520,2023-03-04,1,2
44141,4576,320,2023-10-01,1,0
44143,4902,167,2023-04-02,1,2
44161,2412,482,2023-07-05,3,0
44174,805,206,2023-09-10,1,2
44176,7070,446,2023-10-04,3,0
44177,6893,186,2023-09-05,4,5
44181,9559,221,2023-05-02,1,5
44182,7335,508,2023-04-08,1,0
44184,8103,472,2023-10-02,1,0
44188,2267,151,2023-05-12,2,2
44196,2633,577,2023-03-04,2,0
44202,2552,483,2023-04-07,1,0
44205,8882,210,2023-03-02,2,10
44208,5768,334,2023-04-02,3,10
44211,9665,588,2023-04-05,4,0
44217,7754,202,2023-01-04,4,2
44221,3988,365,2023-01-08,1,10
44226,5626,509,2023-04-12,2,0
44230,4075,599,2023-07-08,1,10
44237,5053,528,2023-10-10,2,10
44243,1849,299,2023-08-12,1,2
44245,364,467,2023-06-03,2,0
44252,8342,345,2023-07-04,1,15
44270,4614,367,2023-12-04,1,10
44276,8135,142,2023-06-09,1,2
44291,5930,154,2023-05-05,3,10
44292,7241,220,2023-10-02,2,0
44294,8499,214,2023-07-04,3,5
44302,3915,518,2023-05-11,5,5
44307,4192,307,2023-07-03,3,0
44311,8388,344,2023-02-05,1,0
44336,4641,419,2023-09-06,3,2
44347,4194,592,2023-08-11,5,10
44361,2217,419,2023-08-09,3,2
44374,2208,364,2023-05-07,1,0
44375,8933,591,2023-01-11,1,0
44379,2841,370,2023-05-07,2,0
44380,8262,448,2023-12-08,3,0
44381,9467,237,2023-01-07,1,0
44397,3589,294,2023-07-01,1,0
44399,2574,325,2023-10-02,1,0
44404,9844,181,2023-02-10,2,0
44405,1672,410,2023-11-07,2,10
44409,5823,245,2023-04-07,4,0
44412,934,594,2023-03-05,1,5
44418,3256,312,2023-07-11,3,2
44437,561,241,2023-01-09,1,0
44466,6131,216,2023-06-05,3,2
44471,9011,283,2023-08-08,2,0
44475,9811,162,2023-04-02,1,0
44477,6042,200,2023-01-11,2,0
44481,5189,158,2023-03-06,1,5
44485,1455,507,2023-11-08,3,10
44497,585,539,2023-05-10,1,0
44500,5905,298,2023-04-01,2,0
44509,8389,599,2023-02-09,1,2
44510,6937,202,2023-03-05,4,2
44518,8081,163,2023-09-08,2,0
44520,8299,245,2023-02-08,4,0
44522,6812,582,2023-04-06,5,5
44523,5885,560,2023-06-12,2,0
44524,2628,368,2023-08-06,3,0
44529,6529,587,2023-08-03,4,10
44532,4823,262,2023-05-08,3,0
44537,341,313,2023-01-04,1,5
44538,400,151,2023-06-02,1,10
44541,1606,481,2023-10-09,1,0
44547,6153,491,2023-11-05,2,0
44550,1404,315,2023-04-01,1,2
44564,5192,158,2023-04-06,1,2
44578,3725,269,2023-12-09,3,0
44579,4918,406,2023-10-04,1,5
44581,6042,230,2023-03-02,3,0
44592,8896,358,2023-09-03,1,5
44593,2670,250,2023-04-04,1,2
44606,3049,364,2023-09-10,5,0
44622,2873,310,2023-05-11,1,0
44628,8555,388,2023-11-10,1,2
44651,1239,118,2023-02-07,2,0
44664,3611,269,2023-04-08,1,2
44673,7289,165,2023-08-04,1,15
44679,8940,541,2023-01-06,1,0
44692,1798,549,2023-02-09,1,0
44697,6097,335,2023-09-07,3,5
44703,2528,319,2023-03-02,4,0
44715,1595,513,2023-04-12,1,5
44722,2309,519,2023-04-02,1,0
44724,1154,306,2023-10-09,1,0
44726,9925,357,2023-06-04,3,0
44728,4076,362,2023-11-09,1,0
44735,8869,387,2023-05-09,1,5
44738,6686,125,2023-06-03,1,0
44742,5986,530,2023-12-02,2,2
44751,9738,336,2023-11-06,1,0
44773,4715,487,2023-01-12,2,0
44775,5700,418,2023-06-09,2,0
44776,5233,573,2023-05-10,1,15
44804,2022,528,2023-06-01,1,0
44813,5402,570,2023-04-10,1,0
44821,2792,535,2023-03-05,1,5
44827,5368,106,2023-09-08,1,0
44830,2062,519,2023-01-01,1,0
44842,3070,320,2023-09-01,2,0
44846,474,277,2023-07-06,2,0
44855,6903,476,2023-07-09,4,5
44859,5251,418,2023-02-11,4,5
44860,2684,512,2023-05-07,3,0
44861,4950,562,2023-12-02,2,2
44867,3627,412,2023-07-09,1,0
44868,4596,579,2023-05-12,1,0
44870,6639,343,2023-12-03,1,0
44879,7047,404,2023-07-11,1,0
44885,7311,293,2023-06-01,2,0
44889,7015,166,2023-11-04,5,0
44891,6869,427,2023-10-02,3,0
44898,5396,224,2023-10-05,1,0
44901,4237,484,2023-01-12,2,0
44908,8575,252,2023-12-03,4,10
44919,1578,274,2023-02-10,1,5
44920,5196,171,2023-01-11,1,10
44938,6123,313,2023-04-12,4,0
44940,1930,405,2023-09-01,2,5
44945,5217,328,2023-02-06,1,0
44946,7883,177,2023-04-04,1,2
44951,5831,402,2023-12-05,2,5
44955,4897,283,2023-06-01,1,5
44956,2236,286,2023-09-10,3,0
44965,5006,263,2023-07-09,3,2
44971,8950,422,2023-07-08,1,2
44991,4481,215,2023-05-01,5,0
45004,8225,561,2023-03-11,5,2
45025,2440,552,2023-09-03,1,2
45045,2789,541,2023-11-12,1,0
45051,7073,156,2023-03-12,2,0
45053,703,583,2023-09-07,2,0
45056,5509,403,2023-01-09,3,0
45061,7572,272,2023-12-10,2,0
45065,5387,551,2023-08-10,1,5
45067,2888,513,2023-07-11,1,0
45078,8583,536,2023-07-05,2,10
45080,6868,301,2023-05-07,3,2
45082,3180,470,2023-02-03,2,2
45108,6663,416,2023-08-12,1,0
45109,8401,137,2023-12-05,2,0
45111,6378,455,2023-05-07,3,0
45123,6888,262,2023-07-01,1,0
45126,1882,301,2023-05-10,1,0
45128,8933,562,2023-07-02,4,0
45129,9364,406,2023-03-12,3,0
45131,1358,566,2023-02-05,1,2
45132,6250,113,2023-07-09,3,0
45142,124,510,2023-12-07,4,0
45143,2927,284,2023-09-01,2,2
45145,5252,275,2023-03-06,3,0
45169,7175,299,2023-05-02,1,2
45173,4146,288,2023-01-11,1,0
45181,9146,556,2023-11-07,3,0
45183,449,402,2023-09-07,5,2
45194,4215,600,2023-01-03,2,0
45200,7383,311,2023-07-10,1,20
45202,7773,264,2023-02-09,1,2
45212,8903,248,2023-10-06,2,10
45216,2417,505,2023-04-04,3,0
45223,9355,499,2023-03-03,1,2
45224,3590,371,2023-03-06,3,0
45227,6881,252,2023-06-07,1,0
45232,3313,317,2023-07-04,1,5
45234,3574,162,2023-11-01,2,0
45244,4373,219,2023-04-04,4,5
45251,5567,235,2023-04-04,2,0
45255,2669,461,2023-02-02,1,0
45269,689,503,2023-10-04,1,10
45277,3031,181,2023-12-03,1,2
45285,5913,418,2023-10-03,3,2
45302,2297,333,2023-09-07,1,0
45314,4811,569,2023-05-07,2,5
45327,3688,147,2023-01-07,2,5
45333,1891,170,2023-02-09,1,5
45347,9264,377,2023-01-05,2,10
45350,3844,598,2023-11-05,3,0
45357,8325,318,2023-03-03,1,0
45362,2599,146,2023-04-06,1,10
45376,5857,478,2023-01-05,2,5
45378,6540,492,2023-05-12,1,5
45383,2333,233,2023-03-04,1,0
45390,8814,183,2023-11-08,2,0
45393,5626,516,2023-11-11,1,2
45403,6610,432,2023-01-08,3,0
45404,1045,451,2023-08-11,2,2
45405,6356,425,2023-08-06,5,0
45406,6541,110,2023-03-03,1,10
45410,5510,410,2023-11-09,1,0
45414,8295,272,2023-08-05,4,0
45427,3943,568,2023-04-02,2,0
45431,6683,478,2023-08-11,3,5
45432,8262,325,2023-10-08,3,0
45437,2684,355,2023-10-04,1,0
45449,6739,191,2023-07-09,1,10
45463,7696,434,2023-11-07,1,0
45469,2333,448,2023-01-02,1,2
45470,1459,138,2023-12-12,1,5
45471,2578,141,2023-04-08,2,5
45476,4475,189,2023-06-09,1,0
45485,8203,497,2023-04-01,1,10
45488,969,234,2023-03-03,1,5
45492,1028,160,2023-12-11,3,0
45530,8324,308,2023-11-09,1,10
45541,9866,341,2023-11-12,2,5
45549,4234,189,2023-12-01,2,2
45550,3368,469,2023-10-09,1,0
45551,1455,562,2023-05-07,5,0
45557,4543,334,2023-07-08,2,20
45564,8885,236,2023-12-09,1,0
45567,9146,178,2023-07-11,5,0
45589,8281,340,2023-10-05,4,0
45592,1001,183,2023-01-12,1,0
45597,3817,159,2023-07-06,3,5
45614,1639,352,2023-01-07,2,5
45618,3820,298,2023-03-08,1,5
45619,1232,311,2023-04-03,2,2
45624,9729,268,2023-01-08,3,5
45629,2198,141,2023-11-12,5,0
45656,4410,300,2023-11-07,1,0
45669,8328,344,2023-11-11,1,5
45675,9416,468,2023-10-10,1,2
45677,6394,182,2023-01-08,2,10
45681,6917,423,2023-12-02,1,0
45725,5422,570,2023-03-12,3,10
45726,7200,158,2023-09-10,1,2
45734,2530,439,2023-05-08,1,0
45743,6501,151,2023-02-03,1,0
45751,8634,363,2023-05-11,2,0
45753,5823,227,2023-03-07,2,0
45762,1250,374,2023-08-08,2,2
45772,7602,372,2023-02-05,3,0
45774,4461,446,2023-03-09,4,0
45783,7638,246,2023-03-07,3,0
45786,5259,549,2023-07-08,2,0
45796,7528,542,2023-11-01,1,0
45800,5509,438,2023-03-12,1,5
45804,3409,498,2023-03-10,2,5
45813,8555,179,2023-11-06,2,5
45815,1981,572,2023-10-04,2,0
45818,1101,446,2023-02-11,1,10
45821,1856,313,2023-09-02,1,0
45826,8357,369,2023-01-01,2,2
45827,1725,277,2023-11-06,1,2
45835,5099,168,2023-03-05,1,2
45836,9041,256,2023-12-10,1,2
45849,9505,398,2023-11-01,1,10
45851,4048,444,2023-02-02,2,10
45852,9689,458,2023-11-11,1,10
45867,6575,123,2023-04-11,1,0
45870,3270,458,2023-12-11,1,0
45877,4396,567,2023-04-02,3,10
45909,6329,441,2023-09-04,2,2
45912,7737,160,2023-06-04,3,0
45917,1647,503,2023-04-10,1,0
45923,6851,551,2023-09-06,5,0
45941,6118,456,2023-12-06,2,2
45945,6834,298,2023-09-09,1,0
45959,1483,256,2023-01-12,3,5
45960,6789,523,2023-12-12,3,0
45961,400,289,2023-05-01,3,0
45967,8322,177,2023-04-10,1,5
45977,6727,148,2023-06-07,3,2
45985,5274,579,2023-02-03,1,0
45990,4756,376,2023-09-04,2,0
45991,948,457,2023-12-05,3,0
46004,8368,367,2023-08-11,1,0
46005,1606,277,2023-01-08,3,0
46017,612,462,2023-01-04,3,0
46027,8159,494,2023-06-07,3,5
46041,3510,462,2023-06-02,1,0
46050,85,326,2023-05-04,3,5
46063,9270,518,2023-08-12,1,0
46064,8107,579,2023-06-01,2,20
46069,4641,210,2023-04-09,4,0
46073,1670,276,2023-12-06,3,5
46081,1836,407,2023-12-01,1,0
46097,4981,161,2023-08-01,1,0
46104,5509,366,2023-01-02,3,2
46114,5000,131,2023-09-09,2,10
46116,8595,164,2023-03-11,1,5
46117,4637,179,2023-07-02,2,0
46121,2574,152,2023-06-07,1,5
46123,5471,229,2023-08-10,1,0
46132,5860,198,2023-09-09,1,15
46135,6847,293,2023-02-12,1,10
46150,8381,386,2023-05-05,2,2
46155,1910,158,2023-07-05,4,0
46158,6934,238,2023-06-09,3,0
46159,3066,522,2023-11-08,3,0
46179,2429,230,2023-07-06,1,2
46193,8934,361,2023-07-12,2,0
46194,1806,380,2023-08-09,1,10
46204,9535,426,2023-09-09,1,2
46209,9403,375,2023-03-12,3,0
46210,1198,295,2023-10-11,4,10
46216,2313,393,2023-06-12,1,10
46228,8322,577,2023-04-04,3,0
46244,7640,302,2023-09-10,2,0
46247,8544,347,2023-04-07,2,20
46248,2652,217,2023-07-10,4,5
46250,3049,143,2023-03-11,3,15
46251,3635,559,2023-11-01,4,2
46275,1932,462,2023-11-04,2,2
46278,8389,429,2023-01-11,2,0
46280,3190,287,2023-04-10,4,2
46282,2224,226,2023-12-08,1,0
46287,8890,253,2023-09-07,1,0
46290,8389,323,2023-08-04,1,2
46295,3803,522,2023-08-10,1,5
46297,350,573,2023-11-06,3,0
46299,6043,571,2023-11-04,1,0
46300,3641,473,2023-06-12,2,0
46304,7793,217,2023-01-04,1,0
46308,7296,436,2023-04-09,2,0
46309,788,499,2023-01-06,1,0
46311,7675,178,2023-12-02,1,0
46335,5189,527,2023-09-01,4,0
46337,1963,570,2023-07-10,1,0
46342,6387,169,2023-01-01,5,0
46345,2150,444,2023-05-03,1,2
46347,842,387,2023-01-11,4,2
46353,26,588,2023-05-01,2,0
46356,6950,264,2023-12-06,2,0
46357,7222,194,2023-08-12,3,0
46362,655,365,2023-12-12,1,5
46376,7315,107,2023-02-06,1,0
46385,6657,218,2023-06-05,2,0
46387,5601,587,2023-08-02,3,0
46393,8648,410,2023-12-11,1,5
46400,1325,527,2023-10-11,4,0
46406,4676,392,2023-08-12,3,2
46410,1024,311,2023-01-12,1,2
46412,8769,513,2023-08-05,2,0
46416,3775,364,2023-12-11,4,5
46426,5256,102,2023-05-02,3,5
46431,240,110,2023-11-12,3,0
46437,3803,560,2023-05-05,1,15
46439,5053,127,2023-01-01,4,10
46445,8179,326,2023-05-06,1,0
46452,7930,233,2023-12-06,1,0
46464,4738,476,2023-07-09,1,0
46473,3124,570,2023-04-03,1,0
46477,194,397,2023-07-04,2,10
46478,3544,456,2023-09-02,1,0
46491,9310,533,2023-08-09,3,0
46498,6422,190,2023-09-02,3,0
46501,8090,325,2023-10-12,1,0
46507,5002,223,2023-04-12,3,5
46508,6584,331,2023-10-09,1,0
46510,1726,115,2023-12-05,4,2
46516,6838,585,2023-09-06,4,0
46521,3831,561,2023-03-05,1,5
46527,5994,529,2023-02-11,1,0
46543,223,104,2023-11-08,2,2
46550,6401,511,2023-01-07,2,0
46554,7862,267,2023-03-10,3,2
46555,2249,396,2023-11-08,1,10
46577,6919,369,2023-10-05,2,5
46578,5566,363,2023-11-06,2,5
46579,7421,554,2023-11-07,1,0
46580,8744,306,2023-04-09,1,10
46588,9813,498,2023-05-09,1,0
46591,5000,235,2023-07-02,1,2
46595,6934,276,2023-01-07,1,0
46622,3711,592,2023-12-11,3,5
46625,5807,499,2023-07-07,3,0
46626,6132,188,2023-06-09,1,0
46630,235,326,2023-12-11,1,0
46636,6052,369,2023-04-04,2,0
46646,1727,576,2023-09-10,1,5
46649,5860,320,2023-07-03,1,2
46656,8462,114,2023-11-04,1,10
46665,5406,505,2023-02-11,1,0
46668,6220,436,2023-12-12,1,0
46690,7860,311,2023-08-10,1,0
46691,2100,369,2023-12-11,3,2
46698,2856,235,2023-12-03,2,0
46699,6899,271,2023-02-03,3,0
46710,9654,446,2023-03-01,3,0
46713,8741,468,2023-10-09,5,0
46718,9087,187,2023-12-11,1,2
46748,3758,393,2023-03-09,1,0
46762,1292,474,2023-05-07,3,0
46773,561,145,2023-04-07,4,0
46778,7849,265,2023-07-10,1,0
46782,3585,292,2023-09-04,1,0
46785,4380,494,2023-09-12,5,0
46790,9070,455,2023-07-08,2,0
46792,5576,330,2023-01-04,2,0
46802,4453,299,2023-09-08,5,0
46814,5236,437,2023-08-04,5,2
46824,4935,142,2023-07-03,3,5
46827,5342,425,2023-11-07,1,0
46876,7008,199,2023-12-11,1,0
46890,2282,239,2023-08-03,1,0
46892,4621,284,2023-03-02,3,0
46896,2539,513,2023-09-11,1,10
46909,3792,228,2023-07-08,4,0
46917,657,157,2023-02-06,2,0
46921,7441,123,2023-10-03,2,0
46932,8443,576,2023-06-02,1,5
46942,4408,573,2023-11-02,2,0
46943,8602,554,2023-09-02,2,15
46949,6917,350,2023-03-12,2,10
46953,2841,353,2023-07-07,1,2
46963,1375,271,2023-02-09,1,10
46971,3635,433,2023-10-06,1,0
46973,4442,576,2023-07-07,1,10
46976,3533,342,2023-09-04,1,2
46977,7330,249,2023-08-12,2,2
46986,2700,339,2023-03-05,2,2
46990,4270,564,2023-01-08,2,10
47000,856,586,2023-08-06,5,0
47005,8585,315,2023-06-01,2,10
47007,2344,252,2023-03-04,1,0
47012,1663,220,2023-03-09,3,10
47015,3212,111,2023-10-09,2,0
47016,5392,292,2023-06-04,2,2
47039,3136,106,2023-12-09,3,10
47042,3679,393,2023-07-02,2,5
47045,9188,273,2023-10-07,2,0
47060,9386,360,2023-01-04,1,0
47066,4918,358,2023-04-03,2,15
47067,1791,286,2023-12-09,2,0
47075,824,552,2023-01-05,1,0
47080,5071,495,2023-07-03,2,15
47089,2741,535,2023-08-10,1,5
47095,3056,300,2023-01-06,1,0
47099,9207,374,2023-10-02,4,10
47111,7241,359,2023-10-02,1,2
47115,5823,430,2023-02-07,1,0
47130,8494,160,2023-08-02,4,5
47134,9323,130,2023-05-03,1,0
47149,4695,427,2023-02-11,2,0
47150,3125,286,2023-06-03,1,15
47154,3218,537,2023-01-05,1,0
47162,3149,290,2023-02-06,2,0
47175,4713,200,2023-06-01,1,2
47197,6547,386,2023-06-02,2,10
47204,9116,115,2023-10-09,1,0
47206,1742,269,2023-10-01,4,0
47210,2217,360,2023-03-06,1,10
47225,9954,329,2023-03-09,1,0
47227,4850,326,2023-12-10,2,2
47232,4734,385,2023-08-05,2,0
47237,1911,381,2023-11-12,3,0
47240,2901,371,2023-10-07,1,0
47245,4106,448,2023-11-04,3,0
47247,7229,355,2023-10-03,2,10
47248,3834,380,2023-02-01,1,0
47254,5331,122,2023-06-10,2,0
47255,7664,354,2023-07-12,1,2
47256,1247,504,2023-08-04,1,0
47277,9823,173,2023-06-05,3,10
47281,6490,318,2023-05-07,4,2
47284,3108,151,2023-12-08,2,5
47298,5350,370,2023-11-01,5,0
47302,844,465,2023-12-11,1,15
47308,7413,315,2023-07-02,3,0
47309,754,274,2023-02-05,1,0
47318,7387,567,2023-09-07,1,0
47322,7210,358,2023-08-04,2,2
47329,6870,339,2023-01-06,3,2
47331,4713,486,2023-06-05,2,0
47335,4959,238,2023-09-10,1,15
47339,6186,368,2023-07-03,1,0
47351,1690,525,2023-02-04,3,5
47356,1844,143,2023-11-09,4,0
47359,9890,125,2023-03-10,5,0
47361,2048,522,2023-01-05,1,5
47372,8050,187,2023-01-02,2,2
47387,2449,600,2023-04-02,1,0
47390,1904,405,2023-01-08,3,2
47393,4924,301,2023-01-05,3,0
47398,578,289,2023-11-10,1,15
47400,8659,487,2023-06-07,2,15
47401,4278,237,2023-12-06,2,0
47403,2072,172,2023-06-10,1,2
47404,5449,555,2023-06-06,1,5
47415,8319,336,2023-10-04,4,0
47418,6308,560,2023-07-12,1,0
47425,4864,221,2023-02-02,1,0
47433,1085,586,2023-01-03,1,0
47444,81,471,2023-06-11,1,0
47460,1200,131,2023-11-01,1,2
47464,9665,299,2023-03-04,2,0
47465,2198,123,2023-12-05,1,2
47469,6878,511,2023-10-11,1,0
47477,9074,130,2023-04-11,1,10
47483,7165,510,2023-06-11,4,5
47496,5284,321,2023-06-11,4,2
47497,8367,236,2023-09-03,1,0
47501,973,587,2023-02-05,3,5
47502,5567,180,2023-04-01,2,10
47507,8914,592,2023-05-02,1,10
47524,3247,386,2023-03-06,1,0
47538,9065,408,2023-08-12,5,5
47540,7093,161,2023-01-09,5,0
47549,4584,597,2023-04-01,1,10
47564,4536,560,2023-08-03,3,0
47565,6434,113,2023-09-05,2,5
47566,1581,428,2023-09-12,3,0
47568,1637,105,2023-12-01,1,0
47576,8873,248,2023-05-11,3,2
47584,5217,193,2023-03-12,1,2
47594,423,563,2023-12-07,3,5
47597,8820,322,2023-06-11,2,5
47599,9023,213,2023-07-04,2,0
47607,6369,278,2023-12-02,3,0
47608,1818,238,2023-09-02,1,0
47615,4326,242,2023-03-02,5,0
47617,4390,120,2023-04-02,4,0
47621,6373,360,2023-12-08,2,2
47628,3409,568,2023-01-09,4,0
47629,6808,171,2023-01-02,3,0
47645,534,243,2023-04-10,1,10
47672,3590,367,2023-03-12,1,2
47688,5712,554,2023-09-08,1,0
47716,8238,277,2023-11-05,1,10
47747,7773,397,2023-04-06,1,0
47750,6031,121,2023-08-03,3,2
47756,221,354,2023-05-02,1,0
47757,7055,438,2023-07-05,3,2
47766,6770,381,2023-10-06,1,0
47768,423,359,2023-12-07,1,5
47769,9819,441,2023-01-10,1,0
47770,3056,501,2023-01-04,1,0
47771,5909,550,2023-10-03,1,0
47774,7154,267,2023-06-04,1,0
47776,8585,482,2023-12-11,4,5
47784,1812,369,2023-08-07,2,10
47792,2284,294,2023-01-10,1,2
47794,4237,461,2023-11-04,2,0
47795,2139,363,2023-05-10,3,0
47797,2602,167,2023-02-01,3,2
47799,4098,224,2023-05-04,4,0
47800,3780,506,2023-01-12,3,10
47802,3018,365,2023-03-03,5,5
47832,428,109,2023-12-05,1,2
47834,9285,290,2023-03-01,1,0
47836,2321,502,2023-10-01,1,5
47839,817,129,2023-04-02,2,10
47853,5819,600,2023-09-12,3,10
47857,6030,273,2023-06-06,2,5
47859,8922,582,2023-08-08,2,2
47870,2818,121,2023-01-09,3,0
47876,5773,528,2023-10-02,1,5
47896,626,469,2023-06-02,1,2
47898,7869,316,2023-12-06,2,2
47906,5600,538,2023-07-01,1,10
47909,1591,237,2023-03-01,1,0
47920,4674,382,2023-06-04,3,10
47927,7725,434,2023-10-11,4,0
47955,4136,441,2023-12-05,3,5
47972,1974,197,2023-04-03,1,5
47975,1955,388,2023-12-11,2,5
47990,1483,477,2023-01-12,1,0
47999,4844,170,2023-07-01,3,0
48007,7131,483,2023-10-01,1,5
48009,1906,274,2023-10-06,1,0
48011,3032,586,2023-01-04,3,0
48022,1981,447,2023-09-02,2,0
48023,9224,120,2023-06-05,2,5
48025,205,377,2023-01-09,4,5
48030,4292,257,2023-07-12,2,0
48039,1568,397,2023-09-05,2,5
48046,7310,242,2023-07-03,3,0
48049,1363,168,2023-04-04,3,0
48058,6572,354,2023-11-01,1,10
48060,1020,510,2023-03-03,2,0
48067,4080,141,2023-03-05,1,2
48082,4961,268,2023-11-12,3,5
48104,1634,454,2023-11-09,1,0
48115,7005,151,2023-04-11,1,0
48118,7401,328,2023-06-06,2,0
48126,7559,220,2023-03-01,2,0
48127,604,267,2023-04-02,2,0
48131,2833,484,2023-08-04,1,0
48134,842,221,2023-07-11,1,0
48139,517,442,2023-04-07,2,0
48143,1467,239,2023-05-08,3,15
48147,4155,174,2023-08-05,3,0
48148,4199,469,2023-06-06,1,2
48151,5752,283,2023-05-12,5,2
48156,9750,259,2023-11-04,3,0
48165,6378,446,2023-03-02,1,0
48172,1432,583,2023-07-09,1,0
48173,554,407,2023-05-06,5,0
48176,159,144,2023-07-05,2,15
48187,4278,269,2023-06-05,1,5
48192,8126,222,2023-04-08,1,2
48200,4170,361,2023-12-09,1,0
48204,425,308,2023-02-03,2,0
48207,4660,280,2023-02-11,1,5
48211,7008,249,2023-06-03,4,2
48219,7295,124,2023-10-04,5,10
48231,3134,585,2023-09-12,4,10
48233,2058,431,2023-10-04,3,2
48234,3006,520,2023-08-08,2,0
48244,7632,172,2023-04-01,3,0
48253,2318,101,2023-07-12,3,5
48288,8674,122,2023-01-09,2,0
48290,4557,362,2023-06-02,3,0
48293,7185,183,2023-11-05,1,0
48296,5071,243,2023-04-03,3,5
48310,8232,492,2023-09-03,1,5
48316,6906,144,2023-08-04,2,0
48327,2605,524,2023-04-08,1,0
48332,121,141,2023-01-12,2,0
48338,4218,533,2023-04-10,3,0
48351,3493,211,2023-02-06,4,10
48353,1690,582,2023-04-05,2,0
48354,9829,410,2023-01-06,1,0
48356,3792,393,2023-01-11,3,2
48367,2242,459,2023-02-03,1,0
48370,3594,580,2023-10-04,3,0
48371,3276,249,2023-06-01,1,5
48373,4557,524,2023-02-11,1,0
48377,5133,120,2023-04-09,1,5
48378,7253,150,2023-12-07,2,0
48382,3592,509,2023-09-04,1,0
48387,7316,540,2023-03-11,4,0
48391,3121,326,2023-06-04,1,2
48396,5673,215,2023-03-07,4,0
48397,1052,491,2023-03-01,3,5
48399,9780,109,2023-02-08,1,0
48400,6762,508,2023-07-02,2,0
48405,2186,375,2023-10-11,2,5
48406,4138,291,2023-10-06,3,0
48408,8213,325,2023-12-11,2,0
48409,977,102,2023-02-06,1,5
48413,4642,578,2023-01-07,3,2
48420,1375,120,2023-07-07,1,15
48431,3641,281,2023-09-01,1,5
48432,6309,348,2023-08-10,3,2
48436,8475,518,2023-06-11,3,10
48440,3159,349,2023-03-12,3,2
48441,2346,558,2023-07-02,2,2
48445,7812,358,2023-07-08,3,5
48446,6746,362,2023-09-05,1,0
48452,2441,433,2023-03-10,1,0
48461,4762,262,2023-06-07,3,10
48463,8127,252,2023-06-10,2,0
48466,5345,472,2023-05-03,3,5
48468,4543,141,2023-09-09,4,0
48478,2369,167,2023-12-12,1,15
48485,6693,439,2023-03-03,1,15
48486,7844,455,2023-07-07,4,0
48487,2216,235,2023-05-07,3,2
48489,635,436,2023-04-09,2,0
48494,4240,510,2023-10-11,1,5
48512,6868,505,2023-09-02,1,0
48513,4783,354,2023-06-05,1,0
48518,1381,121,2023-10-11,1,10
48525,5920,183,2023-03-11,1,0
48531,5236,298,2023-11-06,1,0
48534,8576,280,2023-06-11,2,0
48539,4099,499,2023-07-10,4,5
48545,6368,135,2023-11-03,3,5
48549,7939,252,2023-03-04,1,0
48551,1661,385,2023-05-06,1,0
48559,7440,213,2023-08-03,1,2
48567,5106,511,2023-03-05,1,0
48568,7634,469,2023-01-11,1,2
48575,9969,517,2023-12-02,3,5
48586,8882,382,2023-02-11,4,15
48591,843,600,2023-04-12,1,0
48609,1764,183,2023-03-10,3,2
48615,1218,596,2023-11-10,2,2
48621,1300,201,2023-12-01,1,10
48629,318,386,2023-03-09,2,5
48635,2003,239,2023-03-02,4,0
48674,4510,131,2023-03-05,2,2
48678,7899,473,2023-08-09,1,0
48684,3219,326,2023-03-10,1,0
48688,6211,414,2023-09-01,2,5
48689,8899,446,2023-10-10,2,0
48697,5518,268,2023-05-11,3,0
48699,3575,238,2023-11-09,1,15
48704,5568,218,2023-08-09,1,10
48723,5950,355,2023-03-09,4,5
48726,2033,118,2023-05-05,1,2
48745,8759,134,2023-04-05,3,5
48749,153,442,2023-05-09,3,10
48753,5688,427,2023-09-05,1,5
48754,2079,158,2023-11-04,1,2
48755,8240,146,2023-12-03,3,2
48756,983,115,2023-02-10,1,0
48759,6199,229,2023-08-12,1,0
48783,5120,470,2023-08-10,5,0
48784,5572,391,2023-03-09,3,0
48795,3065,145,2023-07-01,4,0
48807,5152,402,2023-02-08,2,0
48811,8396,545,2023-03-09,1,0
48817,8530,322,2023-03-08,2,5
48819,8960,513,2023-05-03,1,0
48832,1680,125,2023-03-04,1,10
48849,3778,215,2023-11-01,2,5
48865,6425,358,2023-10-08,5,10
48866,613,513,2023-09-06,2,5
48875,4480,564,2023-02-01,1,0
48876,3904,406,2023-01-04,2,0
48880,6377,162,2023-04-06,3,0
48896,8342,565,2023-08-09,2,15
48905,7654,584,2023-01-11,1,0
48908,2709,522,2023-11-09,1,5
48923,8764,350,2023-12-10,2,0
48924,9720,465,2023-06-01,2,5
48933,9738,489,2023-02-09,3,2
48936,1992,139,2023-08-11,1,5
48957,7378,164,2023-05-12,1,5
48960,4247,286,2023-11-07,1,10
48965,6773,168,2023-06-06,3,5
48968,4103,448,2023-03-11,1,10
48971,5839,373,2023-06-01,1,5
48974,3644,216,2023-05-01,2,0
48982,8541,338,2023-08-04,2,0
48993,9112,263,2023-04-04,4,5
49016,7125,173,2023-09-07,1,5
49019,3558,392,2023-06-05,3,2
49027,1540,587,2023-06-09,1,5
49029,634,188,2023-06-02,2,0
49030,9390,427,2023-01-08,1,5
49031,8913,160,2023-07-01,1,2
49033,8595,173,2023-02-05,5,0
49037,1900,567,2023-08-05,1,10
49040,2884,166,2023-11-11,2,2
49041,6455,308,2023-03-10,1,0
49043,3504,403,2023-03-11,2,2
49048,4114,374,2023-02-11,4,0
49053,1236,128,2023-03-11,1,0
49059,6816,511,2023-10-06,3,0
49061,2695,281,2023-08-04,1,2
49065,3590,522,2023-05-02,1,0
49071,5685,582,2023-05-02,4,5
49077,4247,351,2023-09-10,3,0
49083,2982,262,2023-11-02,1,5
49084,4946,189,2023-03-03,3,0
49092,3249,186,2023-03-04,3,2
49093,5417,150,2023-01-03,1,0
49096,2842,212,2023-11-03,2,10
49104,4194,219,2023-10-10,3,10
49107,9355,425,2023-06-03,4,5
49108,197,121,2023-02-05,5,0
49115,1848,432,2023-08-06,1,5
49126,3597,269,2023-05-10,3,0
49128,6315,200,2023-12-09,2,2
49133,3340,148,2023-09-10,2,0
49136,2951,371,2023-10-02,1,10
49143,1480,198,2023-03-12,3,10
49149,4375,581,2023-07-07,1,0
49150,3590,141,2023-03-09,1,0
49155,2100,153,2023-01-09,1,5
49163,9925,525,2023-08-04,2,0
49189,8914,284,2023-08-01,3,20
49210,8924,261,2023-05-05,3,2
49212,7857,235,2023-09-07,4,15
49226,9264,404,2023-01-02,1,5
49232,2613,304,2023-02-06,2,0
49233,7227,573,2023-04-01,3,5
49238,3021,204,2023-01-04,3,0
49251,6191,187,2023-10-04,1,0
49265,5773,476,2023-03-05,2,0
49266,449,178,2023-12-03,1,0
49288,3032,314,2023-07-01,2,0
49297,4281,414,2023-09-02,3,10
49299,3680,151,2023-07-05,2,0
49305,2697,378,2023-03-07,1,5
49307,5287,352,2023-07-12,2,0
49311,6270,114,2023-06-04,1,0
49327,8839,107,2023-10-06,1,0
49336,1264,190,2023-03-12,3,0
49345,4936,110,2023-06-01,4,0
49352,3641,321,2023-02-11,1,0
49355,5186,185,2023-01-11,1,0
49363,818,121,2023-07-09,2,0
49365,803,528,2023-05-02,1,0
49374,8336,144,2023-01-05,3,0
49376,2709,379,2023-12-04,1,0
49379,341,375,2023-08-04,2,0
49384,7295,216,2023-05-03,1,0
49392,8444,422,2023-01-11,2,10
49396,3780,253,2023-05-11,2,0
49397,6466,310,2023-01-03,1,2
49399,5174,199,2023-11-02,1,5
49403,7093,156,2023-07-06,1,15
49404,7359,282,2023-04-11,4,5
49406,9695,333,2023-09-11,1,0
49414,5504,395,2023-11-12,2,5
49421,5885,438,2023-02-06,1,2
49428,8641,267,2023-05-03,1,15
49430,2995,474,2023-07-07,2,0
49449,6661,487,2023-02-04,3,2
49453,6524,227,2023-01-12,2,2
49457,8905,425,2023-07-06,3,2
49468,4215,147,2023-02-12,2,0
49471,6551,577,2023-04-07,3,10
49487,1727,430,2023-09-07,1,5
49488,8617,436,2023-12-04,3,0
49489,1138,439,2023-10-01,2,0
49491,7883,586,2023-07-09,4,0
49494,3296,470,2023-04-09,1,2
49495,8056,186,2023-02-10,3,15
49497,8461,420,2023-08-09,1,0
49500,976,594,2023-05-04,1,0
49503,2211,160,2023-03-06,1,0
49513,556,137,2023-07-02,1,10
49514,8332,572,2023-05-03,2,0
49517,4897,105,2023-07-07,5,5
49522,1560,576,2023-03-12,4,0
49527,4174,304,2023-08-09,1,0
49534,7442,249,2023-12-05,3,0
49546,6068,421,2023-06-12,1,0
49553,7130,290,2023-08-08,2,5
49577,613,283,2023-05-11,1,0
49580,7042,120,2023-07-12,1,5
49598,1782,127,2023-08-08,1,0
49604,94,528,2023-10-04,2,0
49631,2919,300,2023-04-02,1,0
49637,1102,371,2023-03-03,2,0
49639,9074,356,2023-10-11,1,0
49642,1083,318,2023-03-06,2,0
49659,9021,151,2023-07-04,1,0
49664,4049,254,2023-12-05,3,5
49674,9635,194,2023-05-12,3,5
49679,2873,530,2023-03-06,1,0
49684,4430,443,2023-07-11,4,0
49700,1408,372,2023-03-10,3,0
49714,9297,284,2023-09-10,2,0
49717,5879,318,2023-03-09,2,2
49722,1363,459,2023-11-04,1,0
49744,9599,284,2023-03-01,1,5
49748,2620,363,2023-02-07,4,0
49749,9844,597,2023-10-07,3,0
49753,1318,426,2023-06-07,2,2
49769,3153,178,2023-01-01,2,10
49781,924,107,2023-11-11,1,5
49785,1517,403,2023-07-01,3,0
49795,9667,326,2023-08-06,1,0
49799,6065,452,2023-01-01,1,10
49801,523,562,2023-04-09,3,5
49804,9567,294,2023-09-06,4,5
49808,6893,141,2023-04-03,3,0
49817,7397,583,2023-09-02,1,0
49819,1881,316,2023-04-08,1,0
49822,7675,314,2023-05-04,2,0
49833,4843,527,2023-08-09,4,0
49836,4330,281,2023-10-04,2,0
49852,6624,402,2023-01-05,4,0
49867,3023,535,2023-03-10,1,0
49888,5789,333,2023-01-08,3,2
49893,9262,429,2023-12-09,1,0
49899,194,339,2023-06-11,2,10
49912,972,168,2023-12-12,2,10
49916,8031,558,2023-07-01,1,10
49937,3403,436,2023-02-02,1,2
49940,9217,493,2023-11-02,3,10
49941,3319,522,2023-08-06,1,0
49944,5236,260,2023-11-02,1,0
49966,1372,448,2023-07-02,3,0
49973,4971,567,2023-06-04,2,0
49982,4382,415,2023-04-06,2,2
49993,3855,321,2023-06-03,1,5
49994,8426,336,2023-03-10,3,0
50004,759,324,2023-11-11,4,0
50005,9319,552,2023-10-05,1,0
50011,6746,192,2023-05-11,3,10
50023,4535,482,2023-11-06,1,0
50038,519,548,2023-12-09,2,5
50043,3835,182,2023-11-09,3,0
50057,350,403,2023-12-11,1,5
50062,8999,424,2023-11-04,2,2
50063,2287,586,2023-10-02,1,2
50066,6329,229,2023-02-12,2,0
50075,4835,152,2023-05-10,2,0
50077,6394,159,2023-02-04,1,0
50083,6770,384,2023-08-11,2,5
50100,3840,167,2023-05-08,1,5
50101,7616,427,2023-08-09,1,0
50106,981,163,2023-03-10,1,0
50120,4438,278,2023-07-10,1,0
50129,2721,115,2023-02-08,1,0
50138,8442,592,2023-10-02,1,2
50141,5748,354,2023-07-04,1,0
50155,6352,418,2023-03-05,1,2
50162,669,466,2023-07-07,1,0
50173,4478,412,2023-02-03,1,0
50190,8679,147,2023-08-01,1,0
50195,4621,198,2023-05-01,4,5
50207,7123,419,2023-03-10,2,0
50216,3442,468,2023-07-07,1,0
50223,1801,220,2023-07-06,1,0
50226,2857,198,2023-10-11,1,0
50229,7093,198,2023-12-10,1,0
50235,9546,502,2023-07-07,1,0
50246,6692,144,2023-05-04,1,5
50251,3733,363,2023-04-10,1,0
50253,7221,460,2023-07-07,4,0
50254,3965,202,2023-07-07,1,2
50260,5555,138,2023-02-09,2,5
50262,2940,354,2023-01-12,2,5
50264,1144,342,2023-04-06,1,0
50269,8636,561,2023-01-02,3,0
50275,4593,533,2023-02-06,1,0
50280,145,158,2023-02-09,2,2
50286,6770,186,2023-05-11,2,0
50292,5741,567,2023-02-07,3,0
50299,1011,261,2023-05-01,1,2
50305,9306,529,2023-02-01,1,0
50311,8474,587,2023-05-07,1,0
50321,7603,350,2023-09-01,5,10
50323,1849,242,2023-05-09,4,2
50326,6705,597,2023-10-02,1,0
50327,3874,274,2023-02-03,4,5
50337,6044,121,2023-09-11,1,0
50338,3293,245,2023-09-02,4,2
50339,4660,124,2023-11-05,3,5
50347,8042,424,2023-07-12,1,2
50353,2096,369,2023-06-05,1,5
50361,1005,458,2023-05-01,4,5
50362,7165,345,2023-09-07,1,15
50364,4426,220,2023-07-09,2,0
50367,4210,120,2023-05-03,1,0
50379,6716,311,2023-06-06,1,0
50383,9184,133,2023-05-04,1,0
50384,1043,472,2023-09-01,4,2
50387,4204,311,2023-05-05,3,5
50390,6401,421,2023-10-05,2,0
50397,1420,574,2023-11-02,3,0
50403,249,452,2023-11-05,2,5
50409,731,101,2023-05-12,3,0
50418,4660,159,2023-11-07,1,10
50421,4077,468,2023-04-12,2,0
50424,3481,304,2023-12-03,5,0
50428,6284,406,2023-02-10,4,5
50429,3711,583,2023-09-11,1,2
50434,1881,254,2023-08-06,1,0
50441,401,396,2023-01-08,1,0
50442,3526,382,2023-07-02,4,2
50452,4323,290,2023-07-09,1,15
50454,8907,292,2023-07-07,1,15
50456,8598,198,2023-06-07,2,0
50457,2494,426,2023-09-08,2,15
50461,1251,395,2023-10-12,3,5
50463,2684,323,2023-10-04,4,0
50470,1638,431,2023-02-10,2,0
50476,9460,335,2023-02-06,2,2
50482,5081,366,2023-04-12,1,2
50486,1840,234,2023-08-12,1,0
50495,2639,421,2023-10-07,4,0
50501,1814,387,2023-10-12,2,0
50506,1024,420,2023-12-09,3,0
50510,8162,345,2023-12-02,3,15
50535,7058,149,2023-03-05,1,5
50538,9173,440,2023-01-02,3,0
50542,7366,535,2023-02-12,2,2
50554,868,117,2023-09-06,2,0
50565,6095,165,2023-04-10,1,5
50576,7614,101,2023-06-04,2,2
50583,2216,530,2023-04-06,2,2
50590,6492,474,2023-02-09,4,5
50592,9570,544,2023-02-06,2,0
50608,6186,162,2023-10-07,4,10
50612,9366,304,2023-12-11,2,0
50613,4077,310,2023-07-11,3,5
50616,7699,119,2023-06-03,1,2
50620,2648,168,2023-09-01,2,15
50622,5441,600,2023-05-05,1,0
50637,2815,586,2023-06-11,1,0
50646,8497,104,2023-10-05,1,2
50651,4704,181,2023-11-08,1,2
50658,4719,361,2023-03-04,1,0
50668,5139,386,2023-07-09,1,0
50672,2173,140,2023-10-10,1,0
50677,8890,108,2023-05-06,3,10
50679,3314,224,2023-11-03,3,2
50681,2279,573,2023-09-08,2,5
50683,6423,306,2023-06-04,2,2
50692,3430,375,2023-03-09,1,5
50693,1019,282,2023-12-06,1,2
50700,2620,462,2023-12-01,1,2
50710,480,159,2023-08-07,1,0
50721,4616,488,2023-04-11,4,0
50723,8115,591,2023-10-11,1,2
50726,6188,120,2023-12-03,3,5
50729,5559,213,2023-01-01,1,2
50740,5042,513,2023-05-11,2,0
50747,7232,346,2023-11-08,1,0
50751,5150,304,2023-12-05,1,0
50759,5327,163,2023-10-04,3,0
50764,535,391,2023-07-02,1,0
50769,9667,492,2023-07-09,2,10
50783,5451,570,2023-11-09,1,10
50786,6897,514,2023-05-10,3,0
50789,2075,287,2023-01-03,2,2
50790,4868,495,2023-06-04,1,5
50795,7227,130,2023-08-07,1,0
50797,2792,472,2023-05-05,1,5
50807,9939,492,2023-07-02,1,2
50827,2935,464,2023-09-08,1,0
50828,5572,162,2023-10-03,1,0
50829,4044,288,2023-02-02,1,5
50838,5010,324,2023-10-04,1,5
50843,3128,140,2023-09-07,2,0
50852,6353,326,2023-04-04,1,5
50853,2714,433,2023-11-05,1,0
50855,5790,367,2023-07-09,4,10
50857,9751,229,2023-11-11,1,0
50863,1455,194,2023-09-04,2,5
50883,2124,243,2023-10-03,4,0
50887,5883,439,2023-10-03,1,0
50888,7081,157,2023-01-03,2,0
50890,7512,308,2023-07-04,1,0
50896,6535,508,2023-02-07,1,0
50899,6352,591,2023-02-12,1,0
50900,1289,519,2023-11-02,2,2
50930,1186,431,2023-04-04,2,0
50953,7454,519,2023-11-01,1,0
50954,4826,384,2023-05-06,1,0
50956,9837,355,2023-02-11,2,0
50961,1795,171,2023-02-03,2,0
50964,9997,165,2023-08-11,4,5
50966,4326,171,2023-04-05,1,0
50977,4965,210,2023-06-05,3,5
50989,9526,263,2023-03-05,1,2
50998,246,111,2023-01-08,1,5
51003,7864,579,2023-07-01,3,5
51010,4706,269,2023-08-08,1,0
51028,3952,508,2023-04-09,1,0
51029,4208,126,2023-05-03,3,2
51072,6190,478,2023-04-11,2,2
51073,977,267,2023-11-04,2,2
51074,3129,344,2023-05-05,3,0
51075,1820,199,2023-02-02,1,0
51080,5285,240,2023-07-11,2,10
51083,1434,345,2023-06-09,2,5
51088,1448,415,2023-06-12,1,0
51089,1104,540,2023-02-09,1,20
51096,1140,535,2023-04-11,1,10
51103,4511,395,2023-12-03,2,0
51110,8757,294,2023-02-12,3,0
51115,1974,430,2023-08-06,2,0
51120,3067,171,2023-05-12,1,0
51127,4779,288,2023-01-03,1,15
51135,9628,232,2023-03-11,1,5
51136,2564,387,2023-01-08,1,0
51140,2589,312,2023-10-03,3,10
51145,2574,531,2023-04-03,1,2
51152,5990,520,2023-03-03,2,0
51155,5287,439,2023-11-07,1,10
51168,9689,521,2023-07-12,1,0
51169,5153,332,2023-07-10,1,2
51190,3458,477,2023-10-12,1,10
51194,6922,378,2023-01-07,1,0
51198,8396,502,2023-03-02,1,0
51201,7429,476,2023-12-08,1,10
51205,4060,411,2023-10-01,2,0
51206,662,329,2023-05-01,1,2
51229,9056,382,2023-12-11,1,10
51235,1302,245,2023-12-02,1,0
51236,7748,265,2023-11-08,1,0
51239,4530,477,2023-12-01,2,0
51246,6791,298,2023-05-03,1,0
51247,3691,447,2023-01-06,4,0
51251,1988,482,2023-11-12,4,0
51262,2665,441,2023-03-01,1,0
51274,8278,449,2023-10-05,4,0
51275,7382,574,2023-06-07,4,0
51278,6104,371,2023-04-11,5,2
51279,4770,445,2023-10-01,1,0
51285,3204,373,2023-10-05,1,0
51292,3514,587,2023-01-05,2,2
51295,4370,267,2023-08-12,1,2
51296,5160,101,2023-07-11,1,5
51298,7188,428,2023-05-02,1,5
51317,9364,489,2023-04-06,3,10
51319,8570,582,2023-12-12,1,5
51323,7980,177,2023-07-06,3,2
51324,9806,540,2023-05-06,2,0
51326,9663,515,2023-11-05,4,0
51339,7812,136,2023-03-06,2,0
51342,368,473,2023-10-01,4,0
51345,1631,570,2023-05-09,1,0
51346,4369,351,2023-05-05,3,5
51348,986,228,2023-08-02,1,0
51351,9181,182,2023-08-04,1,0
51376,5776,147,2023-07-06,1,0
51381,8444,180,2023-12-10,3,5
51387,5709,442,2023-02-08,5,2
51388,4661,125,2023-02-08,1,5
51389,420,235,2023-06-07,1,0
51391,3072,361,2023-06-07,3,0
51401,5835,158,2023-02-12,5,0
51407,9272,177,2023-09-09,4,2
51414,9249,317,2023-08-03,2,0
51420,6907,306,2023-05-07,2,0
51423,2450,115,2023-08-12,1,10
51424,9226,439,2023-04-03,3,0
51427,1992,190,2023-05-05,2,0
51429,2456,246,2023-07-01,1,2
51431,4637,549,2023-09-04,2,10
51432,5515,241,2023-06-07,1,0
51433,1037,529,2023-04-06,3,5
51452,8760,182,2023-05-03,1,0
51459,5111,197,2023-03-11,1,0
51471,246,319,2023-03-09,1,5
51477,6287,368,2023-07-05,2,5
51478,2321,141,2023-08-02,1,10
51479,566,169,2023-02-12,1,0
51484,429,258,2023-07-12,1,5
51500,3397,538,2023-12-02,1,15
51503,823,556,2023-07-05,1,0
51511,1941,557,2023-06-07,1,0
51518,2404,402,2023-02-09,3,0
51519,7926,137,2023-06-09,2,0
51525,5618,506,2023-10-06,2,0
51527,3246,320,2023-09-02,4,5
51535,6436,123,2023-06-12,5,0
51539,8474,301,2023-11-09,1,0
51543,6169,510,2023-01-07,3,2
51547,9244,575,2023-09-03,1,0
51550,7350,456,2023-12-09,1,0
51554,2197,234,2023-06-12,2,5
51558,6287,209,2023-09-07,1,2
51571,6122,123,2023-06-05,1,5
51585,5492,291,2023-05-03,5,15
51587,2578,542,2023-01-07,1,0
51591,6479,515,2023-09-08,3,10
51594,2197,354,2023-10-08,1,10
51606,3109,160,2023-09-06,4,0
51609,4833,316,2023-05-10,1,2
51634,9403,440,2023-05-01,1,0
51636,9546,496,2023-06-01,2,0
51639,6222,158,2023-10-06,3,0
51656,5276,389,2023-09-02,2,2
51669,7844,478,2023-07-08,2,10
51672,183,371,2023-06-06,1,0
51680,5744,331,2023-11-05,1,0
51686,6914,305,2023-07-03,3,2
51687,1672,168,2023-01-04,1,2
51695,8433,460,2023-07-03,1,2
51703,7032,294,2023-09-08,1,10
51710,5964,558,2023-04-02,1,0
51715,9578,426,2023-04-11,2,0
51734,9497,321,2023-12-05,2,5
51740,4507,116,2023-07-02,2,5
51742,4960,316,2023-04-12,2,5
51745,750,467,2023-06-02,1,0
51757,2268,491,2023-10-12,1,2
51759,924,246,2023-07-06,3,0
51778,2284,572,2023-02-10,1,10
51783,4741,537,2023-05-08,1,0
51795,5847,329,2023-10-12,1,0
51800,8223,215,2023-03-08,1,2
51811,8381,348,2023-07-07,3,5
51812,6387,584,2023-06-08,4,2
51814,8049,431,2023-06-01,3,10
51816,1645,263,2023-06-08,4,0
51819,1112,496,2023-08-08,2,0
51828,1709,323,2023-08-10,2,2
51830,3810,285,2023-10-11,1,0
51837,6479,124,2023-09-12,2,15
51843,4340,250,2023-02-10,1,2
51851,3287,545,2023-09-05,2,2
51853,7300,581,2023-09-06,1,0
51858,5790,326,2023-12-09,2,0
51862,8788,163,2023-09-05,2,2
51867,5701,320,2023-02-06,4,10
51870,1013,490,2023-02-01,2,5
51873,5543,413,2023-12-02,5,10
51879,5571,530,2023-12-12,3,0
51880,5406,252,2023-11-04,1,0
51882,1276,342,2023-11-06,1,0
51906,5369,204,2023-07-02,1,5
51907,2935,147,2023-12-09,2,0
51932,2734,429,2023-02-05,1,2
51934,8564,183,2023-06-12,3,5
51936,855,140,2023-04-03,2,15
51938,96,469,2023-02-02,1,5
51940,5451,358,2023-10-03,1,0
51943,8228,508,2023-04-03,1,0
51946,2181,280,2023-07-11,2,10
51948,1953,262,2023-04-12,1,0
51962,2197,209,2023-12-02,3,0
51972,3482,237,2023-04-09,1,5
51983,7893,365,2023-12-04,1,2
51984,3218,129,2023-08-07,3,10
51987,6714,183,2023-03-09,2,0
51988,6276,516,2023-06-04,2,5
52001,6793,296,2023-03-12,2,10
52003,3481,471,2023-06-05,1,10
52007,7405,428,2023-05-06,3,0
52011,2829,189,2023-06-10,1,0
52013,3895,157,2023-01-04,1,0
52031,9892,122,2023-12-02,5,0
52034,696,233,2023-12-09,4,2
52037,6132,476,2023-12-11,1,2
52047,2712,199,2023-04-04,2,0
52049,4044,137,2023-12-01,3,0
52057,4133,302,2023-04-01,1,2
52059,7501,352,2023-07-05,1,0
52063,3070,384,2023-02-04,2,5
52070,7481,422,2023-12-12,1,10
52078,5814,311,2023-04-01,2,0
52080,4786,283,2023-03-11,4,0
52081,8382,514,2023-04-04,1,0
52082,7214,142,2023-02-11,1,0
52089,2834,340,2023-11-10,1,0
52110,7045,386,2023-12-01,4,0
52114,5218,439,2023-05-12,1,0
52117,6858,169,2023-06-11,3,2
52119,4840,557,2023-05-07,1,10
52126,2016,399,2023-08-08,2,2
52130,6895,156,2023-10-10,1,0
52131,396,209,2023-04-05,3,0
52138,1034,184,2023-06-02,1,0
52140,8730,327,2023-08-12,2,2
52158,4178,236,2023-04-06,4,5
52168,94,383,2023-10-04,3,5
52182,5990,595,2023-11-07,1,5
52197,6138,429,2023-01-07,1,0
52200,4340,267,2023-11-03,1,0
52204,6440,497,2023-08-10,4,5
52205,1063,453,2023-01-10,3,0
52206,3409,339,2023-02-07,2,0
52211,3548,337,2023-04-06,1,2
52214,356,139,2023-10-11,3,0
52219,3548,222,2023-05-12,1,5
52236,2299,554,2023-11-09,2,0
52237,1744,380,2023-08-09,1,0
52239,3386,558,2023-10-06,4,2
52244,2302,417,2023-11-06,1,2
52255,9871,600,2023-06-01,3,5
52259,7366,526,2023-05-08,2,2
52261,9755,182,2023-06-04,1,10
52269,1483,121,2023-07-04,4,0
52271,7017,115,2023-02-05,2,0
52277,2236,465,2023-10-05,1,0
52281,6302,348,2023-01-06,1,0
52287,5802,232,2023-12-04,2,0
52295,5014,338,2023-07-08,3,0
52297,9249,538,2023-02-12,1,2
52309,2269,454,2023-09-04,1,0
52311,1560,324,2023-03-08,2,0
52315,4893,269,2023-06-11,2,10
52322,5537,116,2023-03-03,1,2
52323,551,185,2023-09-09,2,0
52326,3999,388,2023-02-06,1,0
52328,3236,486,2023-05-08,1,2
52333,8446,588,2023-03-01,2,5
52337,5509,411,2023-11-02,4,0
52340,1255,365,2023-02-10,2,0
52346,1790,467,2023-01-05,2,0
52353,5986,277,2023-08-06,2,0
52354,1885,172,2023-12-04,2,0
52362,3406,292,2023-07-08,1,5
52363,9519,103,2023-03-09,1,10
52368,5476,435,2023-03-08,1,0
52373,9249,536,2023-02-11,1,0
52381,6227,565,2023-06-03,3,0
52386,2982,194,2023-06-02,3,0
52388,1852,281,2023-06-09,1,10
52393,5177,234,2023-03-10,2,0
52402,2878,274,2023-05-11,1,0
52406,2562,175,2023-02-11,2,2
52408,7366,446,2023-09-01,2,0
52420,4120,307,2023-06-06,5,0
52423,5422,315,2023-08-09,3,15
52428,6844,403,2023-09-11,3,2
52429,3758,509,2023-10-12,3,0
52432,7926,490,2023-01-05,4,0
52436,1910,221,2023-05-05,1,0
52445,7541,106,2023-02-11,1,5
52447,759,231,2023-10-05,1,2
52458,1025,348,2023-10-05,2,0
52472,7315,522,2023-06-10,1,10
52473,9126,561,2023-05-09,2,0
52479,1410,500,2023-01-07,1,0
52501,2582,459,2023-02-02,3,0
52505,1235,280,2023-05-04,1,0
52511,8799,185,2023-12-09,3,5
52512,5709,537,2023-02-07,4,0
52520,1548,179,2023-04-03,1,0
52531,4369,462,2023-10-10,1,0
52535,480,188,2023-08-10,2,0
52542,5950,321,2023-11-10,3,0
52544,1650,131,2023-05-08,1,0
52554,1434,368,2023-01-08,2,0
52560,9355,310,2023-09-01,3,0
52562,6900,242,2023-07-07,3,10
52566,4234,171,2023-05-07,1,2
52568,5245,295,2023-12-06,2,0
52577,9904,432,2023-10-09,4,2
52589,4577,461,2023-07-06,1,2
52592,3511,262,2023-01-06,2,2
52606,4962,307,2023-07-05,1,0
52610,2778,575,2023-05-11,2,0
52615,2930,144,2023-06-05,5,0
52626,3844,224,2023-06-01,1,0
52633,5079,367,2023-03-05,4,0
52643,1964,353,2023-05-10,2,0
52647,2722,596,2023-06-10,1,0
52658,2515,586,2023-07-08,2,0
52666,3829,272,2023-11-03,2,0
52679,9146,589,2023-09-04,1,0
52681,2693,165,2023-03-10,1,0
52688,1686,242,2023-08-07,2,0
52689,356,443,2023-01-04,1,2
52693,2964,425,2023-01-05,1,20
52695,4569,370,2023-07-09,1,0
52699,4731,348,2023-01-10,1,2
52708,141,117,2023-10-10,1,0
52714,7769,548,2023-07-06,3,0
52728,3484,581,2023-01-01,2,15
52733,7408,486,2023-02-07,1,0
52744,8241,259,2023-06-06,1,0
52751,2796,572,2023-12-05,1,2
52756,7605,504,2023-10-03,1,0
52759,401,183,2023-04-11,3,15
52768,1395,499,2023-10-05,1,10
52773,4490,181,2023-12-02,5,0
52776,3182,302,2023-08-03,2,0
52789,9585,138,2023-02-05,1,0
52812,5893,297,2023-08-02,1,0
52814,1063,239,2023-04-08,3,0
52822,7148,511,2023-10-07,3,0
52823,7670,308,2023-04-01,1,0
52835,9056,493,2023-11-05,3,2
52837,2819,133,2023-04-01,5,5
52839,5885,150,2023-05-10,1,0
52852,9729,368,2023-01-08,2,0
52855,4152,493,2023-10-06,2,5
52861,7638,207,2023-03-01,1,2
52876,4063,339,2023-06-07,2,2
52883,4584,375,2023-05-05,3,0
52905,399,196,2023-12-07,3,5
52912,5814,537,2023-10-10,5,0
52921,8867,439,2023-01-03,2,2
52923,842,218,2023-07-06,2,0
52924,756,409,2023-03-05,1,0
52946,4955,223,2023-08-04,1,2
52950,1180,395,2023-03-12,1,0
52954,3583,218,2023-02-12,1,2
52968,7281,430,2023-04-11,2,15
52977,6627,331,2023-10-05,1,0
52982,2013,240,2023-06-02,1,0
52991,7402,306,2023-04-09,2,0
52992,7844,284,2023-03-05,3,0
52998,5639,459,2023-07-04,4,15
53002,2184,579,2023-08-04,2,2
53018,5789,133,2023-07-09,3,10
53026,426,579,2023-09-08,1,0
53031,2949,325,2023-02-10,5,0
53034,2467,152,2023-01-12,4,5
53038,5033,445,2023-05-08,1,0
53055,9094,403,2023-03-01,1,0
53060,1767,531,2023-02-01,1,0
53068,2768,133,2023-04-06,1,0
53070,6976,456,2023-10-07,1,0
53073,5768,224,2023-07-11,1,0
53074,8914,267,2023-04-06,1,2
53075,4621,239,2023-06-11,1,0
53077,4971,101,2023-02-02,1,0
53078,1318,590,2023-02-03,1,5
53088,5680,165,2023-08-03,1,15
53096,6432,558,2023-09-04,4,0
53099,5559,484,2023-11-06,1,0
53100,8237,448,2023-02-02,2,20
53107,7704,449,2023-10-07,1,0
53109,6575,322,2023-04-03,1,2
53111,7798,215,2023-09-11,5,0
53116,2276,285,2023-02-01,1,10
53119,5483,505,2023-09-12,3,15
53121,5716,129,2023-01-09,2,10
53144,2264,235,2023-10-11,1,0
53146,9554,271,2023-01-06,3,0
53149,7369,202,2023-09-04,2,2
53155,6739,243,2023-07-12,1,2
53158,1981,423,2023-06-03,1,0
53163,3625,436,2023-04-01,1,0
53164,8493,433,2023-06-05,1,0
53165,3028,393,2023-04-03,4,0
53171,8365,488,2023-06-01,1,0
53172,2492,505,2023-12-09,2,15
53179,7481,333,2023-07-12,2,5
53198,9184,576,2023-12-11,2,10
53200,3804,502,2023-08-01,5,5
53210,8364,141,2023-06-06,3,0
53213,5406,500,2023-07-09,3,0
53219,1767,406,2023-08-03,1,2
53229,2224,510,2023-03-04,1,0
53231,1820,142,2023-04-04,1,2
53237,4243,373,2023-11-11,3,0
53238,9526,536,2023-03-11,3,0
53253,8084,544,2023-09-10,4,2
53272,2048,569,2023-10-10,1,15
53276,9460,351,2023-09-12,4,2
53277,7737,521,2023-03-12,1,5
53293,736,404,2023-02-10,3,10
53309,8152,223,2023-02-10,4,5
53310,4369,422,2023-04-06,2,10
53313,8437,186,2023-07-12,3,0
53325,6871,391,2023-11-07,2,2
53330,7895,448,2023-07-05,1,0
53334,5648,567,2023-07-01,1,0
53341,1760,328,2023-05-08,2,5
53346,8503,405,2023-09-11,1,0
53347,9829,228,2023-03-06,2,0
53361,8357,302,2023-07-04,1,2
53373,1107,244,2023-05-06,1,0
53378,7197,220,2023-12-06,2,2
53380,2494,168,2023-06-03,1,0
53385,52,436,2023-08-06,1,5
53388,9943,195,2023-03-07,2,0
53400,6109,355,2023-03-05,1,0
53401,4577,462,2023-09-03,4,0
53406,5337,252,2023-06-05,1,5
53421,233,546,2023-06-07,2,0
53422,3828,420,2023-04-05,4,2
53425,7247,489,2023-04-11,1,10
53431,3474,126,2023-09-10,4,0
53440,4337,555,2023-11-04,1,15
53443,3691,405,2023-01-10,2,10
53445,1955,202,2023-06-05,1,2
53454,2853,285,2023-12-10,1,0
53456,6914,273,2023-03-08,3,0
53457,805,518,2023-08-12,1,2
53459,2385,413,2023-04-02,1,0
53467,6722,520,2023-05-06,1,10
53476,5838,376,2023-05-08,1,0
53484,6917,166,2023-11-01,2,5
53488,2927,477,2023-08-11,2,0
53495,8677,365,2023-07-11,2,2
53509,9443,101,2023-06-10,1,0
53510,6917,277,2023-05-11,2,10
53519,2272,480,2023-11-05,3,5
53541,6739,566,2023-12-06,1,0
53547,9219,539,2023-06-11,3,2
53549,2744,416,2023-08-08,4,5
53552,7791,538,2023-11-08,2,5
53562,8499,548,2023-02-07,3,10
53583,5276,484,2023-05-03,3,2
53587,9116,590,2023-03-05,2,2
53604,5065,209,2023-04-08,2,0
53608,956,151,2023-11-11,3,0
53614,4621,552,2023-02-03,2,5
53618,9333,361,2023-12-03,1,0
53625,6292,400,2023-05-03,1,0
53641,4330,251,2023-09-02,1,0
53645,3810,196,2023-10-01,1,0
53648,2075,192,2023-09-12,2,5
53651,2853,308,2023-11-01,1,0
53653,1828,556,2023-09-08,4,0
53655,5429,490,2023-05-10,2,2
53656,7739,489,2023-11-08,2,2
53657,7732,141,2023-04-04,2,0
53658,7221,247,2023-11-10,1,5
53661,2864,220,2023-08-02,3,10
53662,3698,556,2023-01-10,2,15
53663,1591,485,2023-12-08,4,0
53668,2062,285,2023-06-01,1,0
53677,1592,202,2023-04-07,3,5
53678,1264,146,2023-06-09,1,10
53691,3496,549,2023-04-09,1,10
53693,791,207,2023-08-11,1,10
53699,3855,136,2023-02-04,3,0
53702,6655,554,2023-01-01,1,10
53706,9339,278,2023-09-07,1,0
53708,6381,561,2023-07-11,5,0
53723,9249,175,2023-06-04,1,0
53729,8357,548,2023-05-06,3,5
53732,2842,218,2023-06-10,1,2
53742,459,476,2023-06-12,3,0
53758,2318,465,2023-05-07,1,0
53761,4066,147,2023-12-03,1,0
53767,8460,388,2023-04-11,1,0
53773,6241,574,2023-10-08,2,5
53781,6629,295,2023-04-04,2,0
53784,2103,424,2023-12-02,1,5
53787,8103,119,2023-03-06,1,0
53794,8703,205,2023-09-11,5,0
53797,6507,244,2023-05-04,1,5
53805,7616,285,2023-02-06,1,0
53817,9450,149,2023-12-08,4,10
53824,5155,257,2023-09-08,1,5
53832,8035,354,2023-02-01,1,15
53846,1037,534,2023-04-02,2,0
53855,7269,185,2023-07-03,3,0
53862,4408,332,2023-10-07,1,0
53863,7036,315,2023-06-08,1,0
53868,2585,347,2023-01-05,2,0
53880,468,491,2023-12-09,2,0
53885,6618,303,2023-03-04,3,0
53887,7401,502,2023-10-08,4,0
53899,4281,285,2023-05-05,2,5
53900,4300,252,2023-09-11,2,0
53905,2949,422,2023-10-12,3,0
53916,2712,197,2023-11-12,2,2
53918,3980,175,2023-02-05,2,0
53922,9982,520,2023-07-08,1,0
53928,7092,525,2023-09-02,1,0
53933,9599,283,2023-09-09,2,0
53939,7254,205,2023-02-12,1,10
53948,7159,429,2023-06-10,5,5
53951,2938,126,2023-10-01,3,0
53954,6572,555,2023-07-05,1,5
53962,9855,400,2023-08-07,5,0
53973,4624,121,2023-08-10,1,0
53976,411,600,2023-09-08,1,5
53980,1551,500,2023-11-12,2,5
53996,1453,515,2023-07-10,1,5
54002,8225,493,2023-06-10,1,0
54011,7422,528,2023-10-12,3,0
54018,4578,123,2023-10-08,1,0
54021,214,465,2023-12-05,3,0
54026,4041,195,2023-11-08,1,5
54028,5147,202,2023-07-01,1,0
54039,539,459,2023-12-04,2,0
54042,3660,217,2023-06-08,1,10
54045,6284,429,2023-07-10,4,15
54052,4464,254,2023-12-09,1,0
54055,1542,562,2023-01-08,1,0
54056,3841,336,2023-02-02,3,0
54060,4391,346,2023-05-11,1,0
54063,2037,485,2023-11-02,1,2
54067,4297,185,2023-10-04,3,0
54073,9580,199,2023-08-10,4,0
54076,8444,382,2023-08-07,1,5
54085,2277,365,2023-07-04,1,10
54090,6917,238,2023-11-09,1,2
54091,5580,228,2023-01-04,1,0
54098,4292,274,2023-07-02,2,0
54099,3119,239,2023-08-06,1,5
54106,1049,443,2023-01-07,1,0
54115,9683,208,2023-04-12,5,5
54116,5742,558,2023-10-01,4,2
54128,8829,561,2023-02-06,1,0
54145,5252,223,2023-08-03,5,5
54149,3785,489,2023-08-09,4,0
54168,6109,101,2023-10-09,3,0
54173,4077,410,2023-04-10,3,10
54174,2721,582,2023-02-12,1,0
54183,7576,110,2023-01-03,1,0
54187,8262,140,2023-04-06,3,2
54189,8428,541,2023-11-04,2,10
54190,5420,568,2023-05-10,3,10
54195,1709,541,2023-05-01,3,0
54200,6466,316,2023-10-03,1,10
54202,3877,204,2023-10-03,3,0
54204,6812,197,2023-09-03,1,10
54207,2272,415,2023-09-07,2,0
54214,7769,571,2023-10-06,1,0
54223,8561,125,2023-05-09,1,0
54238,1881,486,2023-07-08,2,0
54240,9258,431,2023-02-07,2,5
54242,81,302,2023-03-03,3,2
54251,5626,460,2023-05-01,2,15
54260,9890,260,2023-01-05,4,0
54264,9193,262,2023-09-12,3,2
54275,8933,414,2023-04-03,2,0
54277,9056,584,2023-10-01,2,2
54306,3403,376,2023-06-08,2,0
54345,5037,421,2023-11-11,3,2
54346,554,351,2023-05-08,2,0
54349,398,542,2023-03-05,2,0
54351,3868,296,2023-07-02,1,0
54353,8668,264,2023-10-09,1,0
54354,9809,230,2023-12-06,1,0
54361,6027,112,2023-11-06,1,0
54364,2872,242,2023-04-03,1,0
54366,7934,221,2023-06-05,2,0
54375,2776,439,2023-07-03,1,0
54376,1003,587,2023-08-03,4,10
54377,4738,416,2023-08-06,1,0
54379,8638,105,2023-01-11,1,0
54380,2690,586,2023-09-08,2,15
54381,147,387,2023-06-06,4,0
54410,2909,317,2023-10-09,1,2
54413,9596,243,2023-01-08,4,0
54414,8835,600,2023-01-06,2,0
54428,6466,332,2023-01-11,4,15
54430,2005,357,2023-03-02,1,15
54441,6071,432,2023-11-01,1,0
54444,256,350,2023-08-07,1,0
54448,3119,151,2023-03-06,1,2
54451,760,353,2023-12-03,3,5
54454,8760,285,2023-07-04,4,0
54456,8764,224,2023-09-01,1,0
54460,4297,458,2023-11-03,5,0
54463,2436,310,2023-10-02,2,0
54474,5331,361,2023-05-05,1,5
54501,215,479,2023-02-10,3,20
54536,4276,478,2023-03-12,2,0
54541,2760,132,2023-10-04,1,0
54543,9541,118,2023-10-08,1,0
54545,5778,530,2023-04-04,2,0
54551,4267,180,2023-03-03,4,0
54553,522,600,2023-06-01,3,0
54554,1207,373,2023-07-04,5,5
54582,3021,209,2023-01-03,1,0
54605,9173,265,2023-08-06,4,5
54612,6377,258,2023-01-09,2,0
54615,7382,222,2023-02-12,1,0
54630,7454,588,2023-02-06,1,5
54631,3927,128,2023-01-07,1,0
54636,6183,558,2023-08-03,2,0
54637,2264,327,2023-01-08,3,2
54642,7457,276,2023-05-07,2,5
54643,6655,282,2023-06-12,3,0
54666,7023,359,2023-02-10,1,0
54683,4373,204,2023-01-04,5,0
54688,602,567,2023-09-03,1,2
54694,7442,264,2023-08-02,1,10
54709,9172,286,2023-07-06,2,5
54713,8461,419,2023-05-04,1,15
54736,2306,144,2023-04-04,2,0
54737,8575,273,2023-08-02,1,0
54750,5201,273,2023-01-04,2,5
54752,4291,283,2023-12-02,1,0
54757,2117,236,2023-03-05,5,5
54758,3844,288,2023-12-03,1,5
54763,4410,389,2023-09-01,5,2
54766,3802,158,2023-10-12,1,2
54776,6007,308,2023-08-02,5,10
54781,153,139,2023-03-03,1,2
54788,2620,210,2023-04-02,1,0
54804,6473,290,2023-08-02,2,0
54805,580,248,2023-06-11,3,5
54806,6583,386,2023-10-12,1,5
54809,474,567,2023-07-04,3,10
54813,6419,236,2023-05-02,2,0
54818,8906,547,2023-05-11,5,0
54821,4899,553,2023-12-05,3,0
54822,4270,196,2023-01-02,1,0
54845,2316,235,2023-09-01,1,0
54846,2101,345,2023-10-01,5,0
54847,870,282,2023-03-05,4,2
54855,3855,420,2023-02-08,3,0
54867,462,134,2023-04-07,3,0
54888,7200,265,2023-01-09,2,0
54891,5807,574,2023-12-08,1,2
54896,9378,388,2023-08-01,2,0
54908,9688,492,2023-05-06,1,0
54924,7352,155,2023-07-08,3,0
54926,7057,477,2023-01-04,2,5
54927,1747,444,2023-09-05,2,10
54930,2565,472,2023-03-01,1,0
54934,1874,518,2023-11-04,1,5
54935,3780,554,2023-02-02,2,0
54940,5364,524,2023-01-09,3,2
54947,2057,367,2023-03-02,1,10
54950,8249,412,2023-03-12,2,2
54956,2251,592,2023-03-01,2,0
54967,1912,280,2023-11-07,1,0
54970,8666,511,2023-10-11,2,2
54973,3810,536,2023-10-01,2,0
54975,8100,269,2023-04-08,1,2
54978,3737,427,2023-04-02,1,2
54982,5458,467,2023-11-02,2,2
54991,2321,307,2023-07-09,2,2
54995,8115,309,2023-07-11,1,20
55017,5726,167,2023-06-12,1,0
55022,4890,210,2023-03-04,4,2
55025,5753,137,2023-03-07,2,10
55028,29,281,2023-09-05,4,5
55029,94,443,2023-07-11,5,2
55034,3204,444,2023-05-05,4,0
55035,6570,554,2023-11-07,1,2
55038,7183,229,2023-07-02,3,0
55046,1793,543,2023-08-02,1,15
55047,3952,407,2023-10-05,3,0
55065,5969,486,2023-07-01,1,0
55070,9526,190,2023-09-11,3,15
55082,1243,523,2023-09-07,1,0
55098,824,241,2023-03-02,2,0
55102,5129,532,2023-05-03,1,2
55103,1877,193,2023-05-07,1,0
55108,905,317,2023-06-11,3,0
55118,5213,422,2023-11-12,1,0
55121,1819,599,2023-12-04,3,0
55123,4679,133,2023-01-05,3,0
55131,4218,203,2023-03-11,1,0
55139,7696,214,2023-01-06,3,5
55158,2888,554,2023-09-10,2,5
55181,2864,118,2023-10-02,2,0
55192,6452,283,2023-03-01,3,0
55202,8896,319,2023-03-09,1,0
55205,9193,268,2023-10-10,2,5
55206,2244,430,2023-04-03,2,0
55207,5417,394,2023-01-06,1,0
55208,7820,357,2023-06-06,3,2
55214,7544,344,2023-08-09,4,15
55221,187,152,2023-02-08,2,0
55225,661,596,2023-09-07,3,0
55237,2079,300,2023-02-11,3,5
55255,240,140,2023-10-02,1,2
55259,1255,251,2023-02-09,3,0
55261,5301,429,2023-10-08,1,2
55262,5709,241,2023-06-11,4,10
55267,4897,274,2023-05-02,2,0
55274,8336,255,2023-07-06,1,0
55275,2442,294,2023-05-02,3,10
55278,759,225,2023-08-07,3,2
55287,8448,448,2023-05-02,2,10
55296,5884,226,2023-01-10,3,10
55304,7862,540,2023-03-11,1,5
55309,5839,559,2023-06-07,1,0
55315,2306,560,2023-10-10,2,10
55324,6531,473,2023-09-06,2,0
55332,5928,227,2023-08-05,3,15
55336,2599,244,2023-05-03,1,0
55353,3809,374,2023-06-06,3,10
55362,6620,178,2023-05-09,1,5
55380,4391,343,2023-02-01,3,0
55382,2227,205,2023-01-07,2,0
55388,4413,228,2023-03-05,2,0
55408,6542,209,2023-12-12,3,0
55419,1326,416,2023-05-09,3,2
55426,3381,428,2023-04-06,3,0
55434,4960,459,2023-12-09,4,2
55439,9258,144,2023-11-05,1,0
55452,2586,227,2023-11-08,2,2
55457,6455,141,2023-04-06,2,5
55459,8416,439,2023-07-10,2,2
55460,198,526,2023-01-04,1,2
55470,7154,279,2023-11-08,1,0
55471,4618,547,2023-02-05,1,10
55474,6651,329,2023-03-04,1,0
55486,1941,300,2023-06-05,1,0
55493,3942,549,2023-09-10,1,5
55506,9378,576,2023-12-08,1,5
55507,5387,300,2023-10-01,4,5
55518,1815,291,2023-10-09,1,5
55524,6175,141,2023-05-03,2,0
55527,920,229,2023-07-04,2,0
55529,9215,400,2023-06-07,3,5
55532,551,524,2023-01-05,1,0
55539,7002,460,2023-10-11,3,5
55542,7824,149,2023-10-06,1,0
55543,5878,556,2023-06-12,3,0
55544,4770,534,2023-10-04,1,5
55547,2176,578,2023-02-12,1,20
55551,703,272,2023-09-10,1,2
55552,3384,306,2023-07-01,2,2
55555,168,516,2023-05-11,1,2
55556,1550,552,2023-11-04,4,0
55560,5847,166,2023-06-11,1,10
55561,1528,241,2023-01-04,4,2
55569,8906,392,2023-01-09,4,0
55574,4088,493,2023-04-11,1,0
55583,1560,544,2023-12-08,1,5
55597,6744,589,2023-08-11,1,0
55598,1243,221,2023-08-07,1,0
55602,5702,152,2023-06-08,1,5
55614,4248,422,2023-04-01,1,5
55616,1261,178,2023-02-01,1,0
55624,72,376,2023-08-09,2,0
55628,3627,537,2023-07-09,2,2
55636,4895,206,2023-12-08,2,0
55637,8538,557,2023-04-03,1,0
55641,8835,465,2023-04-07,2,0
55644,3886,289,2023-03-11,1,15
55657,1543,567,2023-01-06,2,5
55662,6739,248,2023-09-04,1,2
55664,5347,200,2023-01-02,1,0
55667,4915,291,2023-04-01,1,2
55676,1588,257,2023-04-11,5,0
55678,7828,329,2023-05-02,1,0
55680,3445,499,2023-05-07,2,15
55686,2162,174,2023-03-06,1,0
55696,2276,122,2023-08-10,4,10
55697,2261,171,2023-05-12,2,0
55700,9846,505,2023-11-09,5,2
55704,6626,523,2023-06-08,3,2
55705,6678,217,2023-02-07,2,0
55707,7665,391,2023-06-06,2,2
55712,1850,229,2023-07-10,1,5
55717,8837,397,2023-10-02,2,0
55720,6966,497,2023-01-01,1,5
55734,9689,108,2023-09-04,3,2
55739,7235,466,2023-10-06,1,5
55775,9785,210,2023-10-02,1,0
55780,4050,192,2023-11-07,4,2
55795,7739,577,2023-10-11,1,0
55800,9352,297,2023-04-12,1,2
55803,9450,569,2023-09-07,2,5
55812,8744,296,2023-05-05,2,0
55817,4885,561,2023-01-10,1,15
55855,4719,101,2023-12-08,5,2
55857,5430,123,2023-08-08,1,0
55876,1877,213,2023-03-03,1,15
55880,7428,357,2023-08-03,2,20
55884,3315,589,2023-09-02,3,0
55887,2655,563,2023-01-07,3,0
55896,6910,581,2023-05-06,2,5
55905,6588,228,2023-12-09,3,0
55909,9243,200,2023-11-09,3,0
55912,1130,179,2023-12-01,2,15
55918,9184,424,2023-03-06,3,0
55924,7294,198,2023-07-08,1,0
55946,4962,457,2023-02-10,1,0
55956,5835,498,2023-12-07,2,10
55957,5658,255,2023-02-12,3,0
55987,732,252,2023-05-01,1,0
55989,8152,471,2023-04-08,3,0
55990,8538,400,2023-08-12,1,5
55995,5578,135,2023-01-05,1,0
56000,1649,120,2023-09-12,1,0
56006,7166,397,2023-09-07,3,0
56012,9477,573,2023-09-02,1,0
56028,5559,374,2023-07-11,1,0
56029,2884,242,2023-03-11,1,5
56038,397,415,2023-10-06,4,0
56042,4319,226,2023-06-06,1,0
56047,2436,212,2023-03-09,1,10
56049,7827,200,2023-07-02,2,10
56060,4199,164,2023-11-02,1,10
56068,1407,574,2023-04-08,1,0
56094,267,168,2023-11-06,1,0
56097,5423,218,2023-08-05,2,0
56101,901,126,2023-03-11,4,0
56106,5928,554,2023-07-12,5,0
56107,7478,283,2023-04-05,3,5
56110,7967,250,2023-04-09,5,10
56114,4686,247,2023-04-09,3,0
56126,9639,376,2023-06-11,1,15
56137,4910,368,2023-02-08,2,0
56144,9708,466,2023-03-11,4,0
56147,3365,458,2023-06-07,3,0
56150,142,251,2023-05-07,2,5
56154,1938,201,2023-05-05,2,5
56161,3780,181,2023-12-03,1,0
56180,8258,513,2023-05-03,1,0
56190,6258,595,2023-06-03,2,20
56198,6839,450,2023-09-07,1,10
56214,3531,274,2023-12-08,1,15
56222,190,600,2023-07-05,1,0
56226,411,146,2023-04-06,2,0
56231,3723,504,2023-07-04,1,0
56232,7553,102,2023-07-04,3,0
56238,3032,212,2023-07-07,2,0
56239,5344,195,2023-06-05,3,0
56245,6131,195,2023-12-07,3,0
56246,2704,219,2023-04-03,2,0
56262,7732,595,2023-07-03,1,10
56270,3328,546,2023-10-10,1,0
56288,426,131,2023-12-03,1,0
56313,983,244,2023-04-09,1,2
56314,9290,447,2023-12-01,3,0
56317,5935,488,2023-03-05,5,10
56318,5300,512,2023-03-11,2,5
56328,7031,104,2023-05-04,1,2
56332,8197,580,2023-09-12,3,0
56333,8092,497,2023-10-12,2,0
56336,1922,524,2023-02-07,4,0
56352,4475,547,2023-08-02,1,0
56358,1326,447,2023-09-01,2,0
56367,4396,161,2023-09-05,1,10
56370,3615,411,2023-01-03,3,2
56379,2095,270,2023-03-11,1,0
56382,3085,110,2023-01-08,1,0
56392,4014,324,2023-05-09,3,0
56394,6355,154,2023-11-03,2,0
56399,2349,247,2023-02-10,1,0
56402,6620,284,2023-08-07,3,5
56407,1726,147,2023-07-10,1,2
56411,1836,289,2023-11-01,3,0
56420,8998,181,2023-05-11,2,0
56426,3065,137,2023-12-04,1,0
56439,1138,420,2023-09-08,1,10
56444,6280,240,2023-07-01,3,0
56454,1153,530,2023-03-05,2,5
56462,6505,347,2023-03-04,3,2
56469,1329,438,2023-05-11,2,0
56477,8453,105,2023-01-12,3,10
56484,6989,138,2023-11-10,1,0
56496,71,120,2023-06-06,3,0
56501,2510,318,2023-09-06,1,0
56503,9202,369,2023-09-06,1,2
56504,1701,253,2023-10-01,1,0
56513,754,298,2023-11-10,3,2
56529,1083,562,2023-11-06,1,5
56533,3121,334,2023-09-05,1,0
56539,926,491,2023-12-03,1,0
56544,6849,121,2023-11-09,4,10
56556,2652,217,2023-08-04,1,0
56575,1588,309,2023-03-07,1,15
56587,9859,241,2023-03-01,1,10
56590,7036,546,2023-01-05,2,0
56591,5015,137,2023-05-05,1,0
56608,9290,145,2023-03-02,1,0
56623,9462,468,2023-05-08,3,0
56625,7598,439,2023-09-03,3,10
56633,2749,506,2023-04-12,3,15
56639,7429,360,2023-03-07,3,0
56647,1909,202,2023-09-08,2,0
56650,1837,572,2023-05-05,2,0
56656,6720,536,2023-06-07,3,0
56662,2208,539,2023-09-10,2,5
56664,5814,567,2023-07-04,4,2
56666,8931,323,2023-08-01,4,0
56669,3374,258,2023-05-03,1,0
56681,4359,215,2023-07-03,1,0
56684,1891,383,2023-08-02,3,0
56686,9357,445,2023-10-01,2,0
56688,348,569,2023-05-08,2,15
56697,4110,559,2023-09-03,1,2
56703,905,244,2023-10-08,1,5
56704,8377,159,2023-08-07,2,5
56705,1528,277,2023-09-10,4,0
56706,9691,552,2023-03-07,2,5
56714,8461,249,2023-05-03,3,15
56716,4391,390,2023-10-07,3,2
56718,8530,260,2023-08-02,1,2
56721,6529,109,2023-07-12,2,2
56722,9557,463,2023-06-09,3,0
56723,2109,520,2023-03-02,2,10
56734,7048,392,2023-10-04,2,0
56740,6270,341,2023-09-01,1,0
56749,1919,433,2023-05-02,1,0
56756,8282,384,2023-05-04,2,10
56757,1314,320,2023-01-03,1,2
56764,9991,295,2023-10-01,2,0
56765,6046,348,2023-02-11,2,2
56770,2964,469,2023-08-10,5,0
56780,2268,271,2023-02-12,1,0
56782,9576,419,2023-02-12,4,15
56784,5580,282,2023-05-09,1,0
56791,5378,197,2023-10-05,2,10
56793,7419,353,2023-12-08,3,2
56799,7827,597,2023-01-04,3,0
56800,8140,462,2023-04-04,2,0
56821,1466,305,2023-02-01,2,0
56826,5973,157,2023-10-04,1,20
56834,951,331,2023-06-03,2,0
56835,5992,565,2023-11-01,2,0
56836,3346,141,2023-08-02,1,2
56841,6956,107,2023-02-01,3,5
56842,7022,489,2023-07-09,1,0
56848,703,469,2023-03-02,1,0
56851,1404,286,2023-02-05,1,0
56860,5618,599,2023-03-05,1,5
56873,7682,204,2023-10-06,3,0
56876,981,337,2023-12-06,1,2
56881,7072,108,2023-07-10,1,0
56882,4509,191,2023-11-04,1,10
56886,7076,338,2023-01-08,2,0
56894,756,519,2023-09-02,5,0
56895,9079,240,2023-01-07,1,0
56900,8090,411,2023-01-09,1,10
56905,5879,434,2023-02-06,2,15
56909,8746,325,2023-01-10,3,2
56916,240,581,2023-06-10,1,0
56923,3500,418,2023-10-09,2,0
56926,5621,247,2023-03-04,1,2
56939,9112,266,2023-06-10,3,2
56956,8869,263,2023-04-11,3,0
56957,6403,530,2023-11-06,2,2
56958,577,255,2023-08-04,2,2
56972,2722,299,2023-07-07,2,2
56973,303,120,2023-10-06,1,0
56975,1790,275,2023-10-08,2,0
56978,3849,193,2023-08-02,1,0
56984,9280,417,2023-05-05,3,15
56987,11,369,2023-10-06,4,0
57002,878,438,2023-05-07,1,2
57014,8064,212,2023-11-06,5,10
57018,3173,302,2023-01-06,3,5
57037,6890,558,2023-05-07,2,0
57040,9700,381,2023-09-04,2,0
57044,2211,176,2023-10-04,1,0
57048,930,445,2023-04-10,5,2
57050,7285,491,2023-06-12,1,0
57063,8090,162,2023-09-11,2,0
57068,3479,357,2023-02-01,1,2
57086,6280,275,2023-06-05,3,0
57095,5387,193,2023-06-12,1,2
57112,2573,354,2023-08-11,1,0
57123,8794,356,2023-11-12,1,10
57136,7080,277,2023-08-06,4,0
57140,647,177,2023-08-03,1,0
57145,198,194,2023-04-05,5,0
57151,1167,182,2023-12-03,1,5
57157,2268,110,2023-10-10,1,0
57170,8072,206,2023-06-11,1,15
57174,1232,115,2023-12-03,5,0
57175,1801,263,2023-01-05,1,0
57210,5878,600,2023-10-04,1,2
57219,1593,360,2023-11-12,1,10
57220,8467,205,2023-06-08,1,5
57222,9487,178,2023-08-12,1,2
57240,9945,401,2023-08-06,1,15
57243,8220,456,2023-12-07,3,0
57245,4833,326,2023-12-02,3,15
57246,7072,415,2023-09-08,1,0
57249,5807,392,2023-07-06,1,0
57251,7031,320,2023-02-10,2,0
57261,6651,298,2023-06-10,3,10
57268,6600,224,2023-09-09,3,0
57272,992,413,2023-12-12,1,0
57279,5362,278,2023-11-11,4,0
57284,6036,555,2023-07-07,1,0
57285,662,349,2023-05-01,4,2
57299,7396,324,2023-08-11,2,0
57310,6451,209,2023-02-11,5,15
57321,6950,407,2023-07-03,2,10
57326,6523,152,2023-05-02,2,0
57327,856,596,2023-04-11,1,5
57332,5898,353,2023-10-10,1,0
57333,4695,287,2023-02-11,4,0
57336,561,335,2023-12-02,4,5
57343,3073,370,2023-01-08,3,0
57349,5649,437,2023-01-04,1,2
57360,3326,498,2023-04-09,1,10
57363,7419,466,2023-01-09,1,0
57369,7083,507,2023-10-06,3,0
57373,2552,345,2023-03-02,2,0
57377,1381,459,2023-03-10,2,0
57387,8075,131,2023-07-09,2,0
57389,4738,189,2023-02-08,1,2
57400,2088,430,2023-05-06,2,2
57406,4034,361,2023-08-07,2,2
57419,9991,473,2023-04-06,1,5
57420,8965,195,2023-08-07,1,10
57422,5350,265,2023-06-08,1,0
57425,2277,499,2023-02-08,2,10
57432,4311,522,2023-03-01,1,5
57438,3577,466,2023-07-07,1,0
57441,2734,110,2023-08-01,2,0
57448,3623,545,2023-11-07,2,15
57449,5979,443,2023-04-04,2,0
57451,3697,260,2023-06-11,2,15
57453,6328,146,2023-10-12,3,5
57461,869,256,2023-01-02,2,10
57464,3021,433,2023-10-08,1,5
57478,5449,283,2023-11-09,3,0
57482,8324,353,2023-03-08,1,5
57492,6508,255,2023-11-06,1,0
57505,9745,297,2023-06-05,2,5
57514,5393,164,2023-02-10,1,0
57524,8281,516,2023-05-03,4,0
57525,2302,567,2023-12-02,3,5
57530,5317,466,2023-09-11,2,0
57531,6153,564,2023-05-10,1,2
57533,8091,502,2023-10-11,2,2
57543,339,521,2023-04-09,4,0
57548,4330,517,2023-09-05,1,0
57552,6674,172,2023-11-07,3,15
57559,4852,578,2023-02-05,4,0
57583,297,558,2023-01-01,2,0
57590,2189,558,2023-05-12,1,0
57591,7778,291,2023-07-10,2,0
57592,1542,388,2023-11-02,2,0
57608,5133,519,2023-07-08,1,5
57610,7904,407,2023-11-07,1,2
57613,6207,197,2023-09-05,1,0
57617,1225,370,2023-12-10,4,0
57622,4368,246,2023-09-04,3,0
57626,3904,365,2023-06-03,2,5
57631,7553,498,2023-12-09,2,0
57633,9699,501,2023-05-11,1,10
57643,2174,107,2023-08-01,1,0
57645,8317,377,2023-02-02,1,2
57652,5964,322,2023-11-04,4,2
57657,4088,371,2023-08-02,1,0
57661,7070,513,2023-01-04,1,2
57667,4811,425,2023-10-11,1,5
57682,6067,554,2023-08-09,1,0
57694,7152,366,2023-11-03,1,5
57700,4231,564,2023-07-07,1,0
57705,731,148,2023-10-08,4,0
57713,7820,405,2023-05-11,1,2
57715,3598,196,2023-04-11,4,0
57724,2517,145,2023-10-08,1,0
57728,5018,131,2023-09-08,1,2
57731,9595,430,2023-03-08,1,0
57732,9640,439,2023-09-07,2,0
57736,3936,339,2023-03-11,1,5
57740,1166,530,2023-06-04,4,0
57752,5172,225,2023-02-09,4,0
57763,7749,509,2023-10-06,1,0
57769,4019,185,2023-07-06,1,0
57770,2078,315,2023-04-11,4,0
57774,2175,304,2023-02-02,3,0
57787,2783,212,2023-03-04,1,2
57794,4765,437,2023-01-12,1,5
57802,5102,313,2023-07-03,3,2
57803,6391,520,2023-09-01,2,0
57824,8474,437,2023-03-02,3,0
57830,6015,497,2023-07-09,1,5
57835,6378,425,2023-07-07,1,0
57856,2729,400,2023-03-08,1,0
57863,2801,176,2023-08-05,2,5
57877,1820,329,2023-12-12,2,5
57880,7891,165,2023-02-01,1,0
57884,1323,523,2023-06-07,3,10
57889,9789,188,2023-07-11,1,5
57890,3594,539,2023-10-12,5,0
57918,5856,285,2023-05-05,3,15
57924,634,289,2023-03-04,1,0
57925,1588,525,2023-06-02,3,0
57928,9001,137,2023-10-05,1,10
57932,3008,403,2023-12-04,1,0
57942,4103,515,2023-08-05,2,0
57943,8342,223,2023-05-05,1,0
57947,9884,202,2023-12-09,3,0
57948,6564,215,2023-01-05,2,0
57951,901,521,2023-10-07,1,0
57960,9184,352,2023-10-01,1,10
57969,755,268,2023-08-10,3,0
57973,5146,149,2023-03-07,1,10
57974,1039,571,2023-10-09,1,5
57979,6620,145,2023-12-09,2,15
57982,1538,379,2023-03-12,4,0
57984,760,412,2023-04-08,1,0
57987,2693,241,2023-05-04,1,10
57993,7308,475,2023-01-08,2,0
57994,6352,208,2023-09-05,2,0
58003,4410,361,2023-04-10,1,0
58006,6258,135,2023-10-11,1,2
58010,9997,152,2023-03-07,1,0
58012,6966,214,2023-02-01,1,0
58015,9631,471,2023-08-09,1,5
58018,2022,453,2023-04-03,1,5
58031,4116,480,2023-06-03,2,5
58038,9285,509,2023-03-02,3,0
58040,2036,400,2023-03-07,1,5
58052,49,369,2023-12-03,4,5
58057,3805,508,2023-10-09,1,0
58062,7892,324,2023-10-04,1,2
58074,2706,242,2023-08-08,1,0
58076,6475,539,2023-12-01,1,0
58079,277,174,2023-07-11,2,0
58084,7523,231,2023-10-10,2,10
58089,3755,280,2023-10-06,2,0
58092,3720,545,2023-11-12,2,5
58098,1685,497,2023-05-02,1,0
58112,278,425,2023-08-12,2,2
58114,9729,238,2023-05-07,1,0
58116,5701,115,2023-12-02,1,0
58123,3032,534,2023-01-03,2,5
58129,7508,182,2023-07-03,1,0
58139,4213,147,2023-03-08,2,10
58156,1067,162,2023-05-12,3,0
58157,7849,237,2023-06-10,1,0
58162,7130,252,2023-01-03,2,0
58163,4840,119,2023-02-02,3,2
58172,6924,371,2023-07-03,3,5
58183,9283,492,2023-05-07,2,0
58186,4704,202,2023-04-12,3,2
58187,2481,527,2023-11-06,3,0
58192,7820,303,2023-04-12,4,2
58199,7528,323,2023-06-12,5,0
58214,6252,410,2023-01-10,2,0
58225,6165,585,2023-05-11,4,5
58249,4875,294,2023-10-12,1,0
58251,5518,527,2023-05-07,3,0
58266,7067,488,2023-06-10,2,0
58267,8367,383,2023-10-02,4,2
58286,3700,503,2023-03-02,1,2
58289,4835,120,2023-05-11,2,0
58298,8907,238,2023-01-05,1,0
58305,1624,465,2023-12-10,1,2
58306,6060,521,2023-01-06,1,0
58311,7784,250,2023-10-10,1,10
58315,7938,486,2023-07-04,1,2
58323,9205,116,2023-12-10,1,0
58332,9228,114,2023-09-04,2,20
58339,6683,152,2023-08-02,1,10
58343,9004,356,2023-06-06,1,5
58350,9349,384,2023-02-04,5,0
58353,6989,374,2023-08-10,3,20
58368,4961,252,2023-11-07,4,0
58376,4890,494,2023-12-05,3,15
58382,7504,473,2023-03-03,2,5
58386,3129,217,2023-11-05,1,0
58388,9521,541,2023-01-10,1,5
58390,8690,555,2023-04-06,1,0
58392,3072,158,2023-06-02,4,2
58402,7144,268,2023-03-10,4,0
58405,8056,316,2023-02-09,2,0
58415,956,137,2023-04-03,3,5
58418,4827,145,2023-08-12,1,0
58421,8399,202,2023-11-08,3,15
58442,8417,583,2023-07-07,1,15
58446,3365,177,2023-03-03,1,5
58460,7904,293,2023-05-12,1,0
58465,9578,288,2023-02-01,2,0
58472,2311,306,2023-06-09,3,0
58487,2815,318,2023-11-10,3,2
58508,1794,506,2023-01-11,2,0
58509,2418,299,2023-03-06,1,0
58512,7405,526,2023-08-10,4,5
58521,3327,407,2023-06-12,1,5
58534,8325,370,2023-03-09,3,0
58535,5205,590,2023-11-12,1,0
58537,9297,457,2023-12-09,2,2
58548,7055,261,2023-04-02,2,2
58574,7002,449,2023-03-02,1,0
58580,5637,501,2023-11-08,1,0
58593,5737,582,2023-02-01,3,0
58594,5795,305,2023-05-09,3,0
58600,830,359,2023-01-04,1,10
58610,8885,368,2023-09-11,2,0
58611,5893,256,2023-07-10,1,5
58612,5994,114,2023-12-10,2,0
58614,7518,327,2023-03-07,3,0
58615,5771,297,2023-10-08,2,0
58623,1213,581,2023-05-06,3,5
58635,197,560,2023-07-06,1,0
58652,1725,292,2023-05-11,5,2
58664,8587,275,2023-04-09,2,0
58684,8882,285,2023-02-07,1,0
58685,4323,534,2023-10-02,3,0
58688,9535,402,2023-07-08,2,0
58697,1261,566,2023-07-07,1,5
58716,4461,148,2023-03-04,3,0
58717,2709,137,2023-11-03,3,0
58729,518,286,2023-10-05,1,0
58734,6505,409,2023-01-04,2,15
58735,7572,422,2023-06-07,1,10
58737,3257,410,2023-12-11,3,0
58743,9266,555,2023-11-10,1,5
58745,2833,244,2023-10-06,3,5
58746,9359,479,2023-09-05,2,0
58749,1562,512,2023-03-05,1,0
58752,3056,438,2023-01-04,5,10
58761,3533,536,2023-01-02,2,10
58762,4969,144,2023-12-04,2,0
58770,1808,283,2023-12-04,5,0
58791,9579,228,2023-03-01,3,10
58798,5427,547,2023-03-01,1,10
58806,3775,370,2023-01-04,1,0
58811,2997,105,2023-12-01,2,2
58813,1622,190,2023-05-09,1,2
58819,8278,530,2023-02-10,2,0
58825,9205,335,2023-09-07,4,0
58834,3069,464,2023-10-10,3,0
58838,1598,572,2023-01-02,1,2
58839,340,177,2023-02-05,1,0
58842,5760,204,2023-11-10,3,0
58846,9811,404,2023-09-09,3,0
58861,3841,126,2023-03-05,2,0
58862,5630,170,2023-12-02,1,0
58866,1101,360,2023-11-06,1,10
58875,9074,353,2023-04-07,1,0
58883,4337,498,2023-11-08,3,10
58885,6096,345,2023-04-10,3,0
58904,9462,494,2023-03-02,2,5
58916,7606,260,2023-02-01,1,10
58922,4747,116,2023-05-12,3,5
58926,1250,102,2023-11-07,1,2
58931,8728,536,2023-07-08,1,5
58943,459,572,2023-05-06,2,0
58947,6512,369,2023-06-12,1,0
58948,7528,161,2023-08-02,1,2
58956,6771,495,2023-12-08,1,2
58962,4375,506,2023-03-01,1,5
58968,2268,456,2023-09-09,1,0
58989,1531,348,2023-05-04,3,0
59004,7037,365,2023-04-08,1,0
59007,771,311,2023-08-03,2,0
59021,2467,470,2023-08-07,1,5
59029,8228,485,2023-05-11,5,10
59030,1025,584,2023-09-09,2,0
59031,7999,530,2023-06-10,1,0
59035,6488,142,2023-04-04,2,15
59039,5940,408,2023-07-11,3,10
59041,930,172,2023-12-08,3,0
59049,9475,190,2023-03-10,1,5
59056,7638,326,2023-02-06,1,0
59063,3492,224,2023-05-10,2,15
59069,5766,369,2023-12-11,2,0
59076,7188,449,2023-07-09,1,0
59078,3959,112,2023-10-11,5,15
59083,8753,534,2023-05-07,1,0
59100,9801,460,2023-12-12,1,0
59102,4731,237,2023-11-08,4,0
59105,8655,415,2023-09-09,1,0
59107,2684,489,2023-10-08,4,0
59108,2538,594,2023-02-07,2,10
59109,7249,176,2023-05-07,4,0
59110,4994,528,2023-11-03,2,0
59114,8972,325,2023-02-06,2,0
59117,1819,162,2023-01-05,1,0
59123,6948,226,2023-08-01,1,0
59129,3128,366,2023-02-09,1,5
59139,5981,510,2023-11-11,2,0
59145,223,271,2023-10-03,3,0
59156,3378,519,2023-11-01,3,5
59158,1235,553,2023-12-10,2,2
59159,8091,580,2023-05-07,1,0
59163,1180,446,2023-06-12,2,0
59170,2388,431,2023-02-12,3,10
59178,4215,502,2023-07-08,1,5
59179,1902,503,2023-06-07,4,20
59187,2261,123,2023-09-04,3,0
59192,1531,212,2023-05-09,1,5
59198,9130,374,2023-08-03,2,5
59220,8691,351,2023-01-08,1,2
59241,397,333,2023-02-10,1,0
59251,341,546,2023-04-05,2,0
59254,897,477,2023-11-05,1,0
59259,8668,156,2023-03-11,1,0
59262,9898,379,2023-10-09,5,0
59263,9200,317,2023-03-05,1,0
59267,1828,331,2023-01-11,1,2
59284,5087,518,2023-01-06,2,0
59285,6097,598,2023-01-03,2,0
59289,2414,405,2023-07-02,1,0
59294,4852,418,2023-03-04,1,0
59295,3381,454,2023-04-03,3,5
59299,5427,371,2023-06-08,1,10
59302,6505,446,2023-11-09,2,5
59323,4388,391,2023-09-02,2,10
59328,4706,229,2023-05-12,2,2
59342,916,174,2023-09-10,1,2
59350,3485,164,2023-08-02,5,5
59354,7665,464,2023-11-05,2,10
59370,5204,593,2023-02-12,1,0
59373,5338,422,2023-06-10,5,10
59374,9707,340,2023-07-10,2,0
59380,9570,157,2023-07-02,2,0
59385,3947,449,2023-12-02,1,0
59387,6109,311,2023-03-07,2,5
59389,5620,566,2023-01-08,3,2
59405,9562,257,2023-04-07,2,5
59418,6186,474,2023-08-01,3,20
59423,6432,536,2023-05-09,1,10
59430,7256,350,2023-03-10,1,5
59438,4320,569,2023-11-06,3,0
59442,2602,541,2023-01-08,1,2
59464,7084,342,2023-07-05,2,0
59480,3290,462,2023-04-12,3,2
59509,9436,442,2023-12-04,3,0
59518,7279,386,2023-11-06,1,20
59523,7785,589,2023-04-02,2,10
59525,72,459,2023-06-10,2,2
59536,3186,496,2023-10-07,1,0
59545,3069,153,2023-06-08,1,0
59550,136,103,2023-03-11,1,0
59552,2079,481,2023-02-05,3,0
59553,4168,135,2023-10-08,1,5
59555,7047,288,2023-05-07,1,0
59562,4281,536,2023-04-05,1,5
59566,1912,382,2023-11-03,1,0
59576,4152,566,2023-05-07,1,0
59578,4461,538,2023-11-09,3,0
59584,7623,215,2023-01-09,1,15
59587,4039,160,2023-03-07,2,0
59598,9812,539,2023-04-07,1,0
59600,7002,188,2023-11-03,1,10
59601,5583,215,2023-02-10,2,0
59619,3874,568,2023-10-06,2,2
59625,9086,228,2023-05-03,4,0
59628,1688,250,2023-04-01,1,0
59636,2744,422,2023-02-02,4,0
59644,9979,228,2023-09-05,1,0
59651,8270,249,2023-03-02,1,0
59679,7037,574,2023-07-11,1,0
59684,8442,599,2023-03-02,1,0
59685,1920,439,2023-10-05,3,0
59693,4393,353,2023-09-02,1,0
59699,9686,252,2023-08-08,1,10
59720,5130,328,2023-11-10,5,5
59731,8367,386,2023-05-08,1,0
59739,2103,355,2023-10-06,1,0
59749,2678,158,2023-06-02,1,0
59752,6198,169,2023-03-08,5,0
59763,5757,152,2023-09-12,1,10
59769,4237,352,2023-07-07,1,5
59770,2582,477,2023-08-05,2,0
59771,3346,195,2023-10-11,1,0
59778,9287,252,2023-02-11,5,0
59786,6639,531,2023-07-06,4,10
59799,6165,168,2023-11-05,1,0
59801,3013,288,2023-06-04,2,0
59807,7393,156,2023-01-07,1,0
59831,9973,232,2023-08-09,1,0
59862,5111,554,2023-01-06,2,0
59866,3501,447,2023-06-12,1,0
59874,7525,226,2023-02-08,2,0
59879,9898,529,2023-02-05,3,5
59887,5146,313,2023-06-02,1,0
59900,489,270,2023-07-04,3,0
59902,7781,547,2023-06-03,1,0
59909,1595,583,2023-06-01,3,0
59911,5464,224,2023-05-01,2,0
59914,3986,263,2023-10-10,1,0
59933,2139,326,2023-06-11,1,0
59950,2297,261,2023-08-02,3,5
59963,9617,454,2023-04-03,2,0
59969,2005,300,2023-10-02,2,0
59972,892,325,2023-09-05,3,0
59976,6628,190,2023-11-01,1,0
59989,821,519,2023-06-10,1,15
59997,6027,537,2023-09-03,1,10
60003,8648,277,2023-09-10,1,0
60010,1922,314,2023-06-03,1,0
60012,4960,125,2023-06-06,1,10
60020,6620,451,2023-01-12,1,0
60029,4437,357,2023-10-02,1,10
60034,8136,350,2023-03-11,1,0
60046,6547,448,2023-01-11,2,0
60048,5496,381,2023-02-03,2,2
60076,3598,460,2023-08-03,2,0
60090,6937,473,2023-08-11,3,2
60122,7244,122,2023-03-01,1,10
60123,905,119,2023-02-09,1,10
60137,2251,530,2023-12-06,2,0
60141,1900,421,2023-01-03,2,2
60152,5518,523,2023-12-01,1,0
60160,6937,165,2023-07-11,2,0
60177,4549,197,2023-02-05,2,0
60178,2281,462,2023-09-07,1,0
60188,1686,281,2023-03-11,1,10
60199,156,326,2023-12-12,1,15
60200,3936,196,2023-02-04,1,2
60207,4428,122,2023-01-04,1,5
60213,7883,400,2023-03-12,2,2
60226,2456,161,2023-07-09,4,0
60235,4621,579,2023-08-01,1,5
60242,1568,568,2023-12-10,1,0
60243,5777,136,2023-09-06,1,5
60267,523,143,2023-02-05,4,0
60268,9012,378,2023-10-09,2,0
60269,1804,238,2023-10-04,2,0
60275,5396,530,2023-08-07,1,0
60278,4579,545,2023-12-12,1,10
60285,1428,372,2023-03-06,1,0
60287,4171,467,2023-03-03,4,0
60297,9207,599,2023-12-02,2,0
60308,4965,553,2023-11-12,1,0
60311,7300,436,2023-06-06,1,0
60314,3461,400,2023-10-04,1,15
60318,9390,497,2023-04-03,3,2
60319,5747,442,2023-05-03,1,10
60324,9888,356,2023-03-01,2,0
60334,194,113,2023-02-03,1,10
60336,6626,266,2023-03-07,1,0
60339,5751,124,2023-08-03,1,5
60364,6392,413,2023-08-03,2,5
60368,4120,485,2023-07-03,1,2
60370,5981,384,2023-02-06,1,0
60373,896,181,2023-12-11,4,5
60375,2574,511,2023-06-04,2,0
60378,6586,426,2023-03-08,1,5
60387,3049,586,2023-06-07,3,10
60393,3810,444,2023-01-05,1,10
60413,4384,210,2023-05-02,2,2
60422,7289,154,2023-03-03,2,0
60441,8042,497,2023-11-07,3,0
60443,3851,419,2023-03-02,3,5
60448,9521,304,2023-08-12,4,5
60464,1702,495,2023-06-07,5,0
60477,6786,391,2023-05-11,1,0
60478,8839,330,2023-07-05,3,2
60489,682,593,2023-03-06,3,10
60498,2714,167,2023-07-01,5,0
60505,5600,128,2023-02-05,2,2
60532,1374,429,2023-05-11,1,0
60533,2802,370,2023-06-02,1,5
60551,1487,517,2023-03-12,1,0
60561,5300,328,2023-04-06,1,2
60564,736,258,2023-12-04,2,0
60579,9021,134,2023-09-11,5,2
60590,5484,276,2023-12-07,2,0
60605,6031,332,2023-04-01,1,0
60608,3148,209,2023-09-11,4,10
60632,3486,576,2023-10-02,2,5
60638,5751,295,2023-04-05,1,0
60640,8767,513,2023-07-10,2,0
60645,8835,485,2023-11-12,3,0
60650,4867,225,2023-07-08,3,2
60662,5331,512,2023-10-06,2,2
60666,1253,402,2023-10-06,3,0
60678,9361,563,2023-05-08,1,0
60679,9939,167,2023-06-04,2,10
60685,5368,598,2023-10-03,1,2
60688,5807,575,2023-03-05,1,5
60690,9829,570,2023-12-05,2,0
60698,6626,302,2023-04-04,2,2
60715,4420,173,2023-05-04,1,0
60719,6466,344,2023-12-12,1,5
60724,8184,462,2023-10-10,3,0
60732,8516,468,2023-07-11,1,0
60740,3663,322,2023-03-01,3,0
60745,1040,256,2023-09-03,1,2
60748,9587,332,2023-09-10,2,2
60753,4569,219,2023-01-04,2,0
60755,5285,240,2023-11-11,2,0
60756,5081,343,2023-07-05,1,0
60757,9443,507,2023-05-01,1,0
60761,6819,109,2023-04-03,3,5
60763,153,160,2023-03-04,1,10
60764,7481,135,2023-02-06,3,15
60767,242,482,2023-10-05,4,0
60771,8192,281,2023-09-07,3,20
60795,245,338,2023-06-07,3,5
60805,4044,281,2023-02-12,1,0
60810,4381,503,2023-03-04,2,10
60814,5813,295,2023-02-08,2,5
60819,8941,554,2023-04-12,2,0
60832,5102,216,2023-10-06,3,10
60834,6118,106,2023-11-04,2,5
60838,9342,591,2023-02-07,1,5
60844,338,530,2023-05-02,1,5
60851,918,178,2023-11-03,2,5
60869,5470,368,2023-11-03,2,0
60871,2549,217,2023-03-09,3,15
60878,1631,445,2023-03-02,1,0
60880,1795,250,2023-12-06,4,2
60881,4174,397,2023-11-08,2,10
60885,1849,158,2023-09-07,3,0
60886,3511,229,2023-05-01,2,0
60888,5162,483,2023-02-09,1,0
60892,7104,314,2023-10-04,3,0
60895,2174,181,2023-03-10,1,5
60913,4808,251,2023-03-01,3,0
60914,7918,266,2023-01-06,1,0
60917,11,590,2023-12-03,1,2
60919,1698,573,2023-04-12,1,2
60921,7939,523,2023-11-06,2,0
60924,1099,286,2023-11-05,1,0
60925,4155,158,2023-09-05,1,20
60933,9479,594,2023-06-06,1,5
60941,4555,370,2023-01-09,1,15
60957,4019,488,2023-08-02,1,5
60959,4420,191,2023-09-10,1,2
60962,6222,257,2023-03-03,1,2
60965,5238,317,2023-01-01,2,0
60967,4738,382,2023-08-09,5,2
60990,3169,443,2023-06-03,1,0
60992,4630,389,2023-11-02,1,0
60997,9837,337,2023-02-08,1,0
61000,468,477,2023-04-07,1,20
61007,4773,560,2023-01-03,1,10
61011,9904,550,2023-10-08,2,2
61019,6316,372,2023-12-12,1,15
61023,1637,439,2023-02-08,1,0
61031,9378,317,2023-01-09,2,10
61034,416,358,2023-06-05,1,10
61044,2224,226,2023-10-02,5,0
61047,5681,201,2023-01-02,2,0
61054,5129,208,2023-10-02,3,2
61057,8310,168,2023-01-09,2,0
61059,5397,171,2023-10-04,3,0
61063,9192,144,2023-10-09,2,0
61072,2048,477,2023-01-06,1,2
61075,3622,416,2023-08-11,3,2
61079,565,334,2023-10-11,3,0
61084,8666,572,2023-03-02,1,0
61099,9280,591,2023-10-03,1,2
61103,1899,500,2023-10-08,2,0
61105,9246,539,2023-04-01,1,0
61106,151,240,2023-01-03,1,0
61120,2318,575,2023-12-10,2,0
61122,9446,136,2023-08-06,2,2
61136,8135,595,2023-08-12,3,5
61140,7723,235,2023-01-05,2,0
61141,7295,460,2023-02-08,1,0
61149,2613,565,2023-08-07,1,0
61152,1236,368,2023-01-09,1,0
61159,2049,117,2023-11-07,1,5
61162,5317,272,2023-10-03,1,5
61164,8342,249,2023-02-03,1,0
61169,4530,239,2023-05-10,3,0
61177,8712,289,2023-05-05,2,5
61178,1450,560,2023-12-05,2,0
61185,3032,112,2023-09-08,1,10
61193,1361,587,2023-11-12,1,0
61206,1281,111,2023-10-06,1,2
61217,2184,497,2023-07-02,2,0
61218,4535,560,2023-06-01,5,5
61235,9146,435,2023-02-02,1,0
61244,1900,401,2023-12-01,1,0
61251,4171,250,2023-03-08,2,5
61255,6793,493,2023-10-05,1,0
61266,444,265,2023-08-11,1,0
61275,5537,299,2023-08-12,1,2
61276,8138,287,2023-01-07,2,15
61280,4354,519,2023-10-03,4,0
61283,5248,171,2023-07-08,3,2
61288,4311,184,2023-02-03,3,0
61300,5559,245,2023-02-07,2,15
61301,1874,146,2023-01-09,1,0
61303,3193,401,2023-03-02,4,10
61307,3484,594,2023-04-09,1,10
61313,4616,413,2023-05-02,1,10
61320,9074,529,2023-12-01,1,5
61323,612,417,2023-01-01,2,5
61325,3821,155,2023-10-08,3,5
61326,1374,425,2023-09-11,3,0
61336,5964,574,2023-05-12,2,5
61338,9120,162,2023-01-12,1,0
61341,7737,243,2023-07-05,1,10
61362,9064,584,2023-01-07,1,2
61363,9525,306,2023-09-05,2,0
61364,3280,284,2023-07-03,2,15
61378,1387,405,2023-02-10,1,2
61380,2690,339,2023-11-05,1,15
61381,7448,106,2023-02-01,2,0
61384,556,176,2023-07-01,5,0
61399,837,233,2023-11-09,3,5
61402,1237,563,2023-11-10,4,5
61411,913,245,2023-03-02,1,5
61413,8941,565,2023-05-04,1,5
61415,6189,470,2023-06-12,3,2
61421,3128,439,2023-02-06,1,2
61431,8972,284,2023-03-12,1,0
61442,5831,585,2023-05-02,1,2
61444,8208,492,2023-06-07,1,10
61447,8227,305,2023-09-08,1,0
61455,1005,518,2023-12-07,2,10
61457,3492,158,2023-09-02,1,0
61459,8166,240,2023-10-04,4,0
61460,5389,343,2023-12-05,2,0
61463,1218,248,2023-07-02,1,0
61468,3613,258,2023-03-03,2,0
61475,6627,158,2023-08-04,2,0
61476,4231,467,2023-12-09,1,2
61482,9188,420,2023-04-03,1,0
61491,2344,581,2023-09-02,4,2
61498,9720,187,2023-03-07,1,10
61499,11,352,2023-05-12,1,5
61507,9172,557,2023-12-09,3,0
61508,9696,105,2023-05-11,2,0
61509,6601,569,2023-06-07,1,0
61517,58,435,2023-07-12,4,0
61529,3401,170,2023-12-03,4,0
61531,6564,513,2023-10-01,2,2
61547,2703,570,2023-06-12,1,5
61550,7699,308,2023-02-11,2,0
61563,2818,533,2023-09-11,4,2
61587,7296,204,2023-02-07,3,5
61598,3173,296,2023-06-08,1,0
61600,7352,244,2023-02-02,2,0
61602,5956,314,2023-11-07,1,5
61613,4948,264,2023-09-04,2,0
61614,689,474,2023-04-05,1,2
61617,7490,436,2023-01-10,2,0
61620,7084,199,2023-11-08,1,15
61622,4535,209,2023-05-09,3,15
61628,3186,510,2023-02-12,2,0
61630,1538,195,2023-06-01,2,0
61632,4981,533,2023-06-10,5,0
61642,7012,127,2023-06-11,1,0
61647,1767,567,2023-08-12,2,0
61649,8447,357,2023-12-01,5,0
61662,1941,206,2023-12-07,1,0
61677,3947,177,2023-03-09,1,10
61679,289,513,2023-10-09,1,0
61684,7946,359,2023-01-10,3,2
61686,7719,311,2023-10-10,2,5
61694,2922,293,2023-06-08,2,0
61699,215,144,2023-12-03,3,0
61710,9988,554,2023-05-09,2,10
61713,9450,319,2023-10-03,1,5
61722,484,340,2023-12-02,2,0
61724,2673,120,2023-12-09,1,2
61731,7523,346,2023-12-02,1,10
61744,3149,309,2023-01-03,1,2
61747,8264,166,2023-12-08,3,5
61753,1453,168,2023-03-12,4,5
61769,9156,479,2023-12-01,2,5
61787,2173,112,2023-10-11,1,0
61789,6959,438,2023-10-01,2,2
61796,6132,455,2023-01-06,1,0
61800,5464,503,2023-03-02,2,0
61805,7970,485,2023-10-10,1,2
61812,7397,350,2023-10-05,1,0
61816,3687,525,2023-08-11,1,0
61819,2345,429,2023-08-02,1,0
61823,8933,358,2023-04-09,3,5
61824,4133,302,2023-01-11,2,2
61827,916,508,2023-06-04,1,0
61829,8281,447,2023-02-07,1,0
61834,141,246,2023-06-05,1,10
61835,5549,501,2023-08-07,5,0
61838,2211,297,2023-03-04,4,0
61840,718,278,2023-04-09,1,0
61842,8263,594,2023-06-12,2,0
61843,1661,356,2023-01-07,1,0
61844,5518,497,2023-02-02,4,0
61855,9606,539,2023-11-09,1,2
61856,2210,533,2023-03-09,3,2
61879,8834,277,2023-02-10,2,10
61881,5935,419,2023-10-02,2,0
61882,4939,593,2023-12-07,2,0
61888,3755,304,2023-06-12,1,0
61890,8836,177,2023-12-03,2,2
61892,4684,123,2023-07-03,1,0
61906,1542,251,2023-08-06,2,2
61911,2077,390,2023-10-10,2,0
61920,9556,278,2023-10-05,1,0
61922,7055,112,2023-01-06,2,0
61927,9330,281,2023-02-04,3,15
61929,4410,429,2023-08-03,1,5
61946,2968,188,2023-07-10,1,5
61948,2438,242,2023-02-05,1,0
61956,9521,518,2023-04-04,2,0
61958,1374,302,2023-08-02,3,2
61960,2650,162,2023-06-08,1,0
61965,8072,224,2023-04-07,1,15
61976,1661,385,2023-10-10,1,10
61977,5981,361,2023-03-12,2,0
61981,2997,192,2023-12-05,2,0
61983,9109,140,2023-04-09,1,0
61985,6302,400,2023-02-10,2,0
61993,6175,156,2023-12-10,1,0
62001,5099,516,2023-12-12,1,0
62004,194,597,2023-05-11,2,0
62005,5463,356,2023-05-05,1,2
62006,7517,319,2023-01-05,2,0
62011,1912,433,2023-03-03,1,0
62019,6940,467,2023-06-07,2,0
62025,3935,346,2023-03-12,4,0
62041,2704,399,2023-11-03,1,0
62042,9759,104,2023-06-04,3,0
62045,9070,196,2023-09-07,3,0
62051,2982,127,2023-03-01,2,5
62057,2397,242,2023-06-08,2,0
62058,1819,483,2023-08-05,2,2
62063,4178,433,2023-09-02,3,0
62067,515,395,2023-05-07,4,0
62073,6190,194,2023-12-04,3,2
62081,1200,131,2023-06-07,2,0
62090,1661,484,2023-10-12,1,0
62095,1806,235,2023-04-05,2,0
62099,5248,547,2023-05-08,2,2
62120,6507,200,2023-08-04,2,2
62121,396,289,2023-02-08,1,0
62134,4087,118,2023-05-10,2,0
62139,198,478,2023-10-10,2,0
62144,2077,538,2023-09-11,2,5
62152,6489,364,2023-08-03,2,10
62163,2589,104,2023-10-04,3,10
62165,9893,599,2023-09-06,2,0
62175,357,598,2023-10-04,3,2
62181,7677,496,2023-01-03,1,10
62182,1808,533,2023-03-01,1,0
62184,7939,586,2023-10-09,1,5
62194,6191,401,2023-03-03,2,0
62199,6075,518,2023-03-03,2,0
62217,7501,187,2023-09-06,1,0
62222,5985,132,2023-04-03,1,0
62224,8322,112,2023-10-08,1,0
62239,5780,444,2023-08-02,1,0
62247,5994,124,2023-10-01,1,5
62258,6007,506,2023-05-01,4,0
62261,2585,580,2023-04-05,1,15
62268,5397,327,2023-03-07,2,2
62270,5057,152,2023-09-05,3,5
62271,4536,372,2023-09-01,2,0
62274,2076,413,2023-12-09,1,2
62276,2517,250,2023-09-06,1,0
62280,1251,493,2023-05-10,1,0
62309,446,194,2023-11-09,5,0
62316,3406,386,2023-04-01,1,0
62319,6169,322,2023-09-02,3,5
62330,7994,218,2023-03-12,1,0
62334,6575,389,2023-10-05,3,10
62340,5417,420,2023-02-02,1,2
62343,3791,160,2023-02-02,1,0
62363,2395,172,2023-05-06,4,0
62365,215,462,2023-02-05,2,0
62376,7952,207,2023-07-06,5,0
62382,9982,279,2023-08-11,1,0
62386,6971,413,2023-07-11,2,0
62392,4935,455,2023-11-12,2,0
62425,7725,409,2023-05-06,3,15
62432,1928,584,2023-08-11,2,2
62466,8695,441,2023-06-07,4,0
62467,1166,564,2023-03-10,3,2
62470,7315,570,2023-04-06,1,0
62514,29,589,2023-04-11,1,0
62519,7672,168,2023-03-02,1,0
62521,3896,477,2023-08-04,1,10
62539,4909,496,2023-11-11,3,0
62543,7440,523,2023-03-02,4,0
62546,6982,144,2023-07-01,1,0
62548,3778,416,2023-02-07,1,0
62559,7621,215,2023-04-10,2,0
62575,6767,317,2023-12-05,3,0
62581,8682,336,2023-09-04,1,0
62583,2964,256,2023-01-09,1,2
62586,6797,116,2023-04-09,1,0
62590,5071,557,2023-03-04,2,5
62591,515,439,2023-02-07,1,5
62595,972,452,2023-05-08,2,2
62599,7024,550,2023-07-07,5,0
62601,4044,157,2023-01-03,2,2
62602,6190,373,2023-11-12,5,5
62605,631,443,2023-07-10,1,0
62626,1926,524,2023-05-02,2,0
62632,3978,160,2023-02-10,1,0
62636,6655,315,2023-12-01,1,0
62640,2935,121,2023-06-11,1,10
62656,418,210,2023-05-06,3,5
62671,4862,388,2023-11-02,1,0
62672,7640,583,2023-04-12,3,0
62673,8351,264,2023-01-02,2,15
62684,5338,233,2023-01-01,3,5
62691,9829,101,2023-09-08,2,5
62697,2857,372,2023-02-04,1,5
62710,124,144,2023-03-10,2,2
62712,9613,293,2023-03-10,4,2
62716,8282,574,2023-10-04,2,10
62722,9435,186,2023-02-07,1,0
62728,6686,524,2023-05-11,1,0
62729,1886,479,2023-08-02,1,2
62731,8814,154,2023-07-08,1,0
62734,8010,568,2023-11-03,1,0
62735,9219,146,2023-02-11,2,10
62736,6302,312,2023-04-01,1,0
62738,411,239,2023-09-10,3,0
62746,6735,343,2023-03-01,1,0
62754,4382,285,2023-01-02,2,0
62772,2801,501,2023-01-02,2,0
62774,2925,494,2023-08-06,1,15
62778,3349,546,2023-01-08,1,0
62791,8882,209,2023-12-01,4,5
62793,9465,243,2023-04-06,3,0
62796,1217,359,2023-05-04,2,5
62798,6878,404,2023-06-07,1,0
62805,2448,573,2023-11-01,1,10
62808,2148,130,2023-06-03,4,2
62810,8887,280,2023-07-01,1,20
62826,67,144,2023-01-07,3,0
62833,325,127,2023-01-12,3,5
62848,1985,374,2023-11-09,1,2
62856,6434,520,2023-01-08,1,10
62858,4285,125,2023-05-05,1,10
62861,7285,172,2023-12-11,1,0
62870,5402,402,2023-01-07,3,0
62873,5940,597,2023-09-01,3,0
62876,5600,108,2023-05-01,1,0
62880,5164,247,2023-12-03,3,0
62883,9479,283,2023-12-05,1,0
62897,1025,124,2023-01-04,1,5
62898,9823,279,2023-06-07,1,15
62900,2538,561,2023-03-06,1,0
62905,4864,158,2023-06-04,1,0
62915,121,263,2023-01-09,1,0
62936,9682,522,2023-12-04,1,0
62947,7447,464,2023-02-04,1,2
62949,3598,529,2023-04-08,3,2
62960,4324,254,2023-03-11,2,0
62974,5304,331,2023-03-06,1,15
62976,6603,548,2023-04-11,3,0
62984,1560,296,2023-03-04,4,10
62987,8519,418,2023-10-12,1,10
62997,4939,264,2023-11-05,5,0
62998,4790,538,2023-07-08,1,0
63000,2574,475,2023-12-11,3,5
63015,1836,118,2023-04-09,1,10
63016,8677,334,2023-10-08,1,0
63022,619,547,2023-10-05,1,0
63031,4053,292,2023-02-08,1,5
63035,7550,571,2023-02-10,1,5
63037,4337,541,2023-05-11,2,0
63039,6405,582,2023-07-12,2,0
63052,3905,388,2023-09-02,5,2
63063,6189,412,2023-06-03,5,0
63064,2837,146,2023-12-10,1,10
63077,1153,515,2023-03-09,2,0
63091,9368,417,2023-01-09,1,0
63107,4485,255,2023-10-01,1,0
63108,8602,164,2023-07-05,5,0
63111,3851,538,2023-01-07,1,0
63114,1011,277,2023-04-09,3,0
63116,2090,401,2023-10-08,3,2
63120,4060,137,2023-06-04,3,0
63136,7773,511,2023-03-07,2,0
63138,9304,265,2023-10-04,2,0
63144,6541,209,2023-08-11,1,0
63148,6442,501,2023-09-07,1,0
63150,3995,499,2023-03-09,3,10
63152,2306,184,2023-08-07,3,0
63164,2232,335,2023-11-02,1,0
63172,4618,231,2023-11-07,1,10
63174,3542,467,2023-01-02,2,5
63175,5680,490,2023-05-08,1,0
63182,1542,489,2023-04-08,2,0
63183,5090,363,2023-11-12,1,0
63185,1528,175,2023-11-03,4,0
63186,1950,184,2023-02-12,2,0
63190,474,328,2023-12-07,1,0
63194,338,231,2023-08-08,4,2
63200,301,356,2023-09-08,1,0
63213,817,178,2023-11-09,1,15
63227,4136,453,2023-02-06,1,10
63228,7847,402,2023-08-01,1,10
63229,3039,133,2023-10-04,2,0
63236,8421,587,2023-01-03,1,0
63240,9859,107,2023-07-10,1,0
63242,872,120,2023-10-06,1,2
63252,7079,135,2023-04-11,3,2
63253,7082,411,2023-04-04,1,0
63261,7031,465,2023-08-10,1,0
63283,2235,500,2023-09-09,1,2
63284,5212,441,2023-12-01,2,0
63304,5469,482,2023-10-02,1,2
63323,4285,449,2023-09-12,1,0
63325,71,115,2023-11-08,1,2
63340,7283,550,2023-08-05,1,10
63356,3531,325,2023-01-04,2,10
63365,1855,464,2023-10-03,2,2
63376,3882,522,2023-04-10,1,10
63377,8924,102,2023-06-05,1,10
63390,756,414,2023-10-12,1,10
63391,7215,342,2023-07-08,3,0
63402,1281,401,2023-01-11,1,0
63418,433,527,2023-10-01,1,0
63423,4602,424,2023-12-09,1,0
63440,6190,274,2023-09-11,4,2
63441,1076,183,2023-01-02,2,0
63445,5120,325,2023-09-06,1,0
63446,614,479,2023-03-01,3,0
63450,7605,270,2023-07-03,3,5
63452,3917,353,2023-11-04,1,0
63453,5962,564,2023-05-01,3,0
63454,6827,524,2023-03-03,5,5
63472,5031,166,2023-11-10,2,0
63474,2150,521,2023-11-03,4,0
63477,9251,399,2023-12-02,1,0
63481,5582,465,2023-04-10,1,0
63482,8651,219,2023-01-03,3,0
63497,474,389,2023-02-06,4,0
63500,4271,144,2023-04-01,2,2
63505,5985,253,2023-02-03,1,2
63513,4430,249,2023-09-08,1,0
63525,5463,121,2023-06-11,1,5
63530,1933,362,2023-01-02,2,2
63549,289,539,2023-01-05,3,0
63554,969,214,2023-05-08,1,0
63562,7002,280,2023-09-01,2,15
63574,1453,239,2023-05-10,2,0
63576,4201,333,2023-12-02,2,5
63579,5571,396,2023-09-12,1,0
63580,2467,419,2023-09-11,4,2
63581,2189,462,2023-08-12,2,2
63583,1281,283,2023-12-03,1,2
63586,9396,207,2023-07-04,1,0
63592,6021,461,2023-11-02,3,0
63594,4579,210,2023-07-02,1,0
63611,7457,583,2023-04-07,2,0
63616,9813,445,2023-06-04,3,2
63625,748,419,2023-09-06,1,0
63627,3159,285,2023-03-11,1,0
63629,9635,560,2023-08-12,2,10
63633,5760,245,2023-07-10,1,2
63643,8744,101,2023-08-05,1,0
63649,8059,584,2023-01-09,1,2
63675,9620,570,2023-03-03,1,0
63691,7154,267,2023-03-05,5,0
63704,2277,196,2023-12-11,1,10
63710,6940,485,2023-02-12,1,10
63714,8409,436,2023-10-07,1,0
63721,2947,434,2023-04-06,1,15
63732,1210,341,2023-09-08,1,0
63745,6588,581,2023-02-06,3,0
63757,5162,126,2023-04-04,3,0
63767,2376,175,2023-08-09,2,0
63775,1863,479,2023-03-10,1,0
63779,2201,237,2023-03-08,2,10
63783,3663,297,2023-04-12,2,0
63787,4390,289,2023-01-02,1,0
63789,734,533,2023-04-06,1,0
63795,176,547,2023-10-01,2,0
63798,9503,351,2023-12-02,1,2
63810,2792,333,2023-01-12,1,0
63812,1829,339,2023-01-12,1,5
63814,4133,164,2023-04-01,1,0
63816,4971,305,2023-12-12,1,0
63826,1250,221,2023-03-04,1,0
63828,736,559,2023-03-06,3,10
63833,4536,368,2023-10-07,1,2
63838,6970,510,2023-08-02,2,0
63839,3834,230,2023-08-08,1,0
63840,8152,329,2023-02-06,2,0
63846,6361,284,2023-05-02,2,0
63852,5062,135,2023-12-09,1,2
63854,8582,142,2023-03-01,3,0
63858,8913,322,2023-03-11,3,5
63870,5983,526,2023-04-03,5,0
63871,267,599,2023-02-07,2,5
63873,7292,389,2023-11-03,4,2
63876,5748,217,2023-11-06,1,0
63886,9732,596,2023-05-09,1,0
63893,3733,495,2023-07-03,5,0
63903,4251,437,2023-01-08,2,0
63907,7226,529,2023-06-11,1,5
63908,2901,145,2023-10-02,2,5
63909,4468,478,2023-01-07,3,0
63910,9353,449,2023-12-06,3,0
63921,760,480,2023-02-04,1,15
63930,4391,148,2023-06-09,2,0
63939,8531,541,2023-05-02,1,0
63947,6870,448,2023-03-02,1,5
63960,1160,526,2023-04-10,3,0
63963,9519,143,2023-04-12,1,0
63967,2494,373,2023-04-06,1,0
63975,5429,193,2023-01-10,2,2
63977,1304,137,2023-10-10,2,0
63980,7113,529,2023-12-09,4,2
63992,1797,539,2023-01-02,1,0
64002,9410,316,2023-01-10,3,0
64004,2603,575,2023-04-02,1,0
64008,7170,269,2023-05-06,1,10
64015,3182,600,2023-12-05,2,0
64017,8582,153,2023-08-09,1,10
64019,7048,215,2023-09-06,5,0
64034,8388,444,2023-09-04,1,0
64041,6871,294,2023-07-03,1,15
64045,5436,468,2023-08-12,2,2
64046,2779,506,2023-04-12,3,0
64048,9352,186,2023-11-03,1,0
64071,7183,171,2023-03-05,2,2
64073,840,326,2023-06-11,3,5
64078,3022,272,2023-06-04,3,0
64082,6292,365,2023-08-07,1,0
64096,6361,130,2023-07-06,2,2
64097,5514,528,2023-12-08,1,5
64112,5338,125,2023-05-04,3,5
64113,1237,590,2023-10-04,2,0
64118,9232,452,2023-06-12,3,5
64121,8332,122,2023-04-04,4,0
64122,3473,412,2023-08-09,5,0
64130,1874,489,2023-12-06,2,5
64141,2055,273,2023-10-04,2,0
64148,7034,145,2023-02-12,2,2
64153,1470,385,2023-05-11,5,5
64168,5580,506,2023-10-04,4,15
64179,6535,263,2023-11-04,1,10
64197,2564,583,2023-03-05,1,0
64209,8700,318,2023-03-10,3,0
64212,4428,366,2023-06-10,1,0
64219,4852,517,2023-05-08,1,0
64223,3401,334,2023-02-01,1,2
64226,577,275,2023-09-02,2,5
64251,3479,236,2023-02-06,3,0
64270,8237,473,2023-08-09,2,0
64302,5964,179,2023-10-12,1,5
64304,3923,336,2023-05-11,1,2
64314,2694,273,2023-11-09,1,10
64318,1838,374,2023-03-06,1,0
64326,9281,273,2023-11-10,2,15
64332,153,117,2023-03-05,2,0
64335,1459,209,2023-02-07,3,2
64336,5814,205,2023-03-03,1,10
64343,8119,426,2023-02-04,1,0
64344,4168,302,2023-08-06,2,2
64348,3805,287,2023-02-11,1,0
64355,337,268,2023-06-12,3,2
64357,7980,186,2023-07-04,1,0
64374,8912,102,2023-03-02,5,0
64381,6234,365,2023-07-08,3,0
64391,7769,466,2023-12-04,1,0
64395,602,507,2023-05-10,5,5
64405,6043,573,2023-06-09,2,5
64419,8992,144,2023-07-12,3,0
64420,5475,227,2023-12-08,1,2
64421,5299,116,2023-06-12,1,10
64425,5139,104,2023-09-07,2,0
64433,8882,517,2023-01-07,1,15
64435,3575,190,2023-10-04,1,15
64445,8934,257,2023-06-08,2,0
64449,6940,536,2023-04-11,1,20
64470,9352,251,2023-01-09,1,15
64484,4248,261,2023-06-08,1,0
64495,3136,462,2023-09-06,3,0
64497,9332,101,2023-10-03,1,0
64501,3039,493,2023-09-04,1,0
64506,4271,510,2023-07-01,1,0
64508,4266,587,2023-01-05,1,0
64513,1043,189,2023-01-05,1,5
64516,8115,526,2023-12-02,1,0
64519,7581,172,2023-03-02,2,2
64540,9945,595,2023-01-01,1,0
64546,6705,192,2023-11-07,1,2
64547,6787,160,2023-10-06,1,0
64553,1119,119,2023-05-11,1,2
64555,6657,468,2023-04-06,3,5
64575,4543,481,2023-08-07,1,15
64579,7732,481,2023-11-09,1,0
64581,5587,504,2023-01-07,2,5
64586,9567,277,2023-04-04,1,0
64592,5212,124,2023-08-07,2,0
64594,8919,311,2023-08-12,1,0
64613,1940,109,2023-05-06,2,0
64626,7082,186,2023-02-11,2,0
64630,6820,282,2023-10-07,4,0
64635,7048,146,2023-09-06,5,2
64653,6797,110,2023-10-05,2,0
64663,9377,467,2023-10-09,2,10
64664,5656,444,2023-07-01,1,0
64687,8343,510,2023-06-09,1,2
64698,468,256,2023-12-08,4,0
64703,5987,431,2023-05-12,2,15
64706,83,121,2023-04-09,1,0
64724,578,368,2023-03-09,1,0
64731,7672,200,2023-07-02,2,0
64740,8561,439,2023-04-08,4,0
64752,3023,176,2023-12-12,2,5
64753,3526,475,2023-02-01,5,0
64756,868,200,2023-07-06,2,0
64772,4276,436,2023-12-10,1,0
64775,7999,240,2023-07-10,3,2
64780,9752,113,2023-04-06,1,0
64783,8764,463,2023-03-09,4,0
64798,1180,454,2023-07-05,2,15
64801,8873,353,2023-05-11,2,2
64803,1035,147,2023-11-06,2,10
64806,340,245,2023-12-01,1,15
64809,2888,545,2023-02-05,1,0
64813,944,218,2023-11-08,2,0
64834,1013,476,2023-06-02,1,5
64835,7230,126,2023-02-12,2,15
64837,2788,222,2023-08-12,1,15
64845,1444,464,2023-01-10,1,0
64849,3246,468,2023-03-12,2,0
64851,5792,283,2023-12-09,2,5
64853,5600,368,2023-05-01,2,15
64866,6532,514,2023-12-05,1,0
64886,4686,161,2023-04-09,2,2
64911,6716,477,2023-05-04,5,0
64919,6079,196,2023-12-07,2,0
64928,9456,191,2023-11-07,1,10
64959,9945,547,2023-12-10,2,0
64981,7785,419,2023-03-06,2,0
64999,2837,486,2023-11-07,4,5
65006,9402,371,2023-05-09,1,10
65013,2768,309,2023-01-04,3,10
65014,2768,470,2023-05-02,3,10
65021,5451,396,2023-03-05,2,0
65024,2055,341,2023-08-02,1,0
65027,8612,136,2023-10-02,3,5
65042,6636,459,2023-12-10,1,2
65046,7073,511,2023-10-11,1,0
65053,6182,393,2023-06-11,2,2
65074,6700,467,2023-06-03,1,0
65097,339,317,2023-02-08,1,5
65100,472,314,2023-03-03,1,0
65103,2718,208,2023-06-05,2,0
65119,3315,308,2023-10-02,2,10
65139,9460,348,2023-10-02,3,2
65141,4372,437,2023-07-10,1,0
65144,2100,307,2023-02-01,3,2
65146,253,233,2023-01-02,1,0
65147,4179,395,2023-01-12,1,0
65150,4765,251,2023-11-08,2,0
65157,7413,143,2023-10-09,1,0
65164,3731,307,2023-07-08,3,0
65170,201,314,2023-12-07,1,0
65173,1005,312,2023-07-12,1,0
65174,534,312,2023-01-02,4,5
65177,7504,136,2023-12-10,4,0
65180,7590,569,2023-02-06,1,0
65184,4018,133,2023-11-06,4,5
65187,4915,554,2023-04-08,3,0
65194,6235,422,2023-05-11,2,5
65196,4948,106,2023-05-08,2,5
65209,4557,499,2023-09-12,1,0
65211,4238,177,2023-04-04,2,2
65214,7982,253,2023-08-04,1,0
65219,2273,458,2023-01-12,1,2
65225,3507,518,2023-02-08,2,0
65229,8382,491,2023-05-07,1,0
65231,6869,147,2023-11-11,2,0
65235,1113,590,2023-06-10,2,0
65237,5882,185,2023-05-10,1,2
65242,2757,231,2023-11-09,1,0
65253,655,374,2023-01-09,1,0
65254,7429,142,2023-11-03,3,0
65256,7440,101,2023-05-06,3,10
65259,194,570,2023-03-08,1,15
65282,6976,340,2023-07-09,2,0
65287,8675,276,2023-07-11,3,0
65300,9060,135,2023-08-04,1,10
65304,8754,237,2023-02-02,1,0
65324,2411,120,2023-10-04,1,0
65332,1815,576,2023-12-11,2,0
65340,8053,207,2023-09-06,1,2
65348,330,143,2023-01-08,3,0
65354,3316,304,2023-03-02,1,10
65356,183,127,2023-10-10,1,5
65359,2858,304,2023-07-11,3,15
65363,1137,133,2023-08-11,1,0
65365,2452,108,2023-10-12,1,15
65367,6401,163,2023-05-03,2,2
65372,6307,389,2023-08-09,1,0
65373,7332,167,2023-12-11,3,0
65377,3224,128,2023-05-09,1,0
65393,6862,506,2023-08-02,5,0
65398,2473,135,2023-01-04,1,0
65400,4879,219,2023-10-10,1,5
65402,3515,417,2023-05-08,1,0
65420,2201,326,2023-11-01,2,0
65423,6310,288,2023-10-02,1,10
65427,2788,432,2023-06-02,1,15
65452,8757,247,2023-10-06,2,0
65457,9635,121,2023-04-10,1,0
65459,2060,145,2023-07-06,1,5
65461,7102,201,2023-07-05,4,2
65470,9680,469,2023-09-06,3,2
65473,1822,482,2023-06-07,1,0
65483,3698,514,2023-10-04,1,0
65486,3242,248,2023-10-04,1,0
65489,3152,124,2023-12-07,3,0
65498,5893,351,2023-03-10,1,5
65503,8502,358,2023-12-05,1,2
65506,8446,137,2023-03-02,1,5
65509,7409,519,2023-08-02,2,0
65518,5154,257,2023-12-06,3,10
65526,4213,357,2023-03-07,2,0
65530,3337,347,2023-07-12,1,0
65539,1072,108,2023-01-02,1,0
65545,1903,483,2023-04-04,2,5
65554,4291,145,2023-07-11,3,0
65561,3840,204,2023-07-04,5,0
65568,7222,403,2023-09-01,3,2
65584,6425,394,2023-02-08,4,2
65585,5566,562,2023-12-04,3,5
65587,6715,264,2023-04-05,2,5
65592,8448,582,2023-11-04,1,2
65595,6876,514,2023-11-02,2,0
65596,6148,181,2023-10-02,3,0
65602,4171,150,2023-01-10,4,2
65603,7523,598,2023-01-02,1,0
65604,2888,326,2023-02-05,1,5
65613,4281,517,2023-11-05,1,5
65619,2691,169,2023-10-01,2,15
65632,8768,105,2023-02-08,2,0
65638,4681,436,2023-09-05,2,0
65645,3256,288,2023-02-03,1,2
65646,340,371,2023-02-01,2,0
65665,8660,393,2023-11-09,2,0
65670,176,142,2023-03-01,3,0
65690,4016,242,2023-02-02,1,0
65691,5154,226,2023-04-02,3,0
65694,7352,517,2023-02-01,1,0
65695,4663,458,2023-03-03,2,10
65700,338,411,2023-03-10,1,0
65711,5274,507,2023-05-09,5,2
65712,3501,103,2023-10-06,1,5
65722,5213,535,2023-12-06,2,0
65725,289,268,2023-06-10,1,2
65726,7893,368,2023-07-05,1,0
65739,2095,270,2023-02-09,3,0
65741,3613,392,2023-05-10,1,5
65752,5343,181,2023-06-05,1,0
65756,72,403,2023-08-10,1,0
65757,3631,208,2023-06-12,1,20
65762,2096,380,2023-12-10,2,0
65772,1808,260,2023-04-01,1,0
65774,4713,205,2023-07-10,3,0
65775,9888,271,2023-09-04,1,0
65777,5476,512,2023-11-06,1,2
65783,7609,138,2023-01-01,3,0
65785,8972,502,2023-04-01,1,5
65790,6639,263,2023-07-10,1,0
65797,2497,121,2023-06-06,3,5
65800,1950,556,2023-01-12,1,5
65808,3680,283,2023-02-02,2,0
65809,348,310,2023-08-12,1,2
65820,8425,467,2023-09-07,1,0
65821,2129,482,2023-04-02,1,2
65835,1094,264,2023-05-01,3,0
65841,2139,321,2023-06-01,1,10
65842,194,541,2023-02-09,1,2
65856,4076,130,2023-04-08,4,0
65859,5002,125,2023-03-05,1,10
65863,1063,380,2023-11-05,2,0
65865,1111,237,2023-08-02,2,2
65867,4897,227,2023-04-07,2,0
65872,9892,416,2023-12-07,1,0
65875,8617,101,2023-12-04,1,0
65884,1748,338,2023-05-02,4,0
65888,4103,233,2023-07-07,4,2
65893,838,193,2023-04-03,1,0
65908,2349,416,2023-09-01,1,0
65913,6780,430,2023-08-08,2,10
65914,3249,332,2023-06-10,1,0
65920,9275,231,2023-08-04,2,5
65936,7990,387,2023-09-04,4,0
65939,2173,415,2023-08-06,1,0
65947,8342,115,2023-10-07,2,5
65948,2771,377,2023-06-05,1,2
65952,842,438,2023-08-11,1,0
65953,1478,524,2023-12-02,3,15
65956,8578,264,2023-03-01,1,0
65958,2162,546,2023-07-09,2,15
65968,9110,485,2023-02-09,1,0
65973,9264,576,2023-08-07,1,10
65981,7023,594,2023-08-02,3,0
65993,1434,252,2023-07-05,2,0
65995,4019,239,2023-10-01,3,0
65997,449,411,2023-03-08,3,5
66003,1509,592,2023-12-01,1,20
66005,5974,169,2023-01-11,2,0
66010,936,224,2023-08-12,1,10
66016,3093,121,2023-07-09,2,0
66020,109,534,2023-03-01,1,0
66025,4948,105,2023-02-12,1,10
66028,303,132,2023-11-11,1,0
66037,2814,239,2023-11-11,1,10
66039,4596,132,2023-02-01,1,2
66048,2712,305,2023-01-03,1,0
66053,2197,465,2023-07-10,4,0
66055,1204,480,2023-03-09,5,0
66059,5251,464,2023-10-07,3,0
66066,4840,419,2023-06-03,1,5
66073,449,167,2023-09-10,1,0
66081,1688,515,2023-05-11,1,0
66089,1213,433,2023-11-03,3,5
66091,5737,104,2023-05-08,1,0
66103,2599,323,2023-04-03,2,0
66109,103,452,2023-04-09,3,0
66118,1153,212,2023-11-01,3,0
66120,3557,170,2023-09-12,2,2
66123,8085,153,2023-08-12,1,2
66151,771,343,2023-01-05,3,0
66154,6394,251,2023-05-05,1,2
66157,1263,279,2023-11-10,1,0
66161,2438,464,2023-11-01,5,0
66164,8138,401,2023-10-02,4,0
66165,3236,217,2023-01-12,1,0
66178,7393,149,2023-10-03,1,10
66187,1024,160,2023-05-07,1,0
66197,9535,236,2023-01-11,1,0
66216,7472,225,2023-04-09,3,0
66218,4511,419,2023-10-07,2,0
66219,3365,186,2023-06-03,5,5
66225,5530,439,2023-02-03,2,2
66228,5232,374,2023-06-05,3,2
66241,4844,558,2023-03-09,2,15
66242,8125,569,2023-12-02,2,0
66243,962,513,2023-10-10,1,0
66244,4107,547,2023-01-12,2,0
66247,6834,465,2023-06-10,4,5
66260,1953,158,2023-02-02,2,0
66265,5801,160,2023-02-05,1,0
66268,9772,581,2023-12-08,1,15
66280,7015,193,2023-11-06,1,0
66283,5751,357,2023-06-02,1,0
66303,2706,371,2023-02-10,5,0
66309,2618,204,2023-09-08,2,0
66311,6690,257,2023-01-08,1,2
66317,5199,253,2023-01-02,1,2
66321,618,368,2023-08-02,4,15
66340,6586,565,2023-05-03,2,0
66356,2921,154,2023-01-01,2,0
66359,8202,414,2023-06-11,1,2
66367,8576,519,2023-02-11,2,0
66373,6334,216,2023-11-06,1,10
66375,4233,509,2023-01-04,2,0
66376,3978,540,2023-07-03,1,10
66378,1747,555,2023-06-12,2,0
66385,5752,157,2023-09-07,2,5
66388,2901,474,2023-01-04,2,2
66390,9979,401,2023-03-06,1,5
66394,3070,534,2023-04-02,2,0
66407,2515,406,2023-07-11,1,2
66408,4509,535,2023-06-01,2,0
66416,2299,141,2023-12-02,4,0
66423,7696,416,2023-12-11,2,0
66436,5633,195,2023-04-03,2,5
66437,8121,205,2023-02-07,1,10
66447,9818,267,2023-06-09,1,5
66451,6789,324,2023-08-09,1,0
66465,5285,222,2023-07-05,3,0
66469,5317,238,2023-12-01,1,2
66474,3708,138,2023-08-05,1,0
66476,3995,460,2023-06-10,1,0
66489,5496,418,2023-12-11,1,5
66498,3236,250,2023-08-05,1,5
66511,1323,365,2023-04-12,5,0
66521,8680,134,2023-08-11,1,0
66546,8497,521,2023-03-02,1,0
66557,1060,481,2023-02-12,4,10
66562,2091,173,2023-06-10,3,0
66575,9822,128,2023-06-03,3,2
66588,7603,270,2023-01-03,1,15
66603,1708,533,2023-06-04,3,0
66606,4320,421,2023-05-02,2,0
66608,7807,298,2023-05-12,2,0
66620,6250,184,2023-10-07,2,0
66632,4080,303,2023-12-07,1,0
66633,190,582,2023-11-10,1,0
66639,7160,253,2023-04-06,3,0
66647,4475,496,2023-09-12,4,5
66649,7559,268,2023-08-04,3,2
66653,1963,149,2023-12-09,1,10
66656,1395,473,2023-08-07,1,5
66660,1213,240,2023-06-07,3,0
66662,3218,486,2023-08-11,1,0
66665,121,441,2023-11-05,2,0
66676,554,555,2023-12-07,1,0
66682,923,383,2023-07-12,4,2
66685,5516,294,2023-01-01,1,0
66731,1239,536,2023-10-10,4,0
66734,7221,264,2023-04-08,1,0
66739,246,119,2023-07-06,1,0
66743,3703,160,2023-12-05,5,0
66771,6320,238,2023-03-09,2,0
66772,9760,205,2023-01-01,2,0
66779,8405,217,2023-12-04,1,5
66784,7072,139,2023-07-02,3,0
66788,9587,516,2023-05-06,1,0
66797,2578,136,2023-09-03,1,0
66798,5031,279,2023-12-01,1,0
66800,7369,436,2023-08-01,2,0
66817,8602,284,2023-04-08,1,5
66819,4856,133,2023-12-07,3,0
66832,2113,234,2023-01-04,1,2
66845,3592,521,2023-04-11,2,0
66853,8755,489,2023-03-02,1,2
66855,5992,588,2023-08-02,2,0
66863,8526,114,2023-04-09,2,0
66874,8229,394,2023-05-01,3,10
66875,2176,558,2023-02-04,1,2
66885,891,501,2023-04-12,2,0
66894,6418,569,2023-07-10,2,0
66901,823,462,2023-10-05,2,0
66903,581,494,2023-05-12,3,5
66907,8462,416,2023-05-04,3,0
66917,5160,353,2023-10-11,2,0
66932,8482,308,2023-08-11,2,0
66946,9246,431,2023-01-02,2,15
66963,5053,203,2023-11-02,3,0
66969,9671,445,2023-11-07,2,0
66971,8278,463,2023-03-12,2,0
66974,7472,307,2023-07-02,1,10
66975,7885,550,2023-01-12,1,15
66978,8056,243,2023-12-12,4,0
66981,7678,408,2023-11-02,2,10
66987,291,257,2023-11-10,3,0
66996,8032,295,2023-09-03,1,10
66998,2414,190,2023-09-04,3,2
67011,9964,552,2023-01-05,2,2
67013,5516,161,2023-10-11,3,0
67024,9471,540,2023-12-08,1,2
67025,264,400,2023-11-07,2,5
67029,3489,246,2023-10-01,1,0
67033,1276,320,2023-08-01,3,0
67042,8941,560,2023-02-12,1,0
67044,1725,247,2023-12-02,1,15
67052,8945,523,2023-08-12,2,2
67056,7390,108,2023-02-11,4,5
67064,9025,190,2023-09-10,3,2
67065,401,584,2023-04-08,1,2
67076,7864,189,2023-08-10,1,0
67081,2833,584,2023-02-08,2,0
67087,956,119,2023-02-09,2,2
67106,5757,458,2023-11-05,2,0
67109,7448,196,2023-05-07,4,5
67124,2807,549,2023-01-10,1,10
67131,5223,240,2023-09-11,3,5
67134,6352,252,2023-06-03,2,0
67145,3905,159,2023-07-12,2,0
67150,7637,110,2023-07-07,3,2
67165,4381,515,2023-09-07,4,2
67170,1979,267,2023-03-01,3,0
67171,8048,447,2023-11-11,1,2
67172,5196,558,2023-05-04,1,0
67173,9446,460,2023-06-08,3,2
67174,5600,423,2023-04-03,2,0
67181,2121,353,2023-03-03,1,2
67183,4388,433,2023-01-09,2,0
67192,7070,172,2023-08-10,3,0
67199,258,534,2023-09-08,2,0
67203,9816,227,2023-02-09,2,15
67205,9407,167,2023-09-11,1,0
67207,6707,544,2023-08-12,1,0
67208,4582,299,2023-01-05,2,2
67212,8794,568,2023-08-08,1,0
67217,6356,418,2023-04-08,1,2
67225,3326,286,2023-07-06,2,0
67227,1899,238,2023-03-06,1,10
67229,2057,195,2023-03-04,1,0
67232,3,581,2023-06-10,1,2
67234,2487,447,2023-06-03,2,0
67240,5691,498,2023-03-07,5,5
67243,6395,430,2023-02-01,1,0
67249,9669,339,2023-08-12,1,0
67267,3942,157,2023-01-07,1,5
67279,1901,219,2023-02-11,2,0
67280,9743,353,2023-12-03,1,2
67288,5661,445,2023-10-11,2,0
67293,5093,567,2023-12-06,1,0
67302,181,435,2023-02-05,1,0
67304,830,597,2023-04-09,2,0
67311,9416,316,2023-03-03,2,0
67312,5637,229,2023-03-08,1,15
67325,4983,542,2023-03-10,2,0
67329,7209,196,2023-08-09,1,5
67334,689,298,2023-10-02,1,2
67338,7067,107,2023-05-01,1,5
67345,779,566,2023-08-09,2,0
67347,9458,130,2023-06-05,1,0
67367,6034,530,2023-10-03,2,0
67395,242,297,2023-06-10,5,2
67401,2482,483,2023-05-07,4,2
67404,7168,577,2023-08-05,1,0
67413,7938,141,2023-12-10,1,0
67421,9972,473,2023-03-01,1,0
67422,8934,182,2023-04-10,1,0
67430,1955,282,2023-09-01,2,10
67444,8578,189,2023-05-10,2,0
67454,1035,293,2023-05-07,3,0
67458,459,461,2023-09-02,1,0
67463,2096,595,2023-05-03,2,0
67464,1926,554,2023-10-11,1,2
67469,3311,569,2023-11-04,1,0
67472,1950,150,2023-08-07,3,0
67475,4359,178,2023-03-06,1,0
67489,6535,389,2023-06-11,2,0
67497,4250,527,2023-01-08,3,10
67510,755,312,2023-10-09,3,5
67513,6207,227,2023-07-10,1,2
67514,9738,364,2023-02-07,2,10
67530,9860,335,2023-01-09,3,0
67537,5140,288,2023-03-04,1,0
67539,9477,433,2023-03-06,1,15
67541,6950,451,2023-01-08,1,5
67548,4897,540,2023-11-02,1,5
67558,4103,371,2023-10-09,1,0
67565,3110,335,2023-12-12,1,0
67566,4232,244,2023-02-05,3,0
67578,7501,595,2023-12-02,1,0
67594,7393,476,2023-01-04,4,0
67599,7392,457,2023-08-12,4,5
67605,58,409,2023-08-06,1,0
67649,441,495,2023-01-06,5,0
67651,6820,595,2023-05-04,1,0
67652,1186,292,2023-06-11,2,0
67659,7967,412,2023-10-02,3,0
67663,330,396,2023-08-01,1,20
67671,7196,106,2023-10-06,1,0
67680,1578,474,2023-10-01,1,2
67685,7513,321,2023-09-01,1,0
67692,6634,404,2023-11-06,2,0
67700,6627,563,2023-08-09,2,2
67702,9029,351,2023-03-05,2,5
67706,85,421,2023-02-01,1,5
67715,655,584,2023-03-08,1,0
67717,6063,367,2023-05-01,1,0
67727,3137,545,2023-06-05,3,0
67729,7050,223,2023-12-05,4,10
67731,2109,440,2023-09-07,1,0
67733,1025,257,2023-06-04,2,0
67736,1325,124,2023-03-07,1,0
67739,5321,531,2023-03-04,1,20
67744,6436,538,2023-03-10,3,5
67745,4072,593,2023-07-03,3,0
67747,1556,143,2023-07-11,2,10
67750,1910,178,2023-06-04,3,2
67770,9545,461,2023-09-10,2,0
67791,4133,482,2023-09-06,1,15
67798,8628,404,2023-09-07,3,5
67804,1733,350,2023-12-07,1,2
67838,6403,293,2023-11-08,3,0
67840,519,137,2023-12-09,2,5
67845,8317,510,2023-05-05,1,0
67846,3936,238,2023-08-10,1,0
67848,8066,306,2023-05-09,1,0
67852,9557,198,2023-05-07,1,15
67855,4136,513,2023-09-05,2,0
67860,8001,232,2023-11-07,3,2
67862,29,150,2023-06-01,1,5
67879,5411,151,2023-01-04,4,0
67880,1906,205,2023-10-04,4,10
67881,3783,560,2023-11-06,1,15
67884,8753,308,2023-10-11,1,2
67890,7295,323,2023-10-02,1,0
67899,1926,206,2023-05-10,3,0
67900,3378,333,2023-11-11,2,0
67901,9705,111,2023-05-03,1,0
67907,4330,414,2023-07-04,1,2
67910,2712,381,2023-10-10,5,0
67914,1981,250,2023-01-10,1,2
67920,7632,311,2023-07-01,2,0
67925,5510,285,2023-05-04,1,10
67932,3326,460,2023-12-03,2,10
67944,6683,308,2023-09-01,3,2
67947,3242,299,2023-01-05,5,0
67951,8306,337,2023-06-01,3,0
67973,8465,275,2023-05-05,1,0
67983,8335,488,2023-02-01,2,0
67986,3955,489,2023-01-01,4,0
67988,8076,577,2023-01-03,5,0
67989,154,191,2023-09-06,1,0
67999,3788,230,2023-12-08,3,0
68001,86,415,2023-06-04,1,5
68017,4401,378,2023-06-01,1,0
68018,4725,433,2023-12-10,1,2
68029,5780,222,2023-03-09,3,5
68039,7847,173,2023-10-04,1,15
68044,5580,320,2023-09-08,2,0
68048,8625,438,2023-09-12,2,5
68050,4909,455,2023-10-08,2,0
68051,2851,419,2023-04-06,2,0
68056,5905,194,2023-04-09,5,0
68077,9262,310,2023-08-05,1,2
68079,662,356,2023-04-01,2,0
68080,5099,443,2023-09-02,1,0
68085,5880,516,2023-04-07,2,0
68093,2601,305,2023-01-07,1,0
68102,9907,428,2023-07-01,1,0
68109,2826,457,2023-08-11,1,0
68110,6309,349,2023-06-04,2,2
68111,4234,181,2023-06-10,1,2
68113,5472,578,2023-09-07,1,0
68122,1974,531,2023-07-07,3,0
68124,8221,363,2023-08-06,3,0
68135,2919,418,2023-09-11,2,0
68145,8575,349,2023-02-09,3,0
68150,6236,185,2023-12-05,2,5
68164,297,534,2023-08-09,1,0
68171,1540,385,2023-10-11,2,2
68176,2497,122,2023-08-05,2,2
68180,1172,354,2023-07-03,2,5
68181,1963,332,2023-06-08,1,0
68184,7842,352,2023-05-01,1,10
68187,5002,403,2023-10-05,1,5
68207,4801,159,2023-03-02,1,0
68210,8428,495,2023-04-12,3,10
68217,1882,250,2023-08-10,2,0
68220,397,552,2023-06-01,1,15
68227,3242,484,2023-01-09,1,10
68228,4311,169,2023-06-07,5,5
68231,5492,504,2023-12-05,1,0
68241,269,172,2023-12-06,3,2
68243,1953,114,2023-07-03,2,0
68254,4726,346,2023-11-08,2,0
68267,9949,485,2023-11-07,1,0
68270,6854,579,2023-03-12,3,0
68272,4893,224,2023-10-03,2,0
68281,3303,344,2023-10-02,1,0
68284,3475,347,2023-10-09,3,0
68290,2267,143,2023-02-12,2,0
68297,1138,344,2023-12-04,1,2
68299,5223,582,2023-07-09,1,0
68309,6486,271,2023-11-09,2,0
68310,9330,347,2023-08-05,3,0
68312,1992,319,2023-04-07,1,0
68316,5016,310,2023-05-06,1,2
68328,1420,570,2023-03-02,3,5
68339,6770,262,2023-01-03,1,0
68340,4557,314,2023-11-11,1,0
68342,2192,331,2023-06-10,1,0
68343,8701,264,2023-05-05,1,5
68348,2670,415,2023-03-07,1,5
68350,4251,280,2023-05-07,3,0
68366,605,138,2023-11-10,2,0
68368,5202,222,2023-03-05,3,0
68370,3329,568,2023-08-05,1,5
68371,9788,589,2023-07-03,1,0
68419,8455,201,2023-04-02,2,5
68420,4536,472,2023-06-12,1,2
68429,4481,182,2023-05-11,2,0
68435,5649,234,2023-06-12,1,0
68436,9096,549,2023-06-06,3,0
68442,936,177,2023-05-10,3,0
68452,4720,266,2023-07-12,2,0
68461,5016,452,2023-10-05,3,0
68496,5744,296,2023-12-11,1,0
68500,7247,452,2023-05-01,3,0
68503,4540,595,2023-08-09,2,10
68504,580,186,2023-10-09,1,0
68509,3319,412,2023-02-10,1,0
68515,8652,248,2023-07-04,1,0
68523,9203,264,2023-01-09,2,2
68534,7521,219,2023-05-02,2,0
68545,120,184,2023-02-05,3,5
68547,2706,585,2023-02-10,3,5
68554,8695,463,2023-06-10,1,2
68560,7955,507,2023-08-12,2,0
68562,4890,569,2023-12-09,1,0
68566,9784,396,2023-11-07,3,5
68570,5594,486,2023-08-02,2,0
68584,4924,463,2023-01-12,1,0
68593,9806,221,2023-09-07,4,0
68607,4340,240,2023-04-04,2,0
68608,9578,246,2023-07-10,1,0
68613,4464,262,2023-06-09,1,0
68619,9855,414,2023-04-10,1,0
68621,5594,278,2023-12-05,2,0
68636,5364,507,2023-07-11,4,0
68637,5248,134,2023-11-08,1,0
68639,999,163,2023-08-02,1,2
68643,3396,446,2023-04-10,5,2
68655,3719,509,2023-09-12,2,10
68658,276,274,2023-07-01,2,2
68664,4318,282,2023-08-06,1,0
68666,8677,364,2023-05-12,2,10
68671,3097,542,2023-10-09,2,0
68688,6207,356,2023-07-02,1,5
68700,3214,538,2023-05-03,5,10
68701,3348,435,2023-11-03,1,0
68719,6541,231,2023-07-10,3,10
68738,9681,477,2023-06-05,1,10
68744,4679,402,2023-04-11,4,0
68762,824,168,2023-06-02,1,0
68776,8979,386,2023-07-02,1,5
68792,4890,305,2023-08-06,5,0
68801,6367,445,2023-09-04,1,5
68821,7864,232,2023-08-03,4,2
68825,3980,369,2023-02-07,1,0
68831,5468,496,2023-05-03,1,10
68834,7634,370,2023-11-11,2,2
68841,6122,506,2023-03-01,1,0
68851,4936,281,2023-06-11,1,0
68856,4326,191,2023-07-07,2,0
68861,2554,138,2023-05-12,3,5
68862,5417,128,2023-05-06,3,10
68868,3635,546,2023-04-06,1,5
68885,9410,535,2023-09-06,1,0
68903,7271,529,2023-08-02,1,0
68908,2609,297,2023-10-01,2,10
68914,9852,508,2023-10-02,1,15
68917,215,425,2023-09-01,1,0
68921,169,109,2023-02-11,1,0
68924,8115,126,2023-01-02,3,5
68935,5601,486,2023-06-04,4,0
68949,1043,185,2023-08-02,1,10
68962,7580,356,2023-03-05,3,2
68964,755,220,2023-03-07,1,10
68976,1926,585,2023-10-04,2,2
68982,3965,510,2023-06-10,2,0
68987,5407,404,2023-02-05,1,0
68996,6653,517,2023-09-07,2,15
69003,9991,458,2023-08-03,1,15
69012,5338,343,2023-11-11,1,5
69015,5700,575,2023-01-07,1,0
69022,7050,485,2023-10-01,2,0
69031,5241,272,2023-12-04,2,2
69035,5839,297,2023-10-08,3,0
69041,2420,442,2023-10-08,1,0
69043,9432,323,2023-08-12,3,0
69055,9330,231,2023-11-09,3,10
69060,8006,572,2023-04-12,5,0
69067,1760,507,2023-03-01,2,0
69070,3296,146,2023-09-05,4,2
69073,8540,115,2023-11-04,5,0
69097,3165,390,2023-07-01,2,0
69105,567,264,2023-12-07,2,10
69107,4424,470,2023-08-11,3,0
69109,3795,600,2023-12-11,4,0
69118,3817,306,2023-07-09,4,0
69119,4913,179,2023-04-12,1,0
69128,5795,528,2023-09-06,1,0
69133,3129,273,2023-08-03,3,0
69139,4276,506,2023-03-04,2,2
69141,1782,390,2023-10-10,2,0
69147,4368,481,2023-08-11,5,2
69148,3144,496,2023-08-02,3,0
69151,663,458,2023-07-04,1,0
69155,6109,306,2023-01-01,5,0
69160,5987,441,2023-04-08,1,10
69161,4048,453,2023-10-05,1,0
69168,7081,192,2023-05-06,3,0
69174,1946,233,2023-05-11,5,5
69189,9070,303,2023-11-01,1,2
69195,969,312,2023-10-07,1,10
69196,9546,240,2023-12-10,4,0
69200,1941,595,2023-06-01,1,0
69204,4218,306,2023-07-09,3,0
69205,9688,260,2023-11-08,2,2
69208,6083,527,2023-08-04,1,15
69222,5120,343,2023-08-05,4,5
69258,6392,584,2023-03-05,1,0
69264,6950,127,2023-11-09,1,0
69265,6138,140,2023-01-12,3,15
69273,1763,116,2023-10-05,3,10
69275,9789,237,2023-09-02,3,0
69280,4807,350,2023-04-09,2,0
69301,1620,503,2023-12-04,2,0
69307,4653,546,2023-05-09,2,5
69319,4461,201,2023-05-02,1,0
69323,3773,127,2023-01-11,1,10
69328,8788,537,2023-07-09,2,0
69335,1922,479,2023-04-11,2,2
69350,9791,218,2023-01-01,2,0
69356,8145,586,2023-01-03,4,2
69363,2703,230,2023-02-05,1,10
69365,3755,101,2023-04-04,4,15
69368,7145,366,2023-08-04,2,0
69371,5956,361,2023-04-03,1,0
69378,11,318,2023-02-06,3,0
69389,5310,236,2023-01-12,3,20
69390,5537,252,2023-01-01,2,10
69391,7727,444,2023-11-02,2,0
69410,6515,432,2023-04-11,5,0
69416,1708,526,2023-03-12,1,5
69422,6308,332,2023-05-10,3,0
69429,6690,157,2023-08-08,4,0
69435,1300,299,2023-02-11,2,5
69440,4146,361,2023-11-08,2,15
69442,6700,111,2023-09-10,5,0
69452,2338,278,2023-03-09,3,0
69469,7228,590,2023-01-07,2,5
69472,4297,342,2023-09-06,1,5
69475,5364,232,2023-03-03,1,0
69476,2248,486,2023-08-08,1,0
69482,8446,284,2023-09-01,2,2
69489,7261,134,2023-04-06,2,2
69496,586,346,2023-06-09,2,0
69503,3630,470,2023-04-10,1,0
69504,8399,462,2023-10-02,4,0
69521,6895,535,2023-10-04,4,5
69525,3405,187,2023-07-03,2,10
69528,522,342,2023-05-04,2,0
69530,6922,496,2023-03-10,1,0
69536,145,314,2023-10-02,1,0
69542,8726,167,2023-08-04,3,0
69543,1620,264,2023-04-04,1,2
69549,712,233,2023-06-05,3,0
69557,2332,378,2023-12-02,2,0
69562,3612,210,2023-04-11,1,20
69568,4110,124,2023-07-01,2,5
69570,3528,559,2023-09-04,3,2
69573,4959,284,2023-02-08,3,0
69580,4286,588,2023-02-06,1,5
69581,4739,470,2023-02-03,2,0
69590,4835,104,2023-10-04,5,2
69601,6614,331,2023-06-03,2,0
69608,6936,595,2023-05-11,1,15
69612,109,317,2023-09-04,2,2
69615,1745,517,2023-05-04,2,0
69617,1793,202,2023-09-12,1,0
69623,6367,345,2023-12-08,3,0
69627,5174,135,2023-06-03,1,0
69628,8782,236,2023-01-10,5,10
69653,2909,386,2023-07-02,1,2
69666,9111,279,2023-06-03,1,15
69673,9813,200,2023-03-12,3,5
69681,7093,523,2023-03-10,3,5
69684,6411,204,2023-06-12,3,0
69687,4434,371,2023-12-01,3,0
69693,2299,544,2023-08-04,3,0
69699,522,485,2023-04-02,1,0
69704,6808,155,2023-09-08,1,0
69706,5437,159,2023-05-08,2,0
69712,2981,380,2023-06-10,3,0
69714,6951,440,2023-07-10,1,0
69726,736,510,2023-07-01,2,0
69728,4077,328,2023-04-05,2,0
69729,7984,513,2023-12-08,2,0
69735,3056,236,2023-02-08,2,2
69736,3835,475,2023-08-02,1,0
69766,4821,198,2023-04-04,1,10
69771,3086,243,2023-08-06,1,0
69774,3340,448,2023-09-04,2,0
69777,5458,388,2023-01-10,1,0
69779,3557,521,2023-04-01,2,0
69787,6046,115,2023-02-04,2,2
69792,7104,497,2023-10-05,1,0
69795,7318,101,2023-12-06,1,2
69799,4281,262,2023-03-01,2,2
69804,3605,165,2023-09-02,2,0
69824,8075,342,2023-02-10,1,0
69826,6178,429,2023-01-12,3,0
69830,2965,372,2023-03-03,2,0
69832,4317,123,2023-11-03,3,0
69858,4058,278,2023-02-11,2,0
69876,8240,210,2023-03-11,2,0
69882,6515,146,2023-09-03,1,2
69894,6746,437,2023-09-01,2,10
69898,3048,332,2023-05-09,2,0
69901,2974,307,2023-02-03,4,10
69928,3909,471,2023-10-08,2,5
69933,976,187,2023-10-06,1,5
69942,6808,173,2023-08-09,1,2
69948,1595,115,2023-12-04,2,15
69951,4969,476,2023-07-07,1,5
69959,176,539,2023-02-06,3,5
69968,9811,259,2023-04-01,1,0
69975,1651,571,2023-05-02,2,0
69980,4723,294,2023-11-12,1,2
69985,8896,377,2023-03-01,2,5
69993,3173,391,2023-02-03,4,2
69998,8033,398,2023-02-02,1,5
70008,8219,517,2023-03-06,1,5
70044,7600,281,2023-11-05,3,5
70048,8425,347,2023-06-01,1,5
70058,9026,366,2023-05-04,3,0
70062,4317,535,2023-12-12,4,20
70066,2927,329,2023-04-05,1,20
70079,9112,338,2023-08-10,1,0
70092,6774,575,2023-10-07,5,2
70093,5691,341,2023-09-05,1,5
70097,9010,354,2023-11-09,2,5
70110,5430,281,2023-08-05,2,0
70122,6862,148,2023-03-08,3,5
70130,3119,367,2023-06-02,1,15
70138,8200,247,2023-03-03,1,2
70141,8107,360,2023-04-02,3,0
70145,6972,126,2023-01-05,3,0
70148,6639,456,2023-10-02,1,2
70169,9266,563,2023-04-11,3,0
70183,6464,299,2023-03-07,4,0
70185,1282,177,2023-03-01,5,0
70186,7175,550,2023-08-11,4,2
70187,6972,354,2023-08-08,3,0
70189,9495,542,2023-04-07,2,0
70200,7405,425,2023-11-01,2,0
70205,3487,534,2023-11-09,3,0
70208,4116,235,2023-12-11,4,5
70218,2482,335,2023-03-02,1,0
70222,7428,162,2023-05-12,2,0
70224,5055,576,2023-10-01,2,0
70230,4688,142,2023-04-06,1,0
70231,357,417,2023-03-11,3,0
70236,9846,265,2023-02-05,1,0
70245,1686,216,2023-10-11,5,10
70269,9396,281,2023-05-12,1,0
70273,5100,576,2023-12-05,3,0
70275,2702,584,2023-03-09,2,0
70282,8700,420,2023-12-02,2,0
70285,4623,361,2023-05-01,2,0
70291,2860,213,2023-11-04,2,0
70295,598,468,2023-02-10,1,5
70296,8741,296,2023-12-05,1,5
70297,3022,518,2023-09-10,1,0
70309,1083,376,2023-10-07,1,0
70322,3882,491,2023-11-04,4,0
70336,7717,597,2023-11-11,2,10
70341,3504,349,2023-03-11,3,0
70346,1327,284,2023-07-06,2,0
70348,3319,161,2023-03-08,1,0
70365,5093,264,2023-01-06,1,0
70368,8752,268,2023-02-03,4,10
70384,277,519,2023-09-10,1,0
70403,2414,546,2023-06-08,5,5
70416,1369,230,2023-12-11,3,5
70422,9712,430,2023-11-12,4,0
70440,7672,472,2023-06-12,1,5
70447,7213,364,2023-06-03,1,5
70450,8444,194,2023-12-03,1,2
70453,5369,258,2023-09-10,2,0
70458,6934,137,2023-06-08,1,0
70464,1104,521,2023-08-03,1,5
70469,5169,359,2023-12-02,5,0
70473,5776,374,2023-04-04,3,5
70474,1267,273,2023-01-07,2,0
70476,734,474,2023-08-04,4,0
70478,8992,560,2023-07-05,2,5
70479,2577,125,2023-06-08,2,5
70491,6952,372,2023-12-05,1,10
70492,4893,170,2023-12-10,1,10
70513,6758,279,2023-06-01,2,15
70514,7295,420,2023-01-11,3,0
70526,7214,393,2023-06-05,1,5
70527,6704,429,2023-10-08,1,5
70529,748,482,2023-08-01,3,0
70532,6070,151,2023-11-09,4,0
70542,5188,364,2023-11-02,1,10
70561,8351,139,2023-05-03,1,10
70577,4771,216,2023-02-05,1,0
70582,5985,144,2023-11-10,1,2
70585,2221,109,2023-06-01,1,15
70589,2441,189,2023-10-10,3,0
70593,9058,194,2023-01-05,1,2
70601,3889,245,2023-04-06,5,5
70607,301,408,2023-11-01,2,0
70612,3213,187,2023-09-07,1,0
70613,3868,477,2023-09-08,1,0
70642,9991,392,2023-12-07,4,0
70646,3775,238,2023-06-12,1,2
70650,9477,322,2023-07-07,3,0
70654,2778,472,2023-09-08,1,2
70661,5807,510,2023-12-06,2,2
70662,3247,439,2023-08-02,1,2
70667,1037,321,2023-02-01,4,0
70677,7031,361,2023-10-08,2,0
70682,9682,397,2023-08-10,1,15
70685,7042,376,2023-08-07,4,0
70689,1128,346,2023-03-11,3,0
70690,3841,349,2023-09-03,1,5
70692,400,542,2023-10-12,1,5
70697,169,552,2023-12-06,2,0
70706,5411,121,2023-04-06,1,15
70709,5133,486,2023-11-12,5,0
70715,6651,550,2023-06-01,1,15
70720,8356,174,2023-03-06,1,0
70738,6736,139,2023-06-11,2,0
70741,5014,132,2023-12-09,2,15
70742,2990,120,2023-04-09,3,5
70751,3507,175,2023-06-02,3,0
70752,5011,332,2023-11-09,1,0
70760,872,542,2023-07-09,1,0
70761,6028,395,2023-06-09,3,2
70762,8136,142,2023-07-04,1,0
70783,1346,478,2023-12-06,4,10
70787,840,385,2023-07-07,4,10
70792,486,215,2023-07-10,1,2
70796,7073,522,2023-12-10,1,5
70801,9973,562,2023-03-08,3,0
70804,3603,426,2023-04-12,2,0
70808,8058,232,2023-08-12,1,10
70818,6720,538,2023-01-02,3,0
70828,8548,263,2023-06-05,4,10
70829,7244,550,2023-11-06,3,10
70843,9419,533,2023-12-05,4,5
70862,9546,401,2023-06-06,1,10
70871,4327,351,2023-07-11,5,15
70872,6381,248,2023-07-05,2,5
70887,9633,374,2023-02-08,3,0
70889,7058,152,2023-05-01,4,0
70896,9283,532,2023-05-05,2,0
70909,9671,166,2023-03-05,1,5
70915,9386,375,2023-01-12,5,0
70917,554,352,2023-09-04,4,0
70918,6047,409,2023-07-12,1,0
70919,4138,218,2023-04-07,2,5
70920,2790,387,2023-07-10,5,0
70922,7696,453,2023-04-08,1,0
70934,3722,409,2023-01-02,1,2
70942,771,565,2023-07-02,1,5
70943,5470,304,2023-03-12,2,2
70944,6583,298,2023-02-08,2,10
70952,7213,424,2023-10-10,1,15
70955,8540,552,2023-06-07,1,0
70960,2017,142,2023-01-04,2,2
70961,1292,202,2023-07-02,3,0
70962,8554,342,2023-09-06,3,2
70963,7316,340,2023-09-11,3,0
70965,1075,387,2023-04-04,3,10
70966,2060,294,2023-07-06,1,5
70989,7304,201,2023-07-09,2,2
70991,8814,430,2023-07-09,1,0
70994,1969,361,2023-01-10,1,0
70995,8755,507,2023-07-02,3,10
71001,5918,562,2023-04-07,1,0
71004,2158,309,2023-03-09,5,10
71013,8979,348,2023-10-05,1,0
71024,8239,577,2023-01-05,1,2
71028,2060,502,2023-07-12,1,2
71031,8540,483,2023-09-06,2,0
71053,5813,537,2023-01-06,2,0
71069,9367,304,2023-07-08,2,0
71082,8107,489,2023-04-12,2,0
71086,5360,582,2023-12-11,2,0
71088,9655,525,2023-01-01,3,5
71090,5337,387,2023-12-12,2,10
71094,3775,437,2023-02-03,1,0
71101,8922,286,2023-02-06,2,10
71123,8136,396,2023-05-10,1,0
71131,5249,208,2023-07-08,2,0
71140,2367,191,2023-01-11,3,10
71147,9708,391,2023-12-12,1,0
71152,3775,228,2023-05-01,1,10
71188,779,307,2023-07-05,2,0
71192,5492,454,2023-02-03,5,0
71200,4470,550,2023-07-10,1,0
71208,8866,188,2023-04-10,1,0
71209,9295,564,2023-04-09,1,0
71217,3930,256,2023-12-11,2,2
71218,6240,563,2023-09-08,1,15
71220,9813,386,2023-11-02,2,0
71242,1709,315,2023-11-02,2,0
71247,2605,564,2023-06-11,1,2
71275,8634,551,2023-08-02,1,0
71292,4372,301,2023-09-12,3,0
71294,4661,302,2023-05-01,1,0
71298,5602,567,2023-06-08,1,2
71336,5673,189,2023-03-10,1,0
71347,4337,489,2023-04-03,3,0
71353,2974,146,2023-04-03,4,0
71361,6862,472,2023-12-10,1,2
71362,8927,388,2023-06-12,3,2
71373,3749,475,2023-09-01,2,5
71387,7175,474,2023-11-12,3,2
71404,661,269,2023-12-02,3,0
71407,8328,587,2023-03-01,1,5
71423,9681,284,2023-05-04,1,2
71434,6628,113,2023-09-03,3,0
71441,1622,501,2023-09-05,3,0
71444,1361,369,2023-09-11,2,5
71445,4434,330,2023-11-12,1,15
71460,7022,149,2023-02-04,1,0
71493,7487,314,2023-11-07,1,0
71502,8584,257,2023-07-05,1,5
71507,4808,399,2023-12-06,1,0
71510,3629,430,2023-08-10,2,0
71521,8853,368,2023-02-11,1,10
71523,5233,502,2023-06-11,1,0
71529,3844,543,2023-12-12,1,0
71538,8885,476,2023-02-05,3,0
71547,2267,263,2023-05-03,2,0
71557,2925,543,2023-10-08,1,0
71595,6705,279,2023-04-03,1,0
71604,4330,527,2023-08-04,1,10
71606,856,348,2023-10-09,2,2
71624,3995,106,2023-09-05,4,2
71625,168,398,2023-11-04,1,0
71628,6908,476,2023-08-03,1,5
71629,4661,343,2023-09-08,3,0
71630,9120,449,2023-11-12,1,5
71635,9156,572,2023-06-11,1,10
71637,5979,517,2023-01-07,1,0
71639,5847,189,2023-09-03,4,15
71646,7844,282,2023-07-04,1,0
71648,655,416,2023-11-09,1,5
71649,401,481,2023-09-01,3,0
71650,4280,426,2023-02-01,1,0
71662,9988,396,2023-05-02,2,10
71664,7130,534,2023-08-01,1,0
71665,1840,410,2023-10-02,3,0
71666,8043,575,2023-10-05,1,2
71667,7572,356,2023-01-05,1,0
71672,6384,148,2023-01-12,1,10
71679,3398,154,2023-11-01,2,2
71680,1167,349,2023-09-05,4,10
71687,5093,175,2023-08-05,2,10
71691,6661,192,2023-10-10,2,0
71694,1102,258,2023-03-06,1,15
71696,3222,501,2023-11-05,1,5
71700,291,531,2023-09-06,1,5
71704,4509,366,2023-01-06,3,0
71706,1085,333,2023-09-08,4,0
71710,1848,554,2023-04-09,4,15
71712,8950,347,2023-09-07,2,0
71713,2221,384,2023-03-06,1,0
71724,3935,245,2023-03-05,2,0
71729,6686,466,2023-12-08,2,0
71735,3329,349,2023-11-02,1,2
71737,4233,263,2023-01-02,4,2
71743,2766,498,2023-12-08,3,5
71747,6871,120,2023-01-03,1,5
71749,9537,114,2023-01-08,2,5
71754,4469,203,2023-11-09,2,0
71761,6524,466,2023-04-01,1,0
71771,6678,274,2023-10-08,1,0
71773,2964,156,2023-07-12,3,10
71776,3605,476,2023-01-06,1,0
71784,6826,509,2023-04-11,1,0
71789,2819,319,2023-03-02,2,5
71796,2968,292,2023-10-01,2,2
71797,766,334,2023-10-04,1,0
71847,8424,419,2023-05-01,5,0
71863,9612,424,2023-09-05,1,0
71873,7857,180,2023-05-07,2,5
71874,4215,167,2023-03-02,4,0
71875,277,433,2023-01-08,3,2
71880,1836,385,2023-06-06,1,2
71890,7226,334,2023-08-01,2,15
71891,9617,439,2023-01-08,1,0
71915,5449,194,2023-06-09,2,5
71917,2272,399,2023-07-07,1,5
71921,5410,203,2023-12-10,3,5
71930,1053,109,2023-11-01,3,5
71936,2173,218,2023-05-08,1,0
71962,523,365,2023-12-05,1,0
71984,6820,496,2023-08-11,1,5
71990,8509,202,2023-07-11,1,10
71993,5863,599,2023-02-06,1,2
71996,795,582,2023-03-08,1,0
71998,8544,181,2023-03-08,3,0
72013,374,126,2023-05-06,1,0
72017,9934,257,2023-06-02,5,0
72021,3136,402,2023-01-05,1,10
72026,3625,507,2023-10-05,3,10
72037,9396,320,2023-08-12,1,10
72041,7304,274,2023-12-08,1,10
72042,1568,371,2023-09-01,1,2
72050,9818,265,2023-02-10,5,0
72054,2853,198,2023-08-07,2,10
72058,6063,428,2023-12-05,2,2
72081,5152,365,2023-08-03,2,0
72082,7148,453,2023-11-11,5,0
72101,4833,303,2023-03-10,3,0
72103,5775,127,2023-09-03,2,0
72110,8825,129,2023-07-03,2,0
72111,7392,409,2023-05-07,1,0
72115,2057,394,2023-02-06,5,0
72117,9503,534,2023-09-09,3,5
72127,1199,111,2023-04-05,3,2
72132,3493,256,2023-06-04,2,0
72137,2944,292,2023-04-05,4,2
72152,2037,140,2023-02-11,3,0
72162,3037,208,2023-10-12,1,0
72172,25,499,2023-10-05,3,0
72176,5734,339,2023-08-05,1,0
72183,9283,266,2023-07-11,1,0
72196,6908,309,2023-07-05,2,0
72199,6890,347,2023-12-09,4,0
72220,1981,362,2023-02-11,3,0
72223,9109,522,2023-10-08,1,10
72224,7292,123,2023-02-06,2,0
72230,8713,239,2023-03-02,2,5
72243,3364,355,2023-08-01,1,5
72245,441,136,2023-07-04,2,2
72262,6434,155,2023-10-01,3,5
72264,4170,426,2023-07-02,5,10
72268,8399,585,2023-11-11,2,0
72269,2369,587,2023-12-05,2,5
72271,2223,518,2023-01-05,1,5
72277,6172,481,2023-09-01,1,5
72285,4027,200,2023-04-11,1,5
72289,7864,413,2023-02-02,1,10
72291,8220,460,2023-08-05,5,0
72292,5152,571,2023-02-08,3,0
72314,3049,159,2023-02-09,1,0
72315,7234,521,2023-02-04,3,0
72317,7847,420,2023-07-03,1,2
72322,5287,303,2023-03-04,1,0
72344,5065,540,2023-10-12,1,5
72347,8878,508,2023-08-01,4,2
72356,444,370,2023-04-01,1,0
72358,6826,389,2023-01-02,1,15
72363,755,278,2023-06-01,3,0
72366,9033,119,2023-06-02,1,5
72369,6899,167,2023-12-10,3,15
72370,7828,330,2023-02-05,3,10
72376,6292,427,2023-01-02,1,0
72390,2653,469,2023-06-01,1,0
72401,9124,128,2023-12-06,2,0
72405,5786,375,2023-01-09,2,0
72406,1240,596,2023-07-10,1,2
72411,5287,445,2023-04-02,2,2
72425,4468,382,2023-11-01,2,0
72428,4044,320,2023-07-06,2,0
72443,5856,359,2023-08-03,3,10
72457,3152,218,2023-02-01,1,0
72462,9138,286,2023-07-08,3,0
72474,5700,385,2023-04-08,1,2
72476,5886,489,2023-05-10,1,5
72478,1079,559,2023-11-08,2,0
72481,7950,495,2023-03-08,2,2
72490,9893,299,2023-10-03,1,0
72495,6945,188,2023-09-10,4,0
72514,5423,489,2023-07-11,1,0
72517,9938,252,2023-05-11,2,0
72518,577,563,2023-11-03,2,0
72520,1104,427,2023-05-02,1,10
72530,1569,481,2023-12-12,1,0
72542,8852,323,2023-03-05,1,0
72550,3137,590,2023-02-01,2,2
72554,7981,337,2023-09-02,2,0
72561,340,205,2023-01-05,3,2
72562,3844,271,2023-10-10,2,0
72563,3270,308,2023-10-06,4,0
72571,398,124,2023-04-10,2,2
72573,7151,465,2023-03-04,4,5
72575,3462,197,2023-07-04,1,0
72581,308,409,2023-11-03,1,5
72582,8578,173,2023-02-03,2,5
72585,6425,156,2023-10-01,1,0
72592,6505,567,2023-09-06,2,5
72596,3827,224,2023-06-11,2,0
72601,9655,572,2023-11-11,1,2
72607,71,242,2023-09-06,4,0
72611,9364,553,2023-07-05,1,5
72642,3589,449,2023-10-05,4,20
72657,169,192,2023-03-05,1,5
72659,1186,336,2023-04-05,3,0
72661,3097,383,2023-04-06,2,0
72662,2837,559,2023-01-05,3,15
72664,5276,346,2023-01-12,1,5
72666,6148,291,2023-03-08,1,0
72689,1264,167,2023-12-01,4,0
72692,8159,346,2023-03-12,1,0
72695,9087,275,2023-03-05,1,10
72699,661,342,2023-03-02,4,5
72700,8100,321,2023-08-07,3,2
72705,6419,169,2023-06-09,2,5
72708,175,365,2023-02-08,1,5
72709,3434,367,2023-12-06,3,0
72720,1255,241,2023-04-02,4,0
72731,6160,166,2023-01-04,1,0
72735,2818,130,2023-01-03,3,0
72737,1381,159,2023-04-08,3,0
72742,9526,339,2023-08-05,1,15
72743,9004,412,2023-06-03,2,0
72755,916,369,2023-01-12,3,2
72760,581,105,2023-12-07,2,10
72761,3575,169,2023-12-10,3,0
72766,9087,330,2023-06-09,4,5
72769,2648,435,2023-10-11,1,0
72778,2016,452,2023-08-04,2,0
72782,9217,170,2023-06-04,1,15
72791,5186,161,2023-04-03,1,5
72797,9585,129,2023-03-02,3,5
72799,3885,279,2023-12-09,1,2
72809,7933,424,2023-05-03,2,0
72812,8903,341,2023-01-04,4,0
72823,6116,580,2023-03-05,1,5
72825,7012,121,2023-05-09,3,2
72829,8270,187,2023-01-03,1,0
72830,2768,474,2023-03-08,1,5
72835,8265,401,2023-08-08,1,5
72847,4056,313,2023-03-01,1,0
72858,5514,190,2023-10-10,1,2
72865,2976,373,2023-08-06,2,0
72866,1672,230,2023-07-06,1,10
72868,7823,104,2023-02-10,3,0
72873,6629,307,2023-02-09,3,0
72879,5350,352,2023-12-05,1,0
72886,4828,476,2023-04-10,1,0
72904,843,434,2023-12-02,2,10
72906,2016,488,2023-01-11,1,2
72915,3817,285,2023-10-12,1,0
72922,8202,483,2023-05-11,1,5
72929,5623,518,2023-05-03,1,5
72932,5700,227,2023-01-08,1,0
72937,6178,303,2023-07-01,3,10
72940,3408,499,2023-09-11,3,2
72945,1992,587,2023-01-07,2,10
72947,5494,282,2023-05-01,4,10
72954,229,146,2023-03-10,2,0
72958,6595,488,2023-01-07,2,0
72960,6603,482,2023-10-09,1,0
72966,7807,582,2023-02-03,4,0
72970,6529,236,2023-05-02,1,15
72972,7857,377,2023-07-04,2,2
72984,5168,445,2023-12-04,1,0
72989,9859,479,2023-03-08,1,10
72992,4044,266,2023-09-12,3,2
72997,7155,447,2023-12-07,3,0
72998,5789,211,2023-02-03,1,2
73001,6789,572,2023-11-10,1,0
73005,3021,497,2023-02-04,1,0
73011,8184,549,2023-04-03,2,0
73013,2938,582,2023-12-08,2,0
73016,718,196,2023-05-05,4,0
73019,4879,597,2023-03-12,1,0
73026,3474,312,2023-11-09,5,10
73033,8570,408,2023-01-05,1,5
73036,6488,152,2023-05-03,2,0
73047,4749,289,2023-02-09,1,0
73063,5602,232,2023-08-01,1,2
73076,6195,287,2023-04-04,3,2
73085,6191,496,2023-08-08,2,2
73087,8364,214,2023-01-11,5,2
73088,6399,329,2023-11-09,3,2
73091,5350,385,2023-09-02,2,15
73095,7517,572,2023-03-10,2,10
73097,9537,326,2023-05-12,1,2
73108,9562,378,2023-03-07,1,2
73112,5305,475,2023-10-12,2,0
73124,9972,326,2023-09-10,3,5
73125,5928,434,2023-09-08,2,0
73127,5691,344,2023-10-12,3,0
73131,9570,315,2023-08-08,2,5
73134,9316,160,2023-12-09,1,5
73135,9446,169,2023-10-03,2,0
73139,5196,461,2023-07-05,2,2
73141,9537,336,2023-01-09,1,2
73145,4669,201,2023-01-10,2,5
73159,5935,214,2023-09-06,5,10
73162,8766,132,2023-01-12,1,10
73172,6610,428,2023-08-05,3,0
73187,242,292,2023-11-09,2,5
73198,9663,448,2023-05-02,4,5
73205,2936,304,2023-07-02,3,10
73207,6178,386,2023-09-08,1,0
73209,8239,539,2023-04-04,3,2
73211,5017,295,2023-07-10,1,0
73212,7232,225,2023-01-08,1,2
73213,5734,425,2023-12-11,2,2
73214,4237,219,2023-09-08,1,0
73221,3047,465,2023-05-10,3,0
73225,1121,327,2023-03-02,1,0
73235,468,267,2023-04-02,1,2
73236,8482,251,2023-04-12,1,0
73247,9436,246,2023-05-12,3,0
73260,1432,289,2023-02-06,3,0
73261,744,157,2023-08-04,1,20
73262,1094,255,2023-08-06,1,0
73268,4868,242,2023-12-05,3,0
73277,9288,413,2023-09-02,1,2
73289,85,374,2023-05-05,4,0
73290,6598,517,2023-08-10,2,5
73294,9943,504,2023-07-02,1,5
73303,3778,362,2023-12-02,1,0
73316,8576,593,2023-12-02,5,2
73323,3859,214,2023-08-05,2,0
73329,5411,136,2023-06-09,4,0
73357,4879,387,2023-05-09,2,0
73358,9276,553,2023-02-03,2,15
73359,1045,500,2023-04-11,1,0
73360,9712,502,2023-10-05,1,0
73368,4369,242,2023-08-09,1,0
73382,6840,355,2023-05-07,1,10
73386,4468,441,2023-11-04,2,0
73387,8428,598,2023-03-07,2,5
73389,186,527,2023-01-04,2,2
73396,1922,370,2023-06-02,1,0
73402,3504,436,2023-07-05,2,2
73403,3787,416,2023-09-09,2,0
73405,8298,117,2023-10-09,1,0
73413,486,511,2023-02-01,3,0
73414,6043,135,2023-04-01,2,2
73421,1282,188,2023-08-02,1,10
73426,1198,325,2023-12-01,3,0
73427,9446,219,2023-05-07,2,0
73428,3749,178,2023-08-05,3,5
73433,8064,410,2023-10-04,5,15
73443,5471,300,2023-11-08,5,10
73447,6617,123,2023-02-07,4,0
73448,235,205,2023-04-10,1,0
73450,479,144,2023-04-09,2,0
73462,7984,557,2023-10-03,5,5
73464,1058,113,2023-08-06,1,0
73481,4828,512,2023-09-08,1,5
73498,4766,418,2023-11-09,3,2
73511,819,394,2023-09-10,2,0
73530,1240,520,2023-09-06,3,0
73543,8283,532,2023-11-01,1,5
73554,1568,155,2023-07-03,1,2
73556,2128,352,2023-01-01,1,10
73562,4655,283,2023-12-12,4,5
73593,2979,207,2023-09-09,2,0
73620,2968,356,2023-10-10,2,0
73632,6868,544,2023-09-06,1,0
73636,6713,180,2023-03-03,5,5
73637,5393,218,2023-05-04,1,5
73638,9332,214,2023-08-06,4,10
73662,6297,333,2023-04-11,3,5
73664,8811,259,2023-05-01,1,0
73676,9378,382,2023-09-10,2,10
73679,342,390,2023-03-01,1,0
73683,5661,324,2023-08-11,2,2
73685,8829,318,2023-05-12,2,15
73690,7621,258,2023-09-01,1,0
73691,1886,190,2023-05-07,2,0
73698,9111,191,2023-06-02,4,0
73714,5983,364,2023-05-02,1,10
73716,7227,462,2023-10-10,2,0
73726,5150,309,2023-02-09,1,0
73729,8482,518,2023-09-05,2,0
73750,7569,467,2023-09-04,1,0
73757,7427,224,2023-06-08,1,2
73758,5578,508,2023-12-05,3,5
73782,2741,229,2023-05-06,2,5
73786,4582,147,2023-04-10,2,0
73788,6735,491,2023-06-07,1,0
73790,5661,401,2023-01-12,3,0
73793,8914,439,2023-03-09,2,2
73798,5204,370,2023-04-07,4,5
73799,7526,437,2023-11-05,2,0
73805,5410,543,2023-03-10,4,5
73810,7564,206,2023-11-10,1,5
73811,9657,362,2023-05-07,4,15
73813,5364,279,2023-10-05,1,2
73814,1213,249,2023-06-11,4,10
73815,4762,430,2023-07-03,4,0
73816,4956,318,2023-09-10,1,0
73823,6558,568,2023-10-05,1,0
73831,7335,112,2023-02-07,2,0
73835,3980,442,2023-03-10,3,10
73845,5771,585,2023-06-12,2,0
73882,5915,368,2023-05-11,2,15
73893,5564,465,2023-12-08,2,0
73896,3877,216,2023-07-03,2,0
73897,6344,119,2023-02-05,1,0
73902,3219,417,2023-08-03,3,0
73908,6849,152,2023-10-02,1,0
73932,5081,190,2023-01-12,3,10
73937,1483,520,2023-06-02,1,2
73939,7908,233,2023-09-07,3,2
73941,4266,202,2023-08-04,1,20
73953,1300,399,2023-11-06,3,0
73954,1698,234,2023-09-09,1,2
73960,8048,558,2023-11-10,3,0
73961,2281,587,2023-10-05,5,0
73962,1852,193,2023-03-03,3,0
73963,544,309,2023-12-05,5,0
73976,5792,335,2023-09-05,2,0
73978,1548,534,2023-12-06,3,0
73981,8760,549,2023-06-07,1,0
73985,1819,220,2023-07-11,1,0
73986,9386,210,2023-04-12,2,5
73987,8576,239,2023-02-11,1,2
74017,6603,281,2023-07-12,1,0
74021,9011,452,2023-12-02,1,0
74024,9213,548,2023-08-09,1,5
74028,4453,478,2023-10-07,3,0
74032,4383,570,2023-06-06,1,5
74033,7930,290,2023-01-05,1,0
74039,7350,286,2023-02-11,1,0
74041,8142,588,2023-04-03,4,2
74048,5360,549,2023-03-12,1,0
74052,5516,191,2023-01-07,3,5
74057,2528,308,2023-02-04,2,0
74061,7894,281,2023-05-10,3,20
74070,7316,389,2023-10-03,3,5
74078,9612,567,2023-07-11,3,5
74082,5990,214,2023-03-01,2,2
74086,8530,173,2023-07-06,3,0
74102,2148,597,2023-05-12,1,5
74120,161,225,2023-03-02,2,0
74121,6854,257,2023-06-08,4,0
74123,4536,233,2023-08-06,1,0
74124,4658,489,2023-06-04,1,5
74134,6881,364,2023-12-05,3,0
74138,8416,244,2023-01-09,1,0
74142,8941,427,2023-03-11,1,0
74146,7196,472,2023-06-06,1,10
74152,4704,248,2023-10-07,1,2
74158,8076,310,2023-05-03,2,5
74170,9056,382,2023-12-08,1,0
74175,5729,359,2023-12-05,1,2
74187,7408,212,2023-11-08,3,2
74188,5801,439,2023-03-02,3,0
74191,2,591,2023-07-11,1,5
74196,2336,253,2023-12-07,2,0
74198,5300,590,2023-11-03,1,0
74205,1483,206,2023-04-02,2,5
74212,1932,360,2023-07-08,3,2
74228,8351,491,2023-09-08,4,0
74229,8946,232,2023-01-06,3,10
74237,6651,411,2023-07-03,2,0
74238,5451,226,2023-06-09,1,0
74245,5775,117,2023-05-03,1,5
74265,9207,439,2023-11-10,3,0
74268,1372,317,2023-01-01,2,5
74270,3011,116,2023-05-11,1,0
74280,529,248,2023-03-07,3,2
74289,5504,533,2023-12-09,4,5
74301,5267,113,2023-05-08,1,10
74302,6881,361,2023-01-02,2,0
74306,1324,442,2023-11-03,2,10
74310,2837,555,2023-04-07,1,0
74316,8499,346,2023-08-06,1,5
74329,562,245,2023-10-01,2,5
74337,9819,243,2023-12-06,2,5
74345,6789,145,2023-11-02,3,15
74354,1102,382,2023-04-03,2,0
74373,7605,279,2023-12-01,1,0
74377,2172,560,2023-10-05,3,10
74379,7145,212,2023-11-09,1,0
74381,6369,515,2023-08-08,1,10
74396,3806,250,2023-10-02,2,0
74410,9162,334,2023-09-08,2,2
74411,5737,370,2023-04-05,1,2
74412,1784,478,2023-01-07,1,0
74419,398,307,2023-10-06,1,0
74420,5773,572,2023-08-11,2,0
74424,8758,470,2023-10-07,2,10
74425,9939,378,2023-10-05,3,5
74430,4880,307,2023-03-03,1,0
74436,8951,251,2023-11-02,2,0
74459,3600,560,2023-07-01,2,10
74462,5568,183,2023-07-11,5,0
74474,7487,401,2023-05-02,2,0
74482,8842,514,2023-05-11,1,0
74486,3917,368,2023-03-11,1,15
74498,9236,270,2023-11-06,2,0
74505,6338,533,2023-04-01,1,2
74510,2251,322,2023-04-06,5,0
74519,9708,153,2023-12-04,1,2
74521,2553,312,2023-02-03,3,5
74527,8530,104,2023-09-07,1,0
74537,5471,447,2023-06-04,1,0
74542,1397,550,2023-08-11,2,0
74546,6455,526,2023-01-07,1,0
74547,7894,398,2023-06-11,3,5
74561,5002,123,2023-12-12,1,5
74563,8409,298,2023-12-06,1,15
74578,5391,437,2023-02-05,1,0
74587,7350,492,2023-11-12,1,0
74595,6693,169,2023-08-12,4,0
74599,5582,540,2023-02-06,1,5
74604,3775,356,2023-11-06,1,10
74605,8264,253,2023-12-07,2,5
74614,4139,519,2023-05-10,1,0
74617,837,295,2023-04-06,1,0
74618,8824,187,2023-06-07,1,0
74619,6929,266,2023-05-11,1,0
74623,6970,197,2023-12-04,4,2
74629,1020,179,2023-01-05,1,0
74637,7893,141,2023-06-03,1,0
74642,5057,483,2023-05-12,1,0
74649,1670,333,2023-06-07,3,10
74665,6507,460,2023-03-03,3,2
74672,1355,522,2023-02-02,2,0
74690,2527,214,2023-07-06,5,0
74698,8622,486,2023-10-05,1,0
74701,4589,204,2023-06-09,2,10
74704,4719,546,2023-05-05,1,0
74705,9477,317,2023-10-02,3,0
74714,2977,258,2023-06-02,1,10
74715,5100,559,2023-01-03,1,0
74735,4709,485,2023-04-07,3,0
74738,5748,276,2023-11-11,5,0
74744,748,436,2023-10-08,2,2
74751,6893,380,2023-11-12,1,0
74754,4621,302,2023-03-09,1,0
74757,4983,363,2023-02-09,1,0
74761,8152,117,2023-07-10,1,0
74765,2091,562,2023-03-10,2,2
74776,9587,475,2023-03-03,1,5
74778,5883,423,2023-03-07,1,0
74779,7024,242,2023-05-02,2,10
74796,1558,380,2023-07-09,1,0
74798,1360,329,2023-10-10,1,0
74801,9521,333,2023-06-04,5,2
74811,3502,243,2023-01-03,3,0
74812,4375,366,2023-04-09,1,2
74829,5082,591,2023-07-05,3,10
74831,2552,346,2023-07-04,1,0
74836,6280,481,2023-07-03,1,0
74849,1019,269,2023-12-12,3,0
74868,5417,160,2023-10-09,3,5
74869,1733,431,2023-09-11,3,0
74874,166,535,2023-05-04,1,0
74875,4461,371,2023-04-06,1,0
74886,4602,550,2023-10-05,1,5
74890,214,263,2023-06-07,1,0
74897,5711,128,2023-05-12,3,0
74901,2441,493,2023-04-02,2,0
74902,7908,421,2023-10-04,2,0
74907,3720,248,2023-04-09,2,0
74917,6780,487,2023-10-08,1,2
74919,3327,225,2023-07-04,5,5
74924,9878,433,2023-03-11,5,0
74933,1680,187,2023-01-01,2,10
74936,602,126,2023-11-04,3,5
74945,4212,499,2023-10-08,1,10
74951,2851,167,2023-06-06,2,5
74966,3409,355,2023-08-06,1,20
74967,2302,432,2023-06-12,3,0
75002,9126,109,2023-06-02,1,0
75014,7683,511,2023-10-07,3,0
75019,9633,278,2023-09-11,1,5
75028,6070,310,2023-05-07,1,5
75039,4300,360,2023-12-09,1,2
75040,1903,241,2023-04-05,3,5
75052,4326,230,2023-12-07,3,0
75055,3243,123,2023-12-02,2,0
75060,8744,529,2023-01-06,5,0
75065,5528,370,2023-03-06,2,15
75066,5160,336,2023-03-09,1,5
75076,1384,220,2023-03-03,3,0
75084,8979,215,2023-09-07,3,0
75085,2571,428,2023-09-01,1,0
75087,7748,396,2023-11-09,2,20
75088,5685,211,2023-12-02,3,0
75091,5011,370,2023-07-04,1,0
75111,9211,325,2023-07-10,1,0
75112,4318,438,2023-03-02,2,0
75128,468,324,2023-12-09,2,5
75131,4383,161,2023-06-02,1,0
75134,4323,493,2023-12-12,5,0
75142,6227,218,2023-12-11,1,0
75145,1199,562,2023-05-12,2,0
75159,8121,374,2023-06-01,1,0
75166,6907,379,2023-03-05,1,5
75167,6538,306,2023-04-09,2,2
75168,3589,532,2023-04-10,1,0
75179,8066,592,2023-10-10,1,0
75182,8651,239,2023-02-04,1,0
75209,2771,325,2023-02-05,2,5
75218,1690,466,2023-06-03,1,0
75227,3827,154,2023-01-02,2,0
75231,1346,104,2023-01-03,1,0
75235,3073,334,2023-01-09,1,0
75245,7408,164,2023-12-08,2,0
75246,3028,257,2023-03-11,1,10
75248,9801,214,2023-06-10,2,0
75249,2510,141,2023-08-08,3,0
75252,6335,549,2023-03-12,1,5
75253,4809,341,2023-11-02,3,0
75264,8064,293,2023-05-05,3,0
75276,5140,374,2023-10-01,1,0
75284,2420,411,2023-07-06,1,0
75288,2833,115,2023-01-03,2,2
75289,2117,374,2023-07-01,1,0
75292,3567,367,2023-01-01,1,20
75300,3805,286,2023-12-10,1,0
75301,5973,175,2023-09-07,3,5
75308,2056,586,2023-08-02,4,2
75332,2243,289,2023-04-05,3,0
75334,9479,103,2023-04-06,2,0
75341,1727,357,2023-03-05,2,0
75347,7739,526,2023-12-08,3,5
75358,2176,292,2023-07-06,2,0
75376,3928,281,2023-02-09,1,2
75378,5814,522,2023-03-09,1,5
75380,771,548,2023-08-08,5,5
75388,1401,486,2023-09-08,3,0
75390,707,329,2023-02-05,4,2
75403,5883,483,2023-03-05,3,0
75414,3791,390,2023-07-10,1,0
75416,8598,449,2023-12-03,4,2
75417,5578,168,2023-11-04,4,10
75426,7569,146,2023-11-08,2,0
75439,972,184,2023-08-12,4,0
75446,3378,584,2023-02-01,1,0
75447,8356,581,2023-04-04,1,2
75465,1494,244,2023-03-02,2,0
75467,6361,113,2023-08-06,4,0
75469,4281,552,2023-10-08,1,10
75470,8561,275,2023-03-01,1,10
75472,2104,455,2023-02-05,3,10
75479,9228,195,2023-08-04,3,0
75484,7616,288,2023-04-12,3,2
75489,8998,196,2023-06-08,3,10
75492,6329,181,2023-09-10,1,0
75502,2265,110,2023-07-07,2,10
75504,4155,352,2023-09-07,1,5
75513,1515,460,2023-06-07,1,0
75516,3286,527,2023-04-01,3,0
75525,3193,444,2023-04-01,2,5
75528,6666,101,2023-11-06,3,2
75531,1638,380,2023-09-03,3,0
75532,6123,198,2023-05-03,2,2
75535,1904,102,2023-07-05,5,0
75562,8924,320,2023-03-12,1,0
75563,3952,172,2023-08-04,1,10
75570,1282,390,2023-11-09,3,0
75578,484,155,2023-07-12,3,2
75585,8657,466,2023-09-12,2,0
75603,4525,413,2023-08-05,3,0
75613,9353,494,2023-01-01,1,0
75620,9065,159,2023-06-09,2,0
75625,8471,213,2023-02-12,3,10
75635,6601,479,2023-07-08,1,10
75642,6797,275,2023-09-05,2,0
75647,4840,379,2023-02-05,1,0
75656,8299,536,2023-07-01,3,0
75660,5037,238,2023-05-08,2,0
75664,1053,189,2023-05-12,3,0
75665,9567,296,2023-06-02,3,0
75670,7744,115,2023-09-06,1,2
75677,1647,192,2023-01-01,1,0
75679,2947,443,2023-03-04,1,0
75694,5160,597,2023-09-06,1,0
75703,4704,314,2023-07-07,4,0
75705,4567,516,2023-11-08,1,2
75710,3051,306,2023-07-01,2,2
75722,5821,234,2023-08-03,1,0
75723,7365,253,2023-10-03,1,15
75728,5385,565,2023-03-08,1,0
75731,5498,156,2023-04-10,1,0
75734,6110,367,2023-11-03,1,0
75735,5469,305,2023-12-06,1,0
75739,9010,193,2023-06-04,1,0
75748,6542,515,2023-08-02,1,0
75761,2227,186,2023-02-04,2,2
75774,1263,133,2023-04-10,3,2
75776,2391,256,2023-03-10,2,15
75779,4777,342,2023-04-09,4,0
75780,9696,322,2023-05-05,1,0
75785,7908,294,2023-06-04,4,5
75786,1288,381,2023-03-04,1,10
75794,5499,384,2023-09-03,2,15
75804,8442,387,2023-07-06,2,2
75811,4208,472,2023-07-11,3,5
75812,5773,190,2023-12-09,2,20
75828,2096,122,2023-10-12,3,0
75837,2766,574,2023-11-05,3,2
75846,8467,297,2023-11-02,1,2
75847,9419,520,2023-02-02,2,0
75852,1102,440,2023-01-05,1,0
75853,978,266,2023-10-08,3,0
75856,2272,382,2023-01-02,1,5
75863,5716,178,2023-01-06,3,2
75865,2441,579,2023-05-02,1,5
75876,1763,348,2023-12-08,1,2
75879,8873,336,2023-06-06,1,5
75880,2391,105,2023-02-01,1,0
75888,2077,334,2023-03-07,2,10
75893,5300,201,2023-09-07,1,0
75897,8544,524,2023-12-01,3,5
75898,3892,221,2023-12-04,3,0
75909,6992,184,2023-06-07,1,0
75910,5880,544,2023-11-09,2,0
75923,9000,447,2023-01-01,2,2
75927,2513,548,2023-06-05,1,10
75928,9342,269,2023-04-07,1,0
75932,897,347,2023-03-08,1,0
75935,4049,261,2023-03-11,2,10
75937,1232,459,2023-01-06,1,0
75946,647,522,2023-12-08,5,10
75950,1381,177,2023-09-07,2,15
75952,8263,418,2023-04-05,4,2
75959,4871,572,2023-05-11,1,5
75963,1687,523,2023-03-08,1,0
75964,3635,208,2023-03-08,2,2
75968,4535,562,2023-04-11,1,10
75977,1327,399,2023-10-08,2,0
75981,6440,118,2023-06-04,3,5
75988,2243,241,2023-07-04,1,0
76009,744,302,2023-11-03,2,0
76016,2841,243,2023-11-06,1,0
76023,1067,352,2023-06-09,3,0
76030,7918,259,2023-03-01,3,10
76044,6395,399,2023-08-12,5,10
76045,9339,190,2023-06-05,1,5
76047,5031,574,2023-12-08,1,2
76066,8178,469,2023-10-12,3,2
76068,8426,258,2023-09-06,3,0
76071,7754,555,2023-09-01,1,15
76079,679,376,2023-02-05,2,0
76103,7638,121,2023-07-05,3,0
76113,6818,557,2023-01-03,1,0
76114,5350,103,2023-09-03,2,10
76130,6183,176,2023-01-12,1,5
76142,1435,381,2023-06-11,3,5
76146,5858,197,2023-06-03,1,0
76165,3276,426,2023-04-06,1,0
76167,3817,490,2023-02-04,1,0
76176,3780,590,2023-01-03,1,0
76205,3213,338,2023-06-10,2,0
76207,3851,402,2023-04-07,1,0
76217,5543,511,2023-09-11,3,0
76220,4285,224,2023-04-08,2,0
76242,6211,310,2023-10-04,1,2
76252,7572,323,2023-07-11,4,5
76263,6704,196,2023-05-06,1,0
76266,2510,232,2023-02-11,4,0
76277,1663,120,2023-04-02,3,10
76281,5423,556,2023-11-12,1,0
76283,3594,457,2023-03-02,1,0
76305,9368,533,2023-06-05,2,2
76311,7717,312,2023-09-10,2,0
76318,7239,110,2023-12-10,3,2
76320,1950,228,2023-09-06,2,0
76326,6876,402,2023-07-10,1,15
76329,4828,396,2023-01-01,1,0
76333,2927,581,2023-01-08,1,0
76336,6313,367,2023-02-08,3,0
76349,2928,418,2023-08-10,2,15
76354,5932,534,2023-07-05,3,2
76362,755,188,2023-05-06,1,5
76368,9475,465,2023-12-08,4,10
76378,2037,202,2023-05-05,3,0
76379,7807,452,2023-05-12,2,10
76380,7572,555,2023-11-12,2,0
76383,9896,329,2023-04-12,5,0
76385,9262,149,2023-03-10,1,0
76388,3805,317,2023-09-06,3,0
76392,972,247,2023-11-01,1,10
76396,2078,159,2023-06-03,1,5
76401,7948,408,2023-10-01,1,5
76411,8759,253,2023-07-07,1,20
76414,1747,496,2023-05-09,1,0
76417,3164,578,2023-08-10,1,0
76418,8915,261,2023-12-04,2,0
76420,2492,539,2023-03-05,1,10
76421,9521,566,2023-04-09,3,2
76428,748,197,2023-07-04,2,0
76444,1005,552,2023-09-06,4,2
76446,9750,290,2023-07-06,1,0
76454,2878,245,2023-12-03,1,2
76459,5878,486,2023-07-03,5,5
76460,9355,450,2023-04-06,4,0
76462,3809,359,2023-06-11,4,0
76463,4541,447,2023-03-08,5,5
76479,861,126,2023-09-09,1,5
76499,4589,211,2023-11-01,4,0
76500,2201,253,2023-12-02,4,0
76502,5823,311,2023-05-01,1,0
76505,3720,469,2023-10-11,2,0
76510,2620,159,2023-12-12,3,10
76511,9151,483,2023-06-10,1,0
76530,108,286,2023-08-11,1,20
76531,9695,223,2023-03-08,3,5
76532,2220,528,2023-08-07,4,0
76537,1101,263,2023-02-02,3,0
76546,4684,236,2023-05-06,5,0
76548,5789,462,2023-10-09,3,5
76560,3948,540,2023-11-02,5,0
76563,5819,334,2023-07-09,3,0
76571,5381,282,2023-02-01,1,15
76572,4618,239,2023-09-09,3,0
76588,1509,336,2023-08-04,3,0
76595,1156,516,2023-11-10,1,0
76597,2539,111,2023-09-03,4,5
76601,5599,190,2023-09-01,2,5
76602,3018,201,2023-08-12,2,0
76605,535,504,2023-06-10,4,10
76607,1611,538,2023-07-08,3,0
76619,6536,217,2023-06-07,2,0
76637,5518,298,2023-11-04,1,0
76665,2077,440,2023-09-03,1,0
76666,871,449,2023-04-06,1,5
76668,8869,531,2023-01-10,3,0
76673,5541,409,2023-10-03,1,0
76678,7755,296,2023-11-03,1,0
76683,750,202,2023-04-12,1,0
76692,8401,237,2023-02-04,1,0
76697,5808,434,2023-12-11,1,0
76698,3841,292,2023-10-01,3,0
76732,1644,524,2023-05-05,3,2
76733,7048,364,2023-12-01,3,2
76741,3419,235,2023-04-10,1,0
76742,7992,221,2023-08-05,1,0
76763,2088,282,2023-01-03,4,0
76768,6839,383,2023-08-11,1,0
76775,1408,242,2023-04-02,1,0
76778,6466,260,2023-08-06,1,15
76786,1938,339,2023-03-06,4,10
76787,7070,531,2023-11-04,3,0
76795,5740,297,2023-05-04,1,0
76797,263,546,2023-06-03,3,0
76804,201,122,2023-07-03,1,5
76810,1179,102,2023-08-03,1,5
76813,4098,291,2023-10-12,2,2
76815,4826,231,2023-11-11,1,2
76818,1019,467,2023-07-03,1,0
76820,9396,415,2023-12-05,1,0
76824,827,220,2023-11-05,1,0
76825,8208,158,2023-05-07,1,0
76829,1988,244,2023-11-08,5,0
76836,969,394,2023-04-01,1,0
76843,430,259,2023-11-02,2,0
76854,6464,367,2023-02-05,1,0
76860,6235,539,2023-01-12,4,2
76865,263,297,2023-08-05,2,0
76866,9884,437,2023-01-10,1,0
76867,86,447,2023-03-05,2,0
76869,1172,174,2023-10-07,1,5
76873,4099,331,2023-12-02,1,10
76875,9681,256,2023-10-10,1,0
76892,1189,571,2023-06-03,3,0
76896,1638,191,2023-04-03,1,10
76899,412,474,2023-02-06,4,10
76912,9450,364,2023-10-02,1,5
76924,7214,250,2023-11-04,3,0
76928,1076,430,2023-08-01,2,0
76935,9525,574,2023-06-06,1,10
76953,1253,436,2023-02-03,1,10
76959,8924,348,2023-11-09,4,10
76965,3329,307,2023-02-03,1,0
76972,5632,280,2023-03-06,1,10
76974,3443,286,2023-11-06,5,0
76976,3531,565,2023-07-07,3,0
76984,6490,503,2023-11-08,1,15
76991,3249,262,2023-07-02,2,5
76995,6315,541,2023-03-10,2,0
76996,9693,502,2023-01-05,2,0
76997,2301,404,2023-04-05,5,0
77009,6284,351,2023-10-04,1,5
77012,1487,245,2023-04-03,3,0
77018,5101,353,2023-05-10,1,0
77030,3070,502,2023-12-12,2,0
77034,3124,162,2023-09-03,2,2
77041,6264,523,2023-12-06,2,2
77046,5711,117,2023-08-02,2,5
77053,8846,571,2023-11-04,2,0
77067,7329,562,2023-09-01,1,5
77068,2751,219,2023-01-05,2,10
77071,9205,222,2023-03-10,1,5
77080,1790,148,2023-10-11,1,10
77082,8437,424,2023-10-12,1,10
77083,6774,310,2023-07-02,3,5
77086,6541,353,2023-06-10,1,10
77096,3589,141,2023-09-11,2,0
77125,7442,492,2023-02-10,1,0
77133,1748,271,2023-09-02,1,0
77136,2951,314,2023-10-03,1,0
77142,8275,305,2023-05-07,2,15
77143,9738,422,2023-04-01,2,0
77150,3888,394,2023-01-02,1,2
77154,4234,329,2023-06-04,1,5
77155,6351,167,2023-05-06,2,0
77158,8100,568,2023-06-05,3,0
77161,9791,418,2023-06-12,3,0
77164,7237,567,2023-08-01,3,0
77169,7081,547,2023-03-12,5,0
77174,4396,478,2023-05-04,1,5
77183,4719,270,2023-05-11,4,10
77184,1595,295,2023-04-02,2,5
77190,1585,291,2023-03-10,3,5
77192,1239,389,2023-11-10,3,5
77204,4823,120,2023-03-03,1,0
77220,6175,258,2023-01-09,2,0
77226,5392,329,2023-11-02,2,0
77231,3903,285,2023-10-10,3,2
77232,3,267,2023-05-12,4,0
77235,2909,387,2023-12-02,1,0
77247,1690,261,2023-11-08,1,0
77251,4291,589,2023-04-07,2,5
77266,6451,529,2023-12-10,1,2
77274,6989,206,2023-07-09,3,0
77277,8115,404,2023-06-07,4,0
77279,606,462,2023-10-08,1,0
77281,1435,278,2023-01-12,1,0
77282,8166,367,2023-10-03,2,10
77287,409,105,2023-02-09,2,2
77291,5217,469,2023-09-02,1,2
77294,6707,446,2023-08-10,3,0
77297,4895,570,2023-03-12,2,2
77300,1806,366,2023-03-12,3,0
77303,5689,175,2023-04-11,1,0
77311,9513,540,2023-03-08,2,10
77313,3028,106,2023-06-01,3,0
77320,2841,267,2023-09-03,2,0
77335,4362,541,2023-11-01,4,2
77336,8317,155,2023-01-04,1,5
77339,1480,156,2023-07-12,2,0
77343,1235,503,2023-05-12,2,10
77349,5196,290,2023-01-06,3,10
77362,2613,485,2023-07-03,2,0
77366,240,459,2023-01-01,1,2
77389,4027,595,2023-02-01,1,5
77392,786,484,2023-01-10,5,0
77402,2336,162,2023-12-10,3,2
77406,6514,436,2023-05-02,1,15
77409,2586,485,2023-04-07,5,15
77412,1726,178,2023-06-11,3,0
77420,5437,553,2023-06-01,3,0
77427,8282,148,2023-02-01,1,0
77431,2582,475,2023-03-05,2,0
77439,2282,578,2023-03-08,4,5
77443,7050,284,2023-07-01,2,2
77444,8905,398,2023-06-10,1,5
77452,4807,203,2023-01-01,4,2
77453,5000,450,2023-02-03,4,0
77460,8427,349,2023-11-07,1,0
77463,9707,523,2023-11-04,2,0
77464,5809,305,2023-06-01,1,0
77466,2441,457,2023-03-03,3,5
77481,5212,294,2023-10-02,2,0
77487,4413,424,2023-06-11,2,0
77494,4231,480,2023-02-04,1,2
77504,7063,494,2023-03-07,1,0
77517,4955,285,2023-02-07,3,0
77520,4521,441,2023-10-04,1,0
77536,8325,206,2023-04-08,1,5
77537,4420,327,2023-03-10,1,10
77540,6488,553,2023-09-04,1,2
77548,2603,249,2023-12-06,2,2
77562,7255,435,2023-02-02,3,0
77566,8084,360,2023-10-03,1,0
77579,904,551,2023-08-08,2,10
77580,9799,449,2023-09-04,1,2
77597,3575,348,2023-09-05,4,20
77603,1767,239,2023-12-04,3,5
77607,4204,255,2023-11-07,3,0
77614,1314,378,2023-01-06,3,2
77615,5276,272,2023-10-11,1,0
77629,4747,262,2023-01-08,2,0
77636,221,288,2023-11-08,2,5
77639,9262,379,2023-03-06,1,0
77642,109,157,2023-12-06,2,5
77643,4362,378,2023-04-10,4,5
77646,9686,554,2023-10-02,2,5
77647,4663,357,2023-09-02,2,0
77652,9192,386,2023-03-09,2,0
77654,1530,363,2023-03-09,1,0
77671,2856,489,2023-07-10,1,2
77674,7463,234,2023-09-10,2,0
77686,6966,411,2023-09-01,5,0
77687,1110,361,2023-10-11,1,10
77711,4709,375,2023-12-01,1,0
77716,7392,374,2023-02-07,2,0
77719,6693,518,2023-08-06,2,5
77723,6851,334,2023-08-01,1,2
77726,7271,375,2023-03-10,1,0
77731,2438,295,2023-07-10,1,0
77736,480,557,2023-09-01,3,5
77738,9546,122,2023-10-08,1,0
77742,4088,586,2023-09-02,1,20
77763,83,344,2023-02-03,1,0
77769,6440,208,2023-10-08,1,0
77815,9284,265,2023-02-07,2,0
77827,3542,467,2023-03-07,1,5
77830,5580,575,2023-09-07,1,0
77839,3191,452,2023-04-12,1,0
77840,1818,234,2023-01-02,2,5
77851,775,220,2023-02-11,2,0
77853,2429,486,2023-05-03,1,2
77855,3999,452,2023-10-08,3,0
77859,8545,237,2023-06-01,2,0
77860,9688,358,2023-01-05,3,0
77874,3204,451,2023-07-08,1,0
77888,5000,552,2023-11-04,1,10
77890,7605,501,2023-06-04,1,0
77891,7228,328,2023-10-10,3,2
77892,7253,101,2023-11-02,3,0
77894,1698,168,2023-08-08,3,0
77899,5956,530,2023-12-11,2,0
77916,4361,174,2023-05-03,4,0
77921,2417,190,2023-11-11,1,0
77925,1025,263,2023-03-06,4,2
77927,3121,252,2023-02-04,1,0
77944,3877,323,2023-11-10,1,0
77951,7606,363,2023-11-05,1,5
77952,4056,510,2023-07-03,1,20
77972,9975,179,2023-10-04,2,0
77977,734,125,2023-02-08,3,0
77985,7315,253,2023-11-11,1,5
77993,9572,252,2023-02-02,1,0
78002,8075,119,2023-04-12,2,0
78004,5775,314,2023-07-07,3,2
78008,6572,154,2023-08-06,4,0
78011,8652,495,2023-01-07,3,5
78024,4255,567,2023-10-09,1,5
78030,9801,275,2023-03-03,1,10
78037,8731,388,2023-12-10,2,0
78049,7837,513,2023-11-05,3,0
78052,868,207,2023-12-02,1,10
78061,5893,449,2023-03-03,1,0
78063,1363,464,2023-07-12,3,5
78064,9074,585,2023-09-09,2,5
78075,2075,411,2023-08-05,3,0
78077,1438,303,2023-06-03,2,2
78080,1154,376,2023-04-08,2,15
78113,8295,558,2023-07-09,1,0
78121,669,209,2023-02-10,1,0
78123,7823,119,2023-01-06,2,0
78126,2056,111,2023-05-12,1,2
78140,3213,354,2023-04-06,1,0
78144,7951,164,2023-06-09,3,10
78145,8468,322,2023-10-09,3,0
78147,6914,372,2023-05-06,2,5
78166,1583,166,2023-04-07,3,0
78172,8308,596,2023-10-12,3,0
78174,4389,108,2023-03-04,1,2
78175,9052,431,2023-12-06,1,10
78183,1062,234,2023-09-01,2,0
78184,6771,243,2023-01-08,2,0
78188,3987,393,2023-09-08,2,0
78195,5578,302,2023-05-09,1,2
78197,951,175,2023-07-10,1,0
78201,3558,124,2023-09-11,3,15
78214,4618,116,2023-06-01,1,0
78224,6918,136,2023-05-09,3,2
78229,3109,119,2023-01-01,1,0
78231,4899,413,2023-10-12,1,0
78235,2977,560,2023-12-10,3,5
78236,6919,443,2023-02-08,2,20
78237,3831,351,2023-09-06,5,2
78243,8974,543,2023-09-05,2,2
78257,6387,296,2023-08-02,4,0
78265,3590,557,2023-04-01,2,2
78276,6361,486,2023-03-07,3,2
78283,6276,511,2023-03-03,3,5
78285,1955,269,2023-11-04,2,0
78291,8447,311,2023-09-12,2,0
78293,201,344,2023-04-03,3,0
78300,5576,503,2023-03-01,1,0
78307,306,410,2023-07-10,1,0
78308,8425,520,2023-10-04,1,0
78310,2737,509,2023-06-08,1,0
78324,8837,420,2023-12-03,1,2
78329,7860,286,2023-11-09,2,5
78335,2346,255,2023-11-02,3,2
78342,1099,593,2023-10-01,2,10
78348,9079,596,2023-01-02,2,5
78351,9593,342,2023-01-01,1,10
78359,1986,222,2023-06-08,2,0
78378,1626,366,2023-07-11,1,5
78386,1126,412,2023-11-02,2,0
78408,2722,299,2023-11-05,3,5
78420,9359,314,2023-05-12,2,2
78421,9130,271,2023-01-11,2,5
78430,270,536,2023-01-11,1,5
78431,8428,417,2023-07-04,2,0
78432,3051,228,2023-02-05,3,15
78433,3481,141,2023-01-11,3,0
78434,6985,493,2023-05-06,5,5
78436,7436,159,2023-05-08,5,0
78442,1838,225,2023-04-05,2,15
78444,5930,401,2023-05-09,3,2
78448,9723,470,2023-10-01,2,0
78449,5973,433,2023-08-10,3,0
78451,2594,333,2023-09-09,1,0
78455,4577,571,2023-01-11,1,0
78458,9519,349,2023-01-10,1,5
78469,6793,318,2023-01-04,4,5
78473,4455,522,2023-05-07,1,5
78475,8213,513,2023-12-02,2,5
78479,542,568,2023-09-11,1,2
78498,6023,577,2023-12-01,2,0
78505,5680,403,2023-01-04,3,0
78513,7840,416,2023-04-07,1,0
78525,2062,541,2023-05-05,2,5
78540,9251,270,2023-02-08,3,5
78544,2951,293,2023-02-11,2,5
78547,9262,372,2023-09-02,2,0
78549,2197,248,2023-10-12,1,10
78554,3851,595,2023-01-08,2,15
78555,1645,259,2023-06-06,1,5
78556,6023,505,2023-09-08,3,0
78574,3817,186,2023-03-06,1,0
78580,1232,354,2023-09-02,1,0
78594,7375,231,2023-10-01,3,0
78597,8336,145,2023-10-11,1,15
78602,1542,408,2023-11-03,2,10
78604,775,346,2023-12-05,3,0
78608,7100,322,2023-06-03,2,5
78614,2429,440,2023-06-04,1,0
78623,4164,106,2023-10-09,3,2
78629,7863,216,2023-01-04,4,0
78631,8853,194,2023-06-12,2,0
78642,2140,290,2023-11-06,2,2
78645,2670,132,2023-09-07,2,5
78652,9557,475,2023-06-03,1,0
78653,1387,590,2023-01-04,3,0
78665,3703,500,2023-02-09,4,10
78675,2693,197,2023-05-08,3,2
78687,758,545,2023-11-05,4,2
78690,2382,303,2023-03-04,4,0
78708,7576,154,2023-11-06,1,2
78709,819,386,2023-03-09,1,0
78710,7955,197,2023-09-09,4,0
78725,2076,352,2023-02-11,1,0
78728,8342,215,2023-12-03,2,10
78729,1374,226,2023-12-03,1,0
78731,9654,241,2023-09-10,1,0
78743,4705,262,2023-02-06,1,0
78757,758,456,2023-02-03,1,0
78762,4738,183,2023-01-05,2,2
78765,9700,264,2023-07-03,1,0
78773,1801,447,2023-10-07,1,0
78782,1008,139,2023-11-01,5,0
78785,4383,505,2023-12-12,3,0
78794,3097,297,2023-12-03,3,0
78801,5711,178,2023-04-04,1,2
78805,7878,172,2023-06-01,3,2
78817,7390,398,2023-11-10,1,0
78825,3806,181,2023-10-09,3,2
78827,7857,564,2023-08-09,1,0
78828,2243,263,2023-10-02,2,0
78829,5932,301,2023-06-09,3,20
78832,7880,304,2023-01-03,2,0
78840,9125,469,2023-04-06,1,5
78841,7948,520,2023-12-05,1,5
78847,1911,146,2023-09-12,4,0
78877,7748,162,2023-02-10,2,10
78882,6634,337,2023-11-07,1,0
78883,4016,231,2023-08-04,1,10
78888,3864,249,2023-10-12,1,5
78902,4610,545,2023-05-03,2,10
78903,8126,208,2023-02-08,1,0
78909,6774,107,2023-05-12,4,0
78911,5397,306,2023-10-06,1,0
78924,7580,460,2023-05-02,4,0
78935,1111,266,2023-01-12,2,0
78940,147,213,2023-09-11,2,0
78948,287,567,2023-08-08,5,0
78950,6859,180,2023-09-03,2,2
78954,5186,434,2023-03-01,3,0
78965,1455,404,2023-11-12,2,2
78969,8075,330,2023-06-03,3,0
78971,7409,456,2023-06-09,3,2
78983,2287,264,2023-09-04,1,0
78987,2061,138,2023-03-07,2,0
78991,7878,250,2023-04-09,5,0
79001,7769,182,2023-06-09,1,0
79002,5223,129,2023-01-07,3,5
79009,3222,492,2023-07-06,2,5
79019,827,311,2023-11-08,1,0
79023,5809,121,2023-04-09,3,0
79025,1283,291,2023-08-11,1,15
79033,9402,425,2023-01-08,2,0
79040,409,172,2023-08-08,1,0
79041,8713,168,2023-02-07,1,5
79047,6118,311,2023-09-04,3,5
79048,1598,223,2023-03-05,1,0
79051,5884,498,2023-08-05,1,0
79058,5863,412,2023-05-08,4,0
79062,6426,437,2023-12-12,1,0
79064,6859,362,2023-07-06,3,5
79069,5711,483,2023-08-09,1,0
79072,5167,571,2023-06-11,2,2
79074,5002,267,2023-08-09,1,0
79077,1638,522,2023-01-04,1,5
79090,1906,444,2023-06-10,3,0
79102,8089,114,2023-07-11,2,15
79107,9904,320,2023-02-07,3,10
79111,4128,303,2023-02-11,1,0
79129,9725,137,2023-03-03,3,10
79139,6182,309,2023-02-10,3,2
79153,6258,490,2023-04-07,3,10
79158,5106,274,2023-09-12,2,5
79161,3362,507,2023-01-01,3,0
79174,5215,132,2023-05-06,1,10
79176,4232,355,2023-03-04,1,0
79209,4019,430,2023-02-10,1,0
79211,1311,423,2023-11-12,3,0
79212,1474,505,2023-03-05,1,0
79217,6508,172,2023-09-02,1,0
79218,5618,437,2023-05-10,1,0
79235,8540,502,2023-06-08,2,0
79237,321,266,2023-01-09,1,0
79238,9843,455,2023-12-09,1,0
79239,9471,472,2023-11-05,1,2
79240,5159,477,2023-02-06,1,0
79242,7152,550,2023-06-10,3,2
79246,3403,274,2023-07-06,3,2
79250,6595,330,2023-02-06,1,5
79259,1875,592,2023-10-03,1,0
79262,5753,489,2023-01-01,2,0
79263,3400,127,2023-12-03,1,2
79266,4496,292,2023-02-05,1,0
79276,1435,207,2023-10-11,1,5
79277,4528,136,2023-07-01,1,5
79281,2528,451,2023-05-12,2,2
79287,2107,301,2023-06-04,1,15
79298,3629,372,2023-08-09,4,15
79300,8677,457,2023-08-07,3,0
79308,5364,595,2023-07-10,1,5
79315,9846,245,2023-10-09,2,10
79319,923,271,2023-07-04,1,2
79329,3397,324,2023-07-08,1,15
79340,7580,179,2023-10-07,1,0
79342,5571,523,2023-10-08,1,5
79346,301,114,2023-11-10,3,0
79360,6197,556,2023-04-08,2,15
79379,1798,183,2023-07-03,2,2
79383,557,504,2023-02-09,3,2
79389,9668,461,2023-07-12,3,0
79390,5964,210,2023-10-11,5,0
79396,1408,227,2023-09-07,1,0
79405,4623,115,2023-02-02,2,2
79407,232,206,2023-01-04,1,10
79413,4814,168,2023-08-09,3,0
79420,7359,322,2023-02-02,3,5
79423,8010,335,2023-09-12,1,10
79436,1255,243,2023-03-02,2,0
79437,9087,177,2023-04-01,1,2
79440,2148,351,2023-06-02,1,0
79447,9386,481,2023-12-04,2,0
79453,7955,546,2023-09-01,2,5
79458,4911,600,2023-05-04,5,0
79461,9921,459,2023-09-06,1,5
79464,7165,316,2023-04-01,1,0
79469,529,245,2023-08-04,2,0
79471,1928,317,2023-08-12,1,10
79473,4610,490,2023-10-04,1,0
79482,6024,475,2023-02-10,1,0
79485,6735,239,2023-09-08,2,2
79488,6175,157,2023-03-10,4,0
79502,3700,174,2023-02-01,1,0
79506,868,215,2023-12-07,1,0
79520,3487,277,2023-04-03,1,0
79522,8598,145,2023-09-03,1,10
79525,8735,332,2023-03-09,1,0
79528,5178,355,2023-06-09,5,15
79540,6595,537,2023-06-03,1,0
79560,9596,539,2023-07-11,1,10
79561,9161,122,2023-11-12,1,0
79591,9635,383,2023-07-01,1,5
79593,1072,167,2023-06-07,2,5
79600,8681,103,2023-02-03,1,0
79610,5712,447,2023-04-12,1,2
79616,2506,140,2023-04-08,3,5
79621,3340,116,2023-06-05,1,2
79629,5087,130,2023-12-04,1,5
79635,7069,149,2023-06-04,1,0
79641,1038,373,2023-07-09,3,0
79643,897,429,2023-11-05,4,0
79651,2482,156,2023-05-09,1,0
79658,8408,270,2023-09-03,3,0
79669,966,448,2023-08-04,3,5
79672,4240,421,2023-01-02,2,10
79677,3820,199,2023-11-02,1,0
79684,4593,406,2023-11-07,1,0
79697,7754,500,2023-03-07,1,10
79698,1963,432,2023-09-05,1,5
79703,6278,416,2023-01-07,1,2
79705,981,256,2023-05-09,2,5
79709,4202,167,2023-11-01,3,0
79728,6722,580,2023-08-01,1,5
79729,4278,429,2023-11-10,2,0
79731,9972,590,2023-01-04,2,5
79733,4731,574,2023-06-10,1,5
79749,3540,245,2023-10-08,2,10
79765,4641,256,2023-01-09,3,0
79766,3646,305,2023-03-10,3,0
79769,9699,216,2023-05-04,1,5
79774,3047,247,2023-07-05,4,2
79781,8538,495,2023-09-12,1,5
79787,5709,155,2023-09-05,2,15
79791,4178,397,2023-12-02,1,0
79793,8048,565,2023-05-05,1,5
79808,4426,407,2023-12-11,1,10
79811,2140,532,2023-06-10,1,0
79812,7858,574,2023-04-07,1,5
79814,9852,309,2023-07-03,1,2
79815,7571,263,2023-03-09,1,5
79821,9567,287,2023-02-04,1,0
79826,9,213,2023-03-11,2,20
79827,7093,510,2023-12-06,2,0
79835,7840,153,2023-05-03,1,10
79836,2897,557,2023-07-04,3,2
79841,5831,591,2023-08-03,3,0
79861,6736,423,2023-11-11,2,20
79863,4771,109,2023-10-01,2,0
79864,1302,377,2023-12-02,3,0
79866,4139,246,2023-10-03,2,2
79867,986,426,2023-08-05,1,0
79871,2013,512,2023-06-07,4,0
79874,544,357,2023-01-04,1,0
79876,9151,355,2023-03-09,1,0
79877,9207,541,2023-05-01,1,5
79878,8554,587,2023-12-02,1,0
79904,4099,467,2023-01-10,2,0
79905,5818,593,2023-03-07,5,10
79912,4704,471,2023-11-04,3,0
79916,2414,309,2023-11-10,1,0
79921,9693,260,2023-07-01,4,10
79931,7805,447,2023-05-05,1,5
79932,4663,120,2023-09-06,5,5
79939,4936,303,2023-03-06,1,0
79941,2224,412,2023-04-06,1,0
79942,2387,469,2023-07-10,3,5
79945,5033,119,2023-04-09,1,0
79947,3011,437,2023-05-10,3,15
79952,3034,454,2023-10-06,2,2
79958,8680,181,2023-11-07,5,10
79963,3935,189,2023-09-10,4,0
79965,9705,400,2023-04-12,1,10
79975,8343,561,2023-07-01,2,5
79976,9685,365,2023-03-12,1,10
79978,4770,238,2023-08-11,1,0
79981,116,557,2023-06-02,1,0
79983,3037,440,2023-04-10,4,0
79984,7980,392,2023-04-11,2,0
79986,1401,492,2023-08-04,1,0
79991,3965,135,2023-03-12,1,5
79994,4916,289,2023-12-08,1,0
80000,9402,153,2023-01-10,1,0
80003,7489,421,2023-10-02,2,5
80006,7611,271,2023-06-05,4,5
80012,2444,389,2023-05-08,1,0
80020,2977,455,2023-09-10,3,10
80024,8946,109,2023-02-04,2,0
80040,9074,581,2023-08-05,1,2
80049,5426,162,2023-04-11,1,2
80063,5174,277,2023-12-02,3,0
80066,436,503,2023-07-12,2,0
80072,2018,571,2023-11-09,3,0
80073,7226,429,2023-07-03,1,0
80084,4375,550,2023-05-12,1,5
80085,4373,354,2023-12-06,4,2
80093,5863,358,2023-04-04,1,2
80098,1542,126,2023-09-02,3,0
80099,5633,335,2023-10-04,1,15
80101,3384,502,2023-09-08,1,2
80106,3192,188,2023-11-06,3,2
80108,5880,167,2023-05-02,3,2
80109,2096,415,2023-02-05,1,0
80113,1450,226,2023-10-05,5,10
80120,5442,360,2023-11-07,2,0
80125,3118,179,2023-12-06,3,5
80128,3011,458,2023-01-06,4,0
80134,6254,436,2023-05-02,1,2
80139,4790,321,2023-08-02,1,10
80151,9554,171,2023-12-10,1,0
80154,1210,475,2023-08-03,3,0
80155,1075,356,2023-11-10,1,0
80156,786,416,2023-05-10,3,0
80162,1025,431,2023-02-07,1,0
80163,4889,117,2023-02-05,2,0
80164,5238,229,2023-12-05,2,0
80175,1410,525,2023-06-06,2,0
80190,6307,506,2023-02-05,2,5
80194,8465,408,2023-09-02,2,0
80206,8219,433,2023-11-05,1,5
80211,2387,472,2023-08-05,1,0
80222,7002,384,2023-05-12,1,5
80235,5595,368,2023-08-02,3,2
80239,9657,132,2023-11-11,4,10
80240,2450,463,2023-04-03,2,2
80243,1234,233,2023-12-02,1,0
80255,6907,167,2023-12-03,3,2
80256,5055,123,2023-05-12,2,0
80259,9366,125,2023-11-12,1,5
80261,8858,543,2023-07-07,1,0
80262,2527,283,2023-10-11,5,10
80263,9647,140,2023-02-10,2,5
80265,8794,488,2023-04-03,4,5
80290,7425,556,2023-12-02,1,10
80294,7791,391,2023-03-04,1,0
80301,9631,527,2023-05-05,1,10
80305,7890,548,2023-03-01,2,0
80326,6462,206,2023-06-11,1,20
80330,8956,405,2023-10-11,1,0
80344,542,342,2023-12-05,1,5
80374,3810,549,2023-05-09,1,0
80378,5819,247,2023-10-04,1,2
80384,2061,439,2023-03-01,2,15
80390,8221,393,2023-02-07,2,0
80399,8584,291,2023-10-05,1,10
80410,28,582,2023-04-11,3,0
80411,5629,136,2023-06-11,2,15
80415,2837,484,2023-11-03,5,0
80416,7956,486,2023-06-09,1,2
80420,1606,231,2023-04-05,4,2
80433,8107,245,2023-08-07,1,5
80442,2695,522,2023-10-07,1,2
80445,4518,271,2023-03-03,2,5
80446,3076,462,2023-11-06,1,2
80448,7558,576,2023-09-05,2,0
80455,3501,272,2023-10-07,3,2
80457,9270,200,2023-07-11,3,2
80458,7576,339,2023-06-02,1,5
80463,5198,148,2023-11-09,1,10
80468,6881,383,2023-12-05,2,10
80493,5748,259,2023-09-06,1,2
80501,8362,503,2023-11-06,2,0
80509,1237,452,2023-11-07,2,10
80525,2100,283,2023-07-11,1,5
80526,1764,192,2023-05-02,5,0
80534,5344,239,2023-10-01,1,0
80538,4647,491,2023-07-04,2,0
80550,5838,181,2023-09-07,2,0
80553,1102,516,2023-02-10,4,10
80559,8894,271,2023-09-11,1,0
80562,1583,548,2023-11-08,1,0
80565,1794,305,2023-02-02,2,5
80569,269,347,2023-02-01,3,0
80570,2995,288,2023-02-04,1,0
80577,9074,134,2023-02-06,1,2
80581,8544,492,2023-04-03,1,2
80590,5451,404,2023-02-03,1,0
80592,2995,477,2023-06-05,1,5
80600,5814,569,2023-11-01,1,15
80621,8091,416,2023-05-02,4,5
80623,103,218,2023-10-01,2,5
80624,4732,423,2023-11-05,2,0
80632,7155,313,2023-03-05,1,10
80636,5543,504,2023-01-05,3,0
80656,6425,331,2023-09-02,1,10
80663,7382,151,2023-01-07,2,0
80668,1237,406,2023-10-01,4,5
80670,1748,280,2023-07-07,3,10
80673,484,269,2023-11-05,2,0
80688,9617,497,2023-06-08,1,0
80691,8145,313,2023-10-10,3,0
80705,398,593,2023-02-08,2,0
80714,3290,364,2023-02-11,2,0
80753,6739,279,2023-07-12,1,2
80760,7904,267,2023-12-05,1,0
80768,5776,204,2023-05-02,1,5
80770,9570,396,2023-12-06,3,2
80772,3988,206,2023-11-04,2,10
80773,4077,551,2023-03-07,1,5
80774,891,533,2023-06-08,1,0
80779,1887,509,2023-08-12,1,15
80782,6211,547,2023-09-08,1,2
80790,6618,406,2023-10-10,1,5
80795,578,390,2023-08-12,3,5
80856,1818,278,2023-04-06,3,0
80859,7461,412,2023-09-03,2,0
80867,7008,574,2023-11-06,1,2
80869,756,263,2023-03-04,1,0
80884,2221,378,2023-07-06,1,5
80890,878,412,2023-07-06,5,2
80892,7754,132,2023-09-03,3,10
80897,4438,462,2023-04-06,1,20
80900,5960,422,2023-01-07,3,0
80910,1251,182,2023-06-01,1,2
80919,7890,153,2023-10-05,1,0
80920,8446,556,2023-03-08,2,10
80921,5233,403,2023-08-07,1,10
80937,3631,469,2023-07-09,3,5
80940,6310,552,2023-06-04,3,2
80950,1289,334,2023-04-06,3,0
80955,8448,393,2023-07-05,2,0
80956,916,365,2023-05-08,4,2
80959,5037,389,2023-12-05,2,0
80961,7634,127,2023-09-11,3,0
80966,8960,558,2023-02-01,5,0
80968,7528,547,2023-04-01,3,0
80970,5602,340,2023-11-08,2,0
80972,1111,553,2023-12-08,4,2
80974,8660,569,2023-07-08,2,5
80983,6708,492,2023-10-06,2,0
80984,7602,401,2023-09-01,2,0
80993,7561,541,2023-09-03,2,0
81001,4488,391,2023-02-10,1,10
81005,4616,596,2023-01-01,3,2
81006,7017,143,2023-06-06,1,2
81011,2527,429,2023-12-10,3,0
81023,8081,136,2023-05-03,2,0
81028,303,401,2023-04-12,1,0
81054,6815,329,2023-01-03,1,0
81055,8100,159,2023-03-02,1,10
81057,1829,254,2023-01-04,5,5
81059,7632,340,2023-01-02,3,0
81066,4569,403,2023-08-03,2,2
81076,7793,191,2023-03-03,1,15
81077,7528,414,2023-10-03,3,10
81080,9130,409,2023-01-08,4,0
81081,2272,305,2023-03-01,2,2
81086,57,205,2023-05-06,2,0
81091,7578,209,2023-04-01,5,5
81105,5913,148,2023-07-11,1,0
81111,734,345,2023-09-08,1,0
81114,9896,494,2023-08-11,3,0
81115,4488,318,2023-07-02,1,5
81118,771,205,2023-02-12,4,0
81135,8842,290,2023-04-06,1,0
81154,1585,585,2023-04-12,1,5
81156,1034,300,2023-01-04,1,0
81158,7155,255,2023-09-09,1,0
81159,4873,575,2023-07-05,1,0
81166,3534,139,2023-05-08,2,5
81167,7221,175,2023-12-05,1,2
81178,1708,587,2023-01-06,3,10
81181,9264,175,2023-12-04,1,0
81187,1110,468,2023-03-07,2,0
81190,6330,441,2023-02-10,3,0
81192,7352,319,2023-11-11,1,5
81202,1003,339,2023-03-10,3,2
81209,368,444,2023-02-02,3,0
81222,2603,261,2023-06-06,3,0
81229,956,332,2023-01-12,1,2
81234,7934,120,2023-01-06,2,10
81238,2335,472,2023-09-01,3,5
81240,9807,160,2023-10-08,2,0
81245,2888,570,2023-09-01,5,0
81250,9657,399,2023-08-11,2,0
81252,3338,583,2023-01-11,2,5
81261,7824,474,2023-09-09,1,2
81262,5363,571,2023-03-09,1,0
81264,8928,392,2023-12-11,3,20
81267,7209,252,2023-05-01,1,0
81273,7335,469,2023-09-01,1,0
81274,9405,214,2023-01-08,2,5
81283,6604,518,2023-04-08,1,0
81286,5090,583,2023-08-03,4,2
81298,1483,354,2023-08-09,2,0
81300,7725,430,2023-09-01,5,0
81307,817,460,2023-05-03,3,0
81311,8755,273,2023-03-05,1,5
81312,7401,566,2023-02-03,5,0
81313,4105,353,2023-06-09,4,0
81335,5604,441,2023-03-05,1,15
81344,7222,156,2023-09-03,2,15
81348,5773,214,2023-03-06,1,5
81354,3257,283,2023-01-06,1,0
81362,9689,198,2023-09-10,1,0
81364,7232,150,2023-03-03,3,5
81371,8021,245,2023-10-06,1,0
81403,2757,464,2023-10-06,1,0
81405,8730,115,2023-07-01,3,0
81412,750,591,2023-05-12,1,2
81413,1334,279,2023-03-08,1,0
81421,1688,208,2023-05-10,2,0
81426,619,497,2023-12-01,2,0
81427,891,341,2023-04-10,1,0
81453,5801,133,2023-05-09,1,2
81454,3349,294,2023-12-03,4,0
81465,7603,561,2023-08-10,1,10
81472,7247,464,2023-02-07,2,5
81475,9969,420,2023-09-02,2,5
81477,8024,363,2023-01-01,2,0
81479,1941,593,2023-06-01,3,10
81493,6267,203,2023-10-12,1,0
81499,5716,415,2023-02-06,1,0
81506,2751,307,2023-12-09,2,5
81508,901,276,2023-04-07,3,2
81519,3148,380,2023-08-05,2,5
81521,4877,335,2023-05-03,3,15
81522,4179,404,2023-08-11,1,0
81524,8681,150,2023-12-06,1,2
81525,3069,532,2023-09-10,3,0
81529,9546,566,2023-02-06,3,0
81532,3049,264,2023-11-11,2,15
81533,8565,552,2023-01-07,1,2
81534,3688,374,2023-08-07,3,15
81545,4770,205,2023-02-12,2,2
81547,1327,459,2023-04-02,5,0
81555,6655,408,2023-10-02,2,5
81570,1761,121,2023-09-09,3,0
81572,83,244,2023-02-07,1,0
81589,9732,133,2023-06-03,1,0
81595,5983,444,2023-05-10,4,0
81613,474,479,2023-05-11,2,0
81616,2049,138,2023-09-04,1,15
81617,1329,313,2023-02-11,1,0
81618,9273,437,2023-10-05,3,0
81623,7784,240,2023-01-08,4,2
81638,5496,435,2023-10-04,4,0
81645,6299,132,2023-11-12,3,5
81651,7002,239,2023-04-11,1,0
81655,1650,567,2023-12-11,5,0
81659,1052,271,2023-01-08,3,2
81681,3118,141,2023-02-07,1,0
81683,4058,345,2023-02-02,1,2
81686,2322,104,2023-07-09,3,2
81693,2264,465,2023-06-05,1,0
81695,5707,485,2023-11-07,4,0
81699,1840,432,2023-11-03,3,0
81705,2652,290,2023-12-05,1,5
81709,2078,333,2023-09-02,4,0
81719,6169,312,2023-02-04,1,5
81728,1840,182,2023-08-08,3,2
81737,7992,395,2023-11-01,2,0
81739,267,571,2023-01-03,1,5
81747,9297,374,2023-08-12,1,0
81752,539,121,2023-07-09,2,0
81754,8825,507,2023-03-05,3,0
81755,7377,238,2023-10-05,1,2
81756,6483,222,2023-11-03,2,5
81762,9856,497,2023-12-07,3,0
81775,4734,591,2023-07-12,1,0
81777,8584,421,2023-04-08,1,0
81812,6758,309,2023-01-09,1,2
81814,6451,361,2023-10-11,2,0
81848,910,362,2023-02-07,1,10
81852,7534,431,2023-10-09,2,5
81856,7812,291,2023-03-05,2,5
81870,6479,335,2023-03-07,1,2
81880,529,163,2023-01-11,1,0
81890,4434,166,2023-11-02,2,0
81896,166,329,2023-12-07,1,0
81901,9025,308,2023-07-04,3,0
81906,5378,522,2023-06-11,3,0
81907,5300,132,2023-03-07,1,0
81910,3458,297,2023-02-06,1,0
81926,6250,403,2023-08-06,1,5
81927,5410,324,2023-04-02,3,0
81936,6968,186,2023-02-09,1,5
81937,9669,119,2023-03-08,1,2
81944,4741,359,2023-04-08,2,0
81952,1060,411,2023-08-03,1,10
81960,4291,386,2023-03-03,3,0
81962,3129,570,2023-06-08,3,5
81964,7151,326,2023-11-10,1,0
81968,539,186,2023-07-11,1,2
81972,7168,112,2023-12-11,2,0
81975,6812,499,2023-10-06,1,5
81989,9258,418,2023-09-02,3,10
81991,9535,530,2023-06-10,1,5
81997,3895,206,2023-01-11,1,0
81999,9738,304,2023-06-08,3,0
82000,669,581,2023-09-07,1,0
82005,3303,111,2023-02-02,1,0
82016,221,178,2023-08-02,3,2
82019,8655,120,2023-11-06,2,5
82052,4048,271,2023-04-02,4,2
82053,6819,549,2023-09-12,1,2
82055,7422,530,2023-11-09,2,0
82058,6191,578,2023-11-02,1,15
82060,4723,316,2023-06-07,3,10
82069,844,313,2023-11-01,4,15
82078,4868,448,2023-10-01,1,0
82080,2497,205,2023-02-08,3,0
82084,5081,447,2023-07-11,2,10
82085,6844,167,2023-09-12,2,0
82094,6950,172,2023-03-01,2,0
82096,418,120,2023-12-09,1,0
82104,7672,365,2023-04-12,1,10
82115,7571,312,2023-03-10,2,10
82119,6458,558,2023-06-05,2,0
82123,3046,409,2023-10-05,3,15
82127,3526,104,2023-09-05,1,0
82141,8944,463,2023-10-08,1,5
82143,6575,180,2023-05-07,5,5
82151,3261,458,2023-04-04,2,10
82160,8225,518,2023-05-10,4,0
82162,6234,514,2023-01-01,1,0
82164,2181,193,2023-01-12,1,5
82177,8024,160,2023-05-12,1,0
82182,1647,389,2023-10-09,1,10
82184,4582,179,2023-11-12,5,0
82197,9663,106,2023-04-07,1,0
82206,9339,350,2023-11-05,3,0
82208,3049,553,2023-09-07,1,2
82211,4935,300,2023-04-10,2,0
82233,9477,435,2023-08-10,1,0
82245,3152,372,2023-11-11,1,2
82262,1680,110,2023-09-08,1,20
82264,5807,517,2023-07-05,3,15
82267,7822,381,2023-05-10,3,2
82268,9310,247,2023-02-06,1,2
82295,3427,101,2023-03-10,5,0
82302,9058,576,2023-01-02,4,10
82304,52,596,2023-08-10,1,0
82306,425,226,2023-12-08,1,2
82314,5789,391,2023-06-05,3,5
82324,7012,557,2023-12-06,1,0
82338,551,182,2023-10-08,1,0
82345,4039,428,2023-08-05,2,5
82349,783,437,2023-07-09,1,0
82353,9246,188,2023-02-10,3,0
82365,7125,463,2023-11-04,3,0
82371,4362,534,2023-02-05,2,0
82374,6488,273,2023-07-05,4,0
82377,9290,367,2023-02-03,3,10
82388,6906,244,2023-06-07,4,5
82392,1063,401,2023-02-06,3,0
82396,5620,235,2023-08-05,1,5
82405,2578,321,2023-03-05,1,15
82415,6634,212,2023-09-04,1,5
82418,3301,218,2023-12-08,1,0
82419,6655,268,2023-10-07,5,5
82443,4584,464,2023-02-07,2,5
82461,7235,294,2023-05-10,2,0
82463,2707,380,2023-03-12,5,10
82466,7719,294,2023-07-02,3,0
82474,2919,205,2023-06-05,1,0
82479,6970,130,2023-10-09,2,5
82482,1709,543,2023-04-09,5,0
82486,4201,152,2023-02-09,2,5
82490,4468,592,2023-08-08,4,0
82491,9533,214,2023-04-10,5,0
82494,108,161,2023-07-02,1,0
82501,9879,158,2023-07-10,1,0
82516,1672,329,2023-09-05,1,2
82526,9070,424,2023-05-05,1,15
82529,8799,285,2023-03-01,3,0
82531,6419,275,2023-10-01,2,0
82534,2440,461,2023-08-09,1,0
82539,8278,239,2023-05-08,3,0
82540,7133,428,2023-02-06,1,0
82552,2856,190,2023-03-05,3,0
82555,4270,405,2023-01-01,3,5
82564,6044,343,2023-05-07,4,0
82573,6267,177,2023-12-10,2,5
82580,2276,448,2023-10-02,1,0
82588,8076,163,2023-11-08,3,2
82593,2559,290,2023-03-09,1,20
82596,7058,464,2023-08-07,2,5
82600,9156,237,2023-03-09,4,0
82631,5564,202,2023-03-02,3,2
82652,9359,318,2023-12-07,1,10
82654,5602,504,2023-03-11,1,0
82662,1725,334,2023-01-02,3,15
82664,4438,505,2023-07-03,5,2
82672,1970,428,2023-08-03,2,0
82674,3136,254,2023-09-09,2,2
82679,3808,170,2023-08-06,1,0
82692,5541,570,2023-11-09,1,0
82693,7534,208,2023-06-11,1,2
82695,3722,478,2023-09-07,1,0
82706,4250,233,2023-04-04,2,0
82715,956,337,2023-05-05,3,0
82716,2766,170,2023-09-07,4,0
82717,1235,253,2023-02-08,3,0
82722,1804,512,2023-11-06,2,0
82727,7244,432,2023-01-01,3,2
82731,948,257,2023-12-06,4,2
82744,944,114,2023-03-11,2,0
82748,3384,505,2023-08-02,1,0
82749,4663,570,2023-04-05,1,5
82760,4324,503,2023-11-02,1,5
82765,3492,450,2023-08-04,3,5
82785,8475,204,2023-05-04,1,0
82792,3192,339,2023-02-09,1,5
82803,8817,117,2023-10-12,2,0
82804,456,176,2023-02-10,4,15
82806,2388,317,2023-12-12,2,0
82809,4359,582,2023-07-01,2,0
82813,2056,568,2023-07-02,2,2
82817,1266,399,2023-04-03,3,0
82819,2771,558,2023-06-12,5,5
82820,8903,341,2023-09-01,1,0
82826,6373,304,2023-11-06,1,0
82829,9394,563,2023-05-07,2,10
82832,8103,158,2023-04-09,2,20
82837,381,576,2023-06-10,2,5
82847,2203,175,2023-02-07,1,0
82848,1985,518,2023-02-12,1,0
82857,3926,374,2023-10-05,1,0
82869,7970,387,2023-11-09,1,0
82870,4835,122,2023-08-12,1,0
82873,6700,150,2023-11-12,4,0
82883,3885,550,2023-08-10,3,2
82900,1128,265,2023-02-11,3,0
82907,7899,365,2023-12-11,2,10
82924,5777,408,2023-05-11,2,0
82925,2792,564,2023-02-03,2,0
82933,3917,431,2023-03-11,1,5
82941,9619,579,2023-08-02,1,5
82945,4885,561,2023-10-03,2,0
82949,1979,536,2023-09-04,2,0
82952,5707,222,2023-02-03,1,0
82953,5964,498,2023-09-04,2,0
82958,5601,556,2023-10-07,1,15
82959,5856,447,2023-11-01,2,5
82960,5543,381,2023-08-03,2,0
82964,5287,400,2023-12-11,2,5
82968,365,157,2023-09-07,3,2
82971,7904,364,2023-06-04,1,15
82991,3531,247,2023-11-10,2,0
82994,5217,161,2023-12-07,1,0
83012,2227,554,2023-01-05,2,2
83013,2013,230,2023-12-10,1,5
83019,5125,205,2023-09-07,4,10
83029,8705,370,2023-09-04,1,0
83030,4655,152,2023-02-10,1,0
83044,7956,438,2023-09-02,3,2
83045,5695,537,2023-08-02,3,0
83046,1160,191,2023-08-08,3,5
83048,9949,499,2023-06-07,1,0
83052,9190,394,2023-09-10,4,5
83055,4438,241,2023-11-01,2,0
83078,8691,484,2023-12-10,1,2
83097,3987,344,2023-04-02,3,15
83112,5681,232,2023-06-07,1,0
83114,5213,589,2023-09-08,1,0
83121,755,577,2023-11-05,3,0
83122,3182,181,2023-12-05,1,5
83126,1434,530,2023-08-07,1,0
83129,567,241,2023-12-01,1,20
83135,5993,521,2023-11-06,3,5
83145,4112,379,2023-10-02,2,0
83146,9172,142,2023-02-08,1,0
83149,5681,519,2023-06-04,1,2
83156,267,562,2023-02-12,2,0
83158,9467,388,2023-10-11,1,15
83159,190,174,2023-05-05,3,0
83166,5464,308,2023-10-10,3,0
83169,3136,115,2023-04-01,5,0
83171,2316,275,2023-11-02,2,0
83173,5983,259,2023-08-03,3,0
83178,5676,505,2023-01-01,4,0
83182,3844,189,2023-12-05,1,0
83184,6178,318,2023-04-12,1,0
83185,7558,356,2023-07-04,1,5
83186,4765,379,2023-05-04,3,10
83190,8000,192,2023-08-09,4,10
83192,6893,290,2023-12-11,1,0
83196,1850,579,2023-10-12,1,5
83197,6910,319,2023-06-11,2,5
83199,1237,513,2023-06-08,1,10
83202,2272,238,2023-03-11,4,2
83206,2741,244,2023-12-03,3,5
83208,6838,117,2023-08-08,1,0
83209,9950,106,2023-04-02,1,0
83215,2030,283,2023-06-05,2,5
83219,3270,369,2023-12-09,1,0
83223,8656,565,2023-01-10,2,0
83229,5381,292,2023-08-03,3,5
83238,6531,477,2023-02-12,1,0
83239,5339,536,2023-10-09,2,5
83242,751,531,2023-09-03,1,0
83244,1134,302,2023-07-02,2,0
83245,9422,197,2023-04-02,2,2
83249,8660,205,2023-02-01,4,2
83253,8674,232,2023-10-04,3,15
83254,8509,588,2023-02-05,5,0
83256,4116,525,2023-03-12,1,2
83263,7222,359,2023-07-08,1,0
83274,3889,531,2023-12-11,1,2
83290,6021,359,2023-12-03,4,0
83295,3046,335,2023-04-12,1,0
83297,1107,599,2023-05-04,2,0
83302,8493,443,2023-07-04,1,5
83314,2776,194,2023-04-11,1,0
83317,9033,541,2023-12-08,1,0
83323,1620,448,2023-04-11,4,0
83336,5363,399,2023-08-05,3,0
83342,2922,399,2023-09-10,2,0
83369,4428,303,2023-09-08,1,0
83371,6586,468,2023-01-03,1,2
83381,6329,457,2023-02-11,1,0
83383,1687,457,2023-01-05,5,0
83388,1707,365,2023-02-04,2,10
83400,194,588,2023-06-01,5,0
83409,9997,380,2023-12-08,1,5
83411,4107,466,2023-01-02,1,0
83434,2424,286,2023-01-06,1,2
83435,6966,456,2023-07-01,3,0
83441,9819,264,2023-02-11,1,2
83444,7281,436,2023-08-07,1,0
83449,433,577,2023-07-02,3,2
83453,1882,558,2023-10-06,3,0
83468,5162,368,2023-08-06,3,0
83470,6572,113,2023-10-04,1,0
83473,7744,560,2023-01-08,4,2
83474,6924,419,2023-01-05,1,0
83482,8576,499,2023-09-10,1,2
83486,3223,484,2023-10-02,1,10
83497,2349,271,2023-01-08,1,0
83502,6590,181,2023-05-05,1,0
83506,5974,210,2023-07-08,3,5
83507,2591,229,2023-05-03,2,2
83524,8369,197,2023-09-02,3,0
83534,5883,347,2023-08-02,1,5
83538,4681,183,2023-03-12,1,10
83544,6547,454,2023-08-06,1,0
83545,232,364,2023-09-11,5,0
83550,1546,146,2023-12-03,3,0
83557,253,581,2023-05-11,5,0
83560,2456,228,2023-05-06,4,5
83565,7952,422,2023-11-01,1,0
83567,5831,168,2023-12-10,3,0
83570,6787,443,2023-10-02,2,0
83572,5333,257,2023-10-06,1,10
83576,9696,492,2023-03-08,1,0
83589,884,503,2023-09-02,5,0
83593,8759,236,2023-05-06,4,5
83609,4428,332,2023-06-12,1,15
83613,1049,137,2023-07-09,5,5
83615,2783,413,2023-03-03,1,0
83626,8221,157,2023-04-06,1,0
83638,8119,291,2023-07-09,1,0
83645,7999,459,2023-12-10,1,0
83648,2794,321,2023-08-09,3,5
83653,7955,356,2023-03-09,1,0
83655,3947,419,2023-10-10,1,5
83668,3479,507,2023-03-01,1,0
83669,6071,539,2023-10-09,1,5
83677,870,441,2023-02-07,1,0
83690,1039,565,2023-11-08,1,0
83704,7600,257,2023-08-07,4,0
83705,3762,395,2023-10-05,3,10
83707,4803,194,2023-11-03,1,0
83710,1156,116,2023-12-04,1,2
83732,875,266,2023-05-02,1,5
83735,1346,141,2023-08-05,3,0
83744,4337,157,2023-10-01,4,5
83745,9994,539,2023-10-11,2,0
83749,4773,588,2023-11-04,1,0
83759,712,520,2023-04-03,1,0
83769,7289,432,2023-03-06,4,0
83789,5789,586,2023-02-10,3,2
83793,5468,429,2023-07-09,4,10
83795,5082,251,2023-08-07,4,0
83804,2309,259,2023-02-05,2,0
83827,4240,125,2023-05-07,4,0
83841,5276,365,2023-06-10,1,2
83843,4843,577,2023-09-09,3,5
83860,4706,166,2023-11-01,2,0
83861,9439,172,2023-09-02,4,0
83862,5777,283,2023-04-12,1,2
83869,5238,194,2023-01-02,3,0
83870,6235,534,2023-07-01,2,10
83871,2282,554,2023-05-07,2,0
83875,1999,325,2023-08-04,2,0
83883,1438,243,2023-02-08,2,15
83885,3214,190,2023-04-09,1,2
83886,7654,227,2023-11-08,4,0
83891,3374,582,2023-09-02,2,0
83892,5241,577,2023-10-04,1,5
83903,323,443,2023-02-03,1,0
83904,2492,537,2023-05-02,1,0
83905,8576,204,2023-01-09,2,2
83913,2057,305,2023-04-01,1,5
83915,7578,107,2023-02-11,3,5
83921,9893,256,2023-05-12,2,0
83925,6952,447,2023-12-10,2,0
83932,7076,119,2023-09-01,3,2
83940,1434,528,2023-04-02,2,2
83943,2565,250,2023-12-12,1,0
83951,9243,192,2023-09-05,1,0
83952,7754,469,2023-06-02,4,0
83953,7315,168,2023-07-06,1,5
83963,1325,452,2023-10-08,1,0
83973,5351,265,2023-12-05,1,2
83978,5837,245,2023-12-10,2,0
84004,5571,333,2023-12-08,1,2
84009,1985,391,2023-08-04,4,10
84011,7672,292,2023-01-07,1,0
84012,8278,349,2023-04-03,1,10
84017,1747,211,2023-09-02,2,10
84022,8950,418,2023-05-12,1,2
84025,6907,507,2023-02-07,1,5
84043,3149,348,2023-04-09,2,2
84045,5564,195,2023-10-05,3,0
84047,775,249,2023-11-03,1,2
84052,7624,583,2023-01-07,3,0
84060,2707,211,2023-08-01,2,5
84068,783,211,2023-05-12,3,10
84069,9993,333,2023-10-11,3,0
84073,3672,485,2023-02-01,2,0
84089,4138,132,2023-04-08,3,10
84103,3684,348,2023-02-07,3,2
84106,755,572,2023-07-01,1,5
84111,8758,470,2023-04-05,2,2
84134,8362,409,2023-03-12,1,0
84143,9295,508,2023-01-10,2,0
84146,8430,493,2023-10-03,1,0
84148,3558,309,2023-02-01,2,0
84150,6523,418,2023-07-08,1,0
84163,303,184,2023-02-01,3,0
84171,5578,303,2023-05-06,2,5
84174,2238,297,2023-08-10,1,0
84176,1011,268,2023-05-05,5,2
84180,9654,154,2023-08-09,1,15
84189,57,315,2023-11-01,2,10
84221,8677,450,2023-12-09,1,15
84227,1583,385,2023-03-05,1,2
84234,9175,169,2023-05-04,2,0
84243,7083,289,2023-08-07,1,0
84245,5395,566,2023-07-02,1,10
84246,4202,307,2023-11-07,2,0
84249,1672,214,2023-02-06,3,0
84259,8162,483,2023-04-07,1,5
84262,1300,172,2023-08-03,1,0
84274,381,411,2023-02-09,4,10
84279,5639,193,2023-08-02,2,5
84285,3374,148,2023-12-12,2,0
84287,4922,212,2023-08-10,2,0
84291,2010,181,2023-10-11,3,0
84301,4098,425,2023-12-11,3,0
84307,8035,550,2023-04-05,2,5
84311,1637,526,2023-09-07,1,0
84314,7992,376,2023-06-05,2,10
84316,4160,258,2023-10-04,2,0
84331,8735,502,2023-06-04,1,5
84334,6780,268,2023-06-03,2,0
84335,2361,354,2023-05-07,3,5
84340,5150,431,2023-01-01,1,0
84341,9593,173,2023-03-04,2,0
84342,7222,554,2023-10-09,1,0
84344,2625,227,2023-07-04,1,2
84353,2618,330,2023-11-12,3,0
84372,6937,434,2023-03-09,3,0
84374,8308,233,2023-09-02,1,10
84383,172,229,2023-04-11,1,0
84386,962,382,2023-02-08,1,0
84394,3574,326,2023-01-07,1,0
84400,6507,460,2023-09-06,2,15
84403,5213,328,2023-04-12,1,0
84417,1361,435,2023-05-10,1,0
84448,1767,509,2023-02-06,2,0
84458,1687,532,2023-08-12,2,0
84466,8462,128,2023-10-05,2,0
84470,5192,207,2023-06-03,5,0
84477,522,381,2023-03-12,4,0
84491,542,370,2023-02-02,2,0
84507,7261,177,2023-04-09,1,2
84511,5633,341,2023-06-03,3,0
84530,1934,395,2023-11-07,2,0
84542,5839,424,2023-10-12,1,15
84544,7237,124,2023-12-05,2,0
84545,1767,567,2023-12-10,3,0
84558,3252,310,2023-12-01,4,0
84563,4116,284,2023-02-10,2,0
84570,2826,551,2023-11-09,1,5
84573,3405,260,2023-08-01,1,5
84574,3594,320,2023-09-12,2,0
84599,109,312,2023-09-06,2,0
84600,6869,110,2023-06-12,3,10
84603,1076,356,2023-03-09,1,0
84608,3303,277,2023-04-01,3,5
84610,7257,182,2023-09-07,1,2
84616,2951,473,2023-01-01,3,0
84619,6397,188,2023-11-03,4,0
84620,5753,279,2023-10-08,2,0
84624,7421,276,2023-11-05,1,0
84637,2018,263,2023-02-02,3,15
84639,4881,440,2023-06-04,2,0
84655,3514,285,2023-02-12,1,0
84656,5174,341,2023-03-07,1,5
84658,5950,168,2023-01-08,1,5
84659,8409,239,2023-03-01,1,0
84663,7638,499,2023-12-12,1,0
84666,6570,501,2023-02-01,1,0
84682,6735,515,2023-02-03,1,0
84685,7419,424,2023-02-03,1,5
84690,3458,491,2023-03-08,1,0
84691,3348,393,2023-11-01,2,2
84702,94,436,2023-10-05,2,5
84710,7791,108,2023-07-10,2,0
84719,8612,359,2023-01-04,1,0
84721,8319,146,2023-06-08,3,0
84738,8657,214,2023-04-04,2,0
84744,1874,307,2023-10-03,3,2
84745,4715,262,2023-01-12,1,0
84756,5267,492,2023-07-12,3,0
84759,447,358,2023-09-01,3,0
84763,542,428,2023-06-12,3,5
84773,2030,278,2023-06-04,2,0
84774,2113,258,2023-11-07,2,0
84780,6220,310,2023-05-01,1,0
84797,8955,217,2023-04-09,4,10
84809,3646,275,2023-07-01,5,0
84816,1060,538,2023-09-03,1,0
84821,1560,383,2023-05-05,1,0
84826,2571,549,2023-04-11,1,5
84832,1707,174,2023-05-06,2,0
84836,3243,451,2023-07-02,2,2
84840,5569,200,2023-04-01,3,5
84864,4886,358,2023-06-05,1,0
84872,2833,540,2023-02-02,3,0
84877,2684,138,2023-04-11,3,0
84888,1494,408,2023-06-11,5,0
84895,172,399,2023-12-05,1,0
84905,4642,532,2023-12-07,2,0
84910,1940,583,2023-12-08,2,0
84913,3031,353,2023-02-01,4,0
84920,264,221,2023-02-07,4,5
84930,8435,524,2023-01-02,1,0
84940,3895,222,2023-09-09,1,0
84956,8342,206,2023-02-12,3,0
84958,8435,503,2023-09-12,3,0
84961,6018,110,2023-10-12,4,5
84964,4243,536,2023-04-07,1,10
84981,5858,325,2023-06-10,1,0
84988,7778,408,2023-04-11,3,0
84991,8974,193,2023-08-04,1,5
84993,9907,318,2023-02-05,3,0
85000,6222,256,2023-04-08,1,10
85010,4030,227,2023-11-02,1,5
85018,3719,405,2023-03-09,4,0
85019,9061,412,2023-11-12,2,0
85025,7232,119,2023-04-04,1,5
85027,5300,573,2023-11-06,2,0
85033,5541,584,2023-04-04,2,0
85035,3733,278,2023-04-12,1,0
85042,3303,383,2023-05-02,3,0
85047,450,412,2023-06-09,1,0
85054,6657,593,2023-01-07,3,0
85066,1828,429,2023-09-12,1,0
85079,9700,267,2023-11-11,2,10
85085,9503,107,2023-08-09,1,0
85092,3817,136,2023-07-11,2,0
85099,7664,553,2023-06-07,1,0
85102,8565,382,2023-10-02,1,0
85105,972,265,2023-08-06,1,0
85116,5928,181,2023-05-01,1,0
85121,3270,504,2023-08-07,4,10
85139,7008,322,2023-12-03,2,10
85143,9439,517,2023-02-02,3,0
85144,5583,205,2023-09-12,4,10
85149,756,574,2023-10-02,3,5
85158,994,229,2023-05-04,1,0
85165,1868,380,2023-10-10,2,0
85175,2197,103,2023-05-05,1,2
85177,8746,102,2023-12-10,3,0
85179,4045,494,2023-09-05,1,2
85183,6303,283,2023-03-09,4,0
85203,2571,192,2023-04-08,3,5
85212,7210,104,2023-11-01,4,2
85217,6308,179,2023-11-06,2,5
85220,7093,386,2023-04-05,3,5
85231,923,346,2023-11-11,1,15
85234,2076,228,2023-03-10,3,5
85254,279,532,2023-03-05,4,2
85261,8593,109,2023-03-11,1,0
85265,7175,373,2023-08-10,2,0
85271,2100,391,2023-11-07,2,5
85281,3159,217,2023-08-01,1,2
85286,4877,203,2023-04-05,1,0
85309,1962,134,2023-01-07,1,0
85314,9813,425,2023-03-03,1,0
85348,4170,459,2023-12-08,1,15
85356,6204,382,2023-05-08,1,2
85360,3755,566,2023-11-04,1,0
85361,7840,227,2023-07-11,5,5
85366,2198,194,2023-04-05,1,0
85370,4308,175,2023-06-07,3,5
85372,5879,388,2023-03-06,1,0
85374,3337,597,2023-11-08,2,0
85375,2782,550,2023-11-01,2,2
85381,5106,347,2023-05-09,3,0
85388,3808,555,2023-05-11,4,0
85404,8651,171,2023-08-10,3,0
85410,3672,164,2023-08-12,3,2
85420,3085,198,2023-04-07,1,0
85443,8115,166,2023-01-08,4,2
85454,5987,165,2023-05-07,2,2
85461,2346,558,2023-07-12,3,0
85474,8468,295,2023-11-02,3,0
85475,2268,375,2023-09-06,2,15
85491,5472,220,2023-12-08,2,15
85501,5904,545,2023-03-11,1,5
85505,115,386,2023-06-12,2,0
85513,7036,544,2023-01-04,1,2
85516,2470,296,2023-06-12,1,0
85517,1232,158,2023-02-10,1,0
85524,6797,444,2023-05-05,1,5
85526,2851,569,2023-05-07,1,0
85533,3034,573,2023-10-10,1,0
85538,6588,213,2023-08-02,1,0
85540,1700,155,2023-02-11,2,20
85544,9617,318,2023-02-06,3,10
85548,3703,543,2023-04-12,3,15
85571,8981,166,2023-01-03,2,0
85578,9708,274,2023-10-01,1,0
85585,6871,423,2023-01-10,1,5
85603,2685,188,2023-05-11,1,0
85617,6669,141,2023-06-12,5,15
85631,4956,474,2023-02-08,4,0
85633,2311,302,2023-10-04,1,10
85639,339,352,2023-05-06,1,0
85641,1560,426,2023-09-12,3,2
85652,3708,450,2023-10-08,1,0
85656,1053,259,2023-08-09,2,0
85667,9639,353,2023-12-07,2,0
85671,561,536,2023-10-04,4,0
85672,9161,111,2023-11-07,1,0
85682,364,328,2023-12-11,1,0
85684,5152,476,2023-03-12,2,10
85696,6070,265,2023-05-06,2,0
85701,9000,243,2023-04-03,3,0
85715,4396,150,2023-02-12,1,2
85725,962,280,2023-07-10,3,0
85732,8460,549,2023-11-06,2,5
85742,8225,322,2023-05-10,3,5
85743,3276,197,2023-06-11,1,10
85744,7350,241,2023-07-02,1,0
85759,1540,428,2023-06-07,1,0
85760,6284,539,2023-02-07,1,2
85764,4255,449,2023-12-04,2,0
85765,7009,227,2023-10-10,1,10
85766,8799,164,2023-01-12,1,5
85773,8907,390,2023-06-11,4,0
85775,5839,381,2023-11-10,2,2
85790,9258,439,2023-05-07,2,0
85794,4251,330,2023-04-08,1,10
85795,2975,184,2023-03-12,2,0
85802,4384,224,2023-08-11,1,0
85807,5150,306,2023-12-11,1,10
85812,9495,541,2023-08-07,3,15
85819,4174,468,2023-12-08,3,10
85823,7227,232,2023-12-05,4,2
85840,401,252,2023-09-12,3,0
85844,1039,482,2023-11-05,3,10
85849,182,138,2023-11-07,2,5
85863,2055,350,2023-04-01,1,0
85876,2388,101,2023-04-09,2,15
85883,2091,405,2023-03-06,4,2
85886,9526,539,2023-08-03,3,0
85902,6109,484,2023-07-08,3,0
85907,6762,171,2023-06-08,2,0
85917,7509,566,2023-08-03,1,20
85919,9657,490,2023-10-01,3,0
85930,3701,410,2023-06-05,2,0
85940,7031,241,2023-06-01,1,5
85942,6818,426,2023-08-01,1,0
85957,5795,286,2023-12-04,2,0
85962,6425,507,2023-08-06,3,2
85965,6489,401,2023-04-07,1,0
85967,8219,563,2023-07-04,3,2
85972,4178,197,2023-01-04,3,10
85978,4372,107,2023-04-03,1,15
85979,5837,126,2023-10-01,1,0
85984,4826,350,2023-10-09,1,2
85995,6390,209,2023-06-08,2,0
85996,6700,412,2023-12-10,3,0
86009,1556,390,2023-09-09,1,2
86010,6882,585,2023-07-06,3,2
86013,2746,288,2023-06-10,1,0
86033,7857,343,2023-03-03,1,10
86036,6278,257,2023-11-09,1,0
86037,7474,277,2023-04-03,2,2
86038,1279,553,2023-08-02,2,5
86047,8820,355,2023-10-12,2,0
86054,5140,559,2023-12-05,2,10
86063,2277,353,2023-11-04,1,5
86080,7670,429,2023-07-11,1,0
86097,183,352,2023-10-10,1,0
86107,1102,119,2023-04-07,1,2
86112,7550,187,2023-10-12,2,0
86115,2057,386,2023-06-06,1,0
86117,773,392,2023-10-03,1,0
86120,658,321,2023-02-12,3,5
86121,1005,399,2023-04-01,2,0
86125,9060,233,2023-09-08,1,0
86132,493,577,2023-09-08,1,0
86133,3474,242,2023-07-10,1,0
86141,3603,221,2023-07-06,4,0
86142,7858,146,2023-11-05,3,5
86144,8443,146,2023-07-07,3,10
86149,5189,213,2023-04-06,2,0
86160,2997,565,2023-02-07,2,5
86162,3018,352,2023-03-05,2,0
86164,8365,250,2023-01-03,2,0
86168,2553,211,2023-11-10,3,0
86170,3585,508,2023-05-10,1,5
86175,977,417,2023-09-06,3,5
86176,5075,214,2023-02-06,3,20
86180,7637,220,2023-01-10,1,0
86195,661,545,2023-09-05,1,5
86220,8229,589,2023-03-04,1,2
86223,3802,323,2023-01-07,1,5
86229,4496,568,2023-07-02,3,2
86240,6925,258,2023-04-03,4,0
86264,6568,286,2023-01-04,2,15
86282,7266,341,2023-11-09,3,0
86289,6620,479,2023-01-03,1,0
86299,350,146,2023-08-01,5,0
86302,4989,232,2023-12-06,5,0
86320,3785,255,2023-07-04,3,0
86324,2186,257,2023-03-05,1,2
86338,5081,454,2023-11-08,1,2
86345,9719,119,2023-10-04,2,5
86349,8919,309,2023-04-10,4,0
86370,4782,120,2023-01-07,1,0
86376,8944,350,2023-03-04,1,10
86384,7894,115,2023-10-01,3,10
86387,4661,307,2023-08-01,2,10
86390,5792,272,2023-04-01,1,2
86395,1379,339,2023-12-01,1,0
86396,3328,425,2023-11-10,2,0
86409,1105,546,2023-06-10,3,0
86421,446,276,2023-05-10,1,2
86422,2227,133,2023-07-06,1,0
86439,2016,381,2023-07-12,2,2
86447,5771,584,2023-12-06,2,0
86452,4174,455,2023-10-08,1,0
86467,4291,135,2023-09-06,2,0
86468,4821,130,2023-11-10,3,0
86474,263,460,2023-08-05,2,0
86477,2974,411,2023-09-02,4,5
86478,4136,430,2023-07-12,4,10
86479,7836,238,2023-01-02,1,0
86505,1040,369,2023-08-06,1,0
86507,4382,470,2023-04-03,1,5
86509,4961,575,2023-03-04,2,15
86512,5796,139,2023-05-05,1,0
86518,8766,441,2023-10-12,2,0
86519,1606,472,2023-01-02,1,2
86536,7401,396,2023-03-05,3,10
86548,7070,275,2023-09-03,3,10
86549,7020,245,2023-07-03,3,0
86552,8090,153,2023-01-07,1,2
86553,3598,564,2023-01-01,3,0
86556,5973,153,2023-09-02,2,0
86558,6353,497,2023-08-04,2,0
86560,9578,265,2023-12-08,3,5
86562,7408,285,2023-10-10,1,0
86567,5928,320,2023-03-03,1,0
86568,6588,165,2023-05-01,1,10
86570,6088,159,2023-06-04,3,0
86580,5363,527,2023-10-02,5,2
86584,1166,594,2023-04-02,1,0
86587,5737,148,2023-07-07,2,0
86601,4576,139,2023-11-04,1,0
86603,829,591,2023-01-12,4,0
86616,6555,331,2023-11-02,3,0
86621,9535,550,2023-03-06,1,0
86625,3214,319,2023-01-05,2,0
86626,4452,344,2023-04-07,1,0
86629,2436,546,2023-08-10,1,0
86638,1404,445,2023-05-08,1,15
86640,2649,167,2023-09-01,1,2
86651,273,417,2023-06-02,1,0
86652,3121,252,2023-05-05,1,2
86655,3021,184,2023-02-02,1,2
86680,791,427,2023-01-10,1,0
86691,6480,122,2023-06-06,3,0
86694,4170,533,2023-07-08,1,0
86705,5472,244,2023-02-02,1,0
86711,8213,463,2023-05-05,1,0
86721,3821,239,2023-06-02,1,10
86726,7899,560,2023-07-01,1,0
86729,2833,371,2023-06-02,3,5
86736,5724,423,2023-10-02,1,5
86738,4477,275,2023-03-10,1,5
86739,7468,505,2023-12-07,1,5
86743,4052,421,2023-03-10,2,2
86745,85,514,2023-06-03,1,5
86752,9774,208,2023-09-03,1,5
86757,8468,180,2023-06-02,2,0
86762,8107,190,2023-08-04,5,5
86783,2264,418,2023-12-05,1,0
86788,5761,395,2023-08-04,1,0
86801,3502,310,2023-08-10,1,10
86810,7042,500,2023-12-09,4,15
86812,9635,149,2023-12-01,3,0
86815,9765,530,2023-09-11,2,2
86816,2618,205,2023-10-04,1,2
86817,1904,168,2023-10-05,3,10
86825,7133,415,2023-08-06,2,10
86826,9537,169,2023-05-08,1,0
86827,565,575,2023-09-09,1,5
86839,9203,185,2023-09-10,2,0
86852,7878,560,2023-11-11,1,0
86866,7757,330,2023-09-07,3,0
86881,9380,151,2023-09-08,5,0
86885,4989,337,2023-08-04,1,10
86924,1421,157,2023-07-11,1,2
86936,7363,120,2023-10-06,1,5
86937,6893,259,2023-03-03,2,2
86962,8493,132,2023-04-07,2,0
86970,5090,476,2023-03-03,1,5
86986,9809,560,2023-12-10,4,0
86996,1551,435,2023-12-04,1,0
87004,3806,573,2023-08-12,1,0
87009,9559,469,2023-01-12,1,0
87012,5345,398,2023-08-05,3,5
87019,3737,529,2023-12-01,1,15
87030,1243,350,2023-12-11,1,5
87038,2095,270,2023-06-03,1,10
87040,5624,537,2023-12-08,2,0
87043,9689,335,2023-02-09,2,0
87046,9879,357,2023-01-04,1,0
87063,8834,310,2023-12-02,1,0
87068,4480,284,2023-05-10,1,2
87080,8537,494,2023-05-01,1,0
87082,8735,209,2023-10-08,1,5
87083,8545,272,2023-12-04,1,2
87090,5639,172,2023-08-04,2,0
87097,8741,583,2023-05-11,1,15
87103,9171,314,2023-08-08,1,0
87104,2628,511,2023-10-09,2,10
87107,6713,125,2023-03-02,2,0
87111,5406,321,2023-02-08,1,0
87117,4955,483,2023-02-11,1,0
87121,8143,131,2023-06-07,2,0
87127,2088,472,2023-04-03,2,0
87130,8582,314,2023-02-03,1,5
87141,8503,229,2023-10-05,1,2
87143,2649,484,2023-01-02,2,0
87148,5709,530,2023-12-02,3,0
87150,2126,197,2023-06-07,1,0
87152,8814,417,2023-03-06,1,5
87157,3959,585,2023-03-10,1,0
87158,9046,376,2023-05-09,1,2
87167,3192,418,2023-05-08,4,2
87178,6142,194,2023-04-02,2,0
87183,8535,485,2023-05-12,3,0
87193,8126,163,2023-01-12,3,10
87200,4774,266,2023-11-01,1,0
87211,8700,574,2023-02-08,1,10
87213,732,394,2023-04-03,1,0
87221,6692,182,2023-01-07,1,5
87223,9570,387,2023-06-08,3,15
87228,2741,376,2023-11-10,2,0
87244,7938,211,2023-04-02,2,2
87247,9595,221,2023-04-08,2,2
87253,462,124,2023-12-01,4,0
87258,7249,275,2023-05-12,1,0
87264,6972,207,2023-01-02,2,2
87271,8602,469,2023-02-02,1,5
87274,897,195,2023-01-07,1,0
87275,5015,313,2023-09-09,1,0
87285,9859,543,2023-05-01,4,10
87288,9386,353,2023-01-07,1,0
87290,1598,199,2023-02-06,3,10
87304,2224,222,2023-06-06,1,2
87309,2003,452,2023-06-03,2,0
87312,7419,581,2023-05-07,3,5
87314,6627,209,2023-04-02,1,0
87319,8457,115,2023-02-07,3,5
87322,2802,212,2023-01-04,1,5
87326,9508,543,2023-04-02,1,0
87327,8042,410,2023-12-02,3,0
87328,7448,208,2023-09-01,3,5
87342,6610,169,2023-08-02,1,0
87347,976,212,2023-09-01,3,0
87368,8503,336,2023-04-11,3,2
87374,3598,213,2023-11-06,2,15
87377,5569,384,2023-03-02,3,10
87383,6058,190,2023-09-04,1,0
87392,7541,364,2023-04-02,1,2
87403,7135,594,2023-04-09,1,20
87414,6436,452,2023-12-07,2,10
87416,6722,203,2023-08-08,1,0
87427,7808,225,2023-01-11,1,5
87436,4100,410,2023-05-06,3,0
87444,6869,388,2023-05-04,4,0
87446,6864,333,2023-11-01,1,0
87450,6610,409,2023-08-05,1,0
87452,9888,224,2023-09-05,2,2
87454,6390,145,2023-04-11,1,0
87456,5391,500,2023-12-02,2,0
87463,3047,538,2023-01-11,1,2
87466,4669,476,2023-06-05,2,0
87469,5578,218,2023-12-08,2,0
87472,3434,379,2023-09-07,1,20
87476,3087,384,2023-09-07,1,5
87482,1110,403,2023-06-12,1,0
87490,935,353,2023-10-02,1,0
87493,3102,544,2023-03-10,2,0
87503,7571,140,2023-02-04,2,0
87510,7263,238,2023-03-08,3,0
87527,1705,467,2023-03-06,2,2
87530,2411,494,2023-12-06,3,5
87536,6280,565,2023-12-07,2,0
87539,5163,381,2023-11-09,1,0
87545,6942,439,2023-10-09,1,0
87554,9246,293,2023-04-12,5,10
87558,1790,112,2023-09-05,3,0
87567,1067,437,2023-04-09,2,5
87575,291,294,2023-01-01,1,0
87595,8423,154,2023-02-01,1,0
87596,1886,286,2023-02-02,2,0
87597,5795,507,2023-08-12,2,0
87599,3358,159,2023-01-12,2,0
87613,631,600,2023-11-06,5,0
87617,8033,335,2023-08-01,2,20
87621,6378,371,2023-07-12,3,5
87626,3242,246,2023-12-03,1,0
87630,5436,302,2023-08-08,3,0
87635,7133,287,2023-06-07,1,10
87651,8788,416,2023-02-11,2,0
87669,9175,109,2023-08-05,1,0
87681,3703,109,2023-09-08,2,0
87687,1453,541,2023-02-12,2,0
87710,9284,396,2023-09-09,3,0
87711,3474,118,2023-10-10,1,2
87719,3496,353,2023-02-06,3,0
87746,2220,476,2023-01-04,2,5
87761,856,466,2023-04-08,1,2
87773,9860,462,2023-01-02,1,2
87775,6124,349,2023-04-07,5,0
87785,4756,418,2023-02-03,1,15
87792,7697,589,2023-06-11,2,2
87796,249,235,2023-09-01,1,2
87798,4733,398,2023-08-09,2,0
87806,9029,360,2023-02-09,1,0
87807,3816,331,2023-12-02,3,2
87809,4746,354,2023-02-03,1,5
87816,3643,587,2023-09-05,1,0
87822,9688,147,2023-11-10,4,2
87830,4389,342,2023-04-03,1,0
87841,1076,552,2023-02-08,1,10
87893,4608,204,2023-04-06,5,2
87911,7009,301,2023-03-09,2,0
87917,2436,110,2023-01-10,2,10
87941,9884,474,2023-08-04,3,15
87942,3406,183,2023-10-11,3,15
87945,7682,484,2023-07-01,2,10
87954,5152,162,2023-06-01,1,5
87964,7749,337,2023-07-02,1,15
87970,1210,193,2023-06-12,3,0
87981,3827,378,2023-05-03,3,0
87986,1864,254,2023-03-11,4,0
88003,6586,313,2023-10-12,4,2
88009,7576,363,2023-06-08,1,0
88014,5125,103,2023-02-02,3,0
88022,2456,248,2023-01-02,5,5
88028,474,130,2023-10-08,1,2
88031,269,292,2023-05-05,2,5
88036,6395,221,2023-02-03,1,5
88037,7982,485,2023-12-11,5,0
88043,3557,346,2023-09-09,2,2
88044,6313,584,2023-12-04,2,0
88046,4505,334,2023-08-07,2,0
88048,7007,545,2023-11-09,1,10
88049,1156,409,2023-08-02,1,5
88052,8655,170,2023-02-04,2,10
88055,6690,351,2023-07-03,1,0
88066,9033,227,2023-09-02,4,0
88080,3174,207,2023-02-05,4,5
88082,1340,455,2023-11-04,5,2
88095,4341,233,2023-07-11,4,0
88098,4238,482,2023-07-07,3,0
88119,5917,275,2023-04-11,2,0
88120,3691,243,2023-02-04,4,0
88129,4621,380,2023-07-03,3,0
88130,1327,509,2023-04-09,1,0
88137,918,599,2023-12-05,3,10
88143,8867,138,2023-08-03,1,0
88156,3227,235,2023-08-11,2,0
88163,9994,399,2023-05-04,1,10
88172,121,577,2023-04-10,3,20
88182,3928,447,2023-10-04,3,5
88189,7131,194,2023-03-05,2,0
88192,3592,113,2023-07-01,1,0
88196,2783,130,2023-06-05,1,0
88209,580,444,2023-04-05,2,10
88221,6940,322,2023-02-03,1,0
88228,1588,308,2023-09-08,3,15
88234,5486,575,2023-03-07,2,5
88254,9467,105,2023-11-11,2,0
88255,3037,510,2023-10-02,4,0
88256,4803,463,2023-11-01,1,0
88259,2026,451,2023-10-09,3,0
88260,2279,313,2023-07-09,1,0
88261,160,200,2023-04-09,1,5
88268,8056,456,2023-07-10,4,10
88280,5883,528,2023-07-07,2,5
88286,5536,564,2023-12-11,1,2
88293,3314,227,2023-01-03,4,0
88298,4139,136,2023-02-07,1,2
88304,4133,314,2023-01-06,1,20
88305,6292,385,2023-08-10,1,10
88308,6316,435,2023-10-11,2,2
88309,7070,584,2023-06-04,3,2
88313,634,513,2023-03-08,3,5
88319,8634,415,2023-02-07,1,2
88325,8722,323,2023-07-02,1,0
88326,416,562,2023-07-09,2,2
88327,7984,210,2023-12-01,1,5
88328,534,403,2023-09-07,1,2
88331,7332,345,2023-12-06,1,15
88340,4201,364,2023-11-11,1,5
88341,7441,104,2023-07-10,1,2
88344,3874,276,2023-12-04,2,10
88353,7227,430,2023-06-05,3,0
88360,934,375,2023-06-05,1,0
88374,7226,538,2023-05-04,3,0
88379,1052,482,2023-05-07,4,15
88384,7544,564,2023-11-04,2,0
88386,2478,593,2023-10-06,2,2
88389,9041,440,2023-03-08,2,0
88396,4584,328,2023-05-02,1,2
88398,2709,130,2023-10-07,1,10
88404,450,584,2023-06-06,2,0
88405,9774,471,2023-03-02,1,0
88406,7955,276,2023-11-03,3,5
88409,6998,533,2023-01-07,3,0
88414,6182,404,2023-05-10,2,2
88416,6929,264,2023-07-02,1,10
88421,8017,367,2023-08-10,1,2
88428,1794,470,2023-12-02,1,10
88434,2922,396,2023-03-11,2,0
88449,5515,462,2023-08-11,1,0
88452,6329,563,2023-02-12,3,0
88461,9589,591,2023-12-06,1,0
88469,6667,315,2023-08-06,3,0
88477,6034,555,2023-08-10,3,0
88489,1881,588,2023-11-08,4,0
88499,5381,530,2023-09-08,1,0
88501,3567,570,2023-02-11,1,0
88504,2901,408,2023-11-04,3,2
88517,556,212,2023-03-10,2,0
88527,7401,206,2023-05-10,3,0
88533,7315,598,2023-04-12,1,0
88542,5600,449,2023-12-07,1,5
88544,4319,220,2023-03-10,1,0
88545,1538,566,2023-08-03,1,2
88546,235,155,2023-06-03,1,20
88548,2653,358,2023-09-08,4,0
88552,2565,472,2023-08-02,1,2
88556,6870,101,2023-04-02,2,0
88565,6490,463,2023-12-01,1,5
88567,6042,141,2023-03-03,5,2
88571,5776,519,2023-08-11,1,2
88579,7289,147,2023-09-03,2,20
88581,1583,518,2023-10-12,1,0
88583,1790,327,2023-09-12,3,5
88587,8636,502,2023-02-02,1,5
88594,3242,268,2023-11-02,1,2
88607,2739,120,2023-05-08,3,0
88615,6610,472,2023-04-01,3,0
88626,7015,392,2023-11-12,2,0
88633,86,535,2023-11-09,2,0
88650,9846,232,2023-07-01,3,0
88655,8839,174,2023-05-11,4,0
88656,4944,507,2023-05-03,2,0
88660,232,284,2023-02-01,4,0
88672,5768,266,2023-09-09,1,2
88678,4970,193,2023-03-08,1,0
88695,2829,277,2023-08-01,2,10
88697,8405,246,2023-01-04,1,0
88699,9680,179,2023-07-08,1,0
88704,1920,380,2023-11-05,1,2
88709,1748,128,2023-12-04,1,0
88719,4596,374,2023-06-06,1,0
88740,5378,509,2023-06-08,2,0
88749,3136,586,2023-12-03,5,2
88780,2778,129,2023-02-09,2,0
88782,7296,157,2023-05-09,1,10
88797,7378,207,2023-01-09,2,2
88805,6592,183,2023-11-02,1,0
88809,4453,164,2023-08-03,1,0
88834,6042,185,2023-02-12,2,5
88837,6837,340,2023-08-06,1,5
88840,7528,597,2023-08-04,3,0
88853,2440,230,2023-06-09,1,5
88856,8509,228,2023-01-05,1,2
88857,945,509,2023-07-10,2,0
88862,4215,280,2023-03-01,1,0
88869,8089,542,2023-08-08,1,0
88874,3169,551,2023-08-05,1,0
88875,1953,306,2023-03-09,3,0
88876,3805,328,2023-09-06,4,0
88879,827,262,2023-06-07,1,0
88895,7166,467,2023-07-01,3,2
88899,5818,270,2023-11-06,4,0
88912,891,160,2023-03-06,1,0
88913,8203,215,2023-06-05,5,2
88931,5213,527,2023-12-11,1,0
88936,3612,266,2023-10-12,1,10
88940,3816,217,2023-07-12,2,0
88943,3597,342,2023-05-10,2,0
88966,2822,305,2023-05-06,1,2
88967,2424,172,2023-01-01,1,5
88969,6895,285,2023-04-09,3,0
88970,5796,236,2023-02-06,2,15
88971,7699,209,2023-10-03,4,0
88973,551,344,2023-01-08,3,2
88975,5931,418,2023-04-03,1,0
88979,72,143,2023-02-03,1,0
88980,7421,360,2023-02-05,3,5
88982,9022,145,2023-06-04,1,5
88983,340,123,2023-11-10,2,5
88984,5391,165,2023-07-02,2,0
88997,4401,524,2023-06-03,4,0
89011,9755,286,2023-09-05,5,5
89013,6060,416,2023-02-06,2,5
89017,8754,354,2023-08-09,1,2
89019,535,387,2023-04-09,4,15
89020,8767,374,2023-03-12,1,0
89026,400,457,2023-06-06,2,10
89032,8956,282,2023-03-02,4,0
89050,4507,306,2023-05-10,3,5
89055,7805,168,2023-11-02,2,0
89074,5188,398,2023-12-04,1,0
89075,1540,286,2023-08-05,3,10
89079,2552,559,2023-03-02,2,0
89080,9693,221,2023-10-11,1,0
89087,9689,226,2023-03-02,2,0
89092,4610,320,2023-10-01,1,10
89094,7290,256,2023-03-04,1,5
89102,7020,470,2023-09-10,1,0
89109,5983,152,2023-01-02,2,0
89111,9193,314,2023-08-06,2,5
89115,2467,279,2023-02-10,1,2
89117,2236,226,2023-06-08,1,5
89133,4018,287,2023-01-05,3,2
89136,6620,372,2023-07-06,2,0
89139,6046,393,2023-06-07,1,15
89142,4909,565,2023-04-05,3,0
89143,1966,525,2023-11-06,3,0
89146,8992,538,2023-12-06,2,0
89154,4891,202,2023-08-10,1,2
89155,8593,491,2023-01-07,4,0
89191,4911,443,2023-12-09,1,5
89194,3703,440,2023-04-10,3,5
89209,8103,519,2023-07-02,2,0
89213,8319,588,2023-11-12,4,0
89235,2670,398,2023-04-09,2,2
89240,3046,243,2023-07-05,1,15
89252,3461,327,2023-07-08,3,0
89255,4616,447,2023-02-04,4,0
89270,9807,599,2023-07-08,2,5
89282,7463,153,2023-11-07,1,10
89285,8357,399,2023-03-06,2,0
89286,5801,123,2023-06-05,1,0
89293,4655,154,2023-03-08,1,15
89304,9085,455,2023-01-11,3,0
89329,6878,370,2023-01-02,1,10
89334,7836,257,2023-08-03,3,0
89344,3719,354,2023-10-02,3,0
89360,1513,285,2023-05-03,3,0
89363,303,539,2023-12-06,3,10
89365,1809,372,2023-10-03,3,0
89369,8203,338,2023-12-11,1,0
89372,2921,124,2023-03-05,1,0
89391,2105,155,2023-04-02,2,0
89401,3641,382,2023-06-06,2,0
89410,3630,298,2023-11-12,5,2
89411,4978,570,2023-11-04,1,0
89419,6282,416,2023-02-04,1,5
89428,6118,157,2023-12-08,1,0
89432,6959,113,2023-08-11,1,5
89459,1593,544,2023-02-09,3,5
89463,8135,176,2023-02-02,5,5
89471,1593,135,2023-07-09,1,0
89482,7676,336,2023-01-09,2,0
89483,8377,115,2023-05-02,4,0
89494,3986,265,2023-07-01,3,2
89495,7283,493,2023-06-09,1,0
89516,5037,506,2023-06-11,4,0
89517,5835,584,2023-07-03,1,0
89518,8442,559,2023-02-07,5,10
89520,9236,181,2023-10-02,1,0
89538,8712,444,2023-02-08,1,0
89545,1644,209,2023-06-09,1,0
89559,5411,488,2023-12-09,4,0
89561,5077,438,2023-02-07,4,0
89572,5700,167,2023-10-10,5,0
89583,7083,164,2023-01-04,2,2
89585,5973,348,2023-12-04,3,0
89588,1276,488,2023-06-03,2,0
89602,7773,162,2023-10-04,1,0
89607,3720,332,2023-07-12,2,0
89616,6725,132,2023-03-11,2,0
89618,766,176,2023-01-09,3,15
89621,2997,189,2023-01-01,1,0
89629,7688,132,2023-11-08,1,0
89630,7009,233,2023-06-01,1,0
89631,5884,154,2023-11-05,1,0
89641,4359,452,2023-04-04,2,0
89668,561,434,2023-05-01,2,0
89680,2771,391,2023-07-08,2,5
89717,3303,338,2023-11-09,1,0
89721,8388,596,2023-12-11,1,2
89728,5300,104,2023-10-06,3,0
89732,5375,464,2023-05-10,5,0
89746,5353,412,2023-11-10,3,2
89751,4808,212,2023-10-08,2,5
89752,8077,407,2023-01-08,2,5
89755,861,463,2023-05-03,5,20
89758,8227,323,2023-08-11,3,10
89766,7658,248,2023-02-02,2,0
89779,6898,211,2023-09-06,2,0
89780,9785,324,2023-08-10,1,2
89787,5516,353,2023-05-09,1,0
89788,1455,113,2023-11-03,3,0
89789,7778,319,2023-12-05,1,0
89794,4410,485,2023-02-10,1,5
89795,3622,549,2023-01-06,2,2
89814,1164,300,2023-04-02,3,2
89815,7946,596,2023-05-04,1,0
89816,5524,469,2023-04-09,3,0
89828,7210,529,2023-06-02,1,0
89841,651,535,2023-08-03,1,0
89848,2473,162,2023-09-07,3,0
89853,8197,372,2023-06-05,3,0
89860,901,130,2023-12-07,2,0
89880,9087,381,2023-09-11,2,0
89882,2694,513,2023-08-12,4,0
89883,2935,438,2023-07-10,4,5
89897,2768,467,2023-02-09,3,0
89905,7042,150,2023-10-03,2,5
89911,3923,527,2023-07-12,4,2
89919,3231,247,2023-12-02,5,0
89922,7844,387,2023-05-12,2,10
89925,8701,273,2023-11-08,3,0
89926,5213,288,2023-06-03,5,0
89928,4886,453,2023-02-10,1,0
89929,6620,436,2023-10-10,2,10
89930,3396,116,2023-04-02,1,0
89958,7892,536,2023-09-12,3,0
89965,4623,391,2023-07-04,2,0
89967,7002,275,2023-11-05,1,0
89968,1863,145,2023-05-08,1,0
89971,9402,462,2023-12-06,1,0
89977,6650,482,2023-11-06,3,10
89978,3368,497,2023-08-05,2,0
89981,4196,465,2023-10-10,1,0
89982,3314,402,2023-10-03,1,0
89986,7620,436,2023-12-06,2,0
89993,3577,367,2023-04-11,2,15
89996,9355,232,2023-01-07,3,0
89997,4782,323,2023-01-04,3,0
90030,2411,544,2023-12-09,1,2
90031,2018,528,2023-10-07,1,0
90034,3368,452,2023-04-01,4,0
90035,6512,367,2023-09-10,1,2
90036,5884,514,2023-03-01,1,0
90047,8343,413,2023-09-06,2,0
90050,5821,443,2023-11-02,5,5
90054,2232,401,2023-02-11,1,0
90056,6353,281,2023-05-09,1,0
90057,8325,584,2023-10-08,1,0
90058,8226,219,2023-12-07,1,10
90061,5101,434,2023-03-12,2,0
90068,1233,524,2023-06-11,3,0
90075,3885,501,2023-03-09,2,0
90084,1850,171,2023-10-12,1,10
90087,4509,112,2023-05-01,4,0
90090,8728,435,2023-06-10,2,10
90093,3835,409,2023-01-11,2,0
90096,9843,447,2023-05-04,1,10
90099,4893,341,2023-01-07,4,0
90105,4518,400,2023-01-02,1,0
90109,1806,251,2023-07-08,2,0
90113,9860,155,2023-07-10,1,0
90117,5536,298,2023-05-08,2,0
90144,2766,532,2023-03-05,2,0
90165,5347,569,2023-11-04,1,0
90170,3493,251,2023-03-10,1,2
90177,7955,199,2023-08-09,3,0
90179,4050,343,2023-08-01,5,0
90193,8026,568,2023-12-05,2,2
90196,4311,453,2023-07-02,1,2
90200,1292,360,2023-10-06,2,0
90214,2872,513,2023-08-12,1,2
90215,342,135,2023-05-05,2,0
90221,4511,156,2023-02-06,3,0
90222,6924,350,2023-11-04,3,5
90223,5795,179,2023-06-06,1,10
90224,4933,273,2023-05-06,1,0
90228,8430,140,2023-01-10,2,0
90239,8835,418,2023-06-04,2,0
90240,7141,383,2023-03-04,2,5
90244,5169,600,2023-11-11,1,5
90255,8126,102,2023-11-11,1,2
90257,5637,159,2023-11-10,4,0
90260,9251,177,2023-03-06,2,0
90267,8494,583,2023-10-12,2,0
90268,3079,123,2023-01-10,2,5
90269,1988,272,2023-09-10,2,5
90288,5284,231,2023-02-06,3,15
90290,6686,168,2023-12-02,2,2
90293,6264,201,2023-07-07,1,15
90303,8208,245,2023-04-07,2,0
90304,3085,503,2023-02-05,1,0
90305,2088,292,2023-08-03,1,2
90306,2365,474,2023-04-08,2,10
90309,1680,567,2023-03-07,3,0
90320,2444,561,2023-05-09,1,2
90321,3629,424,2023-01-11,5,0
90323,3191,128,2023-09-06,3,5
90324,1467,264,2023-12-11,1,0
90326,8091,148,2023-10-01,3,0
90330,9379,425,2023-03-01,3,5
90340,5514,420,2023-11-01,1,0
90341,7294,387,2023-09-10,4,2
90360,5130,210,2023-02-04,1,0
90367,6297,569,2023-11-02,3,0
90373,6669,333,2023-01-06,2,0
90376,4765,427,2023-07-04,1,0
90387,2700,109,2023-07-11,3,5
90388,5053,509,2023-03-06,1,5
90391,1314,279,2023-12-05,2,10
90393,8135,447,2023-03-04,1,5
90405,3246,548,2023-09-03,1,2
90419,9439,315,2023-12-07,2,0
90434,7141,160,2023-10-02,2,20
90439,1744,356,2023-05-04,4,10
90453,4688,140,2023-12-11,4,0
90456,7369,224,2023-10-02,2,0
90459,5546,204,2023-12-11,5,0
90463,5000,582,2023-07-04,2,0
90469,6142,503,2023-05-12,1,2
90483,2265,449,2023-12-02,3,0
90487,8126,292,2023-04-06,3,2
90491,5930,240,2023-04-03,3,0
90493,4114,591,2023-02-11,4,0
90497,8416,463,2023-07-09,1,0
90499,4978,587,2023-03-11,3,10
90503,7620,229,2023-07-11,1,0
90515,8519,462,2023-07-12,3,10
90520,1705,114,2023-02-03,1,5
90544,3290,522,2023-12-11,1,2
90549,9535,461,2023-04-10,1,2
90550,920,396,2023-01-10,2,5
90551,7863,526,2023-08-06,2,2
90552,3689,103,2023-03-02,2,0
90556,6299,206,2023-03-11,1,0
90583,8677,146,2023-09-01,3,10
90585,7235,273,2023-02-12,1,0
90621,2421,152,2023-09-03,2,0
90622,1044,192,2023-11-05,1,0
90638,1932,369,2023-11-03,1,0
90639,1283,296,2023-11-01,3,2
90646,7665,136,2023-04-11,4,0
90653,1333,557,2023-10-09,1,0
90662,3728,405,2023-05-05,3,15
90665,8184,512,2023-05-11,1,0
90666,6780,111,2023-09-01,3,0
90674,4894,184,2023-05-06,2,0
90691,3723,155,2023-12-10,5,0
90692,4168,520,2023-05-07,3,0
90693,614,231,2023-02-01,4,0
90694,1950,240,2023-08-11,4,0
90700,5565,341,2023-11-06,2,0
90702,6682,139,2023-04-04,5,5
90705,4201,330,2023-01-03,2,0
90710,9146,394,2023-11-09,1,2
90714,8657,150,2023-01-05,1,0
90720,614,163,2023-12-08,1,0
90721,6736,416,2023-12-08,3,0
90727,5742,385,2023-04-06,4,0
90732,194,238,2023-05-02,4,0
90743,8048,265,2023-06-02,4,0
90744,9598,321,2023-11-11,2,5
90745,5457,452,2023-08-07,1,0
90754,6403,378,2023-08-02,2,0
90772,301,413,2023-03-04,2,0
90783,6989,558,2023-05-01,2,0
90786,2990,208,2023-04-07,2,0
90788,3193,498,2023-11-11,1,0
90792,6480,501,2023-09-10,2,5
90800,9655,314,2023-05-03,1,0
90803,8956,406,2023-11-01,2,0
90805,2242,584,2023-03-04,1,0
90824,4867,378,2023-05-09,4,5
90825,4390,338,2023-12-05,1,0
90836,1685,145,2023-07-11,1,0
90842,4077,204,2023-02-10,1,2
90849,6177,258,2023-12-05,2,0
90850,3643,362,2023-01-01,5,10
90858,9496,124,2023-03-02,2,5
90860,4420,313,2023-05-03,1,2
90868,6043,384,2023-07-03,1,10
90870,2739,464,2023-10-03,1,5
90885,1981,507,2023-05-10,1,0
90903,6316,303,2023-10-09,3,2
90913,2694,520,2023-05-01,1,0
90929,2685,469,2023-11-02,2,5
90930,7695,449,2023-08-11,1,15
90935,8091,310,2023-01-03,3,0
90941,2365,121,2023-05-01,1,0
90943,5252,474,2023-09-01,1,0
90944,278,499,2023-02-05,4,5
90945,5172,175,2023-03-09,1,2
90947,4681,535,2023-01-11,2,5
90951,6914,417,2023-11-02,1,2
90963,2528,223,2023-10-06,2,0
90976,1278,429,2023-09-03,1,10
90979,6906,364,2023-01-01,1,0
90980,4732,491,2023-08-09,5,0
90983,5516,139,2023-04-02,2,0
90986,4390,114,2023-12-11,3,10
90995,2221,572,2023-03-04,2,0
90997,682,154,2023-08-08,1,0
91000,4783,222,2023-10-11,1,15
91010,147,285,2023-02-12,1,20
91035,6968,417,2023-10-04,4,5
91038,8091,344,2023-02-01,2,15
91047,8634,129,2023-10-12,2,0
91051,8814,208,2023-06-10,1,0
91057,6458,114,2023-11-12,2,0
91059,1311,511,2023-11-05,1,0
91067,606,524,2023-04-08,1,0
91070,4088,526,2023-04-10,1,0
91072,341,446,2023-09-01,1,0
91073,8674,235,2023-07-08,5,0
91080,5310,590,2023-10-11,1,5
91082,6126,172,2023-09-11,2,15
91084,6028,209,2023-06-10,1,0
91087,6854,442,2023-07-10,3,5
91089,7366,131,2023-08-02,1,0
91093,2841,119,2023-11-03,3,0
91098,9483,431,2023-10-05,1,0
91105,8651,334,2023-03-03,5,2
91120,2091,177,2023-08-06,1,2
91136,6138,272,2023-01-03,3,2
91140,401,416,2023-01-03,3,0
91142,4539,383,2023-08-08,1,10
91144,1950,339,2023-11-04,4,0
91147,2105,325,2023-07-07,1,10
91149,5985,485,2023-04-02,5,0
91152,3903,473,2023-01-05,1,5
91155,1556,515,2023-06-04,3,0
91164,9593,417,2023-02-02,1,5
91167,7148,235,2023-08-10,1,5
91186,60,207,2023-05-12,1,0
91188,9284,108,2023-02-01,5,0
91197,2077,596,2023-01-01,3,5
91200,4275,411,2023-12-12,1,15
91202,1806,535,2023-03-10,1,5
91206,4496,450,2023-03-03,1,0
91211,7300,571,2023-12-07,1,2
91212,8076,135,2023-04-09,2,5
91215,4476,286,2023-12-02,1,5
91216,6480,422,2023-03-12,1,5
91229,7363,334,2023-09-07,2,0
91234,7213,347,2023-01-08,1,0
91235,83,574,2023-08-12,4,0
91238,8730,126,2023-03-02,1,2
91239,1037,443,2023-04-05,1,0
91247,2109,152,2023-06-02,2,0
91249,9295,299,2023-05-04,1,0
91268,4191,307,2023-04-12,4,0
91271,9613,407,2023-09-04,1,5
91286,3256,180,2023-02-08,1,2
91287,8956,388,2023-04-05,2,0
91288,6895,128,2023-09-05,3,0
91295,7113,301,2023-09-04,1,2
91298,6572,341,2023-07-09,3,2
91312,7167,425,2023-06-08,3,0
91313,1160,191,2023-11-11,2,0
91318,9432,441,2023-05-10,5,0
91319,6869,151,2023-05-02,3,0
91328,9432,490,2023-09-02,1,2
91329,6126,108,2023-11-12,5,5
91336,1302,298,2023-07-08,1,0
91345,4107,124,2023-12-10,2,0
91356,647,578,2023-04-10,3,5
91362,1062,105,2023-12-10,1,10
91368,9993,256,2023-08-03,4,0
91369,1836,232,2023-05-06,3,15
91373,5147,544,2023-01-09,1,0
91380,1725,157,2023-11-01,3,0
91400,567,398,2023-08-06,3,5
91404,8277,208,2023-11-08,1,5
91405,9368,289,2023-02-12,3,0
91406,5583,591,2023-12-01,2,5
91408,4715,214,2023-07-06,1,10
91426,1863,325,2023-12-02,1,10
91427,6310,106,2023-09-05,1,0
91452,5835,222,2023-10-05,4,2
91454,6610,481,2023-09-03,2,15
91459,5205,379,2023-08-07,2,0
91464,7422,558,2023-02-07,4,0
91466,7350,237,2023-10-11,4,0
91474,9866,206,2023-04-09,5,2
91476,2385,342,2023-05-12,1,0
91491,8516,348,2023-08-04,3,0
91512,3440,401,2023-08-01,1,5
91515,9598,437,2023-04-06,1,0
91524,6021,585,2023-07-06,2,0
91526,6422,156,2023-12-08,1,0
91537,8674,310,2023-04-03,1,0
91538,7392,259,2023-04-07,1,5
91544,3982,343,2023-09-12,3,0
91545,1962,378,2023-02-09,2,0
91547,7791,166,2023-11-08,2,15
91572,6636,447,2023-07-07,3,20
91582,6236,532,2023-12-03,5,5
91584,9791,455,2023-12-05,4,0
91587,9219,570,2023-12-12,3,2
91601,577,392,2023-08-10,1,10
91604,4107,529,2023-12-04,3,0
91615,1099,224,2023-12-09,2,5
91622,2513,567,2023-08-02,3,10
91628,9994,451,2023-07-03,3,0
91631,3357,214,2023-09-12,1,10
91655,8066,476,2023-02-07,1,15
91658,8960,153,2023-07-10,1,2
91667,4970,518,2023-11-11,2,0
91671,6422,327,2023-06-06,1,2
91672,4080,520,2023-05-12,2,10
91675,7113,343,2023-06-03,3,0
91678,3378,415,2023-12-02,2,5
91680,9907,161,2023-06-01,1,10
91682,875,368,2023-03-04,1,2
91688,1709,527,2023-12-06,1,0
91695,7683,574,2023-08-06,2,0
91702,1634,351,2023-12-07,2,0
91705,7611,138,2023-05-10,1,0
91718,8264,141,2023-11-03,2,0
91729,7131,159,2023-02-05,1,0
91738,1288,599,2023-04-06,1,2
91741,1003,478,2023-03-09,3,0
91743,6344,480,2023-04-12,3,0
91745,8965,524,2023-05-10,1,5
91765,6843,573,2023-03-09,1,2
91773,7159,140,2023-04-06,2,5
91781,5153,426,2023-11-02,1,20
91791,1387,362,2023-02-05,3,0
91798,5153,211,2023-08-07,2,2
91802,9513,302,2023-09-01,5,0
91807,2077,140,2023-01-12,1,0
91810,3835,596,2023-02-02,1,0
91825,6791,237,2023-06-05,1,0
91858,3108,285,2023-04-03,2,0
91869,8503,272,2023-05-04,1,2
91892,8728,480,2023-06-09,2,0
91898,6600,127,2023-03-01,1,0
91902,3191,281,2023-10-06,1,0
91906,2552,214,2023-12-12,2,2
91912,8448,175,2023-01-01,3,0
91918,1133,476,2023-08-02,3,5
91932,6075,445,2023-08-10,1,2
91939,6705,318,2023-04-10,2,0
91958,6355,286,2023-07-09,2,0
91962,3687,426,2023-06-08,2,0
91966,5410,179,2023-07-04,1,5
91977,9444,408,2023-11-07,1,5
91988,4596,481,2023-05-04,1,0
91997,1119,148,2023-02-08,1,0
92018,6299,104,2023-07-05,2,0
92021,6368,549,2023-12-09,5,10
92027,5753,524,2023-05-03,1,2
92029,9943,546,2023-07-01,2,0
92030,9617,445,2023-12-03,2,5
92031,4642,412,2023-01-02,1,2
92033,4160,352,2023-12-06,3,2
92037,1819,284,2023-08-04,3,2
92038,8482,497,2023-09-07,4,5
92039,9657,231,2023-08-04,1,5
92049,5345,199,2023-02-12,1,2
92071,7564,222,2023-12-11,1,0
92074,467,349,2023-04-12,1,0
92076,1793,407,2023-06-04,1,0
92078,8190,382,2023-06-05,1,0
92088,4647,364,2023-06-04,1,0
92089,3592,285,2023-12-03,1,0
92100,7844,595,2023-09-01,1,0
92101,612,245,2023-12-11,4,5
92104,1480,456,2023-08-01,1,0
92120,5093,492,2023-10-02,2,0
92121,9668,184,2023-10-05,3,2
92122,6462,373,2023-07-03,2,10
92123,7257,179,2023-03-10,1,0
92130,5349,286,2023-02-05,1,0
92144,1379,205,2023-10-07,4,2
92148,1719,228,2023-03-10,2,15
92163,3701,244,2023-09-05,1,5
92165,6419,331,2023-05-08,1,0
92201,8322,172,2023-10-07,1,0
92203,3510,107,2023-05-05,3,0
92227,7534,445,2023-07-12,2,2
92236,2412,328,2023-11-11,1,5
92243,5877,259,2023-06-12,4,0
92244,9341,417,2023-07-07,3,0
92250,7365,315,2023-12-05,1,0
92268,7311,481,2023-11-12,3,0
92271,1292,315,2023-09-03,2,0
92272,1790,204,2023-04-03,3,2
92277,3896,109,2023-10-08,4,2
92284,9020,147,2023-10-01,1,5
92286,1601,472,2023-04-09,1,2
92287,732,150,2023-05-07,2,0
92289,4612,337,2023-04-09,3,0
92293,6297,500,2023-05-10,4,0
92310,1687,231,2023-03-07,1,0
92316,9598,425,2023-01-07,1,0
92321,2700,414,2023-11-08,3,5
92328,7141,143,2023-07-10,2,0
92338,384,190,2023-07-06,2,5
92341,4684,556,2023-01-03,3,10
92344,9151,341,2023-10-10,1,0
92350,2746,488,2023-05-10,4,5
92361,1816,340,2023-12-01,1,0
92363,1019,261,2023-10-03,1,5
92368,8768,174,2023-01-11,1,0
92374,6191,162,2023-07-05,1,0
92381,9888,469,2023-04-01,3,0
92391,8085,486,2023-07-05,1,0
92400,2003,366,2023-07-08,2,0
92403,8905,482,2023-02-03,1,2
92410,2175,296,2023-03-12,1,0
92432,5716,470,2023-12-07,1,0
92435,8000,566,2023-10-11,1,2
92436,359,556,2023-10-05,1,5
92437,8878,369,2023-09-09,4,5
92444,1544,384,2023-03-12,2,2
92458,819,580,2023-01-11,1,0
92462,9884,444,2023-09-06,1,0
92468,3636,507,2023-06-12,1,0
92470,5566,339,2023-04-08,1,0
92474,6259,185,2023-02-01,1,2
92476,9236,597,2023-12-04,1,5
92480,7230,266,2023-08-05,1,0
92491,242,332,2023-07-06,2,15
92498,8555,218,2023-08-10,3,0
92500,5140,514,2023-11-02,3,0
92508,7744,489,2023-01-02,4,5
92518,5353,543,2023-05-05,1,2
92521,8364,192,2023-08-11,4,0
92525,876,183,2023-05-02,3,5
92526,5835,242,2023-04-09,1,0
92528,1341,472,2023-07-06,2,10
92534,2695,235,2023-11-11,1,10
92537,7250,353,2023-02-03,3,20
92544,1250,596,2023-10-01,1,0
92550,6198,501,2023-10-05,1,0
92552,5732,576,2023-10-06,2,0
92556,4413,431,2023-12-04,3,0
92561,1061,253,2023-06-07,1,0
92567,8461,161,2023-07-10,3,0
92573,9010,599,2023-07-02,1,2
92602,6978,496,2023-03-10,2,5
92616,4811,241,2023-12-09,1,0
92618,2649,354,2023-10-02,5,0
92640,3809,291,2023-08-06,1,10
92642,8540,254,2023-04-01,1,0
92648,9264,158,2023-07-08,3,0
92667,9696,439,2023-01-06,3,0
92669,256,384,2023-01-12,3,10
92673,7229,114,2023-03-08,2,0
92679,8774,291,2023-08-07,3,0
92682,4577,572,2023-03-03,1,10
92693,1024,352,2023-05-12,1,0
92696,5053,363,2023-11-01,2,15
92700,9991,280,2023-03-10,1,5
92718,5339,192,2023-12-01,2,0
92724,1414,378,2023-06-02,2,0
92740,5422,549,2023-03-03,2,0
92741,3400,509,2023-09-01,1,0
92761,6653,489,2023-07-11,1,10
92766,5381,221,2023-12-04,1,10
92781,3684,358,2023-10-03,3,10
92789,4206,260,2023-09-11,5,10
92812,9191,555,2023-05-06,1,0
92813,5204,358,2023-06-03,2,2
92815,6729,162,2023-05-07,2,0
92821,1189,177,2023-05-10,2,2
92822,4434,249,2023-03-04,1,0
92827,4844,309,2023-05-04,1,10
92830,9828,218,2023-02-06,1,2
92841,2198,367,2023-11-07,1,5
92842,3118,402,2023-07-06,1,10
92848,5321,431,2023-04-07,3,2
92849,9061,400,2023-10-06,1,0
92857,3988,184,2023-10-06,4,0
92858,4706,232,2023-05-10,1,5
92865,5778,588,2023-09-09,5,0
92872,7050,393,2023-06-04,2,0
92874,1167,566,2023-04-02,1,0
92877,8421,570,2023-05-06,2,2
92878,7755,267,2023-07-11,3,2
92903,1938,368,2023-06-06,4,0
92908,6335,594,2023-03-01,4,0
92922,9077,365,2023-01-02,2,0
92923,8119,520,2023-12-04,2,0
92935,9419,196,2023-09-07,5,0
92938,6138,353,2023-12-01,1,5
92947,5623,445,2023-09-07,1,0
92948,5295,103,2023-10-03,1,5
92951,318,496,2023-01-04,3,2
92952,4075,164,2023-03-05,2,0
92955,8617,120,2023-12-10,1,0
92956,318,358,2023-07-02,1,5
92957,6548,198,2023-09-09,1,5
92964,3882,113,2023-03-02,1,0
92969,4107,312,2023-06-05,2,15
92985,1318,229,2023-10-11,1,0
92990,8639,153,2023-03-10,4,0
92992,3223,238,2023-07-12,5,2
92995,5676,568,2023-12-08,3,0
93000,8365,486,2023-04-11,2,10
93004,1,197,2023-10-11,1,5
93009,3319,321,2023-06-11,3,0
93024,3613,600,2023-04-02,1,0
93035,4531,256,2023-10-04,2,0
93044,6847,491,2023-10-01,2,0
93047,3934,303,2023-05-01,1,0
93051,9260,310,2023-02-03,3,10
93052,1085,269,2023-11-02,1,0
93067,5147,315,2023-07-10,1,2
93070,9732,578,2023-07-01,5,10
93084,6356,111,2023-08-10,4,0
93088,6951,600,2023-02-09,1,10
93091,9505,507,2023-12-03,1,0
93094,7292,505,2023-09-05,1,5
93103,5150,350,2023-07-04,1,0
93105,4398,120,2023-05-03,3,0
93117,3087,419,2023-02-07,1,15
93123,2615,200,2023-12-11,4,0
93124,8256,316,2023-08-09,4,5
93132,6343,352,2023-12-08,1,0
93159,1267,126,2023-08-10,3,0
93170,2205,493,2023-12-10,3,0
93174,7672,189,2023-09-01,1,0
93175,4885,274,2023-07-02,4,5
93183,5801,398,2023-09-09,3,0
93184,5245,471,2023-01-03,2,10
93186,4867,209,2023-07-10,2,0
93187,5821,412,2023-10-03,2,0
93192,8364,235,2023-03-05,2,5
93193,6303,202,2023-09-12,2,5
93196,7339,524,2023-03-06,1,0
93211,5177,597,2023-08-05,1,0
93223,3301,303,2023-07-03,1,0
93224,3243,489,2023-11-10,1,2
93227,8317,390,2023-12-12,1,2
93231,5915,461,2023-03-06,1,0
93236,8944,280,2023-06-02,4,5
93252,3124,548,2023-10-07,2,0
93254,3670,168,2023-08-06,2,0
93263,9752,383,2023-02-07,2,0
93265,3085,122,2023-06-06,1,2
93271,8924,277,2023-02-10,2,0
93275,5543,269,2023-05-01,1,2
93279,1250,378,2023-11-11,4,5
93281,6302,541,2023-09-09,4,15
93311,9246,172,2023-05-03,3,0
93325,3795,351,2023-07-11,2,0
93336,9354,380,2023-02-11,1,0
93349,2703,489,2023-07-02,1,2
93353,6725,268,2023-10-02,4,5
93355,8239,273,2023-11-03,1,0
93356,2565,135,2023-04-11,1,5
93371,910,539,2023-07-10,2,5
93372,175,107,2023-04-04,4,5
93386,8342,366,2023-06-04,1,0
93389,3072,490,2023-06-03,1,0
93390,7541,473,2023-10-09,1,2
93395,3125,242,2023-07-07,1,15
93403,2003,496,2023-05-11,2,2
93411,6683,168,2023-01-07,3,5
93414,930,327,2023-07-06,2,10
93417,8941,207,2023-11-07,1,5
93424,2175,200,2023-01-12,4,0
93428,7504,117,2023-02-08,1,5
93431,4311,253,2023-03-06,2,10
93436,626,431,2023-12-06,1,5
93443,9533,120,2023-08-08,2,0
93448,7581,374,2023-12-10,3,2
93455,8761,374,2023-09-03,2,0
93463,2618,141,2023-09-11,3,0
93467,6063,207,2023-01-04,3,0
93476,1234,239,2023-11-01,4,0
93481,2113,450,2023-05-12,1,2
93482,5680,578,2023-07-10,2,0
93485,7378,249,2023-01-08,2,0
93490,154,366,2023-08-07,3,0
93495,1102,412,2023-03-02,4,10
93500,4709,289,2023-06-04,2,0
93502,3829,501,2023-01-10,2,5
93509,8652,553,2023-11-03,2,2
93517,9657,124,2023-07-02,1,15
93518,9759,209,2023-09-08,1,0
93528,4602,303,2023-06-01,1,2
93540,3928,564,2023-04-08,1,15
93554,6626,578,2023-10-12,2,0
93555,782,122,2023-09-08,2,10
93556,4044,454,2023-09-05,4,2
93562,3320,472,2023-08-09,1,10
93567,7893,320,2023-11-06,2,0
93572,2607,311,2023-04-09,2,0
93575,742,425,2023-12-11,1,2
93578,7820,130,2023-03-03,1,0
93586,9657,557,2023-06-01,2,0
93590,5217,248,2023-01-07,4,0
93591,8461,274,2023-06-01,3,0
93595,3528,400,2023-01-12,1,0
93598,8184,557,2023-07-11,1,5
93604,4902,165,2023-07-01,1,20
93634,1267,320,2023-01-09,1,2
93643,2478,347,2023-06-11,3,2
93660,5571,478,2023-08-12,2,0
93661,3980,520,2023-07-06,2,20
93662,2697,466,2023-01-05,3,2
93680,2056,211,2023-07-07,1,0
93681,5880,578,2023-06-01,1,5
93682,2997,469,2023-01-04,1,15
93689,2977,496,2023-01-04,1,5
93692,8570,267,2023-08-10,4,5
93693,4112,359,2023-04-11,2,0
93694,2649,275,2023-05-04,1,10
93697,5358,402,2023-07-10,2,2
93700,8059,238,2023-11-07,2,5
93706,2928,419,2023-04-08,2,10
93712,4041,245,2023-09-12,2,5
93715,7036,372,2023-10-11,5,0
93717,4965,327,2023-07-03,2,0
93719,1264,246,2023-10-10,3,0
93720,9058,359,2023-03-02,2,5
93725,7748,438,2023-12-03,1,5
93730,6458,371,2023-01-03,1,0
93733,6178,212,2023-05-11,1,0
93739,8262,182,2023-06-01,2,15
93743,4231,554,2023-10-06,1,2
93751,4686,336,2023-08-08,2,0
93761,4509,589,2023-01-05,3,2
93765,5455,257,2023-06-02,2,10
93768,4382,381,2023-07-09,3,5
93778,7559,164,2023-09-06,1,0
93785,9364,134,2023-01-04,2,5
93795,1543,402,2023-10-11,1,2
93798,3185,134,2023-07-09,5,0
93807,9058,390,2023-10-10,3,0
93822,9720,440,2023-11-02,1,20
93841,1189,302,2023-11-11,2,0
93846,6122,396,2023-10-06,2,0
93850,9065,564,2023-06-09,2,0
93854,8899,420,2023-01-11,1,0
93858,8675,341,2023-09-04,1,5
93859,1172,397,2023-04-09,2,0
93864,9283,321,2023-08-08,3,0
93876,9086,598,2023-09-01,1,0
93888,3153,346,2023-02-11,1,0
93917,7152,226,2023-11-09,4,5
93924,7887,421,2023-06-11,3,0
93929,6024,378,2023-01-05,1,0
93937,6601,305,2023-04-04,5,0
93952,9837,597,2023-08-09,1,10
93955,7677,312,2023-05-01,1,2
93963,5251,341,2023-07-02,4,0
93969,9898,340,2023-10-05,4,2
93975,3231,288,2023-04-04,3,2
93976,1688,273,2023-11-03,3,0
93989,3827,423,2023-08-01,3,5
94010,2625,453,2023-08-04,1,2
94012,6308,253,2023-01-01,4,5
94015,3585,590,2023-06-07,3,5
94027,3206,368,2023-08-11,2,0
94032,7131,276,2023-01-04,5,10
94034,4222,402,2023-02-07,1,5
94045,554,145,2023-03-02,2,0
94046,2107,415,2023-02-08,1,0
94050,8593,427,2023-06-02,1,0
94051,2238,480,2023-04-11,1,0
94052,7723,441,2023-07-09,1,2
94055,4210,476,2023-12-10,3,10
94060,2760,124,2023-07-07,1,2
94065,160,276,2023-08-07,2,0
94076,840,511,2023-01-07,2,5
94082,2670,342,2023-12-02,2,5
94088,2829,135,2023-07-11,1,2
94095,8042,279,2023-01-11,3,0
94112,5835,497,2023-10-07,3,20
94114,497,574,2023-08-01,3,0
94116,253,367,2023-07-11,1,0
94135,9041,178,2023-01-05,2,5
94138,4777,579,2023-02-11,1,5
94144,5985,353,2023-02-08,1,0
94154,7104,550,2023-12-06,2,10
94179,8000,237,2023-03-09,2,0
94182,7755,413,2023-09-10,2,0
94183,5104,131,2023-11-06,1,5
94184,4319,413,2023-10-12,2,0
94188,7141,563,2023-12-04,3,0
94194,1955,561,2023-05-12,2,5
94225,5031,447,2023-05-01,2,0
94227,2361,501,2023-12-09,1,0
94236,4738,355,2023-12-09,1,0
94238,7318,236,2023-06-07,2,0
94241,3066,248,2023-02-11,3,0
94246,327,476,2023-09-10,1,20
94254,9893,275,2023-05-10,4,0
94261,5081,447,2023-03-12,2,5
94266,364,172,2023-10-09,5,5
94274,2203,142,2023-10-01,1,0
94279,3087,375,2023-11-07,1,5
94282,2273,277,2023-04-11,4,0
94290,8443,556,2023-11-12,2,0
94291,5152,148,2023-02-03,1,2
94297,4323,477,2023-10-03,2,2
94300,4833,533,2023-09-03,5,0
94312,1899,598,2023-09-02,1,0
94314,7675,555,2023-09-02,3,0
94315,1763,329,2023-08-04,4,15
94318,7521,230,2023-05-10,1,0
94325,8906,502,2023-08-04,1,5
94355,3311,138,2023-03-04,1,2
94356,277,165,2023-04-08,2,2
94365,4953,201,2023-10-10,1,5
94368,8555,264,2023-08-01,1,0
94375,9550,180,2023-10-11,1,0
94378,1408,297,2023-05-03,2,15
94379,8166,503,2023-02-07,1,5
94384,6387,402,2023-01-07,1,0
94392,1047,504,2023-01-12,1,0
94399,6489,518,2023-04-10,1,0
94402,7624,554,2023-07-12,1,0
94403,430,427,2023-05-05,3,2
94404,8788,242,2023-01-07,3,0
94405,758,464,2023-01-12,1,0
94431,1156,357,2023-06-11,3,0
94434,321,446,2023-11-10,2,0
94452,6568,568,2023-11-03,2,2
94472,7257,573,2023-03-11,2,0
94484,4872,518,2023-11-09,1,5
94504,9907,331,2023-03-11,1,0
94510,3040,551,2023-12-11,1,5
94511,6674,379,2023-06-10,2,2
94513,4231,501,2023-09-09,4,2
94515,6423,509,2023-10-11,2,0
94528,2333,154,2023-08-02,1,0
94540,1733,506,2023-04-09,3,10
94562,5883,237,2023-10-03,1,2
94570,5572,469,2023-02-08,1,2
94585,2005,529,2023-06-04,1,5
94609,861,578,2023-03-02,2,0
94619,6720,409,2023-09-05,1,0
94643,2905,573,2023-11-06,1,0
94651,9065,392,2023-06-08,4,0
94660,1039,453,2023-09-08,2,0
94675,878,545,2023-09-11,3,5
94689,2315,547,2023-07-12,4,0
94699,2226,567,2023-05-08,3,5
94700,1631,384,2023-11-10,1,2
94703,4255,339,2023-02-10,4,10
94713,4256,480,2023-12-01,1,0
94717,7699,367,2023-09-09,1,0
94729,2160,233,2023-12-12,1,15
94740,5011,277,2023-12-11,1,5
94743,6316,180,2023-08-12,2,10
94754,6147,184,2023-02-10,2,5
94764,2420,361,2023-03-09,2,5
94766,9168,207,2023-10-04,2,2
94770,586,225,2023-07-03,1,2
94781,4145,238,2023-08-07,1,0
94792,9367,275,2023-02-01,1,0
94794,7145,337,2023-11-01,2,0
94803,5886,373,2023-10-08,2,10
94806,5206,173,2023-07-12,2,0
94822,6338,146,2023-07-02,3,0
94827,6714,397,2023-12-08,1,0
94828,4476,223,2023-08-03,2,5
94838,8021,411,2023-06-11,4,0
94839,1292,305,2023-11-08,1,10
94841,3073,407,2023-09-11,2,0
94843,5430,496,2023-01-10,3,0
94847,2442,424,2023-11-03,4,0
94874,3405,429,2023-07-10,1,10
94877,6666,301,2023-08-08,2,5
94880,9192,338,2023-11-01,1,0
94881,8906,539,2023-12-06,5,2
94889,4075,201,2023-10-03,2,0
94890,3363,245,2023-04-01,3,0
94908,3445,313,2023-11-08,1,0
94911,8593,203,2023-03-05,1,10
94912,7281,352,2023-11-12,1,2
94933,3191,425,2023-12-03,2,2
94937,3018,112,2023-07-02,2,2
94940,2492,589,2023-09-11,1,0
94959,2016,310,2023-05-10,2,0
94961,3442,362,2023-10-11,1,0
94963,2687,112,2023-05-05,1,0
94975,1167,107,2023-08-01,1,0
94983,9372,445,2023-12-02,1,15
94984,1039,307,2023-11-09,2,0
94986,8700,169,2023-06-08,3,0
94990,3809,499,2023-01-05,2,0
94994,2591,433,2023-06-01,2,0
95002,7634,361,2023-06-05,2,0
95004,6548,536,2023-05-07,4,5
95005,1919,487,2023-02-02,2,15
95012,9021,586,2023-07-07,3,0
95017,9477,187,2023-02-09,5,0
95021,3592,280,2023-06-03,1,0
95030,3574,305,2023-03-11,1,0
95040,1474,478,2023-01-10,2,0
95043,396,182,2023-01-12,2,2
95062,7725,549,2023-11-03,2,0
95063,4741,131,2023-06-09,2,10
95066,6735,503,2023-06-09,1,5
95069,9158,600,2023-06-06,3,2
95075,7221,342,2023-10-10,3,0
95082,5974,289,2023-01-03,2,10
95084,6958,395,2023-10-09,2,0
95094,567,158,2023-06-02,1,0
95111,5780,284,2023-06-05,2,5
95118,9788,141,2023-03-07,2,0
95135,3574,369,2023-12-02,4,0
95139,145,598,2023-06-05,2,2
95140,6558,515,2023-01-10,2,0
95141,8317,498,2023-02-01,2,2
95151,8648,560,2023-02-06,2,10
95154,6030,441,2023-08-12,1,0
95161,2162,565,2023-05-04,1,0
95168,4270,281,2023-02-03,2,0
95172,5498,533,2023-11-11,2,0
95177,7785,125,2023-12-01,4,5
95178,5154,201,2023-10-09,1,0
95179,3603,556,2023-08-11,4,0
95186,1267,128,2023-12-04,3,0
95190,1790,125,2023-09-02,2,15
95192,4885,541,2023-04-04,1,5
95203,7734,277,2023-06-04,1,0
95224,7808,181,2023-09-06,2,0
95225,9353,505,2023-11-02,3,5
95226,4881,471,2023-10-08,1,0
95227,7820,145,2023-04-05,2,2
95234,1121,584,2023-03-12,1,0
95240,5730,328,2023-09-10,1,5
95245,706,169,2023-04-06,1,10
95250,8627,362,2023-02-11,1,0
95251,8924,419,2023-07-06,5,0
95252,6368,332,2023-01-05,2,0
95255,8221,543,2023-07-02,3,0
95262,2650,438,2023-10-08,1,0
95263,5831,287,2023-03-06,4,0
95265,2026,333,2023-03-04,2,0
95272,5688,445,2023-12-04,1,5
95274,6890,139,2023-07-05,1,2
95276,2429,593,2023-03-07,2,0
95296,5099,458,2023-09-07,1,10
95304,5549,274,2023-06-07,1,0
95307,3992,157,2023-06-03,1,10
95312,966,587,2023-11-11,2,2
95313,7037,442,2023-01-03,1,5
95321,9884,342,2023-04-02,1,5
95329,8819,169,2023-06-04,2,0
95330,9496,535,2023-12-08,1,0
95346,8540,104,2023-05-01,1,0
95349,2515,391,2023-11-02,1,2
95354,1437,382,2023-06-07,2,0
95360,5633,171,2023-01-03,1,10
95362,4719,469,2023-07-07,3,2
95365,3623,302,2023-10-03,1,2
95372,2652,535,2023-11-11,3,0
95378,1355,358,2023-02-10,5,20
95380,4641,593,2023-05-08,1,5
95382,381,200,2023-05-10,2,0
95387,8258,514,2023-04-03,4,0
95388,1791,301,2023-09-06,1,0
95409,2722,443,2023-05-07,1,0
95414,9010,440,2023-05-08,2,2
95416,6548,589,2023-05-06,3,5
95423,6419,305,2023-02-12,5,0
95425,6175,543,2023-11-12,3,0
95436,7448,448,2023-02-03,2,10
95440,9617,259,2023-06-05,2,0
95447,9316,294,2023-10-05,2,5
95459,756,129,2023-07-03,4,0
95460,3788,233,2023-11-06,1,0
95464,8501,469,2023-08-01,2,2
95484,2164,245,2023-09-01,1,10
95514,9994,513,2023-11-03,1,0
95519,411,191,2023-07-02,2,10
95520,4174,303,2023-11-08,3,10
95532,6418,249,2023-02-08,2,0
95536,9810,228,2023-01-03,4,0
95542,9236,385,2023-11-07,3,5
95550,2117,220,2023-08-12,1,10
95556,1672,478,2023-10-02,1,10
95578,8437,532,2023-01-04,1,0
95581,7378,206,2023-05-11,2,0
95583,3492,472,2023-08-12,1,0
95589,1791,162,2023-07-02,1,0
95592,4145,321,2023-02-06,1,0
95595,6067,435,2023-09-07,3,0
95598,5716,296,2023-11-02,3,0
95602,7736,434,2023-02-11,1,0
95608,8540,367,2023-09-05,1,5
95609,8540,188,2023-03-12,4,0
95610,8200,424,2023-01-06,3,0
95620,7247,501,2023-01-04,1,5
95626,1053,295,2023-11-04,1,2
95638,6864,243,2023-12-12,2,0
95641,1213,514,2023-11-08,2,5
95643,9645,119,2023-02-10,1,5
95653,5792,247,2023-05-12,1,0
95654,8203,139,2023-08-04,5,0
95671,8548,332,2023-07-07,1,2
95678,5795,130,2023-09-06,1,0
95681,1906,516,2023-11-02,3,0
95683,9236,491,2023-05-02,2,5
95689,4653,478,2023-05-09,3,10
95700,5182,352,2023-06-03,4,0
95702,9275,276,2023-03-12,2,0
95713,1231,117,2023-08-10,2,10
95723,197,402,2023-04-08,2,15
95727,9419,195,2023-07-07,1,2
95741,3400,251,2023-10-06,3,2
95745,5154,599,2023-04-02,1,0
95747,5956,338,2023-04-09,1,0
95753,4053,514,2023-02-02,2,0
95755,2974,441,2023-10-04,5,15
95758,7055,361,2023-12-11,2,2
95759,9712,419,2023-07-10,1,0
95774,7487,323,2023-10-10,3,0
95778,3814,318,2023-12-08,4,2
95779,5442,586,2023-01-06,4,0
95791,446,197,2023-04-09,1,0
95799,3486,429,2023-12-06,3,5
95806,9665,456,2023-03-08,1,2
95810,9888,340,2023-12-08,3,0
95815,175,156,2023-07-05,4,5
95816,6960,523,2023-02-11,1,2
95817,5814,442,2023-11-08,1,0
95820,4579,503,2023-12-05,2,2
95825,9094,505,2023-01-02,1,0
95829,5138,297,2023-10-11,3,0
95832,6338,449,2023-09-02,2,0
95836,3844,300,2023-08-10,2,0
95863,6060,150,2023-02-06,1,0
95864,7476,539,2023-06-06,1,5
95885,9599,584,2023-11-01,1,0
95890,4382,532,2023-02-08,1,15
95901,1969,246,2023-02-07,2,2
95905,8691,189,2023-02-03,3,5
95908,6859,566,2023-03-02,4,10
95913,8351,264,2023-11-06,1,0
95918,8634,423,2023-12-01,1,5
95929,1685,316,2023-05-02,4,20
95930,1808,382,2023-08-05,3,0
95934,4582,200,2023-02-09,1,5
95935,8913,441,2023-03-06,1,0
95942,2601,432,2023-09-12,1,20
95946,3510,411,2023-04-03,1,2
95955,2497,306,2023-06-08,4,2
95957,9789,346,2023-10-06,2,5
95959,9784,489,2023-12-10,3,0
95965,8846,159,2023-11-02,2,5
95977,1311,242,2023-03-02,2,2
95980,156,553,2023-12-01,3,0
95982,2096,324,2023-05-12,1,0
95987,8695,572,2023-12-07,2,15
95998,9021,412,2023-08-12,1,0
96000,8820,498,2023-04-10,1,0
96001,843,206,2023-09-04,3,5
96010,3783,543,2023-03-11,1,0
96011,2990,466,2023-12-03,1,5
96013,972,238,2023-08-02,1,0
96031,1401,242,2023-11-09,1,0
96044,7007,194,2023-01-05,1,0
96053,1218,563,2023-12-01,1,2
96060,9228,203,2023-09-03,1,5
96068,1886,200,2023-02-08,1,2
96075,1795,212,2023-12-12,4,0
96086,5338,430,2023-09-07,2,5
96094,8256,266,2023-01-03,2,0
96108,5809,416,2023-09-09,2,0
96118,441,217,2023-04-08,1,2
96121,1058,103,2023-06-10,1,0
96132,8759,253,2023-06-03,1,5
96138,2336,344,2023-04-10,2,5
96146,6881,268,2023-02-12,1,0
96148,9545,398,2023-07-08,3,15
96156,6838,293,2023-11-09,1,2
96168,1705,516,2023-09-12,2,0
96173,6195,273,2023-05-04,1,0
96182,9288,396,2023-07-04,1,0
96187,6058,552,2023-06-11,1,0
96193,5472,529,2023-11-12,5,0
96212,4052,374,2023-07-01,1,5
96240,1764,107,2023-12-12,1,0
96243,3844,185,2023-10-07,1,5
96255,8818,474,2023-03-04,2,15
96256,7528,526,2023-01-12,4,0
96259,7598,249,2023-02-04,3,0
96278,1213,368,2023-10-11,1,0
96283,9982,207,2023-02-08,1,5
96288,5642,450,2023-03-06,1,0
96289,844,462,2023-06-04,2,0
96292,2949,166,2023-02-05,1,0
96294,8769,220,2023-10-08,1,0
96306,5776,133,2023-12-03,2,0
96309,7614,214,2023-03-08,3,5
96319,4756,402,2023-04-03,1,10
96322,805,317,2023-08-05,1,0
96324,6220,233,2023-04-04,4,0
96327,5218,261,2023-09-06,1,2
96332,2834,167,2023-11-08,3,10
96358,2121,248,2023-05-09,2,5
96361,6030,233,2023-06-09,1,0
96367,5102,533,2023-10-04,1,0
96383,7682,179,2023-12-08,1,10
96386,8730,484,2023-07-05,3,0
96391,606,564,2023-09-08,1,0
96406,7913,429,2023-09-03,1,10
96413,9290,136,2023-03-10,1,5
96414,1243,302,2023-04-06,3,0
96417,930,274,2023-09-12,2,5
96428,8084,140,2023-09-02,2,2
96438,7544,216,2023-09-10,1,0
96447,3069,358,2023-12-08,3,2
96449,3193,460,2023-04-09,3,0
96450,8119,247,2023-07-07,5,5
96452,7842,168,2023-05-09,2,0
96456,930,179,2023-03-06,2,0
96474,2248,127,2023-10-10,2,0
96478,4686,566,2023-02-01,1,2
96482,9866,318,2023-07-01,2,5
96490,7605,157,2023-04-06,3,0
96495,8031,520,2023-03-08,3,5
96496,8499,155,2023-11-12,1,5
96504,1019,284,2023-05-09,1,2
96508,2685,570,2023-11-03,2,0
96514,2272,337,2023-10-06,4,0
96517,5942,490,2023-03-09,3,0
96520,6523,136,2023-07-01,3,0
96529,2709,501,2023-05-01,4,2
96534,4341,127,2023-08-02,3,0
96566,9175,417,2023-07-10,2,2
96567,8091,282,2023-09-07,1,2
96583,4160,162,2023-08-03,1,0
96585,7948,149,2023-11-04,1,0
96600,6844,455,2023-02-09,3,0
96601,6384,277,2023-10-08,1,2
96604,9723,336,2023-03-08,2,2
96609,8922,151,2023-09-05,2,5
96617,7378,132,2023-07-09,2,0
96618,7836,484,2023-06-03,2,0
96622,5411,585,2023-06-11,1,0
96627,6899,247,2023-05-07,2,0
96629,5837,249,2023-11-03,2,0
96642,3917,526,2023-09-02,1,2
96651,6976,495,2023-09-04,1,10
96652,9905,252,2023-09-07,1,10
96653,3443,397,2023-08-10,1,0
96654,3481,389,2023-02-07,2,0
96662,3130,133,2023-10-06,2,5
96664,9061,149,2023-04-12,1,10
96665,4983,576,2023-06-11,2,0
96686,3684,214,2023-04-04,1,0
96697,3231,457,2023-02-08,2,2
96707,3315,102,2023-09-10,5,5
96715,814,397,2023-06-10,1,5
96716,1049,157,2023-07-09,5,10
96717,5337,350,2023-05-10,4,2
96721,3357,531,2023-06-03,1,5
96722,8461,322,2023-05-02,1,0
96726,998,435,2023-12-01,2,0
96728,5619,199,2023-06-02,5,2
96729,2714,580,2023-01-11,3,0
96733,3159,471,2023-06-01,3,10
96738,4323,575,2023-09-12,3,0
96740,2203,377,2023-03-06,3,0
96758,5238,198,2023-01-11,1,0
96763,604,115,2023-01-07,5,0
96767,4537,302,2023-09-06,3,0
96770,7285,315,2023-05-02,2,0
96772,7329,592,2023-07-08,1,0
96784,6178,530,2023-01-01,3,0
96787,8829,556,2023-03-01,5,5
96788,9215,330,2023-07-10,4,10
96790,3214,343,2023-01-04,3,5
96793,657,537,2023-02-10,1,15
96796,3829,153,2023-05-09,5,0
96804,3787,318,2023-03-05,2,0
96807,8089,228,2023-05-05,1,0
96808,5217,534,2023-10-07,3,0
96813,5994,572,2023-09-05,1,5
96816,7084,189,2023-05-06,5,2
96819,1341,316,2023-08-06,1,0
96821,3697,189,2023-07-03,4,0
96822,5287,144,2023-10-10,1,5
96825,2018,485,2023-01-12,1,5
96828,7048,396,2023-12-09,1,5
96830,6344,113,2023-08-01,2,0
96842,8541,351,2023-12-10,2,2
96881,6820,505,2023-11-04,1,0
96882,3723,340,2023-04-06,5,5
96893,3484,509,2023-07-08,1,0
96906,5007,586,2023-02-12,2,15
96919,999,583,2023-10-11,1,10
96923,5362,470,2023-01-11,3,10
96927,5473,425,2023-04-03,4,0
96940,819,353,2023-10-12,1,0
96953,9158,104,2023-07-10,2,5
96954,7192,183,2023-11-09,1,10
96962,9190,243,2023-09-05,5,2
96969,1831,510,2023-01-11,3,0
96974,9700,186,2023-11-12,5,0
96975,1798,586,2023-06-04,3,0
96978,1225,135,2023-02-10,1,0
96979,5850,276,2023-06-01,4,0
96983,273,550,2023-05-04,1,5
96984,4396,539,2023-09-01,2,0
96991,561,470,2023-08-11,2,0
96994,7076,234,2023-06-06,1,15
96997,3063,166,2023-02-01,1,0
96999,8625,581,2023-05-06,1,2
97002,5415,281,2023-05-11,1,0
97010,5744,598,2023-12-06,1,0
97022,7842,135,2023-12-04,2,0
97026,7294,182,2023-09-11,3,0
97034,4397,568,2023-09-05,2,0
97037,5582,478,2023-06-11,2,15
97038,3749,283,2023-08-05,2,5
97056,1860,145,2023-12-12,1,5
97059,2346,277,2023-12-06,1,0
97067,4101,528,2023-10-08,1,0
97074,9023,360,2023-11-03,1,5
97078,4872,298,2023-03-04,3,0
97082,5342,144,2023-02-08,1,10
97084,5305,548,2023-10-01,5,5
97093,6307,116,2023-03-04,3,5
97099,8135,208,2023-08-09,1,0
97102,1828,269,2023-11-08,1,0
97107,7369,472,2023-07-04,3,0
97108,664,409,2023-09-08,5,2
97110,1272,476,2023-10-07,5,10
97113,4112,277,2023-08-12,3,0
97136,7572,253,2023-03-07,2,0
97144,5135,325,2023-12-05,1,10
97158,2060,383,2023-11-03,2,0
97168,5977,324,2023-07-07,1,5
97170,8465,400,2023-11-10,1,0
97174,1852,340,2023-12-09,3,0
97177,7123,254,2023-02-12,1,0
97180,2223,372,2023-07-10,2,0
97192,3823,503,2023-03-07,2,10
97194,233,434,2023-06-02,2,5
97196,9598,572,2023-04-06,3,5
97199,4323,398,2023-09-06,1,2
97206,6773,564,2023-06-07,1,0
97208,6570,171,2023-05-11,1,10
97211,8092,496,2023-03-07,3,0
97212,7266,538,2023-12-04,4,10
97214,7797,369,2023-04-07,4,0
97221,4361,507,2023-02-03,3,0
97231,5426,153,2023-12-08,1,0
97236,6235,322,2023-10-12,2,0
97239,4413,165,2023-06-03,2,0
97240,2226,111,2023-10-05,3,0
97241,3528,248,2023-08-12,1,5
97248,8262,367,2023-03-06,3,5
97258,3583,488,2023-02-03,2,0
97259,6925,442,2023-05-04,2,0
97260,7526,344,2023-01-03,3,0
97265,2506,464,2023-08-02,1,5
97277,4066,344,2023-11-06,3,15
97282,8200,494,2023-11-06,2,0
97286,6023,505,2023-03-12,2,0
97298,1097,573,2023-09-03,1,0
97301,4569,370,2023-05-04,1,2
97314,7946,204,2023-06-06,1,5
97315,7363,277,2023-12-02,3,0
97337,5093,269,2023-11-03,1,0
97346,4428,363,2023-06-10,3,10
97365,7688,358,2023-10-06,1,0
97373,1941,395,2023-05-03,1,0
97386,534,378,2023-07-08,2,0
97387,6054,212,2023-11-10,4,2
97391,5167,333,2023-05-01,4,15
97395,3893,118,2023-03-09,2,0
97397,2243,374,2023-02-09,1,2
97402,3295,490,2023-06-02,4,2
97409,1820,137,2023-12-05,1,2
97416,6832,166,2023-08-07,1,0
97417,9331,191,2023-11-06,4,2
97418,401,432,2023-02-03,1,0
97426,562,427,2023-06-05,1,0
97435,3528,301,2023-07-04,2,0
97437,7883,518,2023-09-01,1,0
97448,3575,416,2023-01-12,3,10
97453,3461,507,2023-12-11,1,0
97458,4016,423,2023-02-08,1,0
97469,1538,365,2023-02-09,4,5
97475,9009,578,2023-04-02,1,10
97480,3499,488,2023-08-08,2,0
97489,3348,252,2023-02-05,2,15
97499,4034,415,2023-06-03,2,10
97523,5449,171,2023-02-05,1,2
97527,7377,303,2023-09-07,2,10
97540,6058,381,2023-05-12,3,0
97542,4369,430,2023-05-07,2,0
97556,3689,481,2023-10-12,4,5
97570,3957,208,2023-11-06,1,2
97588,2030,385,2023-10-11,1,0
97600,3269,398,2023-07-10,2,10
97611,5814,314,2023-08-09,3,0
97612,6505,371,2023-08-03,4,0
97617,1690,207,2023-11-07,2,0
97620,9175,280,2023-02-10,3,5
97621,428,421,2023-09-02,2,5
97632,8516,463,2023-05-08,2,0
97644,2517,148,2023-06-01,1,2
97648,5429,265,2023-03-11,1,0
97651,5236,569,2023-04-12,1,0
97659,4256,221,2023-06-12,1,0
97667,5858,552,2023-01-11,2,5
97677,384,455,2023-07-10,2,0
97699,4716,442,2023-01-11,2,5
97700,4255,288,2023-10-11,4,5
97703,4872,112,2023-09-08,1,0
97708,5174,199,2023-11-02,1,2
97711,5150,114,2023-05-01,1,0
97712,6540,333,2023-04-04,1,0
97722,9046,572,2023-09-12,4,2
97737,116,408,2023-08-02,3,0
97741,7862,209,2023-06-11,3,0
97746,3320,239,2023-07-11,3,0
97747,3737,600,2023-01-07,1,0
97758,1250,520,2023-02-06,1,0
97766,9784,107,2023-03-07,2,2
97767,3592,355,2023-12-01,2,0
97772,3087,162,2023-04-09,1,0
97773,8849,120,2023-04-09,4,0
97774,7958,202,2023-11-08,1,0
97775,6617,479,2023-02-12,1,0
97776,339,210,2023-09-04,3,5
97777,4063,229,2023-04-02,1,0
97800,1304,257,2023-01-01,3,2
97804,1272,453,2023-08-01,3,5
97805,4212,544,2023-11-02,1,2
97806,6320,110,2023-03-11,1,0
97812,29,485,2023-11-06,3,2
97816,1349,385,2023-06-05,1,2
97834,517,449,2023-05-04,2,0
97843,8819,200,2023-12-11,1,0
97857,7528,252,2023-09-09,3,0
97858,2096,422,2023-11-08,1,5
97866,8583,207,2023-03-06,1,0
97874,9943,443,2023-08-01,1,0
97881,6307,305,2023-08-08,2,0
97882,6639,208,2023-05-04,2,0
97903,5594,283,2023-03-12,2,0
97908,8774,340,2023-05-08,3,0
97909,5407,345,2023-10-11,4,2
97911,1143,184,2023-12-06,4,0
97915,1062,575,2023-10-01,1,0
97936,6075,259,2023-11-01,3,0
97957,6876,317,2023-07-02,3,0
97970,5198,255,2023-10-03,2,0
97976,4701,347,2023-03-05,3,0
97977,6598,316,2023-04-11,2,2
97989,2130,316,2023-10-11,3,2
97993,1979,358,2023-03-04,1,0
98009,7304,299,2023-12-04,2,0
98017,5741,124,2023-08-12,1,0
98040,3594,531,2023-03-12,1,2
98044,8428,501,2023-03-11,1,0
98060,6369,285,2023-09-03,3,0
98075,7980,168,2023-10-07,1,5
98077,5147,321,2023-01-08,2,5
98083,6620,398,2023-04-03,2,0
98087,4909,419,2023-06-09,5,0
98112,1540,579,2023-12-07,1,0
98114,6899,290,2023-05-11,3,5
98118,1345,165,2023-09-02,3,0
98126,4824,429,2023-11-04,1,2
98134,6313,109,2023-01-07,2,0
98138,5933,593,2023-09-03,2,0
98150,4192,121,2023-10-09,1,2
98152,8118,326,2023-10-07,1,0
98158,6968,555,2023-03-05,1,0
98162,4052,131,2023-11-01,2,2
98172,8308,402,2023-11-12,1,2
98175,7808,161,2023-08-11,1,10
98187,9372,169,2023-03-02,3,0
98189,459,260,2023-06-03,1,0
98192,3117,545,2023-03-03,2,5
98198,4341,216,2023-07-08,1,0
98202,5112,349,2023-07-12,5,0
98210,1225,594,2023-07-01,2,0
98213,7722,176,2023-05-04,3,0
98218,1578,430,2023-08-11,1,0
98225,5284,230,2023-06-01,1,2
98231,3936,279,2023-11-11,3,2
98241,8956,365,2023-11-09,1,0
98246,9022,587,2023-03-11,3,0
98250,9807,582,2023-12-01,1,5
98251,2075,309,2023-06-08,1,0
98252,2198,428,2023-08-05,2,5
98260,7885,161,2023-06-06,3,5
98264,6978,116,2023-11-05,2,2
98269,6141,160,2023-08-10,2,2
98270,9979,393,2023-11-09,2,0
98271,411,505,2023-09-05,4,10
98275,5940,483,2023-09-11,2,0
98286,4063,242,2023-06-10,1,0
98297,5245,484,2023-08-08,5,5
98300,7553,184,2023-10-07,1,5
98305,4047,180,2023-04-05,2,0
98312,3697,259,2023-04-11,2,10
98315,412,474,2023-07-03,1,0
98316,2181,294,2023-11-01,2,0
98322,3474,402,2023-11-03,1,0
98375,9705,176,2023-07-08,2,0
98377,6537,101,2023-02-12,4,0
98385,8319,204,2023-08-06,3,0
98388,1001,579,2023-04-03,1,15
98395,2429,201,2023-05-06,1,5
98402,6182,431,2023-05-06,1,10
98412,4375,382,2023-12-04,1,2
98413,7895,490,2023-04-12,2,2
98433,3888,148,2023-03-10,2,0
98443,5218,409,2023-11-10,3,2
98453,9304,559,2023-01-07,4,0
98459,9675,235,2023-12-11,1,0
98460,5732,482,2023-09-12,3,2
98468,7729,487,2023-10-01,4,0
98480,1932,202,2023-02-07,2,5
98485,4889,546,2023-07-04,2,0
98487,4204,191,2023-10-11,1,0
98496,9988,558,2023-09-03,1,0
98498,6685,309,2023-12-09,3,0
98507,8760,286,2023-12-07,2,2
98514,9668,388,2023-09-05,2,2
98541,2837,112,2023-12-01,1,5
98553,4170,299,2023-09-03,2,0
98559,2919,369,2023-11-10,4,0
98570,8681,140,2023-05-11,1,2
98572,5168,405,2023-09-04,3,0
98587,7590,315,2023-08-12,1,5
98591,6586,261,2023-11-04,2,0
98603,7463,198,2023-08-11,1,0
98608,9550,566,2023-03-03,4,10
98618,3892,137,2023-02-05,1,0
98625,6878,424,2023-12-04,2,0
98628,5245,450,2023-10-03,1,0
98639,308,286,2023-07-10,2,5
98653,6896,588,2023-04-05,1,10
98666,1160,268,2023-01-09,2,10
98667,7024,275,2023-07-07,2,0
98672,8666,510,2023-05-08,1,0
98675,7057,565,2023-07-05,2,0
98680,8126,251,2023-08-09,1,2
98702,7828,278,2023-08-07,1,0
98705,1920,574,2023-09-10,1,15
98709,8239,294,2023-01-04,3,2
98710,3886,419,2023-11-05,2,2
98728,6876,239,2023-07-11,3,0
98739,2703,289,2023-05-09,1,0
98740,7024,310,2023-01-12,1,2
98747,9483,421,2023-09-02,2,0
98748,7962,422,2023-01-03,2,0
98751,9712,278,2023-04-03,1,0
98766,3821,530,2023-08-06,1,2
98778,8322,152,2023-11-01,3,0
98789,2594,323,2023-11-08,3,0
98795,1302,525,2023-09-10,1,10
98796,9306,569,2023-06-08,2,0
98800,9386,366,2023-08-02,4,5
98805,3261,209,2023-04-06,5,10
98826,2921,598,2023-05-06,1,0
98827,1272,268,2023-06-05,1,0
98829,6840,381,2023-10-04,1,5
98830,9407,317,2023-12-06,4,5
98833,5051,444,2023-05-07,4,5
98844,3728,362,2023-10-08,2,0
98848,4944,497,2023-04-11,3,0
98850,2276,126,2023-03-02,2,0
98851,2244,533,2023-07-12,1,0
98852,7572,539,2023-03-02,1,0
98854,7952,313,2023-06-10,2,2
98867,242,487,2023-01-05,3,0
98871,2172,525,2023-07-01,3,0
98872,4723,592,2023-11-10,4,0
98874,4948,383,2023-03-07,1,5
98886,3213,348,2023-03-08,1,5
98906,4271,586,2023-11-07,1,0
98916,8351,345,2023-10-04,1,0
98919,9444,519,2023-12-11,2,0
98921,625,456,2023-04-08,4,2
98929,5305,552,2023-10-02,1,15
98934,2760,198,2023-03-11,2,0
98935,1620,240,2023-10-10,1,0
98939,5338,268,2023-01-04,1,0
98944,7285,419,2023-04-11,1,2
98945,4569,595,2023-12-07,2,0
98949,4009,167,2023-03-02,1,0
98951,3719,139,2023-06-02,2,0
98956,8731,320,2023-06-05,3,0
98962,4194,373,2023-12-10,3,5
98963,6378,565,2023-10-07,2,2
98967,7034,374,2023-10-07,3,10
98974,788,133,2023-11-10,3,20
98975,5232,139,2023-06-02,5,20
98977,4933,117,2023-03-06,2,0
98981,5973,197,2023-06-08,2,0
98984,6918,369,2023-06-09,1,2
98987,9681,295,2023-06-02,1,10
99000,4281,558,2023-09-03,2,2
99003,4922,278,2023-08-09,1,0
99010,8612,207,2023-10-11,2,2
99012,2103,597,2023-03-09,1,15
99027,5813,245,2023-07-03,3,0
99042,9578,449,2023-09-07,1,2
99047,374,262,2023-08-08,2,0
99050,6735,525,2023-05-10,1,0
99058,2346,288,2023-01-12,1,2
99068,4362,243,2023-05-09,1,20
99073,5411,214,2023-10-01,2,0
99085,6872,482,2023-10-11,1,0
99096,9283,398,2023-08-06,5,0
99106,25,216,2023-05-05,3,2
99107,2974,219,2023-09-04,1,0
99109,6948,245,2023-10-04,1,2
99111,2349,354,2023-10-05,3,2
99112,661,600,2023-02-02,1,5
99115,4811,560,2023-11-10,2,0
99120,5093,389,2023-05-09,1,15
99123,3364,437,2023-11-04,1,5
99126,1790,285,2023-07-02,1,5
99136,8587,118,2023-11-03,2,0
99140,2145,266,2023-10-04,1,0
99147,4528,359,2023-02-05,1,20
99155,141,234,2023-06-05,4,10
99163,4871,253,2023-04-02,2,0
99169,614,479,2023-02-12,1,0
99173,7893,412,2023-10-02,1,10
99175,4897,331,2023-12-11,5,0
99183,4935,573,2023-06-08,2,2
99189,6240,445,2023-02-08,4,10
99201,8922,172,2023-03-06,1,0
99203,340,139,2023-04-03,3,0
99205,8849,469,2023-01-06,5,2
99224,8981,599,2023-10-10,1,5
99225,4878,243,2023-01-09,1,10
99230,6968,486,2023-09-11,2,0
99231,363,110,2023-06-11,1,0
99241,8187,566,2023-07-02,1,0
99243,8735,228,2023-11-02,1,0
99246,8471,370,2023-08-01,2,0
99257,2277,178,2023-09-01,3,0
99259,3804,220,2023-10-06,2,10
99263,4308,533,2023-06-03,2,0
99266,1568,246,2023-10-06,4,0
99272,6455,535,2023-04-09,4,0
99295,3731,413,2023-12-06,1,5
99301,4317,584,2023-06-03,4,10
99310,5711,406,2023-05-02,1,2
99316,1414,547,2023-02-07,3,10
99318,8448,216,2023-02-04,2,0
99322,4890,546,2023-07-10,1,15
99348,6282,304,2023-06-03,1,0
99349,9526,391,2023-09-10,1,0
99352,4942,134,2023-02-08,1,0
99357,3785,518,2023-02-02,2,5
99362,7518,361,2023-09-02,2,0
99364,2315,294,2023-11-07,1,0
99367,7981,593,2023-01-05,1,0
99375,6583,430,2023-06-01,2,0
99376,7436,242,2023-09-11,3,15
99384,2684,336,2023-12-04,1,5
99391,4782,451,2023-07-10,1,5
99404,4725,331,2023-12-08,2,2
99410,6908,340,2023-05-02,1,2
99417,8867,104,2023-12-07,4,2
99423,6786,472,2023-03-10,1,0
99434,267,291,2023-04-05,1,0
99437,7159,236,2023-05-07,1,5
99439,3174,344,2023-03-03,1,2
99440,7007,271,2023-09-11,1,5
99441,9801,355,2023-07-04,1,0
99463,4584,435,2023-03-12,2,0
99472,1612,272,2023-01-08,1,0
99478,5757,343,2023-02-11,4,0
99495,7723,424,2023-03-07,2,0
99505,3615,589,2023-11-03,1,5
99506,2276,314,2023-12-09,1,5
99510,6353,232,2023-12-11,2,0
99511,340,365,2023-05-07,1,10
99516,5011,300,2023-01-08,2,0
99518,6147,294,2023-06-09,1,0
99520,8771,485,2023-08-08,2,5
99521,4774,599,2023-03-11,1,0
99529,6236,543,2023-02-05,3,10
99538,6012,267,2023-02-10,3,0
99549,6950,298,2023-04-06,2,2
99559,1455,492,2023-08-07,1,2
99565,5742,108,2023-05-01,1,0
99569,2639,159,2023-09-01,4,2
99574,9467,541,2023-07-05,2,10
99576,2016,533,2023-11-06,2,10
99581,5469,416,2023-06-10,2,2
99584,2590,237,2023-11-08,3,2
99586,2564,201,2023-03-03,1,0
99590,5555,245,2023-07-02,2,0
99610,2336,406,2023-01-02,1,0
99616,1314,393,2023-09-11,1,5
99617,5430,360,2023-06-07,2,2
99647,359,442,2023-02-06,1,0
99650,8627,502,2023-07-10,3,0
99653,4739,418,2023-01-11,3,5
99663,9635,314,2023-10-08,1,0
99665,9052,453,2023-04-04,1,5
99683,8042,528,2023-09-10,1,10
99686,9376,591,2023-10-10,4,10
99688,3999,114,2023-01-01,5,2
99704,6096,107,2023-01-07,2,0
99710,3409,128,2023-01-10,2,20
99718,6131,385,2023-11-04,3,5
99721,5102,401,2023-09-03,1,0
99740,7593,372,2023-09-12,1,2
99741,3037,311,2023-08-11,2,15
99742,7291,579,2023-06-07,1,5
99744,9780,179,2023-02-05,2,0
99745,6030,255,2023-04-09,1,0
99750,4922,375,2023-11-10,2,0
99754,8927,404,2023-06-10,1,2
99759,9818,316,2023-11-08,3,0
99760,4996,353,2023-08-10,1,10
99764,1099,530,2023-12-06,4,0
99765,2107,510,2023-11-09,1,0
99767,7413,172,2023-05-06,1,5
99773,9184,536,2023-01-03,2,10
99774,9080,278,2023-04-06,1,0
99778,4464,280,2023-09-02,1,5
99784,183,109,2023-12-02,2,10
99785,1218,537,2023-10-01,1,0
99792,7918,539,2023-08-05,2,10
99793,2585,223,2023-05-06,2,0
99801,4300,243,2023-04-06,3,0
99832,8277,200,2023-04-01,2,0
99848,6711,112,2023-09-02,2,2
99860,3063,229,2023-11-04,2,15
99862,4850,473,2023-08-02,3,5
99866,7405,338,2023-04-02,2,0
99872,9696,512,2023-01-03,3,5
99873,6908,274,2023-03-04,3,0
99877,3957,291,2023-01-11,2,0
99879,4391,463,2023-08-03,1,5
99880,6480,390,2023-06-02,2,5
99883,4244,114,2023-08-11,1,10
99885,9855,209,2023-08-09,3,0
99893,3780,260,2023-05-03,5,10
99906,4897,577,2023-02-01,1,5
99907,8056,264,2023-08-12,3,0
99912,1123,414,2023-01-01,4,2
99913,3296,157,2023-01-07,4,10
99918,1372,557,2023-05-03,2,0
99937,4027,328,2023-10-02,1,0
99942,7605,288,2023-03-09,2,0
99955,1235,300,2023-06-01,1,2
99956,5648,175,2023-05-03,3,5
99973,2969,363,2023-07-08,3,0
99974,6198,277,2023-10-07,1,0
99976,8426,197,2023-12-05,1,0
99985,6627,130,2023-12-01,3,0
99988,6483,523,2023-04-12,1,0
100008,358,372,2023-03-02,2,0
100023,2382,593,2023-07-03,3,5
100042,3222,108,2023-11-01,1,0
100047,7300,381,2023-08-08,3,2
100054,8853,175,2023-04-06,4,0
100055,4661,390,2023-01-01,1,15
100063,1688,174,2023-12-05,1,10
100071,1289,562,2023-05-03,1,2
100073,9432,122,2023-06-10,5,0
100076,8924,499,2023-06-03,5,2
100079,9458,425,2023-10-09,5,0
100084,3780,507,2023-07-01,2,0
100090,8364,127,2023-05-05,2,0
100093,6868,295,2023-02-09,3,5
100095,5472,165,2023-03-06,2,0
100096,7148,396,2023-12-01,1,5
100100,2778,410,2023-04-09,2,0
100111,398,457,2023-12-06,1,0
100112,4210,208,2023-01-02,4,0
100114,6186,531,2023-04-10,5,2
100130,4476,252,2023-01-10,1,0
100141,3533,584,2023-01-05,1,10
100146,9871,460,2023-01-01,4,15
100156,565,385,2023-04-12,3,0
100158,7823,120,2023-02-01,5,0
100162,4537,269,2023-01-05,1,0
100174,1028,372,2023-08-08,1,0
100175,8368,168,2023-09-05,1,0
100180,7406,363,2023-08-03,1,5
100187,9029,265,2023-05-12,1,0
100188,6598,525,2023-01-09,1,0
100196,4208,559,2023-10-08,1,2
100204,8107,289,2023-08-06,2,2
100214,2909,453,2023-07-05,2,10
100220,2079,296,2023-08-07,1,2
100242,1407,565,2023-06-12,4,2
100254,6693,590,2023-06-03,2,2
100288,3888,472,2023-10-10,1,5
100290,962,400,2023-11-10,2,0
100302,907,380,2023-09-06,1,5
100307,3458,335,2023-12-03,1,15
100311,7749,135,2023-04-05,1,5
100322,4199,411,2023-10-06,1,5
100328,4051,271,2023-06-07,1,5
100344,9545,304,2023-07-08,2,0
100346,7504,446,2023-06-05,5,20
100349,7946,243,2023-04-12,1,0
100355,8927,508,2023-04-12,1,5
100368,5378,505,2023-09-07,1,0
100375,9699,245,2023-11-05,1,5
100379,342,444,2023-06-10,3,10
100380,2951,364,2023-11-07,2,5
100385,2712,133,2023-02-01,3,2
100399,1969,256,2023-03-04,1,10
100400,6774,299,2023-04-05,1,5
100419,7378,190,2023-11-10,1,5
100421,1167,576,2023-05-11,3,5
100433,1856,568,2023-04-03,1,15
100457,436,525,2023-09-03,1,15
100460,4408,216,2023-10-06,3,0
100466,9844,558,2023-06-09,1,0
100467,9507,178,2023-06-02,3,0
100472,4681,396,2023-06-08,3,10
100479,7569,405,2023-08-11,1,5
100497,9525,254,2023-02-06,3,0
100501,8417,457,2023-05-04,1,2
100517,5789,409,2023-03-03,2,5
100519,1083,236,2023-02-02,2,5
100522,1039,309,2023-07-01,2,20
100535,956,301,2023-03-11,4,2
100538,6548,352,2023-06-11,2,2
100546,6978,422,2023-04-06,1,0
100551,2899,389,2023-02-04,2,0
100563,6328,474,2023-03-10,1,0
100567,9695,378,2023-10-03,1,0
100571,732,215,2023-11-02,1,2
100586,7291,243,2023-09-05,3,0
100617,8530,471,2023-05-03,1,0
100636,674,551,2023-02-11,1,0
100638,2100,220,2023-03-01,4,0
100641,9353,230,2023-05-08,2,0
100643,1955,542,2023-11-10,3,0
100655,7055,343,2023-07-05,3,0
100656,948,588,2023-07-01,2,5
100657,467,247,2023-08-05,2,0
100668,934,209,2023-11-03,1,15
100680,4075,413,2023-03-11,2,0
100682,4541,148,2023-02-04,3,0
100683,455,152,2023-10-06,3,10
100684,2497,157,2023-02-08,1,0
100685,8324,132,2023-03-11,1,10
100696,8677,443,2023-08-10,1,2
100716,9497,427,2023-09-09,2,0
100727,3501,260,2023-11-11,1,10
100738,2297,506,2023-11-05,2,0
100742,2344,450,2023-07-01,1,0
100744,7638,168,2023-07-01,5,2
100747,651,156,2023-01-04,1,2
100770,2599,462,2023-02-01,1,2
100772,8058,588,2023-02-05,2,10
100775,9379,366,2023-10-03,1,2
100783,2264,420,2023-07-06,2,15
100801,6323,303,2023-08-06,3,0
100839,2122,229,2023-02-07,3,0
100841,400,431,2023-09-10,3,5
100842,4308,157,2023-11-01,1,15
100850,5909,503,2023-01-09,3,5
100854,5963,599,2023-10-10,1,0
100867,4543,584,2023-11-04,1,2
100873,187,332,2023-02-03,3,0
100875,7017,272,2023-02-05,2,2
100881,3851,577,2023-06-09,1,0
100899,8092,476,2023-06-02,1,0
100905,5111,300,2023-10-01,2,5
100920,4746,323,2023-03-12,4,10
100936,6345,363,2023-11-02,1,0
100943,7366,448,2023-12-05,1,15
100947,4663,188,2023-08-07,1,0
100968,6166,490,2023-07-09,2,2
100974,2695,341,2023-08-03,5,5
100979,1244,184,2023-08-08,2,2
100986,6397,341,2023-10-01,4,0
100989,8417,237,2023-08-04,5,0
100996,4179,599,2023-12-05,2,0
101002,9138,575,2023-11-05,1,2
101003,1186,555,2023-02-07,3,2
101004,7614,378,2023-12-11,1,0
101010,5528,543,2023-02-12,2,0
101026,8021,508,2023-10-04,2,0
101028,9436,244,2023-09-01,4,0
101033,7079,186,2023-05-05,2,0
101034,1855,507,2023-01-09,1,2
101040,1048,558,2023-02-03,1,0
101041,3885,214,2023-07-03,3,0
101049,9033,497,2023-10-06,5,2
101051,7213,471,2023-01-10,2,10
101060,2872,122,2023-10-08,2,0
101063,9822,263,2023-07-09,1,0
101067,1649,381,2023-12-11,1,10
101069,5893,336,2023-01-01,1,0
101075,1444,312,2023-06-07,1,0
101077,2590,262,2023-04-12,5,5
101078,5885,290,2023-04-09,1,2
101087,205,279,2023-06-07,2,5
101089,1637,374,2023-01-02,1,0
101097,2079,588,2023-09-05,1,0
101103,9799,489,2023-08-02,1,0
101112,5618,222,2023-01-11,3,0
101114,3049,586,2023-10-09,3,0
101128,4647,393,2023-10-12,2,2
101129,5285,256,2023-12-10,1,10
101132,8084,292,2023-07-10,1,2
101136,7569,500,2023-09-01,3,0
101139,4270,397,2023-07-08,3,0
101145,9065,536,2023-02-02,5,0
101171,3708,409,2023-06-04,1,15
101173,399,382,2023-03-11,1,2
101176,5206,169,2023-11-09,5,5
101180,3224,295,2023-02-12,1,0
101181,6307,515,2023-01-06,4,0
101196,4247,284,2023-05-09,3,10
101200,6489,189,2023-09-09,1,5
101205,1204,146,2023-04-08,3,0
101210,4971,236,2023-08-10,2,0
101218,2169,162,2023-08-05,1,0
101227,6819,584,2023-05-04,3,0
101230,5809,227,2023-10-07,1,0
101232,1,396,2023-01-10,1,0
101243,7048,188,2023-05-04,3,5
101245,4536,310,2023-09-04,1,0
101248,1180,390,2023-01-07,1,0
101249,1808,439,2023-10-06,3,10
101270,9816,499,2023-01-09,2,0
101271,6495,565,2023-07-11,3,10
101272,9276,258,2023-10-06,1,0
101278,1361,591,2023-03-02,3,0
101283,6328,185,2023-03-11,1,10
101285,3893,121,2023-11-12,3,0
101298,7375,140,2023-10-04,1,0
101308,7600,409,2023-08-05,4,0
101325,2618,168,2023-12-05,2,0
101326,4610,232,2023-08-05,3,2
101333,5236,515,2023-03-11,2,0
101355,8917,251,2023-02-03,1,20
101374,7237,189,2023-07-12,2,0
101379,9377,485,2023-01-03,3,0
101389,9545,359,2023-01-09,1,0
101399,6739,215,2023-03-02,1,0
101407,9725,351,2023-09-08,1,0
101408,2075,131,2023-11-05,3,5
101410,992,302,2023-12-10,2,0
101418,2436,247,2023-08-09,1,0
101435,8544,326,2023-03-12,2,0
101439,9171,185,2023-11-03,2,2
101447,1585,573,2023-09-04,2,2
101449,9266,435,2023-12-04,2,2
101452,8002,262,2023-09-12,1,0
101459,7683,214,2023-05-02,2,10
101466,9456,434,2023-03-03,1,10
101471,7378,150,2023-12-11,3,2
101476,5802,183,2023-08-08,3,10
101493,5492,196,2023-05-05,3,0
101494,5935,437,2023-12-09,1,20
101496,5102,364,2023-03-03,2,0
101497,9080,596,2023-04-11,1,2
101499,1611,188,2023-08-02,2,0
101501,892,444,2023-09-12,2,0
101524,9950,195,2023-01-10,4,0
101526,6343,387,2023-05-07,1,0
101530,9997,320,2023-08-05,1,0
101534,6024,374,2023-06-02,1,0
101535,7382,410,2023-05-07,1,0
101544,9657,543,2023-04-11,1,2
101545,5420,160,2023-05-12,2,2
101550,8317,446,2023-10-10,1,10
101554,196,580,2023-10-10,2,0
101559,5965,254,2023-09-10,3,2
101563,6377,168,2023-12-08,2,20
101564,186,396,2023-11-10,3,0
101574,9192,153,2023-03-09,1,2
101584,3737,481,2023-11-08,1,5
101593,9323,196,2023-07-06,1,10
101594,9041,485,2023-01-09,2,0
101602,4922,500,2023-11-06,2,10
101612,7600,193,2023-06-11,3,0
101616,455,383,2023-12-02,4,0
101621,3219,437,2023-12-04,2,0
101627,2300,174,2023-03-10,3,0
101629,9996,305,2023-02-06,1,10
101644,5918,438,2023-08-07,1,2
101650,5463,396,2023-02-01,2,0
101659,2490,554,2023-07-07,4,0
101665,9252,131,2023-02-03,2,0
101668,6079,143,2023-06-10,1,5
101670,2931,207,2023-05-06,1,20
101675,3357,234,2023-05-12,1,0
101677,1363,342,2023-02-08,2,0
101680,7382,194,2023-07-03,1,0
101685,6992,399,2023-12-08,1,0
101688,7047,328,2023-07-09,3,0
101697,7247,522,2023-01-10,1,20
101701,3484,556,2023-06-09,1,2
101703,2174,282,2023-09-01,2,0
101705,1746,453,2023-01-07,5,0
101709,2055,481,2023-05-12,5,2
101721,7276,486,2023-04-03,2,15
101737,5082,257,2023-09-10,1,0
101747,5706,117,2023-08-03,2,5
101768,6452,195,2023-01-06,2,15
101773,6264,561,2023-05-01,3,2
101777,6419,191,2023-09-09,2,2
101780,8519,519,2023-01-03,1,0
101784,5358,585,2023-04-06,3,10
101796,8308,223,2023-07-12,2,0
101807,6027,244,2023-05-05,1,0
101818,321,211,2023-05-01,2,0
101820,3558,593,2023-12-01,1,2
101822,5182,222,2023-11-11,1,0
101826,8927,263,2023-08-01,1,10
101835,3982,563,2023-12-08,1,0
101836,6259,554,2023-11-02,1,2
101841,9570,573,2023-12-01,3,0
101843,9964,239,2023-11-01,3,0
101850,7509,151,2023-07-10,1,0
101872,6193,119,2023-03-03,5,0
101873,844,372,2023-05-02,1,0
101877,3803,496,2023-01-06,3,0
101895,301,156,2023-11-01,2,0
101898,1701,367,2023-10-05,2,0
101929,2571,314,2023-11-03,3,2
101932,3287,547,2023-04-03,3,0
101935,5905,107,2023-09-04,1,2
101938,872,211,2023-10-09,2,2
101939,4397,481,2023-05-11,2,5
101950,1790,384,2023-04-12,5,2
101983,9176,378,2023-07-04,4,2
101991,5274,398,2023-12-07,2,0
101993,6508,463,2023-05-12,1,0
101998,5974,152,2023-09-09,3,0
102004,8669,411,2023-11-11,3,10
102006,6361,265,2023-09-12,1,5
102024,7869,483,2023-05-03,1,0
102025,6483,581,2023-03-04,3,10
102036,1517,373,2023-05-02,2,0
102042,6122,414,2023-12-12,2,10
102044,1719,229,2023-02-07,1,0
102050,1028,159,2023-08-11,3,5
102057,2361,576,2023-04-07,4,0
102077,5093,241,2023-03-08,2,10
102081,973,218,2023-11-07,2,5
102090,2856,263,2023-10-04,1,2
102108,7329,104,2023-08-02,3,10
102109,4174,466,2023-11-04,1,5
102116,3762,591,2023-01-05,1,0
102129,5169,595,2023-10-11,1,0
102130,9319,305,2023-11-06,1,10
102131,6058,412,2023-07-04,2,0
102132,9458,176,2023-10-02,2,0
102133,7805,217,2023-07-05,1,2
102134,5182,239,2023-12-06,4,10
102137,6966,108,2023-06-08,2,0
102139,6372,476,2023-11-09,1,5
102148,9683,430,2023-03-01,1,0
102159,7463,239,2023-03-08,4,2
102161,7042,380,2023-09-11,2,5
102164,8225,227,2023-01-02,2,0
102175,9980,365,2023-10-07,1,2
102188,9295,558,2023-03-01,1,0
102190,8143,282,2023-01-05,2,0
102191,3364,535,2023-07-01,5,0
102192,9287,343,2023-12-11,4,5
102195,3915,225,2023-01-07,1,0
102200,5344,549,2023-01-06,2,15
102208,4782,541,2023-08-12,2,2
102210,5358,222,2023-11-11,1,0
102214,6793,137,2023-07-09,2,10
102217,9633,249,2023-03-05,4,0
102225,5389,306,2023-07-09,2,0
102229,6712,524,2023-09-08,3,0
102240,7250,253,2023-11-03,2,5
102242,2346,449,2023-10-02,2,2
102244,1263,187,2023-12-08,3,5
102245,9249,573,2023-03-08,1,0
102247,3646,116,2023-03-09,1,0
102253,9631,293,2023-01-04,2,0
102261,8526,398,2023-11-10,5,0
102262,9672,537,2023-09-09,4,0
102267,6160,422,2023-04-05,2,15
102275,5775,578,2023-11-09,1,5
102277,2287,198,2023-07-02,3,5
102279,2208,292,2023-04-08,1,0
102284,7316,184,2023-05-04,5,10
102291,9986,500,2023-06-09,1,2
102295,6242,415,2023-07-07,1,0
102306,8746,533,2023-01-02,1,2
102308,7635,550,2023-04-10,5,0
102315,1395,527,2023-11-09,1,0
102317,9258,377,2023-05-07,1,0
102335,3287,301,2023-09-03,1,0
102337,3486,513,2023-07-10,1,5
102340,1282,569,2023-12-04,2,0
102342,7214,374,2023-02-03,4,0
102345,2060,223,2023-09-01,1,5
102352,7635,457,2023-03-11,3,5
102365,2590,370,2023-03-09,2,0
102384,2829,156,2023-06-01,1,0
102385,2160,386,2023-12-05,4,0
102404,6292,174,2023-07-08,1,2
102408,5494,399,2023-06-05,2,0
102410,8283,195,2023-10-06,2,0
102412,5295,127,2023-05-07,1,0
102418,3126,188,2023-03-02,1,2
102431,3806,465,2023-08-09,1,2
102433,4340,499,2023-12-02,1,0
102444,1837,165,2023-07-04,1,15
102448,9784,122,2023-02-02,3,10
102453,9184,244,2023-01-11,1,5
102462,6940,129,2023-08-05,3,0
102463,9458,524,2023-11-09,2,5
102468,6685,583,2023-02-11,1,5
102471,6240,573,2023-04-06,1,5
102483,5273,498,2023-02-02,1,0
102485,232,505,2023-03-03,3,20
102488,6070,112,2023-01-05,1,10
102492,6231,516,2023-04-03,1,0
102494,4251,106,2023-12-03,4,2
102516,8906,131,2023-11-04,3,10
102518,357,535,2023-07-09,1,2
102519,8927,553,2023-02-02,3,0
102521,9376,282,2023-03-12,3,15
102523,8719,567,2023-06-05,2,0
102530,4393,406,2023-07-07,2,10
102534,5406,247,2023-02-11,1,0
102539,1013,414,2023-07-09,1,0
102551,7031,386,2023-01-10,3,0
102560,338,586,2023-07-11,3,2
102561,1795,216,2023-02-07,2,2
102585,9026,424,2023-03-03,1,2
102586,5571,168,2023-09-09,1,2
102590,4962,396,2023-08-05,3,0
102591,1341,176,2023-08-01,3,0
102609,7727,169,2023-09-03,1,5
102610,3672,484,2023-10-04,3,20
102616,3396,109,2023-06-01,1,2
102625,5256,597,2023-04-10,5,0
102628,3257,247,2023-10-11,1,0
102631,3047,600,2023-05-03,2,5
102642,1355,519,2023-06-03,4,0
102647,8585,153,2023-10-09,2,0
102651,9665,317,2023-12-12,4,0
102652,198,559,2023-01-01,1,10
102653,2648,198,2023-02-01,1,0
102656,1769,323,2023-01-12,1,0
102665,5264,311,2023-05-10,1,0
102669,6328,298,2023-05-09,1,0
102675,2391,107,2023-07-11,5,0
102680,5992,327,2023-03-10,2,5
102683,1505,564,2023-01-04,2,0
102684,8639,549,2023-03-11,1,0
102686,3499,214,2023-08-09,2,10
102687,1688,527,2023-02-11,5,0
102711,4743,468,2023-10-09,1,0
102721,253,189,2023-02-02,1,0
102727,9171,315,2023-03-10,1,5
102735,4181,592,2023-05-09,1,2
102746,5273,592,2023-01-03,2,2
102748,5994,255,2023-12-07,1,0
102759,3502,105,2023-02-08,1,0
102769,5081,311,2023-06-08,2,2
102771,1200,245,2023-06-12,3,2
102773,1282,370,2023-04-02,3,0
102775,3603,399,2023-01-07,1,0
102776,3008,590,2023-02-08,1,2
102781,9021,137,2023-01-09,3,5
102785,8042,508,2023-02-01,2,0
102789,4275,358,2023-05-05,2,0
102790,8075,509,2023-07-06,1,0
102792,9460,503,2023-02-07,1,10
102799,1761,367,2023-06-12,1,2
102809,6727,465,2023-02-12,2,0
102810,4686,186,2023-01-07,4,2
102812,9112,412,2023-12-01,1,2
102818,2748,557,2023-09-04,2,0
102828,423,409,2023-05-12,2,15
102838,9729,245,2023-01-03,1,0
102839,8554,554,2023-12-10,4,0
102848,6148,418,2023-09-11,1,0
102859,2981,455,2023-04-04,3,0
102861,7861,119,2023-08-09,4,0
102873,7133,293,2023-09-12,1,0
102877,449,209,2023-12-06,4,0
102878,5212,427,2023-12-11,1,0
102880,6316,250,2023-10-09,1,0
102881,2776,488,2023-08-08,3,5
102884,4194,537,2023-01-12,2,0
102886,4016,183,2023-05-02,2,0
102887,7244,377,2023-08-03,1,5
102893,926,133,2023-01-09,1,5
102895,7172,322,2023-11-02,2,0
102897,9943,191,2023-09-11,1,0
102902,5492,221,2023-08-07,1,2
102916,484,328,2023-04-03,1,2
102917,1487,583,2023-07-10,1,10
102919,1432,458,2023-12-10,1,0
102928,2930,509,2023-05-02,1,0
102931,6182,293,2023-09-03,1,5
102936,3597,300,2023-02-09,1,2
102938,3896,467,2023-01-06,2,15
102955,8002,104,2023-12-11,2,0
102959,5801,558,2023-04-11,1,2
102968,1574,506,2023-02-04,1,5
102976,2516,480,2023-09-09,1,15
102981,6989,408,2023-06-12,5,0
103009,7950,134,2023-10-12,4,0
103017,5163,312,2023-03-12,3,5
103027,8306,332,2023-09-11,3,0
103028,1019,333,2023-09-10,2,0
103030,6142,444,2023-07-10,1,0
103031,8417,396,2023-06-07,1,0
103034,5963,523,2023-07-10,1,0
103036,1333,301,2023-12-10,5,5
103042,7778,435,2023-06-06,1,0
103048,9507,229,2023-06-05,4,0
103051,4596,560,2023-12-05,4,0
103052,3840,545,2023-09-12,1,5
103054,2249,563,2023-07-09,1,0
103066,7335,599,2023-12-06,1,5
103071,4783,473,2023-05-03,3,2
103074,2221,412,2023-04-11,2,0
103076,83,105,2023-09-09,1,5
103086,103,411,2023-03-11,1,5
103104,4782,126,2023-09-02,2,10
103105,4593,445,2023-11-03,5,0
103108,8555,594,2023-08-04,1,0
103113,2571,220,2023-07-10,1,0
103116,8388,309,2023-11-05,3,0
103121,663,248,2023-06-07,3,2
103123,3737,471,2023-09-04,1,5
103128,7122,413,2023-11-11,1,0
103132,1073,288,2023-06-03,1,15
103135,2860,288,2023-12-03,3,5
103137,5232,407,2023-06-08,2,0
103138,5757,384,2023-10-05,3,15
103140,3085,191,2023-05-07,5,0
103141,7457,411,2023-01-06,3,0
103152,4053,221,2023-02-10,3,5
103156,8187,515,2023-10-01,1,15
103165,221,139,2023-07-09,1,15
103166,976,512,2023-09-04,1,15
103175,7221,212,2023-07-05,1,0
103183,4088,293,2023-02-04,1,5
103184,1687,333,2023-08-01,1,15
103186,2145,405,2023-11-12,1,0
103200,8575,506,2023-05-07,2,5
103224,9921,116,2023-12-10,5,0
103255,7955,400,2023-10-11,1,0
103259,613,220,2023-10-06,4,0
103270,7377,447,2023-03-02,1,15
103295,8722,530,2023-04-05,1,0
103297,7256,111,2023-11-02,1,5
103304,7953,362,2023-03-01,2,0
103309,6473,236,2023-11-09,2,15
103315,9954,522,2023-06-07,1,0
103324,556,416,2023-11-05,5,0
103331,249,491,2023-06-05,1,2
103343,1325,226,2023-03-11,1,0
103345,5099,279,2023-09-08,3,0
103378,8589,370,2023-11-06,1,5
103399,8381,190,2023-05-01,1,0
103401,7880,562,2023-03-09,2,0
103405,8540,338,2023-04-07,1,20
103407,2220,437,2023-06-10,1,0
103409,1076,470,2023-04-01,2,15
103422,3018,458,2023-02-05,1,0
103430,2030,188,2023-08-02,2,0
103435,1751,594,2023-11-04,1,0
103458,4612,427,2023-07-01,3,0
103459,6572,297,2023-07-01,4,0
103465,2369,548,2023-12-09,1,2
103476,2072,180,2023-08-04,1,2
103491,2219,410,2023-10-04,1,0
103499,4826,553,2023-01-08,2,2
103514,7005,176,2023-02-01,3,0
103518,5699,360,2023-06-10,1,0
103525,5969,409,2023-10-02,1,0
103529,7999,383,2023-06-01,2,5
103538,6060,577,2023-12-09,1,2
103545,441,555,2023-01-12,3,2
103553,6917,546,2023-08-04,1,2
103554,6338,153,2023-03-11,1,0
103564,8100,460,2023-04-06,1,10
103569,9041,173,2023-02-11,1,5
103573,7553,438,2023-08-06,3,5
103575,3957,149,2023-09-09,4,0
103577,4099,202,2023-05-09,1,0
103588,1631,560,2023-06-01,2,0
103591,6166,202,2023-07-07,2,15
103592,3028,505,2023-06-01,1,0
103594,1794,270,2023-11-12,4,5
103597,2530,442,2023-10-01,3,0
103611,1274,260,2023-08-10,3,0
103615,4178,129,2023-10-02,2,10
103617,3565,362,2023-09-12,2,0
103619,5481,507,2023-08-06,1,10
103623,8325,177,2023-01-12,1,0
103624,2695,159,2023-09-08,1,2
103626,4461,269,2023-01-07,1,0
103627,9065,289,2023-08-01,1,0
103634,1028,192,2023-12-09,1,0
103639,259,359,2023-07-11,3,0
103640,507,539,2023-10-06,2,0
103642,9986,260,2023-03-01,1,0
103644,8675,256,2023-07-05,2,20
103645,9497,359,2023-11-02,2,0
103674,3980,101,2023-01-11,2,0
103684,3190,409,2023-02-03,3,10
103690,4430,202,2023-05-10,2,5
103705,1624,365,2023-03-04,2,5
103715,6844,274,2023-07-07,2,0
103717,8382,469,2023-08-08,1,15
103729,4138,122,2023-11-06,1,2
103730,5152,393,2023-10-06,1,0
103731,6847,362,2023-09-10,1,0
103745,7159,566,2023-07-03,1,0
103748,1387,396,2023-10-11,1,0
103759,5133,136,2023-05-11,3,0
103768,6065,159,2023-07-07,1,0
103770,7421,216,2023-05-07,3,0
103776,6132,561,2023-08-11,3,0
103811,5476,509,2023-04-12,4,0
103816,5709,327,2023-06-07,1,0
103818,3223,482,2023-01-08,2,0
103820,1276,553,2023-12-10,2,0
103821,9723,134,2023-01-12,2,0
103823,6744,483,2023-02-11,1,0
103826,2737,321,2023-08-12,1,0
103834,1556,448,2023-05-11,1,5
103836,3147,326,2023-01-01,1,0
103844,2113,314,2023-11-04,1,2
103845,9696,180,2023-08-04,2,2
103856,6152,474,2023-11-05,3,10
103878,8794,439,2023-04-09,1,10
103880,8332,236,2023-09-10,3,0
103883,7131,541,2023-10-11,1,0
103885,4261,559,2023-08-05,5,15
103902,242,102,2023-08-09,5,0
103912,6344,538,2023-09-03,5,0
103919,3295,127,2023-07-10,3,0
103924,8219,339,2023-12-06,1,0
103933,6315,380,2023-05-08,2,2
103940,6678,384,2023-11-10,1,15
103956,340,555,2023-10-07,1,5
103960,3731,210,2023-11-11,4,15
103967,4915,482,2023-05-01,1,0
103969,5287,171,2023-07-02,1,0
103973,9193,539,2023-07-03,1,0
103983,9213,579,2023-02-01,3,5
103986,7339,552,2023-02-12,2,5
103994,2841,452,2023-12-09,1,0
103997,3723,397,2023-05-06,1,15
104002,945,143,2023-10-05,1,0
104003,5437,595,2023-06-05,2,5
104008,2345,437,2023-08-04,3,0
104010,6015,464,2023-12-09,2,10
104012,7084,262,2023-08-07,3,10
104023,8010,510,2023-11-01,1,0
104027,5081,361,2023-06-10,1,0
104034,1010,359,2023-02-03,2,0
104036,4961,151,2023-10-04,1,0
104046,5850,538,2023-06-10,1,0
104049,2702,408,2023-09-06,2,2
104055,2105,324,2023-09-03,1,0
104059,4430,528,2023-09-05,1,5
104063,5716,157,2023-08-03,1,5
104066,6423,517,2023-09-12,1,0
104074,8713,187,2023-02-08,1,2
104079,7781,112,2023-11-07,1,15
104088,5885,551,2023-12-05,1,0
104096,6088,132,2023-09-04,5,2
104097,5174,242,2023-11-05,1,0
104110,1133,576,2023-02-06,1,0
104112,8541,184,2023-12-04,1,5
104113,8024,553,2023-12-11,3,5
104118,7697,423,2023-03-08,2,0
104132,2300,205,2023-12-12,2,0
104136,1063,382,2023-08-02,4,2
104147,1641,105,2023-05-08,4,0
104148,9304,334,2023-02-08,4,10
104151,5389,510,2023-03-12,4,15
104155,5251,412,2023-05-11,2,2
104159,4598,492,2023-09-09,4,0
104163,8249,192,2023-11-12,2,0
104167,7292,180,2023-08-02,1,2
104170,3534,504,2023-12-02,2,2
104171,5915,416,2023-10-06,3,0
104174,2162,287,2023-08-03,1,2
104191,3182,544,2023-08-12,2,2
104193,7247,476,2023-11-10,3,0
104196,2974,422,2023-04-09,1,0
104197,6725,501,2023-02-09,3,0
104209,9244,550,2023-08-12,2,0
104211,72,467,2023-06-03,2,10
104233,7296,398,2023-03-11,1,2
104235,365,415,2023-06-11,1,5
104247,2055,221,2023-12-12,1,2
104251,9280,434,2023-02-12,2,15
104259,1474,148,2023-10-02,1,0
104269,4171,491,2023-09-11,3,5
104271,4318,353,2023-06-05,5,0
104276,6012,208,2023-06-03,1,5
104282,572,513,2023-06-08,2,2
104283,3293,462,2023-05-08,4,0
104285,4237,467,2023-02-01,4,10
104290,108,126,2023-04-08,1,0
104294,364,471,2023-06-05,1,0
104295,9332,340,2023-03-07,4,5
104296,8666,298,2023-05-11,3,0
104297,2124,339,2023-12-01,3,2
104307,1428,278,2023-06-02,5,5
104310,8080,375,2023-04-10,1,0
104315,7635,226,2023-11-10,1,0
104328,605,444,2023-07-12,1,0
104349,9663,513,2023-05-10,1,2
104362,6278,478,2023-08-02,1,0
104364,2090,227,2023-08-03,3,5
104366,8289,250,2023-12-04,2,20
104371,85,286,2023-09-12,2,0
104372,9207,215,2023-01-02,5,2
104374,5139,193,2023-03-05,3,0
104380,9949,481,2023-09-08,3,0
104383,978,545,2023-09-05,3,10
104386,4488,586,2023-05-08,2,0
104396,5661,520,2023-10-06,2,0
104405,9799,426,2023-02-01,1,0
104409,3948,196,2023-05-01,2,5
104421,6614,475,2023-05-05,3,2
104471,3486,371,2023-10-04,1,0
104473,1726,255,2023-07-12,1,5
104479,8125,339,2023-02-07,1,0
104496,4213,574,2023-05-10,1,0
104517,7581,449,2023-05-11,1,5
104522,4160,189,2023-08-11,2,0
104529,9273,398,2023-10-08,1,0
104533,4206,435,2023-12-09,2,0
104534,4009,338,2023-10-02,5,2
104538,5071,492,2023-05-06,1,0
104539,4871,449,2023-10-01,1,0
104541,5649,485,2023-01-03,3,2
104563,3631,200,2023-05-10,2,5
104568,3218,234,2023-03-08,2,5
104570,2251,337,2023-05-05,2,0
104574,751,354,2023-05-03,2,5
104575,5753,436,2023-05-08,2,0
104586,8088,150,2023-02-11,1,2
104588,2104,302,2023-07-10,1,0
104589,359,526,2023-03-07,4,0
104594,3147,394,2023-12-10,2,10
104601,5427,520,2023-12-03,3,0
104629,5457,383,2023-08-04,3,0
104634,3147,185,2023-06-11,1,0
104643,5106,504,2023-11-04,1,2
104646,426,561,2023-09-11,2,2
104647,9945,572,2023-03-07,1,2
104650,951,255,2023-11-08,1,20
104655,2590,348,2023-01-03,2,0
104677,7885,244,2023-04-05,1,0
104717,8754,555,2023-02-10,1,0
104727,6847,102,2023-07-03,2,5
104730,8428,163,2023-11-04,1,0
104737,4099,480,2023-06-01,1,0
104741,6440,511,2023-01-01,1,0
104763,7550,291,2023-11-10,2,5
104767,5053,282,2023-01-12,1,0
104768,3482,344,2023-08-03,2,2
104769,3585,390,2023-06-06,3,5
104770,4850,256,2023-09-03,3,5
104775,4099,526,2023-05-08,1,0
104779,3333,251,2023-08-06,2,2
104791,3542,542,2023-03-05,4,20
104800,1,247,2023-05-12,1,0
104806,9818,494,2023-07-11,1,0
104809,2424,167,2023-09-10,2,0
104820,8444,331,2023-06-07,1,0
104821,83,455,2023-05-04,1,2
104831,9475,330,2023-05-03,2,0
104838,5928,120,2023-05-04,2,10
104844,6537,524,2023-02-05,1,2
104854,3851,406,2023-06-06,1,0
104855,8794,422,2023-03-12,4,0
104857,8319,262,2023-03-06,3,0
104863,565,196,2023-03-01,2,5
104865,6345,188,2023-01-12,1,5
104867,8869,493,2023-05-04,5,0
104878,744,182,2023-03-10,3,0
104888,4835,229,2023-03-01,3,0
104896,9579,106,2023-07-02,2,10
104897,2481,529,2023-03-12,2,0
104908,8744,139,2023-02-05,2,2
104912,6104,329,2023-01-11,2,5
104920,5276,441,2023-07-04,1,0
104926,8885,270,2023-04-09,3,0
104930,1887,267,2023-06-09,1,2
104940,8467,267,2023-09-03,1,0
104942,567,414,2023-05-06,1,0
104944,8319,370,2023-12-02,1,2
104951,3487,307,2023-06-04,1,0
104958,6480,314,2023-07-09,1,2
104959,8819,188,2023-09-02,3,2
104960,4555,338,2023-09-07,3,10
104962,5796,192,2023-09-06,4,10
104963,3125,495,2023-07-02,3,0
104979,9355,527,2023-12-06,1,0
104986,3070,246,2023-01-10,2,0
104995,3859,564,2023-12-01,1,5
104997,4286,388,2023-04-03,1,0
104999,7131,562,2023-01-05,1,5
105006,3904,275,2023-07-06,2,0
105018,8306,345,2023-03-03,1,0
105020,1904,326,2023-04-05,4,5
105022,1649,415,2023-04-12,1,0
105032,8760,492,2023-07-04,2,10
105042,9439,390,2023-05-11,1,0
105043,7145,560,2023-11-11,1,10
105044,8940,456,2023-08-10,5,0
105060,1844,364,2023-05-05,5,0
105061,8335,287,2023-04-10,3,0
105062,6666,525,2023-06-06,4,2
105071,8907,450,2023-01-07,5,0
105085,9364,319,2023-04-08,2,0
105097,8299,118,2023-09-07,1,0
105099,4432,480,2023-06-10,2,2
105116,1053,497,2023-10-05,3,10
105119,6858,356,2023-04-07,5,0
105125,3329,121,2023-09-01,1,10
105127,7748,420,2023-01-01,3,0
105128,7406,121,2023-03-04,3,2
105130,5780,447,2023-12-04,1,0
105141,4933,306,2023-08-07,1,5
105158,120,489,2023-05-09,1,0
105159,2701,493,2023-12-01,3,0
105164,8107,452,2023-07-05,3,15
105165,986,388,2023-11-01,1,5
105167,3180,408,2023-05-01,1,0
105172,5583,371,2023-02-11,3,10
105178,7770,365,2023-03-08,3,0
105188,3386,266,2023-04-03,1,5
105191,6586,507,2023-01-11,3,0
105197,5630,173,2023-03-10,1,0
105202,5701,230,2023-11-08,1,0
105220,7600,566,2023-04-08,4,5
105239,6558,546,2023-04-03,2,0
105248,8539,381,2023-10-05,4,0
105250,8541,464,2023-03-02,1,0
105265,9949,243,2023-10-05,1,2
105269,1844,523,2023-11-11,2,5
105272,5582,416,2023-07-11,4,0
105281,7152,261,2023-12-07,1,0
105285,4060,177,2023-03-06,1,0
105286,7593,364,2023-08-08,1,2
105303,2487,346,2023-10-05,3,5
105317,5213,547,2023-07-09,1,0
105318,8461,218,2023-03-01,2,10
105322,1623,591,2023-04-05,1,0
105326,8570,463,2023-05-07,1,20
105340,9682,450,2023-03-12,1,10
105342,9896,560,2023-01-10,1,5
105345,9752,185,2023-03-06,3,0
105361,1747,375,2023-10-06,1,15
105365,5775,488,2023-07-07,5,5
105378,7209,139,2023-10-12,1,0
105380,6998,474,2023-09-06,3,0
105383,7292,422,2023-06-11,2,0
105401,8092,366,2023-05-02,1,0
105416,6344,300,2023-12-12,3,0
105430,2238,247,2023-03-02,1,2
105449,5985,347,2023-05-04,1,15
105451,8332,322,2023-03-07,1,5
105459,7261,408,2023-09-02,3,0
105460,2124,453,2023-03-04,4,0
105462,5839,194,2023-08-11,1,10
105464,7553,252,2023-08-02,2,0
105488,8578,197,2023-04-02,1,0
105489,4114,276,2023-02-04,1,10
105493,2917,102,2023-02-03,2,0
105520,9576,505,2023-07-06,1,0
105521,6934,291,2023-02-11,2,0
105526,5742,485,2023-11-04,3,10
105530,9193,326,2023-01-05,1,10
105532,3654,501,2023-07-02,1,5
105533,2306,199,2023-07-12,3,0
105534,7310,128,2023-01-02,1,0
105536,6512,593,2023-08-04,4,0
105538,721,389,2023-12-01,1,20
105540,4890,224,2023-01-07,1,0
105543,5766,519,2023-08-04,2,0
105554,7678,295,2023-10-04,3,0
105557,9217,103,2023-01-09,3,5
105563,871,137,2023-02-12,3,0
105568,7676,231,2023-12-05,3,0
105570,6058,490,2023-11-09,2,0
105585,7620,273,2023-08-02,1,0
105596,1138,159,2023-12-02,1,5
105599,11,307,2023-04-02,1,0
105611,6610,344,2023-06-12,3,10
105625,1970,222,2023-02-10,1,2
105630,4804,468,2023-06-07,2,0
105632,197,240,2023-09-05,3,0
105653,2779,464,2023-05-10,1,5
105664,626,205,2023-02-01,1,2
105673,2964,193,2023-05-05,1,0
105675,9244,318,2023-02-01,2,2
105676,2420,472,2023-10-11,3,0
105678,9361,379,2023-10-07,1,5
105683,9759,228,2023-11-07,3,2
105691,1292,592,2023-10-07,1,5
105700,5993,312,2023-05-09,1,2
105704,4504,195,2023-07-07,2,2
105706,1323,377,2023-04-11,1,5
105716,4076,576,2023-03-12,3,2
105717,7951,510,2023-06-10,2,0
105718,5075,221,2023-01-04,1,0
105724,1538,517,2023-04-05,2,0
105727,2779,438,2023-06-12,2,10
105737,5065,118,2023-09-07,4,0
105738,4476,224,2023-01-12,1,20
105740,2049,344,2023-11-10,3,15
105743,3085,372,2023-10-03,2,2
105763,1581,580,2023-09-06,2,0
105766,5471,370,2023-10-07,1,2
105770,7127,259,2023-11-03,4,2
105778,6538,352,2023-06-08,4,0
105781,9079,355,2023-09-08,4,5
105788,4811,173,2023-03-11,2,0
105791,196,501,2023-05-11,2,10
105792,2449,328,2023-02-11,2,0
105795,1283,268,2023-11-02,3,0
105807,1574,338,2023-12-06,2,2
105817,2571,345,2023-07-11,3,0
105822,3097,274,2023-02-03,1,0
105826,7946,339,2023-10-12,2,10
105830,824,370,2023-08-06,3,0
105842,819,445,2023-02-03,5,5
105849,7939,267,2023-06-07,1,0
105852,6138,167,2023-03-03,1,2
105861,3070,582,2023-02-12,1,0
105865,3225,483,2023-12-05,3,0
105875,5567,531,2023-02-12,1,0
105885,7255,547,2023-10-07,2,0
105886,6411,205,2023-08-05,1,0
105897,8659,164,2023-11-11,2,0
105909,4909,419,2023-09-12,4,0
105915,6384,206,2023-04-01,2,5
105934,98,172,2023-02-09,3,10
105940,9556,523,2023-12-09,1,5
105944,5738,360,2023-09-02,1,0
105953,7023,369,2023-04-06,2,0
105955,1126,281,2023-04-04,1,5
105963,8468,205,2023-11-12,1,0
105978,4850,469,2023-01-01,1,0
105985,9319,219,2023-09-11,2,0
105990,1346,438,2023-08-09,1,0
105997,2243,303,2023-10-03,5,0
106001,6492,178,2023-09-04,3,0
106002,169,341,2023-03-06,1,5
106025,3778,239,2023-03-08,1,0
106030,7067,498,2023-08-12,2,10
106032,1840,568,2023-04-07,1,0
106038,7311,259,2023-10-01,3,2
106040,6495,165,2023-01-02,2,0
106053,5685,570,2023-04-08,1,15
106058,2969,335,2023-09-01,1,5
106069,5415,407,2023-10-03,1,5
106071,3374,380,2023-11-12,2,2
106084,2037,553,2023-04-07,2,10
106100,5685,569,2023-12-01,3,0
106102,4212,538,2023-06-05,3,0
106106,4401,206,2023-08-04,1,0
106107,744,163,2023-05-08,3,2
106122,5716,418,2023-12-04,1,0
106130,9405,140,2023-12-02,1,0
106133,1043,135,2023-05-10,2,0
106138,6178,397,2023-08-11,2,10
106143,2338,375,2023-11-07,1,0
106144,6583,338,2023-06-12,2,2
106148,6982,361,2023-10-10,3,10
106156,9096,544,2023-06-02,1,2
106165,3806,192,2023-08-11,1,0
106166,1638,335,2023-02-01,1,5
106169,2709,331,2023-10-06,1,0
106171,2648,122,2023-11-08,1,0
106172,2826,358,2023-09-05,1,0
106185,7487,286,2023-01-08,1,0
106196,4384,365,2023-07-02,1,5
106201,196,290,2023-06-09,1,0
106203,7366,308,2023-09-07,2,0
106229,8069,158,2023-06-01,2,0
106234,4890,187,2023-04-02,1,5
106237,8401,515,2023-06-03,1,5
106253,6027,247,2023-05-06,1,2
106259,7722,286,2023-09-04,5,0
106266,5572,246,2023-04-05,1,0
106272,5218,478,2023-01-02,2,0
106281,7396,413,2023-02-11,4,0
106286,6893,293,2023-01-09,1,0
106293,2169,136,2023-08-01,5,0
106300,3489,447,2023-02-01,3,0
106308,7906,485,2023-05-02,1,0
106314,6267,180,2023-06-10,2,2
106326,2744,393,2023-07-12,3,0
106336,9682,425,2023-09-06,1,15
106342,9788,203,2023-04-03,1,0
106348,9270,291,2023-08-05,3,0
106349,9273,390,2023-09-07,3,0
106363,7152,502,2023-06-02,1,10
106364,2282,229,2023-09-09,1,2
106377,4637,589,2023-11-09,1,0
106388,433,475,2023-03-11,1,0
106391,8223,461,2023-12-09,1,0
106392,8084,449,2023-12-09,3,0
106393,8475,529,2023-06-09,1,0
106395,5436,212,2023-07-10,2,10
106400,8428,482,2023-04-06,1,2
106417,1333,160,2023-03-05,1,2
106422,2734,162,2023-10-04,2,0
106424,6373,484,2023-10-06,5,10
106433,604,225,2023-03-03,4,0
106439,9450,546,2023-11-06,2,0
106440,3904,558,2023-04-03,2,0
106441,5310,265,2023-01-03,3,0
106453,5392,267,2023-06-01,2,0
106455,3079,556,2023-02-08,1,2
106456,9363,564,2023-10-11,1,5
106472,1466,377,2023-03-07,1,0
106483,6361,573,2023-12-10,5,15
106498,1837,551,2023-09-05,2,0
106508,5773,301,2023-05-09,4,5
106516,5301,137,2023-02-08,2,2
106521,8273,422,2023-03-09,2,10
106526,1814,109,2023-10-02,4,0
106528,7885,338,2023-04-05,1,5
106543,4983,218,2023-05-04,1,0
106548,5752,518,2023-03-11,3,0
106556,9233,160,2023-01-09,1,20
106560,3364,573,2023-02-06,2,0
106561,7933,458,2023-05-04,1,0
106563,2714,516,2023-01-01,5,15
106566,338,271,2023-09-05,1,0
106574,1611,449,2023-10-07,1,2
106585,287,125,2023-03-04,1,0
106592,838,251,2023-10-04,1,0
106595,8825,114,2023-04-06,2,0
106599,1585,379,2023-10-06,4,2
106602,6793,475,2023-10-09,5,0
106606,1207,213,2023-04-07,1,0
106614,3290,152,2023-12-12,3,0
106617,5011,520,2023-11-06,1,0
106624,3337,597,2023-04-11,1,0
106639,229,152,2023-05-07,3,2
106645,6657,164,2023-11-03,2,0
106652,4164,462,2023-02-08,3,5
106668,6475,420,2023-08-01,3,2
106682,8462,149,2023-08-11,5,0
106687,5449,307,2023-03-08,3,0
106689,1887,235,2023-12-10,5,2
106702,2571,417,2023-08-12,1,2
106706,5104,511,2023-07-10,2,5
106718,8819,400,2023-08-04,2,0
106739,1282,498,2023-10-10,4,2
106758,9943,298,2023-03-07,5,0
106762,7739,469,2023-11-01,5,10
106769,5065,447,2023-12-05,2,0
106776,6028,589,2023-01-10,3,5
106790,1793,188,2023-08-04,5,0
106793,198,234,2023-10-09,1,0
106797,2833,436,2023-01-09,4,0
106798,4852,566,2023-08-01,3,0
106803,8232,157,2023-07-08,1,2
106814,3134,140,2023-08-01,2,2
106818,8919,233,2023-01-06,2,0
106824,5973,333,2023-01-02,1,0
106829,1170,383,2023-03-02,2,10
106830,4238,510,2023-11-03,2,5
106838,7104,196,2023-04-01,2,2
106846,8033,526,2023-06-09,1,0
106854,4624,389,2023-06-02,1,0
106871,1137,120,2023-11-12,1,0
106872,3501,258,2023-03-08,1,2
106883,6355,328,2023-11-04,5,2
106887,2484,592,2023-08-04,2,0
106891,9599,459,2023-10-10,1,2
106895,4989,372,2023-03-12,5,2
106905,1687,124,2023-03-09,3,5
106915,930,105,2023-09-07,2,0
106916,8088,307,2023-07-08,2,0
106920,3992,370,2023-11-06,3,0
106931,1850,591,2023-12-01,1,0
106933,5904,399,2023-08-04,2,0
106942,8595,416,2023-03-01,1,0
106945,8922,421,2023-08-08,1,0
106950,142,354,2023-12-11,2,0
106951,6131,192,2023-02-08,1,2
106953,1454,338,2023-05-08,3,2
106956,2140,127,2023-06-12,2,2
106957,1981,394,2023-08-09,1,0
106958,3292,364,2023-09-12,2,0
106962,7748,491,2023-09-07,2,20
106970,8675,319,2023-07-04,2,0
106978,6311,251,2023-01-07,1,5
106982,6715,126,2023-08-04,4,5
106987,6596,545,2023-06-12,1,10
106990,187,521,2023-01-11,1,0
107000,2470,224,2023-09-06,3,0
107001,6330,462,2023-06-07,4,0
107006,4999,326,2023-06-10,4,10
107015,7869,431,2023-05-08,3,0
107019,72,282,2023-02-06,1,0
107030,7769,318,2023-11-08,2,5
107035,4396,406,2023-08-09,4,0
107038,5285,540,2023-09-10,1,10
107039,172,592,2023-02-12,1,0
107051,9667,372,2023-08-01,3,5
107063,7185,476,2023-08-08,2,0
107068,1179,141,2023-10-12,1,2
107080,1933,366,2023-09-05,2,10
107090,3247,388,2023-10-03,2,10
107095,7032,338,2023-12-01,2,0
107110,8519,478,2023-01-07,4,15
107116,6735,381,2023-08-12,1,0
107129,4933,482,2023-01-10,2,0
107152,267,376,2023-05-02,3,0
107158,9281,503,2023-07-09,1,2
107173,7723,424,2023-07-10,3,2
107175,9521,205,2023-12-12,2,0
107178,6015,281,2023-06-07,5,0
107195,9809,115,2023-10-08,1,5
107200,6715,427,2023-03-10,1,0
107201,9046,183,2023-04-06,1,0
107223,2930,529,2023-02-04,2,0
107226,5276,247,2023-07-05,1,2
107227,6121,174,2023-03-09,1,0
107231,4567,272,2023-05-01,1,0
107233,2311,206,2023-11-06,1,2
107238,3040,392,2023-09-06,5,0
107245,2964,433,2023-01-08,1,10
107259,839,310,2023-07-10,1,10
107275,9232,221,2023-03-05,2,0
107284,6455,487,2023-05-09,1,5
107295,7296,211,2023-07-02,1,2
107301,5717,134,2023-01-09,2,15
107302,4470,367,2023-05-08,2,15
107303,2160,567,2023-03-03,2,2
107311,2553,584,2023-09-11,1,2
107312,8299,505,2023-04-07,4,2
107339,2211,145,2023-02-05,4,5
107352,6942,147,2023-06-01,2,0
107359,5299,257,2023-04-08,1,0
107360,8873,147,2023-11-05,1,0
107361,6538,465,2023-03-01,3,0
107363,4669,565,2023-08-06,5,5
107365,1933,120,2023-02-02,1,0
107374,1592,466,2023-12-05,1,2
107376,5790,492,2023-12-07,1,5
107397,5106,596,2023-02-07,1,10
107398,5042,291,2023-07-02,3,0
107400,2665,407,2023-11-08,2,5
107407,159,174,2023-05-06,1,0
107418,3936,577,2023-04-07,1,0
107423,5630,178,2023-02-10,3,5
107426,2397,261,2023-02-10,1,0
107431,7276,202,2023-09-02,3,10
107435,9743,432,2023-10-02,1,0
107440,3072,417,2023-09-12,1,5
107442,4327,476,2023-11-07,2,2
107445,9494,446,2023-10-02,2,0
107449,287,250,2023-04-05,3,2
107467,751,488,2023-01-08,4,5
107468,2735,291,2023-07-05,1,0
107471,4582,578,2023-09-09,2,0
107474,6837,272,2023-04-03,1,5
107477,6479,189,2023-10-08,4,0
107482,1515,206,2023-09-12,5,10
107487,2976,117,2023-06-02,1,2
107492,4027,284,2023-06-02,5,15
107493,3326,465,2023-02-11,3,0
107503,7113,315,2023-05-09,2,0
107505,121,425,2023-07-07,1,0
107507,5566,550,2023-01-11,3,5
107510,7382,268,2023-11-04,1,20
107514,6945,288,2023-01-12,5,0
107518,4773,336,2023-10-09,2,5
107520,3159,408,2023-06-09,1,0
107535,1020,158,2023-10-09,2,0
107544,1251,578,2023-11-12,4,0
107549,2117,465,2023-01-10,3,10
107566,3225,306,2023-11-09,1,10
107571,6343,566,2023-08-12,1,0
107577,7890,165,2023-04-10,3,15
107578,3031,439,2023-12-10,2,2
107579,2117,381,2023-10-03,1,10
107584,6394,272,2023-01-10,2,15
107589,8852,234,2023-06-07,2,0
107600,2124,537,2023-02-02,3,5
107618,4877,350,2023-08-06,2,0
107621,6110,278,2023-05-06,3,0
107625,6746,593,2023-12-05,1,0
107626,6537,151,2023-07-01,2,5
107631,4770,457,2023-03-10,4,0
107638,5420,307,2023-11-12,2,0
107640,779,344,2023-01-02,1,0
107644,3365,105,2023-06-09,3,0
107647,1105,279,2023-12-08,2,2
107653,2321,159,2023-11-03,1,0
107672,6713,154,2023-09-09,4,0
107679,5820,336,2023-10-10,3,0
107681,3261,424,2023-07-11,3,5
107683,2974,310,2023-06-02,1,10
107696,1513,500,2023-11-11,2,0
107697,2077,534,2023-03-02,1,0
107699,9993,551,2023-08-09,1,0
107702,8264,175,2023-06-08,2,0
107729,771,567,2023-09-06,1,2
107732,2122,353,2023-10-11,1,10
107753,4480,183,2023-10-09,3,10
107755,223,202,2023-02-10,1,0
107766,6434,295,2023-01-10,1,0
107770,1591,224,2023-03-04,2,0
107776,8752,461,2023-01-04,1,2
107782,9996,592,2023-02-06,3,0
107783,7311,336,2023-10-03,5,0
107788,4477,567,2023-01-06,5,2
107793,7892,356,2023-10-04,1,0
107801,3719,152,2023-01-05,4,0
107802,910,599,2023-09-09,1,0
107807,2397,157,2023-08-08,3,0
107819,5081,521,2023-08-01,1,0
107820,3153,595,2023-05-12,2,0
107829,7572,420,2023-11-01,2,0
107830,7748,419,2023-06-05,3,0
107844,7904,327,2023-01-07,3,0
107850,2590,568,2023-03-03,2,0
107865,2104,280,2023-11-03,2,2
107868,4658,191,2023-06-06,5,0
107869,4602,191,2023-05-11,1,0
107870,9262,359,2023-12-09,2,2
107879,1358,538,2023-01-03,1,0
107883,8823,495,2023-01-01,1,10
107909,2818,581,2023-09-04,5,0
107942,7580,424,2023-09-09,1,0
107960,8691,380,2023-06-12,3,0
107967,1816,489,2023-08-09,3,0
107968,456,127,2023-08-01,4,10
107970,9596,132,2023-07-04,1,2
107994,3903,239,2023-09-04,1,0
107997,1856,180,2023-07-10,1,0
108018,3337,209,2023-06-05,1,0
108022,9993,297,2023-06-01,4,5
108025,1584,310,2023-09-08,5,2
108034,3048,157,2023-11-08,3,0
108036,3625,595,2023-03-04,2,0
108039,6951,512,2023-04-03,1,5
108051,2,327,2023-06-08,1,0
108063,2613,354,2023-07-07,1,0
108073,2788,367,2023-11-08,1,5
108088,263,136,2023-07-11,2,10
108095,418,103,2023-04-08,1,0
108115,2075,194,2023-09-07,1,0
108134,4746,483,2023-07-04,1,2
108139,1746,116,2023-07-07,3,0
108140,5385,600,2023-04-11,1,0
108144,2232,186,2023-11-07,2,0
108154,1647,343,2023-01-04,3,0
108168,5648,155,2023-01-10,2,2
108172,7192,172,2023-11-10,4,10
108175,4160,192,2023-05-02,1,0
108176,9683,411,2023-01-01,1,0
108192,6211,129,2023-11-02,4,5
108195,3401,115,2023-02-07,4,0
108206,2197,263,2023-03-03,3,0
108217,9443,214,2023-01-06,4,5
108227,121,523,2023-06-05,2,5
108235,9647,458,2023-05-10,1,10
108240,6330,306,2023-10-07,4,2
108241,6575,488,2023-12-05,4,5
108247,8680,506,2023-02-02,3,10
108255,1112,143,2023-02-01,1,0
108266,1060,105,2023-03-03,3,10
108280,6199,153,2023-01-11,2,5
108288,6462,531,2023-03-01,1,5
108290,9458,327,2023-04-05,1,2
108292,5471,218,2023-09-08,1,2
108300,2979,555,2023-03-04,1,0
108306,1838,417,2023-07-03,2,0
108314,8208,207,2023-02-12,2,0
108322,3820,435,2023-07-07,3,2
108328,2442,143,2023-12-12,2,0
108329,3788,396,2023-05-05,1,0
108330,925,455,2023-06-03,1,0
108337,4146,121,2023-05-04,2,2
108339,2615,194,2023-04-04,2,0
108340,4720,454,2023-03-09,2,0
108341,7521,158,2023-11-07,1,2
108350,5393,332,2023-09-06,4,0
108360,6405,290,2023-06-04,2,0
108382,4686,292,2023-03-03,2,0
108385,6704,397,2023-08-08,2,0
108389,1404,516,2023-09-06,1,2
108397,9682,438,2023-05-09,2,0
108408,2279,499,2023-02-03,1,0
108412,5423,319,2023-08-07,1,10
108416,2484,377,2023-04-07,2,0
108418,6667,188,2023-05-02,4,0
108442,6065,204,2023-07-01,3,5
108451,4955,489,2023-10-01,1,0
108460,5765,512,2023-08-11,4,2
108469,8617,378,2023-03-12,1,0
108470,7269,231,2023-05-04,3,0
108473,6378,383,2023-12-09,3,0
108474,8357,486,2023-10-11,3,0
108475,7787,560,2023-10-02,1,5
108481,8332,500,2023-11-06,1,0
108485,4783,395,2023-12-06,1,10
108486,9422,326,2023-11-04,3,2
108490,4375,273,2023-04-01,5,0
108494,7295,592,2023-11-02,1,10
108496,7057,273,2023-11-02,1,2
108502,4382,371,2023-11-07,2,0
108515,4382,217,2023-06-02,1,0
108516,7938,497,2023-05-02,2,5
108517,9026,296,2023-06-09,2,2
108523,450,396,2023-06-12,1,0
108529,4614,296,2023-09-04,1,2
108531,2633,523,2023-11-04,1,0
108536,7946,359,2023-05-09,4,2
108541,9935,105,2023-08-10,1,0
108543,2860,582,2023-09-10,1,2
108548,5973,345,2023-09-06,2,0
108556,3533,526,2023-03-04,2,0
108564,542,114,2023-07-12,2,2
108567,7606,163,2023-06-05,1,2
108580,8213,192,2023-10-08,1,5
108582,3426,451,2023-11-02,2,0
108585,1612,295,2023-02-01,1,0
108589,7032,307,2023-10-07,1,0
108593,8103,225,2023-12-01,1,10
108595,8598,250,2023-11-05,4,0
108609,2,430,2023-11-10,2,10
108610,1065,543,2023-06-06,3,0
108617,6052,551,2023-06-03,3,5
108627,5331,461,2023-01-09,3,5
108638,3557,255,2023-07-07,1,0
108647,1404,399,2023-10-07,2,5
108657,7230,146,2023-01-09,1,0
108663,9751,587,2023-09-09,1,0
108666,9262,197,2023-01-05,1,0
108667,2107,507,2023-07-01,1,0
108668,8281,203,2023-08-12,2,20
108673,6897,155,2023-04-04,1,0
108676,8538,533,2023-07-05,1,0
108684,8382,438,2023-06-03,1,2
108700,6592,495,2023-07-06,3,0
108708,159,447,2023-04-07,3,0
108710,3219,379,2023-09-03,4,15
108717,6126,311,2023-03-06,1,0
108718,5699,184,2023-01-11,3,0
108728,977,300,2023-03-09,1,0
108734,7130,495,2023-08-02,2,5
108738,4771,190,2023-06-01,2,10
108740,4827,291,2023-07-05,1,2
108741,5350,289,2023-07-01,2,0
108744,5626,261,2023-09-03,2,20
108746,8539,498,2023-06-02,1,0
108750,3214,107,2023-06-07,3,0
108757,8535,564,2023-11-07,3,0
108761,5940,348,2023-04-08,5,0
108764,8757,326,2023-04-05,3,2
108791,2397,377,2023-02-09,2,0
108793,674,217,2023-05-09,5,10
108799,6878,301,2023-08-02,1,0
108814,5712,268,2023-11-10,1,0
108819,5706,174,2023-04-02,1,5
108820,819,499,2023-07-11,1,0
108822,3191,154,2023-06-07,2,5
108828,1981,269,2023-04-01,1,2
108829,8814,403,2023-01-12,4,10
108835,5130,214,2023-10-06,4,0
108836,736,570,2023-01-01,1,0
108844,1363,210,2023-07-03,2,5
108850,7315,116,2023-04-06,3,10
108853,2382,223,2023-11-07,1,5
108861,5702,383,2023-04-07,3,5
108862,5601,229,2023-04-05,2,0
108865,5319,275,2023-05-06,1,0
108868,5559,538,2023-05-07,2,2
108896,8965,183,2023-01-06,5,5
108901,4889,496,2023-03-12,3,0
108917,8946,174,2023-06-05,2,5
108920,2421,593,2023-08-06,2,0
108921,6264,311,2023-08-12,1,0
108923,5033,183,2023-08-03,3,0
108925,3365,188,2023-03-02,3,10
108928,8555,210,2023-07-12,4,0
108929,2528,101,2023-03-07,1,2
108933,9738,502,2023-05-09,1,10
108940,6918,448,2023-09-11,2,0
108942,2595,404,2023-02-02,3,0
108947,2577,192,2023-05-09,3,0
108953,6827,361,2023-06-11,2,0
108959,2585,388,2023-03-06,1,0
108960,9537,594,2023-11-04,1,5
108974,618,245,2023-04-10,2,0
108980,2091,389,2023-01-06,1,0
108984,6480,487,2023-06-08,2,0
108985,9380,173,2023-01-06,1,5
108988,5898,125,2023-10-03,2,2
108995,522,324,2023-09-07,3,0
108998,3086,439,2023-08-01,3,5
109012,5792,187,2023-01-02,1,0
109015,2442,277,2023-09-01,1,15
109016,6925,164,2023-02-10,4,15
109022,5541,369,2023-05-12,2,0
109023,9475,264,2023-12-08,4,0
109025,3915,440,2023-05-02,4,0
109027,5351,134,2023-08-04,1,0
109035,365,594,2023-06-07,1,10
109038,8232,368,2023-11-10,1,5
109049,6455,573,2023-03-07,5,0
109059,5630,383,2023-02-05,3,15
109065,8716,242,2023-01-09,1,0
109073,1885,421,2023-05-01,2,10
109077,565,496,2023-10-07,2,0
109078,8766,435,2023-01-02,2,0
109082,1904,447,2023-10-07,1,0
109084,4080,455,2023-02-07,1,10
109085,5569,446,2023-12-10,2,0
109093,2673,449,2023-12-06,2,10
109094,8356,354,2023-06-02,1,2
109107,7145,134,2023-06-08,1,0
109109,197,382,2023-02-02,4,0
109111,8621,286,2023-11-11,1,10
109125,4215,133,2023-04-09,2,0
109142,7926,145,2023-02-07,3,0
109148,7860,242,2023-03-12,2,5
109151,1218,361,2023-04-01,1,2
109152,1104,221,2023-10-05,2,2
109153,9949,520,2023-04-04,3,0
109155,1210,401,2023-12-01,1,15
109165,3810,206,2023-01-02,2,0
109180,1733,481,2023-11-06,3,2
109188,4864,222,2023-04-03,1,0
109193,3311,430,2023-11-05,2,5
109198,4174,216,2023-02-03,2,0
109201,4565,127,2023-09-06,1,2
109207,8108,219,2023-03-03,1,5
109208,5494,135,2023-02-08,1,0
109215,3955,367,2023-09-12,2,0
109220,9275,256,2023-06-12,1,0
109222,6816,389,2023-07-07,2,0
109233,8750,460,2023-08-05,1,0
109235,8589,587,2023-12-04,1,0
109236,6624,558,2023-11-12,4,0
109240,2421,364,2023-02-02,3,0
109247,5241,551,2023-03-06,2,0
109249,3401,403,2023-07-09,1,0
109254,9789,273,2023-09-09,2,0
109264,3405,136,2023-12-07,1,0
109272,6182,436,2023-07-10,2,15
109275,2925,570,2023-01-10,3,0
109280,7784,465,2023-05-02,2,2
109285,4072,347,2023-05-07,2,0
109288,2016,117,2023-04-02,3,5
109291,9251,202,2023-04-10,1,5
109300,2049,417,2023-09-07,1,2
109305,4381,240,2023-10-01,2,0
109311,8907,567,2023-05-03,1,0
109321,6568,360,2023-02-02,4,5
109324,3804,270,2023-11-06,1,0
109331,5695,525,2023-02-08,2,5
109338,5885,389,2023-07-10,1,5
109340,7409,377,2023-10-06,3,0
109347,5305,372,2023-08-10,1,5
109358,9058,530,2023-10-05,1,5
109361,3893,472,2023-06-11,2,0
109366,1848,380,2023-03-06,2,0
109367,4719,172,2023-08-01,1,0
109373,4539,282,2023-01-01,1,0
109377,3164,225,2023-11-08,4,2
109385,9465,211,2023-09-07,1,15
109419,3011,193,2023-06-10,3,20
109421,8819,239,2023-02-04,1,2
109429,8249,343,2023-09-05,5,0
109449,7281,426,2023-09-06,1,2
109457,5449,393,2023-11-11,2,0
109473,3104,242,2023-10-07,1,0
109482,2802,466,2023-06-04,3,5
109487,8364,147,2023-12-01,1,0
109489,3507,355,2023-04-09,4,0
109517,1378,267,2023-05-08,3,0
109527,6338,245,2023-06-07,1,0
109540,4025,506,2023-02-10,1,10
109544,5877,292,2023-03-12,2,2
109558,9628,307,2023-07-07,1,0
109564,5077,107,2023-06-05,3,0
109585,6337,516,2023-04-04,1,15
109586,4165,351,2023-12-08,3,0
109600,8289,501,2023-06-05,2,2
109601,7072,268,2023-01-03,2,0
109602,9809,377,2023-02-12,1,5
109618,7365,383,2023-01-09,2,0
109626,5850,467,2023-11-01,1,5
109628,7279,195,2023-01-04,4,2
109633,9828,448,2023-12-06,1,0
109649,9945,439,2023-03-10,3,5
109650,2056,426,2023-08-01,4,10
109675,542,597,2023-11-09,5,0
109687,786,351,2023-04-05,3,2
109689,3008,598,2023-10-02,3,2
109696,4266,106,2023-01-01,1,0
109699,1986,330,2023-11-01,3,0
109708,5189,160,2023-09-04,1,0
109730,3948,439,2023-08-10,3,5
109731,9096,209,2023-10-08,1,10
109740,7863,445,2023-08-08,1,0
109744,4739,346,2023-09-01,3,0
109746,3162,419,2023-04-09,1,0
109749,9668,479,2023-03-06,1,15
109752,5540,537,2023-08-08,2,10
109760,259,277,2023-11-01,1,0
109763,5087,507,2023-10-07,1,0
109765,6729,588,2023-03-11,3,0
109770,1305,178,2023-03-05,4,15
109774,1466,427,2023-02-05,2,0
109777,4139,365,2023-07-02,1,5
109785,5135,158,2023-06-04,2,0
109795,1153,227,2023-12-06,1,5
109800,2335,118,2023-06-12,2,0
109805,450,330,2023-09-09,1,2
109822,8308,406,2023-01-04,4,2
109825,5499,232,2023-07-12,2,0
109840,2162,598,2023-05-08,5,5
109841,8834,557,2023-02-06,1,5
109842,8284,475,2023-08-09,1,0
109843,6812,413,2023-07-05,1,0
109851,7490,474,2023-01-12,1,0
109864,4952,501,2023-05-02,1,0
109868,7388,253,2023-06-02,1,0
109872,4999,331,2023-06-04,1,5
109889,350,535,2023-04-10,1,2
109897,7670,566,2023-10-02,1,0
109919,5140,293,2023-03-12,1,2
109930,4041,392,2023-08-05,3,0
109931,5528,498,2023-05-03,1,0
109936,278,571,2023-07-04,3,0
109940,8681,321,2023-11-01,4,20
109946,6720,158,2023-08-03,1,0
109953,7674,312,2023-06-02,1,0
109957,1038,595,2023-11-11,1,0
109958,3840,267,2023-06-02,1,0
109966,2448,469,2023-07-01,1,0
109970,9436,373,2023-11-12,2,0
109978,5494,513,2023-04-03,2,0
109982,658,543,2023-01-10,1,0
109985,28,537,2023-12-10,3,10
109992,457,402,2023-03-03,2,0
109997,1588,263,2023-03-01,1,10
110000,1138,377,2023-07-04,2,0
110003,9809,552,2023-01-09,1,0
110008,8858,265,2023-05-02,1,5
110014,7644,169,2023-06-04,1,0
110018,5942,449,2023-12-11,1,0
110023,430,335,2023-02-01,2,20
110025,2048,438,2023-01-11,2,15
110026,8903,280,2023-12-08,4,15
110030,3691,529,2023-01-02,1,0
110031,6122,511,2023-03-08,1,0
110033,1932,481,2023-07-12,2,0
110034,7812,174,2023-05-08,1,0
110038,6488,569,2023-06-01,2,10
110043,348,224,2023-02-06,4,20
110044,4112,118,2023-11-03,1,0
110045,2595,548,2023-06-08,1,0
110046,3805,172,2023-12-07,2,5
110049,9788,216,2023-11-09,2,0
110060,5087,349,2023-01-03,1,0
110064,3213,238,2023-09-06,1,10
110076,8634,546,2023-02-07,5,0
110078,3358,143,2023-11-05,3,0
110083,8115,432,2023-12-01,2,0
110087,3169,195,2023-08-08,3,0
110089,6199,539,2023-04-10,3,0
110092,6165,162,2023-11-03,3,0
110094,565,196,2023-04-01,1,2
110107,9190,413,2023-12-10,2,2
110115,5140,524,2023-10-08,1,0
110119,1515,135,2023-05-09,2,5
110124,7678,544,2023-09-02,1,0
110133,2197,584,2023-04-02,1,5
110147,9297,394,2023-03-05,4,0
110158,145,451,2023-10-08,1,5
110169,8746,228,2023-09-08,2,0
110175,8299,536,2023-08-04,2,0
110186,6636,552,2023-05-06,1,0
110187,9938,472,2023-02-03,1,0
110190,3631,577,2023-12-08,3,0
110196,7893,375,2023-02-06,1,0
110201,3557,568,2023-05-01,3,2
110207,4557,391,2023-03-04,2,0
110224,358,267,2023-04-03,1,0
110225,8999,127,2023-07-12,3,0
110228,4690,543,2023-03-04,4,2
110236,9363,365,2023-05-11,1,0
110238,5415,284,2023-04-06,1,15
110240,9462,104,2023-06-11,1,10
110241,8824,384,2023-01-04,1,0
110247,2395,382,2023-03-09,1,5
110250,9462,386,2023-03-08,2,0
110253,1447,260,2023-07-08,2,0
110260,2302,481,2023-10-12,5,15
110286,5071,515,2023-10-02,2,5
110288,962,150,2023-05-01,3,0
110303,6399,401,2023-09-05,3,10
110308,5331,383,2023-02-11,2,5
110309,7276,419,2023-11-03,2,2
110318,5389,491,2023-08-04,1,0
110322,330,544,2023-02-12,1,0
110338,6046,103,2023-07-05,3,2
110339,5920,160,2023-04-08,2,2
110349,9719,346,2023-07-07,1,10
110350,6132,234,2023-07-09,1,2
110355,9793,262,2023-08-06,4,0
110357,9184,150,2023-10-09,2,0
110378,4215,300,2023-04-01,3,0
110402,7100,476,2023-04-05,3,5
110411,1505,270,2023-06-03,1,0
110414,7550,446,2023-11-03,1,10
110417,6507,296,2023-08-03,2,10
110424,4674,411,2023-09-12,2,10
110425,4746,483,2023-10-10,2,0
110428,9200,292,2023-08-03,1,15
110434,926,596,2023-06-01,1,5
110444,5681,359,2023-08-11,3,0
110446,3397,161,2023-02-01,2,0
110450,6903,352,2023-09-02,1,0
110454,8894,428,2023-09-08,3,0
110469,7022,338,2023-07-10,4,2
110486,6532,217,2023-01-05,3,15
110490,7781,193,2023-02-04,5,5
110495,1437,562,2023-03-11,1,0
110507,4272,235,2023-11-04,2,10
110526,3479,213,2023-10-02,3,0
110528,8443,555,2023-10-10,3,0
110530,3270,406,2023-03-05,2,0
110531,8443,548,2023-10-10,3,10
110542,6627,302,2023-02-01,4,2
110557,1099,582,2023-10-07,5,2
110571,5393,335,2023-01-06,1,0
110592,2714,566,2023-06-08,3,2
110604,5796,372,2023-10-10,1,0
110605,8927,185,2023-11-08,1,2
110606,3222,236,2023-01-06,1,5
110610,1574,239,2023-10-09,3,0
110614,6945,333,2023-10-12,1,0
110615,1401,436,2023-08-07,2,0
110618,2905,173,2023-11-06,4,0
110626,4087,239,2023-03-10,1,2
110630,8655,114,2023-11-09,3,2
110633,7375,577,2023-11-04,1,0
110639,8730,201,2023-07-09,1,0
110641,3409,108,2023-08-12,1,0
110642,4372,522,2023-10-07,1,0
110647,8437,200,2023-03-04,1,0
110650,4303,269,2023-02-10,3,2
110653,4821,493,2023-08-07,2,0
110654,3928,318,2023-11-03,3,0
110671,6036,215,2023-03-09,1,0
110672,5909,265,2023-08-02,1,0
110674,8369,491,2023-10-10,2,5
110678,5344,233,2023-08-08,1,2
110696,9884,495,2023-01-05,5,0
110697,6334,313,2023-11-01,5,20
110706,7541,359,2023-09-02,1,0
110708,522,414,2023-03-06,2,0
110710,773,325,2023-02-08,2,15
110738,396,122,2023-03-12,3,10
110740,8576,508,2023-07-02,2,0
110744,2210,465,2023-04-12,1,10
110745,7981,244,2023-02-09,4,10
110746,2090,452,2023-08-01,4,2
110765,8703,219,2023-11-07,1,5
110772,1727,452,2023-04-05,3,0
110773,1763,117,2023-06-02,2,2
110798,5385,370,2023-02-05,2,0
110799,9085,186,2023-07-09,4,0
110801,7454,397,2023-09-11,1,0
110807,7235,440,2023-05-08,2,15
110819,7002,348,2023-05-10,1,0
110833,6480,304,2023-11-07,2,10
110844,1794,313,2023-03-01,1,0
110871,8835,152,2023-03-10,3,2
110878,1198,313,2023-01-04,3,0
110885,6762,417,2023-09-05,3,0
110895,489,267,2023-01-06,4,0
110907,1121,245,2023-11-09,1,0
110915,2522,284,2023-01-05,1,0
110918,1672,403,2023-09-12,4,0
110923,3594,532,2023-11-04,3,2
110928,5509,427,2023-10-09,1,0
110930,3069,280,2023-04-12,1,10
110936,6651,507,2023-08-01,1,5
110942,4637,332,2023-03-10,3,0
110943,5602,285,2023-09-11,3,2
110957,9056,215,2023-06-04,4,2
110963,869,270,2023-04-12,3,0
110966,9905,331,2023-03-08,1,0
110968,9226,120,2023-09-09,5,0
110970,5233,351,2023-02-03,2,5
110973,3173,251,2023-03-10,2,5
110982,5707,141,2023-08-05,3,0
110986,6012,460,2023-12-07,2,0
110988,6166,587,2023-11-05,2,0
110990,256,196,2023-08-12,3,0
110994,6929,478,2023-05-02,1,5
110996,565,556,2023-09-07,1,5
110998,5317,551,2023-11-10,1,0
111005,582,460,2023-10-02,1,0
111006,6910,451,2023-03-07,1,0
111009,4540,144,2023-01-12,3,0
111010,1437,179,2023-04-11,1,0
111018,2722,295,2023-07-05,1,2
111020,4655,351,2023-07-03,1,2
111023,3703,344,2023-08-02,4,0
111028,9361,198,2023-09-08,3,0
111041,3947,197,2023-08-04,1,2
111057,8343,517,2023-11-03,2,0
111058,7104,102,2023-10-11,3,0
111079,1060,153,2023-04-06,3,10
111082,3701,512,2023-05-01,1,2
111095,4630,242,2023-02-03,1,0
111096,4145,499,2023-03-06,3,15
111097,5630,494,2023-04-07,1,10
111099,6903,174,2023-12-06,1,0
111114,9685,543,2023-12-11,1,0
111115,8108,530,2023-08-04,5,5
111129,9688,546,2023-07-08,1,0
111131,5079,455,2023-06-05,2,0
111137,5407,573,2023-03-07,2,5
111165,8983,369,2023-06-07,3,0
111174,9004,394,2023-10-05,2,2
111178,4727,409,2023-09-10,2,0
111191,187,205,2023-06-07,2,2
111208,6917,161,2023-07-06,1,0
111224,5701,297,2023-10-01,2,0
111226,1560,383,2023-01-12,1,0
111274,5070,434,2023-03-12,1,0
111277,9628,144,2023-05-12,3,0
111285,5685,185,2023-01-10,1,0
111287,5369,131,2023-07-04,4,10
111290,4679,531,2023-08-03,1,0
111305,9633,274,2023-11-02,2,0
111313,4469,331,2023-07-09,4,0
111326,6966,397,2023-09-10,1,2
111337,6411,356,2023-01-09,1,10
111342,8261,416,2023-01-02,3,15
111343,5481,569,2023-09-05,3,0
111357,6131,525,2023-01-02,2,0
111358,357,446,2023-08-07,2,5
111361,2712,260,2023-09-04,4,5
111368,2176,563,2023-06-01,3,10
111378,6169,226,2023-04-07,1,10
111386,9954,248,2023-11-01,3,0
111387,3915,299,2023-02-08,3,0
111390,2333,104,2023-08-06,1,0
111392,4660,499,2023-12-01,1,0
111408,9819,524,2023-03-08,3,0
111419,497,466,2023-06-12,2,0
111434,5202,249,2023-02-04,1,0
111446,6356,436,2023-06-03,1,0
111455,7953,391,2023-10-12,1,0
111456,3316,106,2023-09-02,1,0
111458,3942,493,2023-12-08,3,0
111459,6397,199,2023-08-02,2,0
111462,2712,408,2023-11-07,5,0
111473,7352,253,2023-09-09,1,0
111474,441,440,2023-09-08,1,0
111487,2454,320,2023-01-08,2,0
111491,2707,355,2023-09-02,2,0
111492,6299,383,2023-07-04,4,0
111499,2822,347,2023-12-04,3,0
111504,9436,172,2023-11-11,1,0
111505,8342,349,2023-04-09,2,0
111517,3831,194,2023-10-02,1,0
111522,6316,104,2023-07-02,5,0
111529,8873,579,2023-10-11,5,0
111535,6908,154,2023-08-02,2,5
111538,4850,311,2023-04-07,3,15
111539,5310,535,2023-12-07,1,0
111543,1649,117,2023-12-05,1,0
111544,5358,409,2023-08-08,1,0
111554,3820,551,2023-05-04,4,5
111555,5327,372,2023-02-12,4,5
111565,3511,555,2023-09-06,1,5
111573,8849,316,2023-10-11,1,0
111582,5878,339,2023-04-08,3,0
111588,9236,403,2023-04-10,2,0
111597,3727,247,2023-09-06,3,0
111598,3362,255,2023-06-11,1,0
111600,3364,563,2023-01-08,4,0
111609,198,598,2023-10-08,1,5
111619,1546,479,2023-09-01,1,0
111621,5931,517,2023-04-12,2,2
111622,9541,114,2023-02-12,3,0
111630,5159,372,2023-05-02,1,10
111638,1934,147,2023-07-03,1,5
111644,3901,430,2023-12-04,1,0
111646,6501,286,2023-09-04,1,0
111648,9487,436,2023-12-04,1,15
111657,7773,290,2023-01-01,2,0
111658,9871,418,2023-10-09,2,2
111662,1550,371,2023-07-04,4,0
111672,1407,490,2023-09-03,2,0
111674,1911,500,2023-04-06,1,0
111676,5436,145,2023-07-09,1,2
111678,2782,106,2023-06-10,1,2
111686,8753,333,2023-12-09,4,10
111689,7893,237,2023-11-03,1,5
111695,273,249,2023-12-07,4,0
111705,2219,227,2023-08-06,3,0
111707,3243,116,2023-06-08,3,10
111709,7517,187,2023-05-12,4,10
111716,2642,502,2023-02-07,2,0
111726,3615,516,2023-06-02,1,0
111734,1455,118,2023-02-06,3,5
111773,6839,461,2023-06-08,1,0
111775,2418,123,2023-09-12,3,20
111781,3703,188,2023-05-03,1,10
111798,5524,549,2023-08-01,3,0
111801,7623,365,2023-04-04,1,0
111805,8917,331,2023-02-11,2,15
111815,6537,251,2023-04-06,1,5
111817,5993,150,2023-03-03,5,10
111826,9146,271,2023-07-05,2,0
111827,7531,278,2023-04-09,1,5
111829,5051,292,2023-12-09,3,0
111837,842,315,2023-10-09,1,0
111845,3821,434,2023-02-12,1,0
111859,5071,424,2023-12-03,1,0
111860,7070,284,2023-05-01,3,5
111872,5152,597,2023-05-04,1,0
111876,6153,111,2023-02-03,1,0
111879,7672,143,2023-03-06,1,0
111887,916,267,2023-04-12,2,2
111888,6079,230,2023-09-01,3,5
111895,6514,110,2023-05-09,3,0
111905,420,178,2023-12-11,2,5
111912,5436,529,2023-06-01,2,0
111915,8424,343,2023-12-05,2,15
111923,6869,492,2023-09-03,1,0
111932,7620,433,2023-03-06,1,2
111945,4719,433,2023-12-10,1,10
111946,4369,428,2023-05-08,1,2
111953,2013,490,2023-09-11,3,2
111959,5111,275,2023-09-10,3,10
111960,6028,152,2023-12-11,2,5
111963,3434,148,2023-02-02,1,10
111966,7209,332,2023-02-05,1,0
111970,7093,106,2023-02-01,2,2
111971,3641,344,2023-06-03,2,10
111977,1992,527,2023-08-02,1,10
111992,9359,318,2023-01-11,1,0
111995,907,587,2023-10-06,1,2
112000,6707,509,2023-01-06,1,0
112008,4555,177,2023-03-07,1,10
112009,3684,168,2023-03-06,1,10
112026,2981,390,2023-06-07,2,5
112027,6367,518,2023-01-03,4,2
112038,1094,506,2023-02-09,1,0
112040,6401,207,2023-01-06,1,10
112051,6636,578,2023-07-03,1,0
112065,7748,331,2023-07-09,1,0
112076,3311,124,2023-07-05,4,0
112078,5397,462,2023-04-01,3,0
112082,8593,406,2023-07-11,1,0
112087,3405,504,2023-08-11,2,0
112096,5565,129,2023-01-06,1,2
112103,4370,189,2023-06-07,2,0
112105,3314,127,2023-11-02,1,5
112113,9513,442,2023-07-05,5,0
112114,8465,183,2023-05-01,3,0
112121,8142,294,2023-08-08,1,0
112123,5633,504,2023-04-03,4,5
112132,147,239,2023-01-04,1,0
112135,4174,300,2023-10-08,1,10
112143,8912,182,2023-05-07,1,0
112150,2922,336,2023-05-11,1,0
112186,7234,592,2023-07-02,2,0
112199,3192,146,2023-10-05,2,10
112217,4266,476,2023-08-05,2,0
112222,1767,563,2023-04-02,2,2
112227,3816,189,2023-01-05,5,5
112246,1035,366,2023-10-11,2,5
112247,8080,474,2023-09-11,4,0
112252,2766,582,2023-12-08,2,0
112254,9219,565,2023-01-01,1,0
112256,8388,299,2023-07-05,3,0
112284,2538,119,2023-07-12,2,15
112285,9027,245,2023-10-07,1,2
112292,6501,372,2023-01-11,1,0
112302,9349,430,2023-02-12,4,0
112319,6608,482,2023-04-09,1,5
112320,5982,405,2023-09-02,1,5
112322,1612,495,2023-04-04,2,2
112325,7632,524,2023-12-11,2,2
112333,240,260,2023-09-07,2,0
112345,1698,224,2023-01-06,1,15
112354,4128,346,2023-08-06,1,0
112363,5455,211,2023-01-07,5,5
112366,96,494,2023-07-01,3,0
112371,605,465,2023-01-10,1,0
112385,5699,550,2023-07-03,2,5
112396,1404,291,2023-04-12,4,2
112418,6199,279,2023-05-09,3,0
112419,3348,434,2023-03-03,1,20
112435,869,441,2023-01-07,1,5
112446,5338,217,2023-11-04,1,2
112451,1797,266,2023-10-09,1,2
112466,920,297,2023-08-04,3,0
112477,1933,212,2023-05-07,4,0
112493,2315,581,2023-07-03,4,0
112507,9173,130,2023-04-07,2,0
112512,2673,454,2023-12-05,1,5
112515,1637,579,2023-12-07,1,2
112522,7239,340,2023-11-03,2,0
112543,3368,465,2023-04-10,2,5
112544,5215,415,2023-06-01,4,0
112553,8931,127,2023-06-12,1,0
112556,3222,561,2023-10-07,3,0
112561,3577,215,2023-04-05,5,5
112565,3703,251,2023-12-03,3,5
112569,7226,231,2023-02-08,1,0
112572,4315,459,2023-12-05,1,10
112579,8541,111,2023-05-12,3,0
112580,2268,304,2023-07-08,1,5
112582,3829,315,2023-02-08,3,2
112589,6564,408,2023-02-03,5,0
112590,8299,201,2023-10-03,1,0
112598,1266,571,2023-02-10,1,0
112602,6132,535,2023-06-07,2,0
112603,4774,514,2023-04-10,1,2
112604,6712,587,2023-07-11,1,15
112608,6956,414,2023-04-05,4,10
112615,5232,241,2023-11-02,1,0
112618,2232,324,2023-05-02,3,2
112632,8037,493,2023-12-06,2,0
112633,6343,216,2023-10-01,1,0
112644,6220,281,2023-10-02,1,0
112646,1661,565,2023-12-02,2,2
112649,5284,442,2023-09-06,5,0
112652,6182,484,2023-10-12,1,0
112657,7008,225,2023-10-10,3,0
112661,7221,324,2023-02-12,2,2
112674,8159,312,2023-01-05,3,10
112681,3627,177,2023-12-02,1,0
112686,7375,395,2023-08-12,1,2
112688,1831,302,2023-06-11,5,0
112690,5564,296,2023-10-09,1,2
112693,8226,383,2023-04-09,4,0
112697,1887,394,2023-11-06,1,5
112699,2981,265,2023-07-04,5,5
112718,5504,280,2023-02-12,1,2
112719,7126,373,2023-08-03,4,15
112720,8089,297,2023-05-10,5,2
112721,2694,255,2023-10-04,1,2
112728,2837,568,2023-05-08,1,15
112734,1154,101,2023-06-06,2,0
112735,1562,428,2023-12-07,3,0
112736,2264,545,2023-03-01,2,0
112740,7501,125,2023-04-06,1,0
112742,8092,230,2023-04-07,1,0
112744,5618,345,2023-09-03,4,0
112746,3631,484,2023-08-02,3,0
112750,6395,587,2023-08-06,1,2
112753,3018,356,2023-02-05,1,0
112764,5537,140,2023-06-06,1,0
112765,6166,299,2023-06-05,3,0
112770,8364,349,2023-11-03,3,0
112783,9444,564,2023-12-02,1,2
112784,7160,393,2023-08-10,3,20
112787,3126,207,2023-10-03,1,0
112789,8002,299,2023-07-01,3,0
112790,2494,428,2023-12-11,2,0
112796,2490,293,2023-05-09,1,0
112804,1622,367,2023-10-04,1,0
112807,7123,377,2023-07-01,1,2
112808,2515,577,2023-04-11,3,0
112820,8229,170,2023-03-09,2,5
112821,1623,338,2023-07-11,2,0
112823,2104,439,2023-06-10,2,0
112827,5766,379,2023-03-01,2,2
112829,8651,538,2023-08-06,1,0
112833,6153,586,2023-09-09,1,5
112835,3623,485,2023-01-04,1,2
112845,4041,161,2023-08-03,5,0
112866,7291,101,2023-04-01,1,2
112868,3679,345,2023-06-01,1,10
112870,3663,284,2023-08-10,3,0
112871,5528,218,2023-06-01,1,0
112872,29,566,2023-07-07,2,0
112877,7744,558,2023-01-09,3,0
112878,7938,565,2023-03-07,1,5
112887,829,154,2023-02-07,1,5
112903,6948,145,2023-12-03,1,5
112908,467,459,2023-06-09,3,0
112913,2113,483,2023-03-05,4,0
112925,2506,419,2023-10-05,1,2
112936,6104,267,2023-11-01,2,0
112951,4877,286,2023-01-02,2,5
112959,9022,115,2023-06-03,2,2
112977,6549,595,2023-11-02,2,0
112988,6834,175,2023-11-01,1,0
113002,9579,399,2023-07-11,2,0
113003,4623,271,2023-11-03,5,0
113004,9533,134,2023-12-07,1,10
113009,3592,161,2023-03-08,1,0
113013,447,270,2023-12-11,2,0
113027,7550,368,2023-06-10,1,0
113032,2056,275,2023-12-11,1,10
113034,309,515,2023-02-12,2,10
113037,8867,335,2023-08-02,1,0
113040,2837,475,2023-02-12,2,2
113041,1121,367,2023-05-11,5,5
113048,5802,216,2023-12-02,2,0
113062,1868,454,2023-02-12,1,0
113068,1601,213,2023-09-10,1,2
113072,3164,498,2023-01-08,3,0
113077,7152,509,2023-11-05,1,5
113086,1278,567,2023-07-01,1,0
113094,6531,292,2023-04-09,3,0
113098,4368,599,2023-02-03,1,0
113101,7933,361,2023-09-07,4,0
113106,7022,219,2023-12-06,1,0
113113,892,306,2023-08-03,2,0
113119,8503,317,2023-12-05,1,5
113126,578,560,2023-05-12,3,2
113130,3425,523,2023-07-10,4,20
113134,7454,571,2023-12-10,1,0
113142,4959,547,2023-02-11,2,0
113144,3128,251,2023-12-08,1,0
113163,8639,305,2023-08-07,1,0
113170,2072,442,2023-01-12,2,0
113177,793,161,2023-06-04,1,10
113178,1243,376,2023-12-11,4,2
113180,3124,275,2023-01-07,2,0
113181,4655,320,2023-06-08,3,0
113182,2788,239,2023-02-03,4,0
113189,8907,129,2023-10-04,3,0
113195,6384,232,2023-11-05,4,0
113202,3701,318,2023-03-01,1,0
113214,4468,199,2023-07-04,4,5
113229,4215,473,2023-07-10,2,2
113232,3,189,2023-08-01,3,5
113241,5776,261,2023-02-09,1,5
113254,8081,111,2023-06-10,1,5
113260,1024,384,2023-07-05,1,0
113261,29,363,2023-09-03,1,5
113266,8983,594,2023-07-05,3,10
113270,7934,460,2023-03-09,3,0
113273,551,303,2023-01-02,1,0
113288,1860,259,2023-07-11,3,0
113292,7002,458,2023-01-04,2,0
113293,9888,575,2023-02-04,1,0
113299,6837,550,2023-02-12,1,10
113306,4372,527,2023-06-06,3,10
113310,2022,383,2023-07-08,3,0
113314,910,420,2023-10-12,1,0
113322,9699,313,2023-12-11,3,2
113330,5265,173,2023-02-01,2,0
113337,8108,281,2023-04-12,1,5
113344,420,531,2023-10-09,1,5
113348,2925,517,2023-03-11,1,0
113349,1528,546,2023-09-09,1,15
113353,8472,385,2023-05-04,2,0
113355,5993,358,2023-10-05,3,0
113367,7294,170,2023-11-12,2,5
113368,6024,472,2023-11-01,3,15
113370,7844,111,2023-05-03,1,0
113379,3484,339,2023-06-02,2,5
113380,7079,554,2023-04-05,1,0
113387,2965,379,2023-07-01,3,0
113390,6531,325,2023-08-07,3,5
113392,7849,381,2023-02-04,1,10
113405,154,231,2023-03-08,5,5
113418,6021,336,2023-10-04,3,5
113421,7380,553,2023-06-11,3,0
113430,4426,198,2023-10-11,2,0
113443,7296,562,2023-02-02,4,0
113450,2318,173,2023-05-08,2,5
113451,9316,414,2023-06-05,3,10
113456,4233,338,2023-01-05,2,5
113462,1767,433,2023-04-07,4,2
113473,4267,227,2023-06-01,2,2
113476,5182,421,2023-02-04,1,0
113482,8196,420,2023-01-01,1,0
113485,5205,365,2023-05-06,1,0
113489,9390,253,2023-11-02,1,0
113495,8595,465,2023-01-11,3,0
113503,7606,171,2023-10-08,3,5
113506,9720,353,2023-08-12,2,0
113512,8064,265,2023-12-04,5,0
113528,625,529,2023-06-05,2,15
113539,9061,394,2023-11-08,5,15
113546,5942,183,2023-04-03,2,0
113559,6838,173,2023-03-10,2,0
113560,6377,523,2023-11-06,2,2
113571,3787,126,2023-07-07,1,0
113575,8284,292,2023-08-03,2,2
113576,7197,481,2023-09-11,2,2
113580,884,370,2023-05-05,2,2
113583,3646,539,2023-06-07,5,0
113596,7294,126,2023-12-03,1,0
113607,7574,494,2023-09-08,1,10
113608,4612,151,2023-09-07,2,0
113612,1453,596,2023-12-01,1,0
113623,6452,491,2023-09-03,3,0
113632,1408,482,2023-10-12,1,0
113638,4240,163,2023-07-02,1,0
113643,8084,336,2023-07-07,1,5
113645,4049,368,2023-08-11,2,0
113663,4878,284,2023-05-04,4,0
113668,829,533,2023-10-07,3,10
113677,9419,356,2023-01-03,1,10
113678,3125,369,2023-02-11,4,0
113682,1973,283,2023-05-09,1,0
113687,8641,108,2023-03-04,1,0
113695,3067,571,2023-12-07,1,0
113704,5658,262,2023-07-10,1,2
113720,1513,125,2023-08-08,1,0
113727,8284,259,2023-04-06,1,0
113735,4476,468,2023-08-05,1,0
113739,7234,579,2023-04-10,3,0
113743,253,171,2023-06-10,3,0
113759,6270,476,2023-03-12,1,0
113761,5472,488,2023-11-12,3,0
113767,3603,156,2023-09-12,1,0
113769,4916,249,2023-10-03,2,0
113776,5601,180,2023-03-10,4,2
113806,705,351,2023-07-07,1,0
113807,52,513,2023-04-07,1,0
113809,5681,488,2023-02-10,3,5
113811,157,212,2023-05-08,2,2
113812,5347,365,2023-08-03,3,0
113815,9156,252,2023-04-10,1,5
113817,5509,486,2023-01-10,1,5
113819,8911,530,2023-07-07,5,20
113826,1542,521,2023-01-11,4,0
113830,5652,457,2023-10-10,2,0
113835,2301,453,2023-05-11,1,0
113841,2441,119,2023-06-11,2,0
113843,2282,460,2023-10-01,2,0
113850,3868,515,2023-09-06,1,2
113852,1933,134,2023-01-09,1,0
113881,3542,203,2023-01-08,1,5
113884,2399,535,2023-11-10,1,0
113896,5210,342,2023-04-06,2,5
113897,4818,228,2023-06-12,1,5
113909,2424,426,2023-11-07,2,15
113918,580,171,2023-12-08,1,5
113925,5543,458,2023-10-01,1,0
113929,2012,558,2023-12-05,1,10
113931,8494,399,2023-04-04,1,0
113937,8994,488,2023-11-06,2,0
113939,2714,513,2023-07-07,1,2
113947,5343,213,2023-01-07,3,5
113958,1143,182,2023-05-08,4,2
113970,9124,497,2023-04-01,1,10
113972,705,459,2023-12-07,2,10
113974,3631,404,2023-01-09,2,5
113977,9888,103,2023-05-06,5,0
113985,5426,258,2023-03-03,3,0
113987,5415,569,2023-01-12,3,15
113997,2395,432,2023-03-08,2,5
114005,5395,380,2023-02-12,1,0
114007,8705,213,2023-09-01,3,0
114017,5831,549,2023-08-06,1,0
114022,3270,203,2023-02-08,2,0
114032,2470,361,2023-06-07,3,5
114038,2175,144,2023-01-02,2,0
114054,9896,558,2023-07-08,2,0
114070,253,191,2023-09-03,1,0
114071,5990,416,2023-05-03,3,0
114082,8764,554,2023-07-12,3,2
114083,7413,263,2023-12-01,1,15
114087,5251,236,2023-02-11,3,0
114094,3047,433,2023-07-08,3,0
114101,2284,338,2023-01-04,1,0
114113,2153,180,2023-04-11,5,0
114115,3130,299,2023-07-11,1,2
114118,8858,169,2023-11-02,2,2
114126,9746,483,2023-10-02,1,0
114127,7413,160,2023-11-06,2,0
114134,2899,484,2023-04-06,2,0
114137,553,323,2023-11-05,1,2
114142,6096,521,2023-02-07,2,5
114143,6682,273,2023-03-03,1,5
114158,5169,533,2023-06-03,1,15
114166,2901,553,2023-03-06,2,2
114170,2899,550,2023-05-05,1,0
114180,2396,111,2023-08-04,1,0
114181,7893,169,2023-08-05,3,2
114184,4237,230,2023-10-06,3,2
114193,6387,348,2023-04-12,1,5
114198,5747,180,2023-12-04,1,5
114216,9752,378,2023-10-01,1,0
114222,9988,386,2023-02-06,5,2
114230,8842,499,2023-05-09,1,5
114232,655,390,2023-02-08,1,2
114235,3475,333,2023-12-10,1,0
114236,6720,412,2023-12-07,2,0
114251,3137,357,2023-08-09,5,0
114255,6142,348,2023-04-04,1,5
114266,181,198,2023-03-03,1,5
114282,6950,147,2023-06-03,1,2
114288,2706,493,2023-08-08,2,0
114290,4103,260,2023-12-02,1,15
114301,8007,313,2023-01-07,2,0
114309,96,274,2023-09-09,1,5
114316,602,123,2023-01-10,3,5
114329,7616,537,2023-11-05,1,0
114330,8465,117,2023-10-02,2,10
114348,4946,467,2023-12-04,2,0
114353,6852,157,2023-08-12,1,5
114360,456,125,2023-10-07,3,0
114361,7022,108,2023-04-10,4,0
114363,3492,217,2023-06-05,3,2
114370,8162,492,2023-05-02,2,0
114377,6575,248,2023-05-08,2,5
114381,3701,439,2023-03-01,1,0
114382,5699,134,2023-08-05,4,5
114387,7962,440,2023-02-11,3,20
114389,4875,191,2023-10-09,1,2
114390,7928,541,2023-04-10,2,0
114409,168,156,2023-06-11,1,0
114414,4661,447,2023-07-01,1,0
114416,1253,142,2023-02-01,1,0
114423,28,465,2023-12-07,3,0
114425,151,424,2023-07-08,1,0
114426,7672,451,2023-05-03,3,2
114428,2077,447,2023-07-02,5,0
114429,8434,569,2023-11-11,2,10
114431,6515,125,2023-07-04,2,5
114434,8126,157,2023-01-09,2,0
114463,1586,315,2023-07-04,2,10
114470,8401,192,2023-05-02,3,0
114475,4382,383,2023-08-11,1,0
114488,2467,434,2023-08-10,2,0
114496,279,180,2023-08-01,5,0
114506,973,592,2023-09-06,1,0
114507,9588,334,2023-07-06,1,20
114513,8295,151,2023-09-02,2,0
114520,7500,194,2023-02-05,1,0
114525,151,134,2023-07-12,3,2
114536,9631,562,2023-04-11,4,0
114545,1551,456,2023-12-04,1,10
114555,5065,261,2023-11-04,1,0
114572,6774,288,2023-09-12,1,0
114581,9405,559,2023-08-09,2,2
114588,9354,313,2023-08-04,4,0
114591,5215,326,2023-02-11,3,0
114593,6851,438,2023-09-02,3,2
114595,2804,250,2023-11-05,1,0
114604,9639,434,2023-01-10,3,0
114614,6834,599,2023-10-08,1,0
114617,9925,184,2023-10-03,3,0
114619,3314,119,2023-12-06,1,5
114622,8280,109,2023-07-06,1,0
114632,4637,432,2023-12-10,2,0
114634,6458,576,2023-12-03,1,0
114646,7926,547,2023-09-12,3,5
114651,5007,552,2023-11-03,1,0
114663,4971,134,2023-07-07,4,0
114664,5087,580,2023-04-07,1,0
114668,905,447,2023-07-07,3,0
114671,269,304,2023-03-10,1,0
114676,4437,523,2023-07-08,3,15
114686,4531,138,2023-02-12,1,0
114697,4063,115,2023-05-06,1,2
114701,5940,198,2023-01-09,3,0
114707,619,129,2023-07-03,1,10
114712,663,182,2023-12-04,2,0
114713,3708,147,2023-08-08,5,0
114726,2217,451,2023-07-05,3,2
114731,3663,517,2023-05-04,1,0
114732,8824,230,2023-10-11,1,2
114740,7185,206,2023-06-07,4,0
114742,661,278,2023-09-03,3,0
114747,1656,202,2023-06-04,1,0
114752,9077,509,2023-12-11,3,0
114766,7721,270,2023-11-04,1,0
114771,7442,334,2023-10-08,5,0
114776,7755,512,2023-08-02,1,2
114779,4653,568,2023-03-08,3,0
114793,6592,361,2023-04-04,1,0
114799,1434,178,2023-07-02,1,0
114803,992,346,2023-06-05,1,0
114805,9173,264,2023-10-10,1,2
114808,2210,337,2023-01-10,3,2
114813,8493,213,2023-06-02,2,5
114818,7023,269,2023-05-12,3,10
114828,5344,551,2023-03-08,1,0
114837,2010,417,2023-07-11,1,10
114847,944,437,2023-07-07,2,10
114848,7676,246,2023-09-09,1,0
114849,6786,598,2023-01-02,1,20
114857,3430,571,2023-11-10,4,0
114859,7308,322,2023-11-10,1,2
114860,215,137,2023-09-01,2,0
114864,1164,595,2023-12-11,2,5
114866,297,381,2023-11-09,1,10
114869,6937,247,2023-09-04,1,0
114872,32,394,2023-07-10,2,5
114884,2062,445,2023-03-05,1,0
114891,2049,389,2023-03-09,1,0
114905,2077,204,2023-03-02,2,0
114924,6898,282,2023-11-04,1,0
114931,159,313,2023-06-02,3,5
114933,9859,198,2023-07-05,1,5
114957,5528,496,2023-03-06,4,0
114960,6896,303,2023-03-02,1,0
114963,8298,369,2023-11-12,1,0
114973,3701,387,2023-04-07,2,0
114979,9323,546,2023-04-12,4,0
114987,2917,486,2023-07-02,2,2
114990,6551,497,2023-08-01,2,15
114996,577,427,2023-10-02,1,2
114999,4066,249,2023-12-10,2,0
115003,1455,513,2023-02-12,1,2
115004,4624,310,2023-06-12,3,0
115009,5129,538,2023-06-03,2,0
115022,7428,586,2023-06-03,4,2
115023,1828,233,2023-02-09,1,5
115049,9861,230,2023-03-04,3,2
115053,7271,365,2023-01-02,1,2
115062,3780,358,2023-05-12,1,0
115072,3018,126,2023-05-08,2,5
115083,2287,102,2023-08-07,5,0
115085,7823,190,2023-11-07,1,0
115086,8945,416,2023-11-08,2,0
115088,2938,217,2023-04-11,3,0
115106,3728,545,2023-09-11,1,0
115112,9633,120,2023-10-11,1,0
115113,5274,332,2023-10-12,3,10
115117,5287,388,2023-06-12,4,0
115130,5399,306,2023-08-07,3,0
115131,5483,211,2023-11-05,1,0
115135,6876,224,2023-05-05,1,10
115138,4584,354,2023-02-03,3,2
115164,1047,544,2023-04-01,1,0
115169,2968,244,2023-06-10,3,10
115170,7750,473,2023-05-02,1,2
115174,4924,466,2023-10-01,1,0
115195,8405,437,2023-02-12,1,0
115203,2399,422,2023-04-03,3,0
115213,1240,179,2023-10-12,1,0
115216,655,448,2023-04-04,4,2
115219,8809,400,2023-05-02,1,2
115229,8878,138,2023-02-02,1,5
115230,1083,475,2023-04-04,1,0
115232,6381,307,2023-02-01,2,5
115244,8465,454,2023-05-09,3,0
115247,5204,391,2023-12-06,5,5
115250,8088,154,2023-02-10,1,0
115251,6369,469,2023-06-07,5,5
115268,7891,416,2023-02-03,2,5
115271,4970,357,2023-09-10,1,0
115275,7534,242,2023-11-11,1,0
115276,7908,417,2023-05-10,4,0
115278,4918,473,2023-10-10,3,0
115305,4970,344,2023-01-10,1,0
115306,3046,466,2023-05-12,1,20
115307,6514,409,2023-02-02,3,15
115313,5481,395,2023-10-11,4,0
115314,4087,262,2023-09-02,2,2
115322,9686,122,2023-08-04,1,5
115329,1583,169,2023-01-05,1,0
115330,147,500,2023-03-11,1,5
115338,8145,187,2023-04-06,1,0
115341,7073,538,2023-07-05,5,2
115350,321,218,2023-06-05,2,15
115365,267,222,2023-10-08,1,5
115369,1121,159,2023-11-07,1,0
115383,1687,542,2023-07-11,1,2
115387,3492,584,2023-09-12,1,0
115390,1072,309,2023-12-01,1,0
115391,4746,534,2023-01-05,1,0
115415,2815,506,2023-10-10,3,0
115417,5017,204,2023-05-07,1,0
115426,7227,255,2023-03-12,5,0
115430,9685,273,2023-02-03,2,0
115444,662,561,2023-03-07,2,0
115454,6258,556,2023-12-03,1,10
115458,7576,130,2023-09-07,2,0
115478,10,399,2023-02-02,1,0
115485,3224,248,2023-12-04,2,0
115509,161,370,2023-09-10,1,0
115516,5543,206,2023-09-09,2,0
115520,2554,346,2023-05-06,3,0
115531,3320,231,2023-03-02,2,0
115533,1113,556,2023-08-02,1,0
115536,3396,301,2023-05-03,1,0
115557,4341,554,2023-01-11,1,0
115559,1634,563,2023-07-04,2,0
115562,6231,152,2023-08-05,1,0
115580,1008,157,2023-09-10,2,0
115581,5233,466,2023-12-10,4,0
115585,6966,489,2023-07-04,2,0
115600,4151,157,2023-11-03,1,0
115601,1052,118,2023-07-11,3,10
115603,6169,395,2023-05-02,3,2
115608,4610,573,2023-12-01,1,15
115616,4388,324,2023-04-11,1,10
115623,9363,260,2023-04-12,2,0
115627,664,482,2023-07-06,1,10
115628,5358,187,2023-02-08,1,0
115630,4715,258,2023-07-02,1,0
115632,6299,573,2023-12-02,1,5
115635,8817,429,2023-12-04,1,5
115637,259,580,2023-03-08,1,20
115638,7504,197,2023-12-11,1,0
115640,5125,305,2023-04-02,2,10
115649,5821,418,2023-03-10,1,0
115657,8547,532,2023-02-03,2,0
115658,9283,202,2023-05-05,1,0
115673,9205,439,2023-07-04,1,0
115687,561,181,2023-11-07,4,15
115691,9681,152,2023-01-03,2,0
115694,2062,393,2023-10-05,5,0
115705,5389,140,2023-12-11,2,0
115709,4369,154,2023-03-03,1,0
115710,658,530,2023-08-02,2,10
115714,7749,165,2023-09-07,1,2
115716,3892,263,2023-06-11,1,0
115723,9219,458,2023-08-06,2,0
115730,5276,171,2023-10-08,1,0
115732,5299,113,2023-02-09,1,0
115749,4890,351,2023-04-09,1,5
115752,2766,439,2023-02-11,3,0
115754,6786,301,2023-09-09,3,5
115755,4413,265,2023-09-08,1,0
115758,1010,181,2023-10-08,3,0
115773,782,472,2023-07-01,1,0
115778,9184,137,2023-04-10,1,0
115782,3327,443,2023-11-04,1,0
115783,706,508,2023-12-04,5,0
115793,3510,583,2023-07-08,1,0
115799,121,491,2023-04-02,3,0
115804,5940,498,2023-04-12,1,2
115818,3829,150,2023-08-07,4,2
115826,9366,556,2023-11-10,1,10
115834,9720,392,2023-02-09,3,5
115836,9525,570,2023-12-06,3,5
115843,5515,228,2023-05-05,2,0
115845,6540,381,2023-12-05,2,0
115854,8080,531,2023-10-12,2,5
115856,2318,177,2023-11-06,2,0
115857,8703,210,2023-09-02,2,5
115858,6313,585,2023-10-09,1,2
115865,6242,502,2023-10-12,1,2
115880,8081,382,2023-01-04,4,2
115886,8887,549,2023-05-12,1,0
115897,1538,470,2023-03-09,2,10
115899,2417,579,2023-11-01,1,0
115907,9521,168,2023-07-02,3,0
115913,5243,573,2023-11-03,1,0
115917,462,227,2023-10-07,3,0
115919,3301,152,2023-06-06,2,10
115921,734,345,2023-12-03,1,0
115936,5858,327,2023-03-10,1,0
115943,4275,271,2023-12-08,1,0
115944,2530,364,2023-07-10,1,2
115954,1140,404,2023-06-12,1,0
115965,9280,251,2023-11-04,3,0
115970,4220,155,2023-03-08,1,0
115993,7076,318,2023-08-07,5,0
115995,6514,172,2023-05-07,1,0
115997,2790,524,2023-03-11,3,0
116019,7408,476,2023-04-04,1,0
116025,7939,377,2023-03-09,1,0
116032,4826,241,2023-04-06,1,15
116034,1467,499,2023-10-02,1,0
116039,1052,373,2023-02-07,1,0
116048,4496,455,2023-01-04,1,2
116050,8811,104,2023-11-12,1,0
116062,9369,572,2023-10-08,1,0
116063,5217,246,2023-11-10,1,5
116064,7719,568,2023-02-10,1,0
116083,9988,227,2023-09-09,1,0
116088,8417,448,2023-09-11,1,0
116097,8593,451,2023-03-08,1,0
116113,5627,307,2023-03-06,2,0
116119,2995,383,2023-11-09,4,0
116131,9410,426,2023-10-07,1,0
116132,1822,489,2023-10-03,3,0
116140,565,383,2023-10-07,1,0
116143,6104,467,2023-05-01,3,2
116153,8754,414,2023-05-12,3,0
116156,6918,585,2023-07-09,2,5
116159,4940,224,2023-03-10,1,10
116161,5559,492,2023-06-10,2,10
116166,5744,163,2023-11-01,1,10
116172,4401,338,2023-03-02,4,0
116173,5878,502,2023-03-01,1,0
116178,8885,529,2023-04-03,4,2
116184,1903,262,2023-05-04,4,5
116191,969,119,2023-05-11,1,10
116194,9745,187,2023-07-09,1,0
116198,2931,407,2023-06-06,5,0
116206,8213,581,2023-05-05,1,0
116214,3501,405,2023-05-12,1,5
116218,4237,463,2023-03-03,2,0
116223,856,510,2023-10-10,3,5
116226,6692,143,2023-02-04,1,0
116228,9323,139,2023-04-01,1,0
116230,197,261,2023-02-07,5,0
116249,9700,261,2023-10-07,3,5
116253,6959,541,2023-02-09,4,0
116255,4660,394,2023-12-10,1,0
116259,4107,269,2023-08-10,2,0
116264,4779,371,2023-01-08,2,2
116266,6918,208,2023-04-10,3,0
116270,8582,203,2023-04-03,2,10
116273,9,417,2023-05-05,2,0
116284,6628,107,2023-09-06,2,0
116286,7704,356,2023-06-06,4,2
116287,6774,109,2023-10-04,3,0
116293,4401,506,2023-05-06,3,0
116301,9695,472,2023-11-02,1,10
116308,2494,343,2023-10-08,1,0
116309,276,369,2023-01-04,1,0
116313,2104,133,2023-05-01,1,5
116319,4650,245,2023-02-06,2,0
116321,8812,561,2023-10-04,1,0
116328,3327,133,2023-09-07,3,5
116330,2172,155,2023-09-02,1,2
116332,5580,128,2023-01-09,3,0
116340,3269,155,2023-08-06,1,0
116342,6191,553,2023-03-01,1,15
116353,2982,245,2023-10-06,2,0
116358,9861,170,2023-11-03,1,0
116359,3947,349,2023-09-04,3,0
116366,5987,488,2023-02-10,3,5
116373,7332,193,2023-11-03,1,0
116379,6767,128,2023-06-08,1,0
116380,5327,102,2023-08-07,4,0
116384,1690,430,2023-02-04,2,0
116393,2788,498,2023-08-03,1,2
116395,6626,486,2023-12-07,1,0
116398,2858,437,2023-12-07,1,0
116402,9707,379,2023-04-12,1,0
116407,6015,273,2023-06-11,4,10
116417,7256,122,2023-11-06,5,0
116419,3364,366,2023-05-09,2,5
116423,1556,386,2023-02-08,1,0
116433,327,598,2023-02-03,2,0
116441,6655,312,2023-02-03,1,5
116444,3934,195,2023-05-03,1,0
116451,2210,119,2023-08-07,1,0
116460,9668,590,2023-12-02,3,0
116470,5543,160,2023-10-01,2,0
116479,1470,598,2023-02-04,1,0
116480,3823,156,2023-02-07,2,10
116481,5218,272,2023-07-03,3,15
116482,9270,588,2023-02-06,3,10
116495,7893,535,2023-08-11,2,0
116496,2701,473,2023-11-03,2,10
116506,9339,406,2023-01-12,2,5
116508,4804,591,2023-11-06,1,5
116512,5310,228,2023-10-01,3,2
116513,1279,406,2023-12-09,1,5
116516,6713,497,2023-01-10,1,2
116517,5099,257,2023-12-03,1,5
116543,3159,490,2023-01-08,1,0
116547,2595,553,2023-12-02,1,10
116563,4709,179,2023-08-06,4,2
116566,9752,562,2023-06-01,2,5
116568,4907,593,2023-08-06,1,5
116570,6893,110,2023-11-11,1,0
116574,5423,462,2023-12-03,1,0
116577,6634,131,2023-08-08,2,0
116587,5780,358,2023-10-05,1,0
116595,3109,537,2023-05-12,1,0
116600,5681,342,2023-10-01,1,0
116602,2049,292,2023-10-02,3,0
116607,3313,455,2023-01-02,1,0
116612,9096,146,2023-05-05,2,0
116616,3542,486,2023-01-11,2,10
116620,7478,338,2023-12-02,2,0
116622,814,555,2023-07-06,1,0
116623,8628,564,2023-12-08,1,10
116630,957,485,2023-03-04,2,2
116643,6060,287,2023-07-08,2,10
116646,6650,263,2023-07-04,1,0
116653,9029,119,2023-12-05,3,5
116663,7904,180,2023-11-03,1,5
116666,5681,246,2023-02-07,1,5
116676,1626,459,2023-03-02,1,2
116683,5162,178,2023-01-02,2,5
116685,2595,145,2023-05-10,3,2
116687,5273,368,2023-11-01,1,0
116695,8598,444,2023-11-08,3,10
116696,6879,584,2023-11-01,1,0
116719,4741,490,2023-11-04,1,2
116724,9844,248,2023-04-12,1,0
116725,287,207,2023-07-11,1,0
116729,1052,274,2023-05-07,1,10
116732,7050,526,2023-04-07,2,10
116748,7069,333,2023-09-10,3,0
116756,60,352,2023-08-11,3,2
116758,2801,512,2023-06-08,1,10
116759,5093,453,2023-07-01,3,2
116762,9859,293,2023-06-01,2,10
116763,2539,299,2023-01-03,3,2
116765,2649,365,2023-01-05,4,5
116768,787,413,2023-04-09,3,0
116771,4300,493,2023-10-06,2,0
116772,8033,193,2023-06-05,2,10
116780,7478,589,2023-01-10,4,5
116789,4956,102,2023-07-07,1,0
116794,8544,322,2023-06-11,2,0
116798,3557,597,2023-03-08,1,0
116803,5198,294,2023-09-12,4,0
116813,8941,335,2023-11-03,2,0
116820,9585,172,2023-11-08,1,2
116825,8017,154,2023-11-03,1,10
116826,2365,531,2023-07-12,1,0
116831,6315,444,2023-02-12,4,15
116834,1702,169,2023-03-12,3,5
116837,7478,574,2023-02-02,1,2
116839,8256,394,2023-06-05,2,5
116844,578,587,2023-10-06,1,0
116857,6329,344,2023-03-03,3,0
116858,7133,509,2023-08-06,1,2
116869,8705,460,2023-11-07,2,0
116880,1909,150,2023-04-04,1,5
116882,1007,163,2023-01-07,2,5
116889,3985,337,2023-10-08,3,2
116891,5232,318,2023-09-05,3,2
116896,6549,298,2023-09-08,2,0
116900,8278,508,2023-03-12,1,0
116907,4238,580,2023-08-07,3,15
116911,2925,153,2023-10-03,3,0
116912,2482,506,2023-01-01,1,10
116917,3814,404,2023-01-10,1,5
116923,5415,596,2023-10-01,4,0
116926,2749,357,2023-09-04,1,5
116930,1912,334,2023-05-03,1,15
116934,2172,507,2023-04-05,1,10
116942,6592,457,2023-11-11,2,0
116949,3502,177,2023-09-10,1,10
116950,6859,316,2023-03-05,2,5
116956,5198,383,2023-07-03,1,0
116961,6418,326,2023-05-07,1,10
116973,2218,313,2023-06-11,1,0
116983,7425,264,2023-09-05,1,0
116986,3097,286,2023-01-05,1,0
117000,5451,318,2023-01-04,4,2
117008,5863,442,2023-04-07,1,0
117023,4899,459,2023-11-07,2,5
117024,7461,110,2023-05-08,3,0
117026,4757,375,2023-10-04,1,2
117028,9219,114,2023-05-05,2,5
117037,7723,173,2023-05-11,4,0
117040,5387,218,2023-07-10,3,5
117047,1705,472,2023-02-10,2,0
117048,1264,498,2023-12-07,2,20
117055,9422,282,2023-06-04,3,15
117062,6367,395,2023-02-10,1,2
117065,4676,391,2023-04-09,5,2
117069,3227,147,2023-02-10,2,2
117078,8839,341,2023-11-03,3,20
117083,8999,166,2023-03-11,1,15
117091,5338,186,2023-10-02,1,0
117111,4044,577,2023-12-07,1,0
117115,8752,363,2023-05-11,4,5
117136,3630,492,2023-08-08,1,0
117142,9729,190,2023-06-11,1,0
117143,3646,163,2023-06-05,1,0
117153,1969,473,2023-09-09,5,15
117155,6390,480,2023-01-06,3,2
117161,5093,460,2023-11-09,3,15
117166,7256,103,2023-09-08,1,10
117169,6551,268,2023-09-09,3,20
117182,7640,258,2023-06-05,1,0
117186,8430,212,2023-04-04,3,0
117187,8298,596,2023-11-12,1,5
117194,748,504,2023-06-06,3,0
117200,175,156,2023-09-04,1,5
117210,4684,520,2023-03-06,1,2
117221,1210,231,2023-06-08,1,5
117223,1123,548,2023-11-07,1,15
117227,7926,129,2023-04-06,4,2
117248,57,586,2023-04-07,1,0
117252,1546,580,2023-10-05,2,0
117254,6197,268,2023-06-12,1,5
117278,2421,395,2023-12-01,2,0
117281,7390,428,2023-06-02,1,5
117290,4623,453,2023-01-09,2,0
117297,8545,204,2023-05-06,1,0
117299,2267,353,2023-12-01,3,2
117303,9262,592,2023-12-10,2,0
117309,7572,518,2023-07-09,1,15
117312,6929,540,2023-05-09,3,0
117319,4297,216,2023-07-08,1,2
117321,5396,493,2023-08-09,3,0
117323,4518,456,2023-08-08,4,0
117327,5627,134,2023-03-08,1,0
117336,4027,155,2023-01-10,1,0
117342,9410,570,2023-09-08,2,0
117348,7409,104,2023-02-03,1,15
117349,270,516,2023-03-03,1,15
117351,2412,580,2023-12-07,3,2
117356,6166,575,2023-07-08,2,0
117357,8382,535,2023-04-11,3,0
117365,9705,286,2023-04-02,2,2
117368,3684,212,2023-05-10,3,2
117374,7939,506,2023-07-08,1,15
117375,7504,463,2023-10-06,3,0
117386,6287,564,2023-12-01,2,5
117387,9124,287,2023-04-02,3,0
117391,5738,244,2023-01-03,3,0
117403,3056,460,2023-05-09,2,2
117406,7721,451,2023-10-03,2,0
117408,580,555,2023-06-03,2,0
117410,6549,509,2023-08-09,1,0
117411,1206,181,2023-07-07,4,0
117416,2538,529,2023-07-08,4,0
117422,9206,125,2023-07-06,3,0
117424,7600,297,2023-11-08,1,2
117433,4549,102,2023-08-12,1,2
117440,9364,468,2023-10-07,3,5
117450,8115,178,2023-07-10,2,5
117451,8669,406,2023-06-06,1,0
117453,4783,414,2023-07-03,4,2
117466,1455,150,2023-12-06,1,10
117474,1374,578,2023-12-05,1,10
117478,9456,381,2023-11-10,2,0
117492,8656,135,2023-12-12,4,2
117495,4940,205,2023-01-06,1,5
117499,9422,223,2023-10-09,1,0
117501,5215,229,2023-12-05,1,0
117513,4579,539,2023-01-04,5,10
117533,7175,412,2023-12-12,4,0
117534,9765,348,2023-11-09,3,10
117545,52,512,2023-07-09,4,10
117546,2382,391,2023-12-09,1,15
117555,4743,582,2023-11-01,3,5
117558,2411,291,2023-02-07,1,10
117566,6588,161,2023-10-12,3,5
117583,6436,180,2023-04-02,3,0
117587,661,511,2023-07-04,2,0
117596,1432,116,2023-09-11,3,2
117598,2995,218,2023-01-07,3,5
117599,9655,585,2023-12-01,1,2
117606,2382,232,2023-11-01,1,5
117642,7130,316,2023-10-07,5,15
117645,1558,229,2023-04-04,1,0
117647,8142,569,2023-01-04,1,5
117652,5771,131,2023-05-10,1,2
117656,1183,374,2023-12-01,3,0
117658,279,241,2023-02-02,1,5
117662,197,175,2023-03-01,3,0
117666,3904,509,2023-05-06,3,0
117677,3942,477,2023-08-09,2,5
117678,2075,531,2023-01-09,1,0
117689,7380,497,2023-07-01,1,10
117700,1904,444,2023-08-11,2,2
117719,1877,381,2023-01-04,1,5
117733,5990,266,2023-10-06,4,5
117740,9647,356,2023-01-09,1,0
117743,6847,334,2023-09-12,4,0
117744,3164,284,2023-02-06,3,2
117750,9080,128,2023-02-11,3,0
117757,3403,445,2023-09-10,1,10
117764,8726,390,2023-10-10,3,0
117773,5463,542,2023-06-08,1,10
117778,2076,406,2023-05-06,1,10
117779,6063,510,2023-05-10,2,10
117781,4827,195,2023-04-06,1,5
117782,9232,589,2023-08-02,3,0
117804,712,132,2023-01-03,1,15
117806,5837,473,2023-05-02,1,5
117811,3292,171,2023-11-10,3,0
117822,8767,201,2023-11-10,4,5
117833,7402,571,2023-12-12,2,0
117834,32,172,2023-10-06,1,0
117836,9675,201,2023-11-08,2,10
117837,7276,435,2023-03-06,1,10
117844,7084,234,2023-04-11,2,0
117853,870,354,2023-03-02,1,15
117858,3108,557,2023-11-03,5,0
117862,6767,187,2023-11-05,1,0
117869,2782,327,2023-10-03,1,0
117882,518,197,2023-10-12,1,5
117883,3684,450,2023-02-12,1,0
117890,7695,437,2023-07-09,1,5
117892,3829,597,2023-01-12,1,0
117894,5333,507,2023-03-03,4,10
117903,1769,235,2023-06-03,1,5
117913,956,500,2023-05-11,1,0
117915,1058,576,2023-04-04,3,0
117936,8780,427,2023-09-01,1,10
117945,5417,190,2023-06-03,1,0
117958,3957,392,2023-02-05,3,0
117959,8203,285,2023-05-06,3,0
117960,8766,531,2023-08-05,1,0
117962,6890,157,2023-12-07,1,0
117970,7934,416,2023-01-11,1,0
117974,7093,137,2023-03-03,1,0
117975,3314,297,2023-04-07,4,10
117981,2172,148,2023-01-04,1,0
117982,1680,233,2023-12-12,3,2
117986,9994,241,2023-10-01,2,2
117987,4726,596,2023-04-03,4,2
117988,3364,168,2023-07-09,1,0
117989,2367,220,2023-12-08,1,10
117994,6758,526,2023-09-02,2,0
118014,1281,407,2023-12-06,2,10
118020,5333,351,2023-12-08,4,0
118026,7377,461,2023-06-09,3,0
118047,6514,594,2023-11-02,1,2
118052,4505,481,2023-02-10,1,0
118055,6844,326,2023-05-11,1,0
118072,1624,436,2023-02-02,1,0
118078,1187,479,2023-05-02,1,0
118081,3257,307,2023-11-03,2,5
118091,5051,359,2023-01-08,1,10
118092,3406,479,2023-01-10,1,5
118095,3037,146,2023-02-09,3,0
118097,2734,183,2023-11-02,1,0
118112,9310,329,2023-09-08,4,0
118113,1196,390,2023-09-01,2,0
118116,3224,474,2023-12-03,2,5
118117,890,447,2023-05-11,3,0
118120,6012,293,2023-04-07,1,0
118133,6188,243,2023-04-11,1,0
118135,8595,130,2023-09-12,1,10
118137,2571,280,2023-04-08,2,2
118144,3808,554,2023-12-03,1,5
118146,8430,558,2023-07-08,2,5
118160,582,474,2023-03-03,2,0
118173,3625,530,2023-07-02,3,0
118179,7229,370,2023-01-12,3,15
118180,1650,187,2023-10-02,1,0
118181,6555,345,2023-02-05,3,10
118184,1444,162,2023-12-04,1,15
118186,916,300,2023-04-02,1,15
118191,1,109,2023-04-11,4,0
118192,3684,573,2023-08-01,1,5
118196,151,306,2023-09-05,2,10
118201,1578,514,2023-01-02,5,0
118202,557,549,2023-09-02,2,0
118213,1793,213,2023-05-04,3,0
118227,1455,319,2023-10-12,1,15
118232,3622,291,2023-08-05,2,0
118238,1507,505,2023-04-11,2,15
118242,256,369,2023-06-08,2,10
118253,5321,588,2023-01-07,1,0
118259,2269,264,2023-09-03,1,2
118263,1856,234,2023-06-01,1,0
118271,1172,115,2023-09-01,2,0
118278,6929,555,2023-01-03,1,10
118281,9725,354,2023-08-10,1,0
118291,5633,359,2023-02-09,3,0
118292,2578,396,2023-09-05,3,0
118303,4965,265,2023-11-12,1,5
118306,1240,464,2023-08-05,1,0
118324,6356,341,2023-11-01,2,5
118336,930,300,2023-01-01,3,0
118338,5256,244,2023-01-09,1,10
118340,972,456,2023-05-07,1,0
118344,416,320,2023-11-01,1,5
118345,9120,453,2023-12-04,2,10
118349,276,430,2023-09-06,5,0
118352,5339,181,2023-08-03,1,0
118357,2802,124,2023-09-09,1,0
118361,2279,545,2023-09-10,1,0
118370,1745,141,2023-02-05,1,0
118373,8950,370,2023-07-06,5,20
118380,6483,545,2023-02-05,1,5
118385,6052,332,2023-07-08,1,5
118387,5338,563,2023-12-11,4,0
118389,5031,160,2023-06-06,1,5
118394,8179,386,2023-04-04,3,0
118397,2768,400,2023-02-03,2,5
118403,4428,265,2023-07-04,2,0
118406,3185,434,2023-02-07,1,5
118416,2751,378,2023-09-12,1,2
118417,5182,339,2023-06-04,2,0
118418,8457,129,2023-10-02,2,0
118422,8159,115,2023-06-06,1,0
118423,2287,197,2023-02-10,4,0
118439,3635,534,2023-04-08,1,5
118442,718,188,2023-03-02,2,0
118447,2269,404,2023-05-12,3,5
118451,183,300,2023-07-08,2,0
118459,7017,395,2023-05-11,2,0
118468,1102,242,2023-02-10,1,0
118471,5940,264,2023-04-04,1,0
118496,6299,571,2023-12-09,3,15
118497,2693,468,2023-11-04,2,0
118503,5378,296,2023-09-03,4,2
118513,1414,213,2023-02-06,1,0
118522,998,338,2023-07-11,4,0
118527,5475,569,2023-03-09,1,0
118532,5734,549,2023-04-11,1,5
118533,572,256,2023-08-04,3,5
118535,147,416,2023-03-10,4,0
118553,7553,527,2023-09-11,1,10
118556,4727,338,2023-03-02,3,15
118559,5589,403,2023-10-02,1,15
118561,4541,379,2023-03-08,1,0
118571,493,445,2023-06-11,1,15
118580,2700,158,2023-10-05,3,0
118582,3926,467,2023-06-07,3,2
118585,7664,350,2023-03-09,2,15
118592,1404,218,2023-02-01,2,0
118594,156,555,2023-06-12,2,0
118599,2478,564,2023-07-05,2,0
118602,153,316,2023-03-03,3,2
118606,8999,552,2023-01-03,1,0
118617,9570,174,2023-08-03,1,0
118619,2184,283,2023-08-03,2,0
118623,414,512,2023-12-03,3,2
118625,474,522,2023-12-09,1,2
118628,8666,581,2023-12-04,1,2
118631,3597,496,2023-04-01,1,2
118637,4521,546,2023-08-06,1,0
118640,1626,423,2023-03-07,2,2
118645,6819,285,2023-05-10,1,0
118651,8752,114,2023-10-10,1,0
118656,9348,538,2023-06-08,1,0
118660,1139,309,2023-05-09,1,0
118665,1213,428,2023-06-12,2,0
118676,5703,107,2023-06-10,2,5
118681,85,305,2023-01-04,2,5
118701,4267,554,2023-04-04,2,0
118708,8342,260,2023-08-11,2,10
118711,9991,406,2023-12-10,1,0
118713,3192,217,2023-10-06,4,0
118728,6870,413,2023-12-05,1,5
118745,2737,324,2023-06-08,1,0
118749,6705,237,2023-11-12,1,5
118771,5463,384,2023-07-11,1,2
118772,5567,385,2023-11-12,1,0
118775,2058,504,2023-09-03,2,2
118786,6945,579,2023-08-04,1,5
118790,1591,253,2023-03-01,1,0
118801,729,335,2023-09-07,4,0
118803,4756,501,2023-09-03,4,2
118820,4432,510,2023-10-08,1,5
118838,108,354,2023-11-06,1,5
118846,1247,363,2023-12-05,3,0
118851,4835,385,2023-07-01,1,10
118853,7734,196,2023-04-04,1,5
118855,2842,206,2023-12-09,1,10
118866,9357,303,2023-11-03,1,0
118873,6368,131,2023-01-04,1,0
118887,6832,168,2023-09-04,3,5
118889,7237,160,2023-07-09,4,2
118896,8701,291,2023-11-12,2,2
118899,2908,326,2023-05-08,1,0
118903,1186,311,2023-03-10,1,10
118904,1981,481,2023-08-03,1,0
118905,793,221,2023-11-11,2,0
118908,7678,496,2023-07-05,1,0
118922,7750,306,2023-06-10,1,0
118928,3663,564,2023-04-09,1,10
118930,6758,483,2023-09-03,2,0
118938,925,455,2023-11-07,3,0
118942,4160,110,2023-08-10,1,10
118947,1417,119,2023-06-06,1,5
118950,8328,102,2023-05-08,2,2
118958,411,334,2023-08-02,1,10
118959,7734,358,2023-11-04,2,0
118965,8059,201,2023-09-01,2,10
118972,2510,190,2023-07-02,1,10
118976,734,371,2023-11-06,1,10
118979,356,337,2023-08-07,1,0
118981,5472,287,2023-01-07,1,2
118994,3481,507,2023-12-11,2,15
119002,7683,438,2023-02-06,2,10
119003,3905,297,2023-09-01,1,5
119014,3028,499,2023-07-07,1,0
119016,363,495,2023-11-07,4,0
119017,8200,400,2023-01-05,1,0
119026,8088,427,2023-12-04,1,0
119030,5199,488,2023-11-08,1,5
119031,1179,168,2023-04-11,1,0
119034,2397,379,2023-07-10,1,0
119074,3772,549,2023-05-05,1,0
119089,3496,567,2023-10-04,3,10
119090,9691,213,2023-02-01,3,2
119101,330,530,2023-07-07,2,0
119102,4372,463,2023-12-10,1,0
119104,4837,145,2023-05-12,2,2
119107,7784,110,2023-05-03,3,0
119109,7710,520,2023-01-07,3,0
119129,1771,588,2023-05-05,3,0
119144,9471,522,2023-03-03,1,2
119148,8468,419,2023-04-03,1,0
119156,4701,591,2023-12-04,1,10
119162,9893,482,2023-11-10,1,10
119172,3935,166,2023-03-10,1,5
119191,249,535,2023-09-04,3,2
119194,1513,498,2023-10-08,2,0
119196,414,509,2023-02-05,4,0
119207,6834,446,2023-12-12,1,0
119210,1981,148,2023-08-06,4,0
119219,8944,246,2023-07-11,2,2
119223,6945,507,2023-12-11,1,0
119229,4677,298,2023-01-12,2,0
119231,2279,307,2023-03-01,1,0
119234,7215,522,2023-03-07,1,0
119251,2049,378,2023-10-10,1,0
119253,246,191,2023-03-01,3,2
119272,9772,402,2023-09-02,1,2
119280,1540,304,2023-07-10,2,0
119290,4868,475,2023-10-12,1,10
119293,6313,256,2023-10-08,2,5
119295,1170,158,2023-08-04,3,5
119310,2744,512,2023-03-07,1,0
119311,8184,565,2023-09-10,2,2
119313,8053,327,2023-08-08,1,2
119319,4557,182,2023-11-06,2,0
119322,3947,552,2023-04-06,1,0
119329,8531,559,2023-12-03,2,0
119345,6890,205,2023-07-04,2,0
119355,5188,491,2023-12-10,3,5
119384,877,540,2023-08-07,5,5
119401,3072,261,2023-11-03,3,15
119403,515,229,2023-02-11,1,2
119408,9752,307,2023-10-07,4,2
119414,3688,571,2023-10-08,2,10
119422,4389,119,2023-03-02,3,10
119425,3635,405,2023-12-08,2,2
119435,2481,240,2023-11-02,2,0
119438,8430,434,2023-05-07,1,0
119450,7861,126,2023-06-06,3,0
119463,6546,590,2023-11-01,2,0
119472,1410,124,2023-08-08,2,15
119480,2794,415,2023-11-09,1,15
119488,4720,288,2023-03-05,1,2
119493,2176,119,2023-01-06,3,5
119497,9458,172,2023-06-04,3,10
119498,3485,237,2023-05-10,1,5
119505,397,269,2023-06-06,2,2
119519,4220,183,2023-07-01,1,2
119520,5483,526,2023-01-12,1,5
119521,4196,536,2023-04-02,1,0
119527,5994,173,2023-02-08,5,2
119534,8526,355,2023-02-03,4,0
119536,5909,154,2023-12-12,1,10
119538,9665,210,2023-04-11,1,10
119540,907,428,2023-11-02,4,0
119541,5630,419,2023-12-01,1,5
119549,5112,402,2023-04-02,1,5
119557,1969,120,2023-09-10,1,10
119559,8996,539,2023-03-09,1,0
119567,2779,193,2023-11-01,1,10
119569,1528,209,2023-05-03,1,0
119575,6667,477,2023-10-09,2,0
119585,9064,573,2023-05-02,2,0
119594,6514,462,2023-06-06,2,0
119595,2055,169,2023-07-03,3,0
119601,5205,200,2023-03-03,4,2
119602,1808,244,2023-05-08,4,0
119604,4432,575,2023-05-12,1,2
119614,9272,453,2023-02-04,1,0
119616,3982,156,2023-06-10,3,5
119633,5369,381,2023-07-03,2,0
119651,5079,527,2023-07-06,2,0
119658,325,376,2023-07-07,1,5
119673,6951,538,2023-05-06,4,5
119686,1822,536,2023-08-03,2,5
119687,1815,512,2023-11-11,3,15
119690,6537,332,2023-07-09,1,0
119692,9361,528,2023-08-01,2,0
119705,721,324,2023-05-06,1,0
119715,4843,449,2023-11-10,1,20
119720,3829,102,2023-05-12,3,20
119729,1204,410,2023-03-10,1,0
119734,2232,530,2023-07-05,1,0
119740,5885,170,2023-05-11,3,0
119745,6231,305,2023-05-11,2,0
119749,166,568,2023-06-03,1,0
119750,4989,537,2023-12-10,4,0
119778,8716,313,2023-12-05,4,10
119780,8873,320,2023-06-04,1,2
119782,3565,256,2023-06-05,1,2
119791,6903,393,2023-09-04,1,0
119803,4361,167,2023-07-03,1,0
119811,8628,151,2023-02-12,3,0
119813,6392,139,2023-10-08,2,10
119826,1435,170,2023-07-08,3,0
119828,8474,259,2023-07-01,4,5
119830,121,432,2023-06-01,1,0
119833,4285,351,2023-12-06,3,0
119847,2150,368,2023-04-11,5,2
119855,9126,558,2023-05-01,1,0
119859,6862,597,2023-12-12,2,2
119862,25,198,2023-03-10,3,0
119869,4504,456,2023-07-09,2,0
119872,1906,268,2023-03-08,1,0
119879,2297,427,2023-11-09,1,10
119883,7229,185,2023-03-06,1,15
119889,287,515,2023-07-07,1,0
119894,3679,394,2023-01-04,3,2
119898,7712,256,2023-12-03,1,0
119901,6207,319,2023-02-01,1,0
119903,4578,356,2023-12-03,1,2
119909,9570,405,2023-02-06,1,5
119922,2470,415,2023-08-06,1,0
119928,6199,344,2023-08-05,2,10
119933,7229,528,2023-02-11,3,2
119934,4120,248,2023-01-01,4,2
119938,6700,358,2023-12-10,2,0
119953,948,125,2023-02-05,2,2
119961,4766,287,2023-07-05,3,20
119963,3762,562,2023-11-12,1,0
119964,821,199,2023-06-08,2,0
119974,7289,196,2023-11-05,1,0
119975,5014,307,2023-11-01,2,0
119986,1868,336,2023-05-03,5,2
119987,2382,582,2023-10-12,2,2
119997,4918,178,2023-10-02,1,5
119998,565,308,2023-10-01,1,0
120004,6906,369,2023-04-01,1,0
120008,3427,240,2023-01-05,1,0
120009,7428,271,2023-07-07,2,0
120015,1401,286,2023-05-02,3,0
120029,1355,593,2023-11-04,3,5
120042,4856,475,2023-03-10,3,2
120044,6847,392,2023-01-12,1,0
120047,5347,136,2023-02-12,2,10
120050,4871,470,2023-01-09,2,10
120051,2642,403,2023-05-11,1,2
120058,712,126,2023-05-08,2,0
120067,7476,227,2023-06-08,2,2
120069,1420,584,2023-11-10,1,5
120071,4695,514,2023-04-05,3,0
120085,4739,333,2023-01-12,1,2
120093,4756,289,2023-03-11,1,5
120098,8627,521,2023-12-08,2,0
120105,3056,280,2023-10-12,1,0
120113,5778,101,2023-07-11,3,0
120116,8471,465,2023-03-12,5,5
120118,9712,347,2023-03-07,2,10
120129,9979,462,2023-09-10,1,0
120134,2311,246,2023-06-05,3,5
120142,754,286,2023-03-06,2,5
120145,9819,124,2023-02-03,2,0
120147,308,144,2023-10-07,1,0
120148,5177,282,2023-01-07,5,0
120157,2951,513,2023-05-07,3,0
120160,9354,192,2023-01-12,1,0
120166,840,254,2023-01-03,1,0
120175,4318,166,2023-09-01,1,5
120178,8681,473,2023-05-06,3,0
120190,7994,345,2023-01-12,2,0
120191,7478,473,2023-04-10,2,0
120195,493,137,2023-05-08,1,0
120200,4771,380,2023-09-07,2,0
120214,2670,450,2023-02-12,1,5
120224,4630,532,2023-08-07,1,10
120225,3011,443,2023-08-07,4,0
120228,981,433,2023-01-04,1,0
120237,9988,508,2023-04-07,2,2
120248,7378,212,2023-01-03,2,0
120258,1200,535,2023-03-12,3,5
120266,6972,550,2023-08-06,2,0
120274,2148,513,2023-12-12,2,10
120279,7773,222,2023-06-06,1,2
120284,6843,515,2023-08-06,5,0
120299,8493,334,2023-03-09,1,0
120311,5451,167,2023-01-07,3,0
120319,712,110,2023-02-12,1,15
120320,8426,519,2023-09-06,3,0
120327,4765,358,2023-04-01,1,0
120334,8767,220,2023-09-03,1,0
120335,4171,593,2023-11-02,1,0
120344,2128,397,2023-07-09,2,5
120346,9049,520,2023-06-06,1,15
120349,7990,166,2023-06-10,2,2
120358,5658,407,2023-07-12,1,5
120361,4359,296,2023-06-02,2,0
120365,7770,224,2023-09-05,1,0
120378,7695,351,2023-07-11,1,2
120380,3691,375,2023-07-09,1,2
120388,6181,207,2023-09-12,1,0
120391,9363,430,2023-11-06,1,0
120392,5594,477,2023-04-09,2,0
120399,3967,436,2023-03-06,1,5
120406,330,545,2023-04-06,2,0
120407,6501,183,2023-10-04,1,2
120411,5233,315,2023-08-01,4,2
120415,6122,503,2023-02-05,1,0
120419,5429,483,2023-07-09,1,10
120420,8263,546,2023-09-03,1,2
120422,7363,130,2023-06-02,1,0
120443,9593,303,2023-12-05,4,10
120457,1790,349,2023-08-12,1,0
120460,8178,186,2023-05-04,5,5
120470,2420,577,2023-04-07,1,0
120478,4996,172,2023-03-11,5,0
120483,507,479,2023-01-02,3,2
120487,2703,402,2023-12-09,2,0
120494,5232,462,2023-08-02,1,0
120498,5977,576,2023-03-10,1,0
120499,2150,508,2023-11-07,1,5
120518,6186,275,2023-10-04,1,15
120528,3125,587,2023-04-03,1,0
120545,5470,452,2023-12-12,1,5
120555,3622,465,2023-07-01,2,2
120566,9458,323,2023-02-07,1,0
120573,8695,467,2023-02-02,2,0
120581,4837,453,2023-10-12,1,0
120587,553,190,2023-04-04,2,0
120594,9341,295,2023-05-05,2,2
120595,2391,377,2023-12-05,1,5
120598,8545,189,2023-11-05,1,0
120606,2122,419,2023-02-12,1,5
120612,4936,345,2023-11-08,1,2
120614,7311,522,2023-01-05,1,0
120626,3269,288,2023-11-12,1,0
120632,3191,353,2023-11-01,2,10
120636,6024,298,2023-04-06,1,2
120643,9545,214,2023-02-12,1,0
120647,9405,361,2023-03-01,4,0
120654,3703,323,2023-02-12,3,0
120677,3368,430,2023-02-03,4,2
120678,8974,508,2023-12-11,2,20
120679,1771,408,2023-06-12,1,5
120690,8031,385,2023-09-12,1,0
120692,2282,118,2023-11-12,1,0
120693,4243,188,2023-06-05,2,2
120695,7581,518,2023-01-03,1,2
120699,8768,557,2023-09-07,2,0
120700,5775,270,2023-09-10,1,0
120713,9407,519,2023-01-02,2,0
120716,5338,451,2023-11-02,1,2
120722,2261,427,2023-08-01,1,0
120729,9823,126,2023-03-11,1,5
120742,4969,291,2023-06-12,4,5
120748,6152,433,2023-12-04,1,0
120752,1404,109,2023-10-07,3,2
120756,5905,359,2023-04-06,1,2
120763,3066,238,2023-04-09,2,10
120764,8427,285,2023-11-08,1,0
120769,2974,243,2023-11-01,2,2
120781,4734,393,2023-10-02,3,2
120783,5327,463,2023-11-01,4,2
120785,1231,424,2023-02-06,4,5
120791,1024,109,2023-02-11,1,10
120837,8622,380,2023-08-11,2,0
120843,6727,394,2023-06-06,2,10
120849,734,521,2023-11-07,1,0
120859,397,372,2023-01-12,1,0
120867,9046,585,2023-02-09,1,2
120870,7569,196,2023-06-04,1,0
120876,1233,512,2023-06-11,3,0
120888,9871,331,2023-04-10,1,5
120890,3049,563,2023-08-03,1,10
120892,2897,331,2023-09-02,1,2
120895,8389,516,2023-02-08,3,2
120910,7022,310,2023-07-12,1,0
120916,3615,296,2023-08-05,2,0
120917,5310,258,2023-10-11,4,0
120925,9190,326,2023-10-09,2,0
120939,4088,389,2023-08-07,4,5
120941,6650,306,2023-08-02,4,5
120959,3915,261,2023-12-11,1,0
120960,9774,545,2023-07-01,3,0
120968,8651,332,2023-05-04,4,0
120975,5658,435,2023-04-03,4,2
120977,9203,355,2023-01-06,3,0
120986,279,567,2023-08-07,2,5
120992,1105,430,2023-02-04,1,0
120994,9080,412,2023-06-08,2,10
120995,6338,317,2023-04-01,2,0
121006,586,169,2023-05-08,4,5
121011,8381,417,2023-11-10,1,10
121020,6222,484,2023-02-01,3,2
121024,976,158,2023-02-04,2,0
121027,6896,336,2023-11-04,3,2
121031,9290,217,2023-01-04,4,2
121038,8940,481,2023-06-12,3,2
121041,4621,597,2023-07-05,1,2
121060,8089,546,2023-12-05,1,0
121071,8761,190,2023-12-09,1,0
121073,2907,165,2023-12-12,1,0
121093,308,517,2023-10-08,1,0
121097,9215,506,2023-02-06,1,5
121105,1085,232,2023-12-11,1,0
121112,4275,294,2023-07-10,4,5
121120,4120,296,2023-03-07,3,0
121123,6122,523,2023-11-02,2,2
121140,9810,534,2023-01-04,2,0
121145,6104,245,2023-03-03,1,0
121147,1784,117,2023-05-04,1,0
121148,397,135,2023-05-05,1,0
121154,3397,348,2023-07-08,2,5
121185,2510,278,2023-04-04,4,5
121192,977,502,2023-06-12,4,0
121193,4232,248,2023-01-09,1,0
121201,8919,566,2023-05-02,2,10
121203,4935,584,2023-08-04,1,5
121229,7230,320,2023-12-02,1,0
121235,4875,410,2023-02-04,5,0
121239,4818,203,2023-04-06,1,0
121246,6343,546,2023-04-01,1,5
121248,1311,245,2023-08-08,4,0
121252,57,483,2023-05-09,3,0
121255,9686,598,2023-09-05,3,5
121268,2857,404,2023-09-01,1,0
121269,9729,390,2023-10-01,1,10
121273,3028,595,2023-09-05,1,10
121274,5773,304,2023-07-08,1,0
121275,7807,387,2023-05-07,5,5
121286,6309,229,2023-07-03,1,0
121291,8085,523,2023-05-03,1,5
121306,2030,282,2023-07-12,5,0
121307,7154,514,2023-05-04,1,0
121309,3835,482,2023-10-08,1,0
121314,153,152,2023-03-01,1,0
121339,1686,312,2023-07-06,1,5
121345,9526,167,2023-05-02,3,0
121347,4362,477,2023-04-02,3,10
121352,542,172,2023-08-05,1,2
121354,3957,111,2023-03-03,2,0
121355,240,183,2023-09-08,1,20
121368,651,194,2023-12-08,3,5
121374,279,352,2023-12-04,2,0
121388,3149,188,2023-05-07,3,2
121395,3874,479,2023-02-03,2,0
121401,9192,517,2023-12-05,3,5
121404,6343,208,2023-01-01,1,0
121407,3957,104,2023-04-09,3,0
121412,5100,131,2023-09-08,1,5
121415,7076,243,2023-04-02,1,5
121426,2369,139,2023-11-04,2,0
121438,5310,423,2023-08-03,1,2
121439,5196,284,2023-06-04,1,0
121444,2729,412,2023-06-01,2,0
121453,7842,144,2023-05-03,1,0
121457,7034,281,2023-10-04,1,0
121467,2145,465,2023-09-11,3,0
121485,7254,568,2023-04-03,2,2
121500,7183,458,2023-01-08,1,0
121502,5514,598,2023-05-01,3,0
121507,4480,314,2023-06-02,2,0
121514,3182,312,2023-02-10,4,0
121520,7335,500,2023-02-12,1,5
121530,7152,578,2023-01-01,1,10
121538,1744,371,2023-10-12,4,2
121548,1052,102,2023-12-05,4,0
121556,3654,495,2023-04-09,1,0
121558,5772,453,2023-11-12,2,2
121561,679,287,2023-02-07,3,10
121565,8467,532,2023-07-11,3,0
121577,7241,166,2023-06-02,1,2
121583,7842,224,2023-04-03,1,10
121608,450,240,2023-06-09,2,5
121609,1584,442,2023-11-06,5,0
121618,7490,421,2023-12-08,1,0
121625,7396,205,2023-12-03,3,2
121632,1033,306,2023-09-10,3,0
121636,2670,326,2023-10-08,3,0
121641,5422,229,2023-03-08,1,0
121647,5438,164,2023-05-11,1,0
121648,1001,244,2023-10-10,3,5
121654,9772,126,2023-02-08,5,10
121656,3018,439,2023-04-04,1,15
121661,7576,334,2023-06-10,1,0
121666,5838,205,2023-06-02,1,2
121668,2760,556,2023-05-12,3,0
121677,9904,212,2023-07-02,3,0
121678,2620,529,2023-10-04,2,0
121680,5580,511,2023-05-07,3,0
121685,9655,176,2023-03-03,2,0
121710,6121,348,2023-08-02,1,0
121713,7980,176,2023-12-05,2,0
121720,2510,478,2023-11-02,2,5
121723,5813,458,2023-12-01,1,0
121728,3719,543,2023-04-06,1,0
121737,5051,539,2023-03-05,5,0
121744,5310,242,2023-02-05,1,0
121758,2414,557,2023-10-03,4,0
121762,1387,543,2023-02-05,1,2
121773,7948,449,2023-10-10,3,10
121774,6568,482,2023-02-08,2,10
121785,249,570,2023-08-05,1,0
121787,181,497,2023-01-04,2,0
121792,2928,317,2023-06-09,3,0
121796,8941,425,2023-12-08,1,0
121808,9852,467,2023-03-11,2,0
121827,2018,588,2023-10-09,1,5
121830,6532,572,2023-07-03,5,10
121834,2527,504,2023-03-01,1,0
121837,398,563,2023-04-06,1,5
121851,3499,416,2023-04-02,2,15
121856,1782,114,2023-12-07,3,0
121858,3635,510,2023-04-02,1,0
121859,5051,543,2023-10-11,4,0
121868,4942,253,2023-05-07,3,10
121871,6345,349,2023-03-03,1,0
121874,1278,584,2023-09-08,1,15
121884,9785,304,2023-09-06,2,0
121889,4955,134,2023-08-11,3,0
121907,2997,571,2023-05-04,1,10
121914,3507,595,2023-04-08,1,0
121915,6207,381,2023-10-08,4,10
121918,9348,290,2023-12-08,1,0
121919,9276,503,2023-07-12,1,10
121923,1953,341,2023-02-03,3,0
121925,4782,153,2023-02-08,1,0
121929,5734,330,2023-07-08,3,10
121945,8972,477,2023-01-01,3,0
121946,3425,575,2023-07-02,1,0
121947,5580,144,2023-11-03,5,0
121949,7295,433,2023-06-02,1,5
121961,1686,147,2023-05-04,4,10
121964,2211,229,2023-11-12,2,0
121975,8846,377,2023-03-12,3,0
121977,2277,376,2023-06-05,4,0
121980,194,524,2023-12-03,1,0
121981,8228,475,2023-01-04,1,2
121999,4269,579,2023-06-11,1,10
122002,6240,426,2023-11-06,3,0
122006,3548,159,2023-12-01,4,0
122013,5819,161,2023-03-12,4,0
122014,3363,197,2023-10-12,1,0
122016,186,574,2023-10-10,1,0
122026,2173,274,2023-10-02,2,10
122029,7620,459,2023-03-06,1,0
122034,5582,169,2023-07-12,1,0
122035,7058,236,2023-09-07,3,0
122037,2444,452,2023-09-04,1,0
122058,2539,199,2023-05-08,1,0
122060,7092,148,2023-02-03,3,5
122080,325,592,2023-12-01,5,0
122087,1860,480,2023-08-02,2,0
122101,7475,469,2023-06-06,1,5
122111,7366,105,2023-08-09,2,10
122112,8638,480,2023-12-03,2,2
122116,3612,499,2023-06-09,1,15
122124,2893,522,2023-01-12,4,0
122125,5080,260,2023-10-11,2,20
122128,6716,359,2023-09-11,1,5
122141,5576,265,2023-07-11,1,0
122154,8823,329,2023-03-04,1,5
122156,9316,182,2023-02-10,1,0
122159,8381,292,2023-05-08,2,2
122161,618,444,2023-07-10,5,0
122164,4103,522,2023-07-05,2,2
122165,2242,183,2023-08-06,1,10
122166,418,531,2023-10-06,3,5
122194,449,107,2023-06-11,2,0
122197,1076,263,2023-07-02,3,0
122212,9809,377,2023-01-12,2,20
122223,6686,589,2023-04-02,2,0
122225,655,330,2023-06-06,1,0
122234,7950,296,2023-01-11,2,0
122260,6309,308,2023-04-04,1,0
122266,795,315,2023-06-06,2,15
122276,7860,165,2023-07-08,3,5
122279,5265,530,2023-11-12,2,15
122281,6564,213,2023-09-05,2,0
122284,1483,575,2023-01-09,1,0
122288,4509,575,2023-02-06,5,0
122290,9359,363,2023-11-06,1,0
122292,8482,450,2023-09-10,2,0
122294,3121,361,2023-07-01,2,0
122320,6321,264,2023-02-06,2,5
122328,8179,474,2023-08-01,1,0
122331,794,556,2023-07-12,3,10
122341,7127,174,2023-09-03,1,0
122344,368,355,2023-12-01,4,2
122349,8455,548,2023-03-04,1,2
122350,8820,592,2023-06-07,1,0
122355,297,108,2023-12-10,2,0
122369,5065,168,2023-12-05,2,0
122372,7148,497,2023-03-05,1,0
122377,7688,228,2023-03-11,2,5
122406,1156,501,2023-08-07,3,10
122425,2382,452,2023-10-08,1,10
122427,3182,549,2023-04-03,2,20
122429,9943,545,2023-02-10,4,0
122431,472,202,2023-11-06,4,5
122433,7576,205,2023-10-04,3,2
122436,4782,363,2023-09-12,2,10
122437,9691,105,2023-04-09,1,0
122438,5070,118,2023-12-04,1,2
122443,9436,509,2023-04-01,2,0
122444,8102,406,2023-01-07,2,10
122457,4567,147,2023-12-03,1,2
122463,1707,527,2023-08-07,1,0
122468,2552,102,2023-11-08,2,5
122472,4424,273,2023-09-11,3,0
122498,3152,173,2023-11-10,1,0
122508,9352,146,2023-12-02,2,0
122518,6712,266,2023-07-03,1,15
122522,3165,147,2023-09-01,1,0
122526,8780,309,2023-05-04,5,2
122535,8638,546,2023-02-06,3,2
122537,4009,202,2023-10-04,1,0
122552,4128,434,2023-08-05,1,15
122566,2318,107,2023-04-03,1,0
122570,7440,491,2023-07-01,3,0
122576,5387,247,2023-09-05,3,0
122577,29,326,2023-07-08,3,0
122579,3680,364,2023-07-03,1,2
122590,5751,441,2023-11-09,2,0
122598,7152,461,2023-08-07,1,2
122599,1900,585,2023-12-11,1,0
122608,4555,583,2023-12-04,1,0
122621,4695,129,2023-03-08,2,5
122643,7913,583,2023-03-02,1,2
122650,1300,244,2023-11-11,3,2
122654,8056,599,2023-02-12,1,5
122665,466,446,2023-09-04,2,2
122666,4663,200,2023-03-01,3,0
122681,4875,320,2023-08-03,1,0
122686,8381,280,2023-03-02,1,0
122690,6282,326,2023-02-06,1,2
122692,2106,569,2023-06-01,5,5
122694,5990,535,2023-08-08,1,2
122698,4039,544,2023-07-12,4,2
122712,7024,226,2023-06-03,1,10
122718,9477,452,2023-07-04,1,5
122720,7249,215,2023-10-02,3,0
122721,2709,341,2023-09-12,1,2
122726,5411,198,2023-05-08,1,2
122727,5212,167,2023-09-03,2,2
122730,5839,564,2023-07-08,2,0
122731,3006,289,2023-09-08,3,0
122739,2396,201,2023-08-01,1,0
122742,4565,466,2023-01-02,1,2
122753,7239,170,2023-08-01,2,0
122756,6390,284,2023-03-07,1,0
122758,3567,347,2023-03-09,1,2
122759,3575,550,2023-04-04,3,2
122762,9866,232,2023-03-11,1,0
122764,4432,301,2023-01-04,1,0
122784,7093,448,2023-12-12,1,15
122795,7249,590,2023-03-05,3,0
122800,7878,235,2023-03-04,1,0
122827,5223,369,2023-06-12,4,0
122836,8767,436,2023-12-11,2,2
122845,8940,512,2023-05-04,3,0
122861,4437,293,2023-12-04,1,2
122864,1426,384,2023-01-05,2,0
122865,705,251,2023-12-04,4,0
122868,1298,513,2023-06-04,4,15
122869,2248,393,2023-01-02,1,0
122879,1705,218,2023-04-10,1,0
122882,9058,357,2023-02-04,1,15
122898,2175,344,2023-07-05,1,5
122899,3427,486,2023-09-03,2,0
122908,9290,371,2023-02-10,1,0
122910,635,346,2023-01-09,1,5
122912,1013,410,2023-04-09,1,10
122914,6596,415,2023-05-11,1,0
122921,6343,215,2023-01-08,4,10
122929,9588,107,2023-07-08,1,10
122933,9598,328,2023-09-03,1,0
122940,2571,523,2023-01-05,1,5
122955,2217,280,2023-01-12,2,10
122965,6890,275,2023-08-02,1,0
122970,5233,205,2023-11-02,2,2
122976,4076,118,2023-04-03,1,0
122977,679,457,2023-10-06,2,0
122981,9295,258,2023-10-03,2,0
122991,9945,468,2023-05-09,1,0
122993,1844,116,2023-10-07,2,0
122996,8497,329,2023-04-09,2,5
122998,9878,595,2023-10-06,1,0
123003,956,389,2023-01-07,3,0
123006,3701,456,2023-01-04,3,0
123011,930,210,2023-07-10,3,0
123020,6034,147,2023-12-08,2,2
123022,7256,128,2023-10-03,1,5
123034,7828,502,2023-04-06,1,5
123044,1298,247,2023-10-02,1,0
123048,6405,596,2023-05-01,1,0
123055,4375,217,2023-01-11,1,0
123060,396,278,2023-05-07,1,10
123064,5623,381,2023-01-02,5,10
123067,8548,156,2023-09-12,1,5
123068,7172,398,2023-09-05,1,2
123071,9467,436,2023-01-05,2,2
123072,365,332,2023-09-08,2,5
123076,8223,542,2023-03-04,1,0
123086,423,410,2023-09-05,1,5
123088,2907,425,2023-01-09,1,5
123090,7300,466,2023-07-07,1,5
123092,258,112,2023-02-09,1,15
123102,9695,285,2023-07-10,3,2
123117,561,285,2023-06-07,2,2
123128,3013,237,2023-09-08,4,5
123142,9665,256,2023-01-09,3,0
123143,3590,363,2023-12-05,2,5
123144,3915,293,2023-02-04,1,0
123153,3925,189,2023-01-08,1,5
123166,8249,364,2023-08-07,3,0
123167,3129,541,2023-10-12,3,5
123173,7958,200,2023-01-08,3,0
123175,3755,518,2023-04-05,1,0
123178,5311,152,2023-07-09,2,0
123179,4719,548,2023-02-10,1,2
123181,742,567,2023-04-02,2,0
123186,2369,186,2023-11-08,3,5
123199,7857,498,2023-08-02,3,0
123207,2802,473,2023-04-08,1,0
123210,6316,342,2023-05-08,2,5
123217,9665,199,2023-10-11,3,0
123218,6592,417,2023-06-12,1,10
123223,663,134,2023-10-10,1,2
123228,8444,361,2023-11-04,3,0
123244,7234,398,2023-11-01,4,15
123256,1199,394,2023-05-03,3,0
123262,8519,287,2023-11-01,1,10
123264,682,312,2023-11-06,1,10
123270,242,470,2023-10-03,5,10
123274,9341,429,2023-11-10,2,2
123281,3893,599,2023-09-02,2,0
123291,9606,285,2023-12-05,1,2
123306,3895,478,2023-05-10,1,5
123325,2076,478,2023-03-04,3,2
123333,7977,564,2023-09-03,3,20
123336,5007,339,2023-01-05,4,10
123339,1144,590,2023-05-01,2,0
123340,7885,570,2023-03-10,3,0
123350,9262,289,2023-05-01,3,20
123356,1478,295,2023-01-08,1,0
123357,8960,353,2023-01-06,1,10
123369,2565,587,2023-03-03,1,0
123385,3986,534,2023-07-08,1,5
123390,7906,213,2023-02-12,2,5
123416,7290,579,2023-01-08,2,0
123419,1814,263,2023-08-02,1,0
123420,2697,226,2023-01-07,1,0
123425,4206,521,2023-05-03,1,0
123439,5469,541,2023-04-11,1,5
123441,9270,372,2023-08-02,1,5
123444,8700,561,2023-05-09,1,2
123464,2513,379,2023-03-08,1,5
123468,901,189,2023-10-05,1,15
123492,6106,247,2023-10-09,1,0
123496,2145,210,2023-02-04,1,0
123503,8136,366,2023-05-03,4,0
123504,7778,597,2023-05-04,1,0
123508,5469,144,2023-05-04,3,0
123509,2210,268,2023-04-09,1,5
123515,2921,137,2023-10-06,1,0
123522,4807,455,2023-02-07,3,0
123530,8448,480,2023-03-10,1,0
123531,120,267,2023-05-05,1,2
123541,273,514,2023-09-05,1,10
123545,3085,462,2023-08-10,2,0
123554,891,433,2023-07-03,2,5
123559,391,312,2023-07-02,4,0
123564,2573,320,2023-02-08,2,10
123605,8557,598,2023-07-12,1,0
123610,6068,531,2023-06-04,3,0
123616,4589,431,2023-10-03,1,10
123618,4100,443,2023-01-09,2,2
123631,2306,175,2023-07-01,3,5
123632,1038,301,2023-11-02,1,0
123647,1243,585,2023-07-10,1,10
123652,6121,115,2023-05-05,2,0
123653,2693,595,2023-02-01,1,10
123658,8361,129,2023-10-12,3,2
123664,8769,280,2023-08-05,1,0
123672,364,252,2023-06-10,1,5
123673,7729,358,2023-06-07,1,0
123679,9554,261,2023-02-06,3,2
123683,651,381,2023-09-08,5,0
123684,7232,462,2023-11-03,1,10
123690,2470,128,2023-02-12,1,5
123698,6688,248,2023-11-10,1,5
123700,5716,102,2023-11-09,1,5
123703,3246,192,2023-11-10,2,10
123705,4461,575,2023-09-01,3,0
123714,8255,500,2023-02-02,1,10
123724,9094,132,2023-06-01,5,0
123725,9394,109,2023-08-03,3,10
123731,3635,475,2023-10-03,1,0
123743,8919,596,2023-04-10,1,0
123744,9233,324,2023-02-10,2,0
123758,3426,371,2023-02-05,1,0
123759,267,525,2023-05-03,2,0
123769,7697,349,2023-05-02,3,0
123776,6669,275,2023-02-07,2,0
123783,1860,135,2023-10-09,1,0
123795,7869,379,2023-02-10,2,10
123800,4565,328,2023-10-09,1,0
123806,7987,269,2023-04-08,2,0
123808,8519,442,2023-03-02,3,0
123821,8239,123,2023-03-10,4,2
123822,301,219,2023-09-12,1,5
123843,1586,159,2023-12-08,4,0
123849,6236,501,2023-05-06,1,5
123853,7369,208,2023-06-09,1,0
123860,8557,353,2023-03-05,1,0
123868,8882,450,2023-04-11,2,0
123870,7396,377,2023-03-02,2,10
123890,2309,514,2023-05-09,1,0
123892,3185,548,2023-07-12,3,15
123898,3125,232,2023-03-12,2,0
123902,1105,254,2023-02-04,2,2
123906,1112,154,2023-10-06,1,0
123914,6727,516,2023-07-09,3,0
123921,5364,128,2023-01-11,1,0
123934,2497,465,2023-07-12,1,5
123938,3186,451,2023-10-06,1,0
123942,8719,109,2023-04-03,2,0
123945,3499,291,2023-11-05,1,0
123949,9357,508,2023-06-10,3,5
123950,3679,232,2023-09-01,4,0
123959,198,339,2023-07-02,1,0
123963,8166,191,2023-09-10,1,0
123964,4138,545,2023-05-05,2,0
123965,6126,106,2023-06-02,3,0
123967,8759,232,2023-08-09,1,2
123968,7104,467,2023-12-10,1,0
123973,6654,527,2023-02-10,3,10
123975,6400,143,2023-12-10,2,10
123977,6411,505,2023-03-11,1,2
123980,4114,367,2023-01-05,1,0
123988,7590,554,2023-01-02,1,0
123990,8530,376,2023-11-06,1,5
123994,3999,286,2023-09-12,2,2
123999,9537,494,2023-08-02,1,5
124006,5932,555,2023-12-03,1,0
124009,1236,421,2023-10-11,1,0
124023,8538,217,2023-12-09,1,0
124032,6473,300,2023-06-05,1,15
124036,6808,440,2023-03-02,1,5
124037,7822,596,2023-12-10,2,0
124039,1886,196,2023-11-01,1,5
124044,8006,532,2023-11-03,1,2
124045,4681,284,2023-08-02,5,15
124047,6704,269,2023-03-05,5,0
124055,2585,452,2023-03-07,5,0
124056,1240,507,2023-10-02,2,2
124060,4922,157,2023-09-01,4,0
124062,7020,568,2023-02-09,1,0
124076,7878,499,2023-06-05,1,0
124077,5772,552,2023-12-07,2,2
124078,8503,381,2023-11-07,3,0
124079,875,485,2023-07-08,2,2
124085,8273,123,2023-09-08,1,2
124089,3085,551,2023-10-04,1,0
124098,6570,229,2023-06-05,4,0
124103,3663,504,2023-05-02,3,10
124112,4171,438,2023-08-05,1,2
124114,3952,295,2023-11-07,1,0
124117,3613,114,2023-08-05,2,0
124119,6480,271,2023-07-12,1,0
124123,2531,282,2023-10-06,3,0
124124,3802,318,2023-03-01,1,15
124132,3349,332,2023-01-08,1,0
124134,2284,438,2023-02-12,1,5
124136,2853,214,2023-08-07,3,0
124138,5726,221,2023-08-11,1,5
124143,4704,298,2023-06-05,1,10
124154,3697,522,2023-03-02,5,10
124160,147,292,2023-07-03,2,0
124163,5362,190,2023-01-11,2,0
124169,7672,527,2023-01-12,1,0
124202,358,347,2023-04-05,1,0
124203,6361,301,2023-10-04,1,10
124207,165,150,2023-11-12,1,0
124213,9888,400,2023-11-11,3,0
124214,2741,463,2023-02-12,1,0
124215,7145,587,2023-04-02,2,10
124218,6240,343,2023-06-05,1,0
124230,6373,228,2023-04-12,2,0
124231,9422,473,2023-09-05,3,0
124235,565,448,2023-04-05,2,0
124243,5808,146,2023-02-03,2,0
124249,8289,135,2023-05-02,1,2
124253,5259,517,2023-12-10,1,0
124255,3,111,2023-11-02,5,2
124260,6431,543,2023-07-10,1,15
124269,6012,483,2023-09-09,2,5
124277,486,532,2023-12-01,1,0
124284,9342,444,2023-01-04,1,0
124289,6121,594,2023-09-08,1,0
124294,7269,128,2023-03-12,3,0
124304,7387,533,2023-04-09,1,10
124308,1934,527,2023-11-10,2,5
124320,6464,597,2023-11-07,1,0
124323,7824,267,2023-08-04,3,2
124328,2418,273,2023-01-04,5,5
124331,3048,508,2023-03-08,1,2
124333,6018,451,2023-12-01,4,0
124338,8283,469,2023-06-10,1,5
124340,2648,220,2023-02-04,1,0
124341,9456,351,2023-09-01,3,0
124344,9993,462,2023-02-11,5,0
124358,635,337,2023-10-08,1,0
124360,2562,235,2023-01-09,2,0
124364,3121,528,2023-10-03,1,0
124366,7992,118,2023-03-12,4,0
124383,8713,417,2023-10-08,1,0
124397,9809,510,2023-02-08,1,5
124411,5358,382,2023-01-10,2,0
124420,6060,483,2023-02-06,2,0
124421,9283,358,2023-12-11,2,2
124425,7475,149,2023-12-02,1,5
124427,4885,594,2023-01-10,4,0
124430,1844,129,2023-04-06,1,0
124436,554,186,2023-04-05,3,0
124437,9535,497,2023-08-09,2,0
124449,5509,580,2023-05-06,3,0
124453,1641,344,2023-05-05,2,0
124456,9537,209,2023-11-09,3,0
124457,8322,540,2023-10-03,3,0
124458,5514,407,2023-09-03,4,0
124462,5015,299,2023-10-09,1,2
124464,1300,243,2023-09-02,2,0
124474,5555,416,2023-07-05,4,5
124478,5130,386,2023-02-07,2,0
124479,85,449,2023-02-09,1,0
124482,7144,530,2023-09-07,2,2
124490,1198,238,2023-08-09,3,2
124492,2318,394,2023-02-02,2,5
124504,1505,154,2023-12-10,2,0
124509,6543,227,2023-12-06,1,0
124514,2744,166,2023-06-12,2,10
124519,4756,332,2023-06-08,3,0
124526,2268,184,2023-03-02,4,0
124537,6147,244,2023-10-04,1,0
124543,5992,390,2023-10-03,1,0
124558,5882,198,2023-03-01,2,0
124583,6384,493,2023-08-02,1,0
124587,8425,525,2023-08-09,4,10
124590,1985,298,2023-05-01,3,0
124601,669,325,2023-08-09,1,5
124607,4453,475,2023-06-04,1,0
124612,3803,522,2023-09-07,3,0
124616,8262,371,2023-04-10,1,0
124618,4244,483,2023-05-10,1,2
124620,7528,591,2023-12-02,3,0
124621,2922,353,2023-03-04,1,5
124627,9697,237,2023-12-06,4,0
124633,4042,452,2023-05-12,1,0
124638,5492,208,2023-05-08,1,0
124643,8430,306,2023-03-06,4,0
124647,2930,166,2023-05-08,2,2
124656,1850,336,2023-08-02,1,0
124662,2625,583,2023-05-05,1,15
124663,1963,583,2023-01-11,2,20
124670,6060,580,2023-08-04,5,0
124677,8275,449,2023-08-06,4,0
124695,6302,120,2023-08-01,2,2
124701,308,195,2023-05-06,4,0
124706,5202,220,2023-02-01,1,5
124710,4340,418,2023-10-06,1,0
124712,5393,539,2023-11-12,2,0
124728,3877,148,2023-10-12,1,2
124729,2321,363,2023-08-11,2,10
124730,7696,249,2023-03-05,3,0
124752,5546,286,2023-12-05,1,0
124759,2091,305,2023-06-01,1,10
124766,5898,316,2023-05-07,2,0
124772,9224,385,2023-05-02,1,2
124785,5768,353,2023-03-03,1,0
124794,5120,232,2023-12-09,1,0
124797,4330,297,2023-02-02,1,0
124803,554,531,2023-01-07,4,0
124807,2218,571,2023-12-09,5,0
124811,7151,267,2023-05-04,4,2
124816,5249,250,2023-06-08,3,2
124823,9697,216,2023-09-02,3,0
124825,5965,323,2023-12-07,2,2
124836,6211,600,2023-04-09,4,0
124849,9224,379,2023-07-05,3,0
124854,6126,158,2023-11-12,2,0
124859,2122,121,2023-06-03,1,10
124861,1153,383,2023-06-05,5,5
124863,8298,531,2023-04-06,1,0
124865,5232,422,2023-08-08,3,0
124878,5624,494,2023-02-11,1,0
124890,1611,156,2023-10-06,1,0
124891,2306,124,2023-08-04,1,0
124894,5703,117,2023-12-11,1,10
124896,8471,366,2023-12-06,2,0
124898,9822,582,2023-04-01,1,2
124912,2448,321,2023-04-10,2,0
124921,7880,161,2023-08-08,1,5
124931,6532,339,2023-06-07,1,10
124934,8680,457,2023-04-12,1,0
124937,2201,447,2023-05-01,2,5
124942,4063,441,2023-06-07,3,0
124945,9477,309,2023-04-05,1,2
124947,935,433,2023-01-12,2,0
124954,9021,459,2023-07-03,1,15
124964,2414,522,2023-04-08,3,2
124976,2287,389,2023-11-01,3,0
124994,6897,260,2023-02-05,2,0
124995,1702,348,2023-09-07,1,0
125021,3104,597,2023-08-01,4,0
125034,1760,403,2023-12-11,3,0
125035,9497,130,2023-09-07,3,0
125055,2322,199,2023-10-11,3,0
125059,3670,344,2023-07-02,2,0
125076,1250,527,2023-07-01,1,2
125086,6390,452,2023-01-02,3,0
125089,4841,225,2023-07-08,3,10
125090,2897,296,2023-08-10,1,0
125101,3185,514,2023-09-08,1,0
125102,7992,276,2023-10-12,3,0
125104,2388,577,2023-04-04,1,0
125105,5994,515,2023-06-12,2,5
125107,1509,557,2023-10-08,2,0
125116,9058,192,2023-12-09,4,2
125119,3948,275,2023-07-08,2,5
125120,4889,323,2023-01-08,5,0
125128,606,560,2023-06-09,1,10
125130,118,352,2023-02-12,1,10
125138,5878,598,2023-09-01,1,0
125150,1479,591,2023-09-03,1,2
125160,7754,477,2023-05-10,2,0
125165,4077,272,2023-09-03,3,15
125167,5737,343,2023-09-12,2,0
125169,3785,164,2023-01-08,2,5
125182,8538,525,2023-09-06,5,10
125192,6720,567,2023-04-11,1,0
125196,3,493,2023-08-12,1,2
125198,309,109,2023-08-05,1,0
125205,9420,268,2023-07-08,1,10
125207,5734,235,2023-10-10,1,0
125211,2276,484,2023-04-02,1,0
125214,7206,111,2023-06-07,2,20
125215,731,407,2023-07-04,1,5
125216,2426,583,2023-08-07,3,0
125219,4589,283,2023-05-12,5,0
125238,994,410,2023-01-01,1,0
125241,9535,169,2023-06-01,1,2
125247,8332,169,2023-01-08,4,0
125249,5620,281,2023-07-09,3,5
125252,2005,533,2023-12-09,1,0
125279,5515,222,2023-08-11,3,0
125280,8084,542,2023-03-01,1,15
125282,7808,269,2023-06-07,1,10
125292,8944,311,2023-05-05,1,0
125294,9273,552,2023-09-08,5,0
125296,276,371,2023-01-07,2,0
125297,5798,277,2023-09-11,1,10
125298,5703,391,2023-04-01,1,0
125302,6603,588,2023-04-11,3,0
125303,5238,363,2023-04-04,2,0
125318,8809,207,2023-08-10,1,2
125319,6310,565,2023-06-10,4,2
125320,8289,150,2023-08-01,2,2
125328,9100,419,2023-03-04,2,5
125329,2905,295,2023-08-03,1,5
125333,6744,363,2023-05-04,1,0
125337,8948,451,2023-12-12,1,2
125338,1266,480,2023-08-01,4,10
125356,4911,395,2023-03-01,2,2
125366,5940,402,2023-02-07,2,2
125375,8825,198,2023-01-02,1,2
125381,4244,529,2023-06-10,3,0
125390,8361,232,2023-08-10,3,2
125401,3925,271,2023-06-10,1,5
125410,4994,490,2023-05-08,1,0
125416,8537,532,2023-05-09,1,15
125417,7093,350,2023-06-11,1,0
125424,884,232,2023-07-09,2,10
125429,2804,175,2023-05-10,4,0
125435,7165,570,2023-07-09,3,0
125447,2782,398,2023-09-11,3,5
125463,1586,145,2023-12-05,3,0
125469,2693,388,2023-01-03,3,5
125470,7500,122,2023-07-12,1,5
125474,276,371,2023-05-03,1,0
125489,6309,396,2023-03-02,2,0
125492,3901,435,2023-06-11,1,0
125508,1868,202,2023-05-03,3,0
125509,457,538,2023-12-08,3,0
125511,3927,338,2023-05-10,1,2
125518,6712,163,2023-08-08,1,5
125523,930,313,2023-10-04,2,5
125526,3149,124,2023-10-01,3,0
125527,6067,310,2023-12-12,3,15
125532,6031,133,2023-10-01,1,0
125533,4999,376,2023-07-05,1,0
125536,9578,384,2023-02-08,3,5
125537,6797,219,2023-02-11,2,0
125538,983,509,2023-12-01,2,0
125539,6204,382,2023-11-11,2,0
125542,6193,268,2023-11-03,1,0
125543,5601,475,2023-01-02,1,0
125544,4324,191,2023-08-05,5,0
125557,8162,187,2023-04-06,2,0
125564,4942,491,2023-07-01,4,10
125573,6626,526,2023-12-05,5,0
125578,5740,322,2023-06-12,2,0
125579,8179,224,2023-03-03,1,0
125582,2036,290,2023-10-07,1,0
125588,2709,246,2023-05-08,1,0
125591,7862,525,2023-01-07,3,0
125598,3363,398,2023-03-07,1,0
125602,6079,133,2023-10-05,2,0
125611,4410,281,2023-09-06,1,15
125617,6370,549,2023-10-01,1,2
125619,5071,497,2023-06-08,5,20
125621,8077,517,2023-01-08,1,0
125632,1623,115,2023-01-12,1,10
125640,5578,475,2023-10-09,1,5
125642,5748,153,2023-06-11,1,0
125644,1279,488,2023-03-12,2,0
125652,3623,316,2023-01-12,1,0
125664,5760,255,2023-12-06,4,0
125668,9284,592,2023-07-07,1,2
125677,1746,180,2023-08-07,1,0
125684,1104,538,2023-10-02,4,0
125693,5273,576,2023-08-04,1,0
125700,3778,459,2023-12-04,1,2
125707,5062,515,2023-07-02,1,2
125709,7501,528,2023-06-08,2,0
125714,7729,319,2023-06-09,3,5
125744,7185,334,2023-09-04,1,0
125747,605,585,2023-05-02,1,2
125764,7938,327,2023-08-04,1,0
125768,4087,596,2023-04-10,3,2
125770,4971,560,2023-10-02,1,0
125772,897,369,2023-01-10,2,5
125779,7440,404,2023-12-06,1,2
125800,3191,468,2023-06-04,2,0
125803,5711,171,2023-10-11,2,0
125807,6681,503,2023-11-06,2,0
125816,5481,139,2023-03-10,1,0
125823,7308,131,2023-07-10,4,0
125826,2300,428,2023-11-06,4,15
125831,6400,128,2023-09-11,2,5
125839,6211,553,2023-01-05,1,0
125840,9844,363,2023-01-08,1,5
125846,7946,392,2023-01-08,1,2
125858,7861,116,2023-01-07,1,0
125861,8933,137,2023-12-10,1,10
125874,7290,391,2023-11-10,1,0
125883,6234,327,2023-03-05,1,2
125885,786,227,2023-07-05,3,5
125889,4602,219,2023-03-05,1,0
125903,6762,128,2023-01-08,2,0
125905,2226,222,2023-01-03,2,5
125908,1764,156,2023-02-08,2,0
125913,9010,406,2023-08-03,2,0
125920,6368,148,2023-12-09,4,2
125926,5000,536,2023-02-08,4,0
125927,5915,330,2023-06-03,3,0
125935,4244,145,2023-11-11,1,5
125942,6816,229,2023-12-06,1,10
125943,4915,151,2023-11-05,1,0
125949,869,182,2023-12-11,2,0
125967,1992,198,2023-10-08,2,0
125980,6368,518,2023-10-09,2,0
125985,5850,393,2023-09-11,1,2
125995,5104,420,2023-01-01,2,5
126001,5604,331,2023-10-09,2,2
126005,8213,506,2023-10-06,2,0
126015,957,341,2023-12-06,1,0
126020,3533,429,2023-01-01,3,2
126043,9681,458,2023-11-09,2,10
126044,1434,545,2023-05-08,2,0
126046,2030,380,2023-02-12,2,10
126055,9878,312,2023-11-09,2,2
126062,3773,361,2023-06-11,1,0
126106,5070,121,2023-07-01,1,0
126111,5928,461,2023-12-10,1,0
126115,8861,117,2023-06-01,1,2
126126,2678,147,2023-03-09,1,0
126130,7266,249,2023-09-06,3,2
126133,8945,455,2023-08-04,1,0
126136,6667,404,2023-11-02,1,2
126139,7908,485,2023-11-05,3,0
126149,8497,226,2023-08-10,1,0
126152,3137,282,2023-01-04,1,15
126157,25,361,2023-12-09,1,2
126162,1912,110,2023-05-03,5,0
126171,707,211,2023-07-10,5,0
126176,5537,510,2023-07-05,2,5
126187,5565,328,2023-12-10,1,0
126195,6876,400,2023-06-03,1,5
126198,3324,158,2023-04-12,3,5
126205,4238,236,2023-08-07,2,5
126210,5243,426,2023-01-03,2,0
126212,3511,405,2023-07-10,4,0
126221,7022,144,2023-12-05,1,0
126248,2346,444,2023-08-09,2,0
126250,7229,456,2023-08-01,1,0
126251,7476,295,2023-07-03,2,2
126254,6403,588,2023-07-07,4,0
126259,7736,435,2023-11-05,2,10
126266,8408,192,2023-08-06,1,2
126278,6475,485,2023-06-10,5,5
126284,7285,543,2023-08-04,3,5
126287,2872,569,2023-04-09,3,10
126299,3885,159,2023-02-03,1,0
126306,2703,388,2023-02-10,4,0
126313,1384,234,2023-05-07,1,5
126320,8824,587,2023-08-08,3,10
126322,2605,501,2023-09-08,4,0
126324,7058,409,2023-06-06,2,10
126325,4315,286,2023-02-11,1,2
126326,1930,431,2023-07-09,1,0
126328,7967,532,2023-12-12,2,0
126341,5411,389,2023-11-03,2,0
126356,1588,278,2023-10-07,1,0
126357,497,315,2023-01-10,1,10
126377,1459,450,2023-11-05,1,2
126396,441,118,2023-12-11,3,0
126408,2030,343,2023-01-03,1,0
126418,4771,265,2023-04-07,1,0
126431,4738,185,2023-03-11,2,0
126434,374,408,2023-08-07,3,2
126452,994,295,2023-10-02,2,2
126459,6483,294,2023-07-05,1,0
126465,136,459,2023-01-12,3,0
126476,9033,561,2023-09-06,1,15
126481,2864,164,2023-07-01,4,0
126483,7561,421,2023-12-07,2,0
126487,4840,258,2023-05-07,2,15
126499,9288,576,2023-06-08,1,0
126500,2197,573,2023-07-12,3,0
126501,5821,437,2023-02-10,1,2
126503,6914,574,2023-12-05,1,10
126507,8262,219,2023-07-01,1,0
126511,7244,514,2023-02-11,1,0
126513,211,165,2023-01-05,1,0
126515,4844,246,2023-04-10,2,10
126522,2506,110,2023-11-07,1,0
126523,9260,182,2023-01-11,2,2
126544,9682,463,2023-04-05,1,0
126562,2048,593,2023-03-12,1,2
126565,9746,396,2023-04-10,1,0
126568,7485,404,2023-04-05,3,0
126573,4664,457,2023-11-04,3,5
126577,9562,198,2023-08-01,2,5
126585,2091,348,2023-03-05,1,2
126589,9377,429,2023-04-07,3,0
126604,3654,472,2023-11-06,1,0
126607,2242,391,2023-11-07,2,0
126608,7296,338,2023-06-06,1,0
126617,7290,201,2023-09-02,2,0
126629,2333,291,2023-01-08,1,15
126644,3773,366,2023-06-11,2,10
126646,3558,526,2023-08-02,2,0
126661,4060,179,2023-08-06,1,0
126665,9496,316,2023-05-06,2,0
126667,7363,495,2023-09-04,5,2
126668,4996,593,2023-11-05,1,2
126669,3849,278,2023-02-12,2,0
126670,1568,108,2023-02-10,1,10
126675,8758,537,2023-02-12,4,5
126700,4739,531,2023-06-04,1,0
126703,1708,470,2023-09-06,3,15
126706,655,390,2023-08-11,1,2
126712,1144,127,2023-01-01,2,2
126713,1585,416,2023-08-06,3,2
126715,2449,450,2023-02-11,3,2
126722,7257,214,2023-10-09,2,10
126725,5661,358,2023-03-03,3,0
126738,2704,265,2023-03-02,1,0
126744,9120,293,2023-08-11,1,0
126760,2522,473,2023-11-01,3,0
126761,9746,426,2023-10-02,3,10
126764,7999,129,2023-05-01,1,0
126766,8263,254,2023-05-11,1,10
126768,3594,132,2023-06-10,2,10
126771,766,516,2023-08-06,2,10
126775,1408,127,2023-02-01,2,2
126784,9671,572,2023-03-05,3,0
126791,3160,518,2023-08-04,3,2
126796,4222,295,2023-04-07,1,5
126800,5198,150,2023-06-02,2,2
126802,3928,154,2023-05-10,1,0
126806,4323,104,2023-07-02,1,5
126811,7712,413,2023-08-07,2,0
126820,1243,390,2023-09-09,1,2
126826,4063,535,2023-10-11,1,2
126828,8090,515,2023-02-12,4,5
126831,1329,112,2023-06-07,1,2
126842,9657,519,2023-12-07,1,0
126850,3557,169,2023-04-12,1,0
126851,2036,541,2023-03-10,2,0
126869,9249,126,2023-01-09,1,0
126871,3048,491,2023-05-09,2,0
126884,6392,204,2023-01-04,2,0
126886,5667,233,2023-03-04,4,0
126889,8955,345,2023-12-07,1,0
126892,3965,321,2023-12-11,2,0
126897,2221,265,2023-10-03,1,0
126903,2096,201,2023-05-12,1,2
126906,9202,238,2023-05-08,2,0
126912,1077,281,2023-10-07,2,0
126918,411,310,2023-05-06,4,0
126923,2106,178,2023-04-08,1,0
126928,9023,562,2023-08-11,2,0
126942,7933,447,2023-04-10,1,0
126943,9456,369,2023-12-08,1,10
126944,7057,269,2023-08-11,1,10
126947,2649,152,2023-08-05,4,2
126949,3119,304,2023-12-03,3,0
126953,2332,113,2023-02-10,2,5
126955,4030,197,2023-02-02,1,0
126973,878,208,2023-04-09,2,0
126980,9190,160,2023-10-03,1,0
126983,606,378,2023-07-03,1,0
126991,4948,254,2023-10-03,3,2
126993,5515,217,2023-07-01,2,15
126994,7953,330,2023-05-02,2,0
127004,190,340,2023-10-06,1,15
127030,1179,348,2023-03-10,1,0
127033,6356,351,2023-09-02,3,15
127038,4732,128,2023-01-02,1,2
127040,4734,319,2023-05-12,1,10
127043,775,307,2023-01-02,1,15
127051,5410,196,2023-04-04,2,10
127052,2404,119,2023-08-06,1,0
127071,2126,469,2023-03-01,2,2
127075,7883,192,2023-08-03,4,5
127077,3885,548,2023-05-12,3,0
127079,5761,351,2023-12-07,1,5
127090,6458,449,2023-02-06,1,10
127092,1727,352,2023-07-09,2,0
127095,1855,151,2023-10-11,1,0
127098,1010,324,2023-09-12,2,10
127099,6047,558,2023-08-07,2,0
127101,7569,491,2023-10-09,1,0
127126,6512,580,2023-11-10,1,5
127128,1329,332,2023-05-04,1,0
127134,2235,513,2023-02-06,1,0
127147,4179,195,2023-05-09,1,10
127156,6558,464,2023-08-05,1,15
127164,1225,322,2023-07-07,4,2
127172,4530,516,2023-02-10,1,2
127176,3149,361,2023-06-03,5,0
127189,4576,331,2023-10-06,3,0
127200,8368,545,2023-05-09,1,0
127208,8261,433,2023-06-01,3,2
127220,1043,446,2023-12-01,1,15
127231,6282,526,2023-04-12,4,0
127236,2022,227,2023-09-09,2,10
127247,5773,504,2023-10-04,2,0
127250,9010,387,2023-05-01,1,2
127262,4895,119,2023-01-09,1,0
127267,1183,309,2023-01-08,5,20
127268,1314,362,2023-10-02,2,10
127286,4886,379,2023-06-08,2,0
127293,9939,593,2023-12-07,2,5
127299,4437,148,2023-09-04,1,0
127321,8753,347,2023-09-08,1,2
127327,1375,528,2023-12-06,1,5
127328,8282,314,2023-10-06,3,0
127329,5006,338,2023-04-08,3,5
127337,5801,589,2023-03-08,1,10
127338,7185,527,2023-09-01,1,0
127343,3701,153,2023-06-05,3,0
127360,8575,176,2023-01-09,1,10
127371,5232,374,2023-09-02,1,2
127380,3346,517,2023-03-02,1,2
127383,9275,204,2023-07-08,2,5
127389,2533,200,2023-08-11,2,0
127390,2779,206,2023-10-02,2,0
127393,6914,431,2023-01-05,1,0
127398,1210,221,2023-06-02,1,0
127402,8705,380,2023-02-02,1,0
127423,4375,332,2023-10-03,2,0
127425,872,480,2023-02-09,2,0
127426,614,255,2023-02-01,3,10
127429,8992,221,2023-04-01,4,0
127431,1920,236,2023-09-11,5,2
127437,7063,376,2023-02-10,2,0
127446,5979,258,2023-04-02,2,5
127455,5819,497,2023-07-12,2,0
127458,6106,246,2023-10-03,1,10
127474,431,529,2023-07-06,1,0
127482,8899,134,2023-05-02,3,0
127483,6978,301,2023-08-05,3,15
127488,8112,422,2023-02-11,1,0
127490,1505,434,2023-03-10,1,0
127498,7076,594,2023-08-02,1,0
127502,8089,310,2023-07-07,1,0
127512,6067,365,2023-10-06,3,10
127513,5712,123,2023-02-09,2,0
127522,8918,186,2023-06-12,1,0
127528,8919,313,2023-12-09,3,0
127533,6118,308,2023-01-06,2,0
127543,4612,391,2023-02-07,1,5
127550,5037,128,2023-04-06,1,0
127553,4155,369,2023-04-11,2,20
127560,196,136,2023-02-11,3,5
127563,9852,192,2023-09-08,1,0
127566,8735,275,2023-10-07,3,2
127571,223,504,2023-11-09,1,15
127578,6199,358,2023-11-02,3,0
127579,4152,138,2023-10-02,3,2
127584,1803,146,2023-04-11,1,2
127586,1881,261,2023-04-11,1,0
127589,5243,415,2023-10-03,1,0
127591,9355,392,2023-05-06,3,0
127597,5960,173,2023-07-03,1,0
127598,2095,172,2023-11-10,4,0
127599,5481,340,2023-06-07,3,0
127601,4323,322,2023-05-03,2,0
127604,897,302,2023-06-01,3,0
127608,7474,112,2023-11-02,1,0
127613,5820,415,2023-02-04,2,5
127619,4410,460,2023-09-09,2,5
127627,6343,391,2023-04-09,4,10
127635,4886,410,2023-05-06,4,0
127648,2814,418,2023-09-05,4,0
127651,358,411,2023-02-07,2,0
127656,4222,191,2023-09-03,1,0
127657,1200,443,2023-06-02,1,0
127658,4001,330,2023-04-06,1,2
127659,81,325,2023-12-02,1,0
127663,635,416,2023-06-10,2,15
127665,6121,154,2023-08-09,3,0
127672,8423,166,2023-07-02,2,0
127678,9612,299,2023-05-11,3,0
127687,6868,591,2023-02-04,1,5
127694,5649,340,2023-04-04,4,0
127699,7837,226,2023-08-02,4,0
127705,2345,333,2023-12-03,1,0
127713,5169,447,2023-10-03,3,0
127715,6490,417,2023-05-07,3,0
127716,9518,462,2023-11-07,3,0
127718,8401,256,2023-10-02,5,0
127728,8825,532,2023-06-02,1,2
127729,2267,227,2023-11-03,2,2
127734,5101,188,2023-09-07,1,0
127744,6397,595,2023-09-10,1,2
127750,1498,196,2023-01-03,3,10
127754,4913,280,2023-12-02,2,0
127790,1848,491,2023-02-05,1,0
127803,7308,564,2023-06-06,1,20
127805,6024,247,2023-08-03,3,2
127808,651,183,2023-03-04,4,0
127811,4292,406,2023-03-05,1,0
127822,4278,242,2023-03-12,3,0
127823,6636,260,2023-12-07,1,10
127824,1680,135,2023-04-09,1,0
127850,9074,480,2023-03-08,1,0
127867,5778,192,2023-04-06,1,5
127881,8365,304,2023-01-01,1,5
127886,7104,180,2023-07-06,1,0
127889,4521,124,2023-04-01,2,2
127897,7987,104,2023-10-05,1,10
127902,6509,200,2023-12-06,1,0
127904,1546,562,2023-03-09,2,5
127933,4393,519,2023-06-03,1,0
127934,1950,597,2023-03-10,3,10
127942,9285,192,2023-02-07,2,0
127944,1085,587,2023-10-06,2,2
127948,2177,276,2023-04-09,3,0
127956,6241,194,2023-03-06,1,15
127959,3909,276,2023-03-09,1,10
127962,5772,415,2023-04-11,1,0
127967,1326,143,2023-02-08,2,0
127973,1346,455,2023-11-04,3,2
127977,1882,182,2023-12-07,3,0
127985,6131,260,2023-05-06,2,2
127986,5717,396,2023-03-06,3,0
127990,1101,499,2023-04-11,3,10
127997,5451,297,2023-09-07,2,0
128002,759,558,2023-05-12,1,10
128027,6046,257,2023-01-05,1,0
128030,5604,422,2023-07-02,2,2
128039,9262,376,2023-11-08,2,2
128043,4315,475,2023-04-09,3,0
128048,2490,135,2023-11-05,2,0
128051,8774,206,2023-08-02,2,5
128056,7559,229,2023-05-06,1,0
128071,8275,151,2023-01-08,2,0
128085,2921,256,2023-04-08,1,0
128096,5994,313,2023-06-08,1,5
128104,9100,418,2023-09-08,4,20
128118,3925,546,2023-01-11,3,0
128148,2058,228,2023-11-07,2,15
128153,7500,561,2023-06-12,1,10
128154,7784,275,2023-03-01,2,0
128155,6808,366,2023-05-11,4,0
128159,4867,291,2023-01-12,1,2
128166,3725,356,2023-11-07,1,0
128168,9746,194,2023-02-01,2,0
128175,3691,524,2023-03-01,3,10
128182,6054,211,2023-01-09,5,0
128187,8657,576,2023-05-05,2,0
128193,3567,306,2023-10-12,3,2
128201,8809,455,2023-12-05,1,2
128204,4915,222,2023-03-10,3,5
128211,566,406,2023-12-06,1,0
128217,4318,502,2023-09-05,1,0
128231,7683,527,2023-09-06,1,0
128234,1626,408,2023-01-02,1,0
128239,4790,449,2023-06-05,3,0
128244,7526,528,2023-01-08,1,0
128246,9746,325,2023-01-08,1,0
128255,3534,194,2023-03-07,1,15
128268,9905,165,2023-05-07,2,15
128274,6956,488,2023-05-03,2,5
128281,2316,438,2023-10-03,2,0
128286,7688,364,2023-05-08,2,15
128289,5935,326,2023-01-02,1,0
128292,3684,270,2023-11-05,1,0
128293,7683,197,2023-09-09,1,0
128302,8026,136,2023-06-02,4,0
128305,269,275,2023-02-11,1,0
128306,6917,361,2023-10-12,2,0
128312,2860,459,2023-09-10,1,0
128315,6950,383,2023-05-08,5,5
128318,7977,371,2023-03-09,3,0
128333,8794,370,2023-02-06,2,10
128337,793,372,2023-02-03,2,0
128350,1856,364,2023-01-09,1,2
128351,1548,493,2023-02-06,1,5
128355,6400,488,2023-01-02,2,0
128358,9738,146,2023-12-03,4,0
128362,6440,419,2023-10-09,1,5
128372,7676,288,2023-10-05,2,10
128383,8263,199,2023-11-09,1,0
128384,468,508,2023-06-08,1,10
128388,2802,129,2023-02-07,1,0
128394,3831,586,2023-02-05,1,10
128413,9856,116,2023-03-01,2,0
128415,7598,278,2023-11-04,1,0
128420,7296,323,2023-11-05,1,0
128422,1077,389,2023-01-01,1,0
128428,4916,279,2023-01-01,1,0
128443,9158,329,2023-04-01,1,0
128444,1381,513,2023-05-09,1,5
128460,7632,563,2023-08-03,2,0
128488,2697,556,2023-07-06,1,0
128499,9884,438,2023-11-02,4,0
128504,9273,577,2023-09-06,1,10
128505,3276,179,2023-04-10,1,5
128506,8421,392,2023-05-11,2,0
128515,6227,599,2023-08-10,1,10
128523,1060,262,2023-02-03,1,2
128525,3859,499,2023-04-11,3,2
128539,2306,283,2023-05-12,3,0
128541,1902,113,2023-09-02,2,0
128546,7891,218,2023-12-06,3,0
128549,5301,113,2023-11-06,4,0
128553,8951,315,2023-01-10,1,2
128554,4372,578,2023-12-04,1,0
128555,5473,140,2023-08-03,1,2
128583,1887,274,2023-06-11,1,5
128595,6403,282,2023-05-07,1,0
128597,1037,187,2023-02-04,5,0
128611,4555,433,2023-06-01,2,2
128617,5580,276,2023-03-04,1,0
128618,6936,483,2023-03-12,3,0
128620,3365,161,2023-07-04,1,0
128637,4034,385,2023-01-02,1,0
128638,7221,141,2023-02-02,2,5
128643,3904,371,2023-07-01,1,0
128654,837,107,2023-09-12,4,2
128658,2139,391,2023-02-08,1,20
128675,7221,389,2023-01-06,4,0
128682,7135,323,2023-12-03,4,0
128684,779,544,2023-06-03,1,5
128688,905,254,2023-12-10,1,0
128717,4897,394,2023-12-08,1,0
128725,3430,289,2023-07-01,2,0
128730,6043,562,2023-09-03,1,0
128739,6907,226,2023-08-02,1,20
128755,9732,584,2023-09-03,1,0
128757,6914,331,2023-03-05,1,0
128771,5652,184,2023-04-08,5,0
128778,2901,492,2023-01-11,4,0
128782,1306,147,2023-07-01,1,0
128791,5406,394,2023-07-07,3,0
128793,6480,188,2023-02-02,2,0
128794,5259,390,2023-08-04,1,0
128807,2605,524,2023-07-08,3,10
128813,1528,148,2023-12-01,1,5
128817,9860,235,2023-02-01,1,0
128824,4145,262,2023-03-05,2,2
128830,8080,343,2023-05-01,1,0
128831,5931,452,2023-01-03,3,5
128836,6708,251,2023-12-02,3,0
128844,8983,280,2023-07-02,1,0
128845,190,498,2023-07-10,4,10
128850,9396,508,2023-08-05,2,0
128857,876,544,2023-06-06,1,0
128865,1538,528,2023-12-08,4,5
128866,3492,306,2023-12-03,1,0
128867,871,340,2023-03-11,1,0
128869,8361,401,2023-04-02,2,5
128872,582,546,2023-05-03,2,10
128885,5942,121,2023-10-12,5,0
128890,7611,290,2023-08-11,1,0
128893,9074,543,2023-05-01,3,0
128894,7042,211,2023-01-08,4,2
128901,8788,110,2023-05-12,4,0
128905,4850,523,2023-12-12,2,5
128910,4112,130,2023-09-10,3,0
128916,892,502,2023-04-05,1,5
128934,506,263,2023-12-02,1,10
128935,4978,583,2023-04-02,4,0
128937,2281,162,2023-08-07,1,0
128938,1928,574,2023-07-07,3,0
128940,4642,188,2023-06-09,1,0
128949,1611,468,2023-05-04,1,2
128956,2150,251,2023-05-05,1,5
128961,3700,377,2023-07-08,4,5
128965,8187,143,2023-02-02,1,5
128967,9041,239,2023-07-06,2,0
128968,6906,574,2023-08-04,5,0
128973,4034,476,2023-06-06,3,0
128976,5748,565,2023-03-05,1,2
128978,1586,417,2023-10-06,1,10
128985,7209,328,2023-07-11,1,0
128989,5301,501,2023-10-01,1,2
129000,3557,545,2023-02-07,3,5
129001,5837,179,2023-03-10,2,0
129003,3475,301,2023-07-09,1,0
129005,3028,224,2023-12-12,1,0
129013,4743,345,2023-05-05,5,5
129014,8944,269,2023-06-08,3,0
129021,5310,257,2023-05-09,1,0
129025,8700,251,2023-09-10,1,2
129035,6316,181,2023-03-02,3,0
129037,2106,402,2023-05-05,2,5
129043,3727,576,2023-02-09,2,0
129047,5801,325,2023-05-10,1,0
129049,2010,500,2023-03-11,1,0
129054,7892,430,2023-09-08,1,10
129059,6601,468,2023-10-06,4,0
129063,729,189,2023-04-03,1,0
129065,2265,474,2023-02-01,4,0
129076,4509,466,2023-03-09,1,10
129078,618,161,2023-08-11,1,0
129085,4677,120,2023-10-06,3,5
129087,9518,294,2023-10-06,1,2
129098,9907,337,2023-12-06,1,15
129099,5392,443,2023-03-11,2,0
129103,3904,153,2023-03-05,1,2
129111,3787,405,2023-08-04,3,0
129112,1133,535,2023-11-06,2,0
129115,103,595,2023-12-01,1,0
129119,5310,167,2023-09-02,2,15
129123,1487,227,2023-06-02,1,0
129153,6189,278,2023-03-04,1,5
129154,1063,351,2023-08-02,2,0
129155,5110,308,2023-09-02,2,2
129169,4864,522,2023-04-11,1,0
129171,3889,114,2023-12-02,5,0
129181,8722,480,2023-11-04,1,0
129183,7375,270,2023-12-07,3,0
129185,1688,570,2023-11-06,1,5
129186,7564,272,2023-05-02,1,0
129194,1686,342,2023-05-04,1,0
129196,1083,149,2023-04-12,3,0
129203,431,193,2023-08-03,1,5
129206,7822,345,2023-11-04,5,2
129211,176,439,2023-12-03,3,5
129214,4942,507,2023-04-11,1,5
129217,7640,265,2023-04-02,1,0
129238,270,379,2023-06-07,1,0
129255,1323,508,2023-09-03,5,10
129258,4401,190,2023-12-03,1,0
129265,3917,167,2023-04-12,1,2
129267,8979,316,2023-02-02,1,2
129273,1530,594,2023-10-07,2,0
129280,6204,530,2023-01-12,4,0
129294,6592,365,2023-09-03,2,0
129300,998,483,2023-08-06,1,0
129318,926,540,2023-06-04,2,0
129337,356,322,2023-09-04,1,20
129345,3427,216,2023-03-04,2,0
129349,2897,172,2023-10-11,3,2
129363,4669,363,2023-06-10,1,0
129365,5676,549,2023-02-02,3,2
129373,5498,220,2023-09-09,5,0
129375,9793,242,2023-12-11,1,0
129391,6952,259,2023-03-07,1,5
129399,1410,199,2023-01-01,3,2
129403,2674,548,2023-01-05,3,0
129404,2177,104,2023-09-10,1,0
129407,4804,318,2023-07-02,3,0
129409,7844,107,2023-12-12,4,5
129414,4537,220,2023-09-09,1,15
129436,5265,236,2023-02-11,1,2
129437,2851,495,2023-05-01,3,2
129439,7253,239,2023-08-02,2,5
129442,5051,390,2023-04-06,1,0
129447,7749,416,2023-10-04,1,5
129470,8460,330,2023-03-09,1,20
129486,2782,337,2023-07-03,1,0
129493,9205,283,2023-09-09,1,5
129496,5492,157,2023-07-02,1,10
129498,7550,447,2023-07-05,1,10
129500,8102,405,2023-03-11,1,15
129502,1144,202,2023-02-04,4,0
129521,2411,145,2023-02-08,2,0
129522,5389,303,2023-05-09,1,0
129547,9972,414,2023-07-04,3,5
129548,4490,281,2023-03-07,1,0
129555,4384,194,2023-10-08,2,0
129556,2590,171,2023-06-06,1,10
129568,232,542,2023-05-11,2,15
129571,6524,554,2023-12-07,2,0
129583,9001,381,2023-09-08,1,10
129584,486,190,2023-09-07,1,0
129610,8998,259,2023-06-12,1,0
129612,4663,500,2023-09-03,2,0
129623,8435,529,2023-05-07,3,0
129649,1702,132,2023-11-05,3,10
129655,1574,455,2023-02-02,3,2
129659,3440,321,2023-06-10,1,15
129662,6583,342,2023-08-11,4,20
129695,3086,473,2023-08-04,1,0
129712,4530,404,2023-02-09,1,0
129725,5886,515,2023-11-08,4,10
129729,3236,131,2023-12-07,1,0
129745,3930,308,2023-12-05,1,0
129762,6852,477,2023-03-08,2,0
129775,5422,488,2023-09-04,2,5
129781,612,492,2023-02-06,2,0
129786,6352,520,2023-11-04,1,2
129806,1606,455,2023-07-09,2,0
129810,1509,114,2023-12-04,3,0
129816,2595,406,2023-11-10,1,0
129832,2,200,2023-07-06,2,10
129837,5642,157,2023-06-05,1,0
129843,5499,429,2023-06-11,1,0
129844,348,485,2023-10-03,1,0
129855,4826,179,2023-06-12,1,0
129858,6635,560,2023-08-04,1,0
129862,5449,452,2023-09-05,1,0
129867,1572,573,2023-09-07,1,0
129877,8794,208,2023-08-11,1,0
129886,6320,276,2023-06-06,1,15
129888,4270,272,2023-04-04,1,0
129895,6018,521,2023-09-07,4,5
129899,2122,201,2023-11-09,1,0
129901,6634,263,2023-07-11,3,0
129903,6426,577,2023-04-04,1,0
129913,8924,331,2023-12-04,1,0
129925,1760,261,2023-04-08,3,0
129930,3947,299,2023-02-09,1,0
129932,420,470,2023-08-11,2,0
129941,1705,292,2023-08-10,2,0
129947,2744,535,2023-09-10,2,0
129948,9725,536,2023-12-03,1,0
129952,634,369,2023-08-02,1,5
129961,7413,145,2023-09-01,2,0
129973,2715,348,2023-12-09,1,20
129974,6878,392,2023-12-01,1,0
129982,2853,466,2023-07-10,1,5
129985,5620,141,2023-11-08,1,0
129986,9203,110,2023-05-03,4,0
129989,3988,224,2023-04-01,2,0
130001,9040,144,2023-07-08,3,0
130004,2018,263,2023-05-08,1,0
130015,4732,535,2023-01-03,2,0
130028,9253,191,2023-01-02,3,0
130041,6936,221,2023-10-11,1,0
130059,8342,344,2023-09-09,3,0
130065,619,293,2023-08-01,3,0
130067,6095,398,2023-08-11,2,5
130080,2216,427,2023-06-03,1,0
130082,8870,451,2023-03-06,1,15
130085,7504,333,2023-05-04,2,0
130086,1085,525,2023-02-05,3,0
130090,356,583,2023-06-09,2,0
130111,7159,375,2023-10-10,1,5
130126,2217,383,2023-05-06,1,0
130127,2126,519,2023-09-08,2,0
130145,4658,302,2023-08-09,4,0
130146,1946,284,2023-12-10,1,2
130160,7861,388,2023-07-02,1,0
130162,2276,424,2023-06-08,2,0
130188,245,164,2023-10-11,4,5
130191,3804,166,2023-11-07,1,0
130194,8593,486,2023-07-05,2,0
130197,3097,553,2023-04-06,2,5
130207,4531,511,2023-07-11,1,0
130208,4110,143,2023-06-03,1,10
130218,9816,504,2023-06-11,1,10
130223,6276,136,2023-09-03,3,0
130225,8142,430,2023-12-05,2,0
130226,1551,355,2023-12-09,2,0
130230,8628,462,2023-11-09,1,10
130238,7170,169,2023-05-04,1,2
130240,7329,405,2023-12-02,4,0
130268,7047,484,2023-02-07,5,0
130280,7290,203,2023-08-01,2,0
130307,4537,382,2023-02-12,5,2
130315,9458,259,2023-06-11,2,10
130317,2979,149,2023-04-10,3,10
130320,962,461,2023-02-11,2,0
130321,981,571,2023-08-07,2,0
130326,3816,217,2023-03-12,4,5
130338,814,529,2023-02-02,1,15
130339,6650,219,2023-05-08,1,10
130340,4204,104,2023-04-02,2,0
130343,2815,131,2023-05-02,3,5
130364,8509,518,2023-09-02,2,0
130369,6142,216,2023-04-05,2,5
130371,4641,561,2023-09-11,1,10
130372,6624,492,2023-10-01,2,0
130373,8634,258,2023-10-01,1,0
130383,5965,228,2023-01-01,4,0
130385,2802,569,2023-07-10,1,5
130386,1598,540,2023-09-02,4,10
130387,7906,303,2023-07-08,1,2
130388,4989,279,2023-01-08,3,2
130396,6596,440,2023-08-03,2,0
130400,4263,386,2023-12-11,1,0
130406,8457,537,2023-11-09,1,0
130414,6530,402,2023-10-02,1,0
130422,7757,296,2023-08-10,1,0
130423,9378,308,2023-09-05,1,0
130426,3219,116,2023-03-09,1,0
130431,4610,329,2023-05-12,1,0
130437,2690,524,2023-11-08,5,15
130451,7580,317,2023-09-11,3,0
130483,9462,252,2023-09-03,1,0
130487,7084,500,2023-05-07,2,2
130503,5223,119,2023-01-06,1,10
130506,1920,379,2023-09-04,1,0
130507,2139,145,2023-10-06,1,0
130509,5600,351,2023-04-01,1,2
130511,2804,422,2023-06-01,1,2
130514,1133,171,2023-02-11,1,0
130534,56,398,2023-06-04,3,0
130540,5350,428,2023-12-08,1,0
130554,9297,248,2023-05-08,1,0
130563,8369,235,2023-05-03,1,0
130569,5752,553,2023-06-03,4,0
130572,1314,333,2023-03-03,2,0
130573,2244,267,2023-04-07,2,5
130577,9580,370,2023-09-12,2,5
130580,4139,254,2023-06-08,1,0
130587,6982,315,2023-09-07,1,5
130593,1355,527,2023-04-08,1,0
130596,5079,253,2023-05-04,5,2
130603,7478,212,2023-07-09,2,0
130604,197,382,2023-01-07,2,0
130606,398,415,2023-09-02,1,2
130608,7441,114,2023-10-12,5,0
130609,1763,534,2023-07-03,5,0
130625,4165,155,2023-09-05,4,2
130628,456,268,2023-10-04,4,5
130638,2618,245,2023-08-07,2,0
130639,8545,437,2023-07-06,4,0
130652,8682,509,2023-11-09,1,2
130653,348,473,2023-12-08,1,5
130663,1645,187,2023-10-01,2,0
130665,2311,236,2023-08-12,3,0
130671,2520,318,2023-12-05,1,2
130685,2888,259,2023-02-10,2,2
130687,5913,443,2023-10-07,2,0
130690,1101,265,2023-02-06,1,0
130693,2734,453,2023-08-06,1,2
130699,3364,360,2023-08-01,1,15
130701,1591,217,2023-12-07,2,2
130702,5760,530,2023-10-01,1,0
130718,2208,318,2023-10-07,4,10
130720,1232,553,2023-06-05,1,10
130725,1099,444,2023-09-08,1,2
130727,3585,367,2023-12-03,2,0
130737,3644,427,2023-03-07,5,0
130739,6547,519,2023-01-04,2,0
130747,1560,145,2023-04-01,1,5
130749,264,182,2023-11-12,5,15
130756,9465,457,2023-04-01,1,0
130781,4765,295,2023-09-10,1,0
130787,5241,195,2023-10-04,3,0
130792,3868,408,2023-12-12,1,0
130803,6549,233,2023-11-07,2,10
130805,4396,357,2023-02-06,2,2
130818,6899,274,2023-11-08,1,0
130820,4133,137,2023-09-06,1,15
130822,1204,590,2023-11-07,1,2
130829,2104,562,2023-12-08,1,0
130831,5317,576,2023-10-11,2,0
130845,1478,234,2023-10-10,1,5
130850,705,492,2023-08-05,4,0
130854,1531,451,2023-04-04,2,2
130861,9689,251,2023-07-10,3,0
130862,3615,373,2023-10-05,1,20
130863,2345,142,2023-02-09,3,0
130864,8219,488,2023-03-10,3,0
130866,6181,600,2023-08-09,3,10
130870,442,297,2023-06-11,1,2
130882,9009,198,2023-06-06,1,0
130903,4661,291,2023-07-11,5,5
130904,2858,139,2023-08-07,1,2
130915,6864,343,2023-12-09,1,0
130931,2243,283,2023-04-04,1,5
130942,8869,595,2023-10-07,1,0
130943,4868,531,2023-07-07,5,0
130963,2436,122,2023-06-06,3,0
130966,6826,420,2023-11-02,1,5
130968,1001,456,2023-06-10,1,0
130974,8049,176,2023-09-08,2,10
130976,9606,443,2023-03-12,3,0
130983,6839,182,2023-01-04,1,0
130988,8319,404,2023-10-04,2,5
130996,3583,321,2023-06-06,1,0
130997,6844,151,2023-04-09,1,5
131006,9765,596,2023-05-12,3,0
131010,6054,166,2023-02-12,1,5
131016,9546,316,2023-09-10,3,0
131024,253,536,2023-06-07,2,0
131025,5079,127,2023-09-02,1,0
131027,2737,600,2023-09-09,2,5
131028,4786,345,2023-10-12,1,10
131038,3926,321,2023-08-02,1,0
131051,3276,253,2023-02-06,2,0
131056,2594,518,2023-01-11,2,0
131063,1459,299,2023-12-12,1,0
131064,6937,433,2023-06-05,1,0
131081,9750,314,2023-05-02,2,0
131092,9521,439,2023-06-05,1,5
131097,235,578,2023-10-02,2,0
131100,412,435,2023-12-12,3,0
131107,8557,278,2023-11-07,4,2
131130,232,561,2023-11-08,4,2
131131,2565,270,2023-01-12,1,10
131144,7948,254,2023-06-11,1,0
131146,4485,187,2023-01-10,4,0
131155,5831,152,2023-11-02,2,0
131158,7080,571,2023-02-07,5,5
131162,519,539,2023-04-04,2,5
131164,4112,454,2023-07-08,1,0
131170,7602,162,2023-04-11,1,0
131174,9535,421,2023-08-08,3,0
131177,5969,568,2023-06-09,1,0
131180,4953,529,2023-08-11,2,15
131182,1077,259,2023-02-03,1,0
131183,926,310,2023-08-01,1,2
131190,3023,165,2023-05-04,1,10
131231,9061,143,2023-01-11,1,0
131232,6307,467,2023-07-04,2,0
131247,7672,125,2023-10-03,2,0
131251,2790,237,2023-12-11,1,0
131254,5768,521,2023-06-08,3,2
131260,1007,419,2023-02-09,3,0
131264,7069,297,2023-01-11,2,0
131273,5015,172,2023-03-04,1,0
131274,7008,287,2023-02-11,1,2
131279,1906,519,2023-06-12,4,0
131281,1112,527,2023-07-12,1,0
131282,9541,356,2023-03-06,2,0
131283,8336,251,2023-09-10,1,0
131287,5716,516,2023-05-10,2,5
131299,3430,469,2023-02-07,1,0
131300,1969,524,2023-05-10,4,10
131309,3775,142,2023-04-06,4,2
131312,751,426,2023-01-04,1,10
131322,4786,446,2023-02-11,3,2
131329,2921,502,2023-09-05,3,0
131330,3487,406,2023-10-06,1,0
131335,1885,150,2023-08-05,1,0
131336,9353,597,2023-09-04,1,5
131339,6666,250,2023-11-01,3,10
131346,8811,422,2023-04-07,1,10
131350,7247,293,2023-02-01,1,0
131365,8405,445,2023-06-06,1,2
131368,7603,187,2023-01-04,4,0
131375,4045,355,2023-12-07,1,0
131381,7972,485,2023-03-08,1,0
131387,2424,527,2023-04-10,1,0
131390,2533,384,2023-12-11,2,2
131396,923,368,2023-07-09,1,2
131400,5979,300,2023-11-04,3,0
131403,3828,202,2023-07-05,2,2
131412,8565,423,2023-05-12,1,10
131414,8525,118,2023-11-02,1,0
131429,703,374,2023-04-06,2,10
131434,3531,120,2023-11-12,1,2
131437,1183,385,2023-07-09,4,2
131438,6683,199,2023-12-11,2,0
131446,8992,337,2023-11-03,1,0
131447,8474,138,2023-12-02,5,0
131460,1645,545,2023-10-09,1,10
131462,9025,226,2023-01-12,1,2
131471,7531,302,2023-09-01,5,2
131476,8583,321,2023-08-03,1,0
131484,2897,350,2023-09-07,1,20
131495,4429,460,2023-07-04,1,15
131496,5623,445,2023-04-12,1,10
131497,8202,145,2023-03-01,1,0
131499,1794,376,2023-09-07,1,0
131501,5681,582,2023-12-09,1,0
131503,1408,127,2023-10-07,2,10
131514,8088,319,2023-11-03,3,0
131520,8651,120,2023-05-07,1,10
131522,8914,467,2023-09-04,3,0
131524,7155,222,2023-06-07,2,10
131529,3348,382,2023-07-12,1,0
131534,6060,426,2023-03-08,3,15
131536,5217,326,2023-04-07,2,5
131542,6480,323,2023-09-05,3,10
131548,3326,230,2023-08-12,3,5
131550,9217,533,2023-10-12,4,2
131552,2601,164,2023-03-03,3,0
131553,6267,542,2023-11-09,2,5
131554,9207,214,2023-04-04,3,2
131556,7644,360,2023-08-08,2,5
131565,5204,200,2023-12-06,5,2
131566,3810,557,2023-08-06,3,5
131567,6390,276,2023-05-10,4,2
131568,430,510,2023-04-05,1,5
131570,7793,129,2023-06-07,3,0
131581,4779,307,2023-07-11,3,0
131596,6116,522,2023-06-07,2,5
131597,4468,395,2023-09-01,2,0
131605,3738,282,2023-08-05,2,0
131608,4579,152,2023-03-01,4,2
131609,2822,224,2023-11-04,1,10
131611,8999,561,2023-12-07,1,0
131613,5648,248,2023-04-09,3,10
131627,9893,447,2023-03-05,2,10
131628,6820,453,2023-02-04,2,5
131634,8332,491,2023-11-03,1,0
131653,194,224,2023-01-11,3,0
131666,1034,110,2023-03-02,2,5
131671,5182,307,2023-05-07,1,0
131673,1849,382,2023-10-03,1,15
131681,8053,298,2023-10-04,1,0
131682,9172,529,2023-10-05,4,0
131686,6183,494,2023-04-05,5,0
131703,2217,498,2023-06-12,2,0
131711,7885,456,2023-12-10,1,0
131718,1428,295,2023-09-10,5,0
131725,7732,498,2023-11-02,3,0
131738,2794,454,2023-02-12,1,0
131748,2301,371,2023-05-06,4,2
131758,7757,202,2023-12-09,1,10
131767,1544,202,2023-11-07,1,0
131777,689,328,2023-12-06,1,10
131786,1910,383,2023-09-04,2,0
131792,6555,301,2023-05-09,3,5
131795,9988,406,2023-03-07,4,0
131798,4695,291,2023-08-05,1,0
131806,5986,488,2023-08-09,3,0
131813,3233,547,2023-03-03,2,0
131821,9460,262,2023-08-11,2,0
131824,2878,444,2023-08-06,3,0
131836,7798,501,2023-03-12,1,0
131850,910,566,2023-05-05,2,0
131874,3831,114,2023-08-11,4,0
131879,2078,397,2023-03-05,2,0
131888,4272,529,2023-02-09,4,2
131891,7017,432,2023-03-02,2,5
131894,3758,406,2023-06-10,2,0
131895,6793,484,2023-08-10,1,2
131908,756,294,2023-05-05,1,5
131910,6914,483,2023-06-05,3,5
131912,8913,369,2023-01-05,1,5
131917,8700,265,2023-08-05,1,0
131921,5510,205,2023-02-05,1,5
131929,819,439,2023-09-07,2,2
131936,957,383,2023-05-09,4,10
131938,3134,489,2023-01-07,1,2
131943,7602,142,2023-04-06,2,0
131947,992,183,2023-04-12,2,2
131953,2618,546,2023-08-05,2,0
131958,9280,383,2023-09-06,2,0
131965,341,398,2023-07-03,3,15
131972,1236,538,2023-01-03,3,2
131974,3434,247,2023-11-05,1,0
131976,6610,475,2023-10-12,2,0
131984,136,421,2023-04-01,3,5
131987,9681,340,2023-09-08,1,0
131990,9683,499,2023-06-06,4,0
131991,3746,413,2023-12-12,1,5
131997,791,519,2023-07-11,3,0
132001,5813,584,2023-09-01,1,0
132004,8919,171,2023-04-06,1,5
132011,9011,355,2023-10-05,1,0
132015,5182,511,2023-11-02,1,0
132019,8870,417,2023-08-06,2,0
132020,342,521,2023-11-06,2,0
132025,8509,104,2023-03-06,1,15
132030,1253,154,2023-11-01,2,0
132038,4199,550,2023-10-09,1,0
132040,2928,598,2023-04-07,1,0
132043,8223,294,2023-04-05,4,0
132052,4341,472,2023-12-09,2,0
132056,4757,400,2023-09-10,2,0
132064,6280,462,2023-07-12,2,0
132066,308,135,2023-08-08,1,0
132080,5295,394,2023-06-07,1,0
132082,1039,597,2023-06-11,1,2
132086,5777,215,2023-04-05,3,0
132104,6199,250,2023-02-08,1,2
132106,1099,342,2023-09-04,3,0
132112,8537,274,2023-02-09,4,0
132122,6462,449,2023-10-05,1,0
132123,6508,355,2023-03-06,1,0
132124,1572,205,2023-09-11,1,2
132130,6303,405,2023-01-11,1,0
132142,4715,363,2023-05-10,3,2
132144,9060,576,2023-04-10,3,2
132151,7266,156,2023-11-07,4,0
132154,7523,550,2023-05-07,4,10
132158,2243,372,2023-04-01,1,15
132160,4361,342,2023-10-04,4,0
132162,1483,116,2023-11-06,5,2
132164,9009,396,2023-11-08,1,0
132174,3316,360,2023-10-06,2,0
132175,6254,129,2023-03-10,1,2
132177,7956,422,2023-04-05,2,2
132179,793,554,2023-12-01,3,0
132184,6906,291,2023-01-09,1,0
132186,1920,278,2023-04-02,2,0
132191,5204,221,2023-01-12,1,0
132206,4674,433,2023-08-10,5,0
132212,8584,284,2023-04-02,1,0
132214,8525,109,2023-01-09,5,0
132226,1986,201,2023-11-10,1,0
132230,2974,528,2023-06-10,3,15
132231,4895,338,2023-02-05,3,2
132234,7383,195,2023-12-05,3,5
132236,5455,336,2023-10-03,2,10
132237,4877,141,2023-11-08,3,0
132246,5691,568,2023-02-05,1,0
132248,4593,533,2023-03-06,1,0
132251,1235,221,2023-10-08,1,0
132268,181,262,2023-09-03,1,2
132269,7808,218,2023-12-02,4,5
132275,8283,584,2023-07-07,1,0
132276,3814,108,2023-10-07,3,0
132280,1593,118,2023-11-09,3,10
132288,468,230,2023-03-04,4,2
132292,8053,467,2023-02-06,1,2
132304,6950,383,2023-12-01,2,0
132307,2789,538,2023-08-01,1,10
132314,5129,302,2023-06-01,1,0
132319,7891,555,2023-11-03,1,2
132338,3293,494,2023-08-03,3,10
132348,7571,401,2023-11-03,3,10
132349,9788,596,2023-05-01,2,0
132363,8817,540,2023-06-04,3,0
132364,7605,541,2023-03-02,1,0
132370,5301,280,2023-07-08,1,0
132371,1360,295,2023-08-04,3,0
132390,1680,534,2023-03-04,1,5
132391,4066,466,2023-09-03,2,0
132394,157,496,2023-03-05,2,2
132407,2564,173,2023-02-01,1,0
132410,6535,199,2023-08-10,1,0
132411,6762,168,2023-03-01,2,0
132417,1,428,2023-05-07,1,0
132422,3731,431,2023-08-10,1,0
132425,4138,420,2023-07-11,1,0
132426,8256,363,2023-02-09,3,0
132438,7126,261,2023-01-06,1,0
132445,4297,495,2023-03-03,3,2
132460,8602,338,2023-06-09,4,0
132469,7620,395,2023-05-09,1,2
132472,5330,588,2023-10-08,2,0
132475,5093,347,2023-03-05,1,0
132480,3011,413,2023-12-03,1,0
132483,5154,380,2023-03-02,1,0
132484,7781,450,2023-06-07,3,0
132490,9993,106,2023-03-09,1,0
132498,3276,419,2023-12-02,1,0
132500,6514,476,2023-11-11,2,10
132502,7828,106,2023-04-09,3,0
132505,926,217,2023-02-02,3,2
132508,5350,258,2023-02-06,2,0
132526,1156,495,2023-05-12,1,2
132528,4199,256,2023-05-09,2,10
132537,2030,167,2023-10-07,1,10
132543,7447,415,2023-10-09,2,5
132546,7972,501,2023-10-02,1,0
132558,6412,224,2023-12-07,1,5
132559,4120,401,2023-08-10,2,0
132569,147,461,2023-09-05,2,5
132571,3909,469,2023-01-01,3,0
132576,2968,550,2023-10-05,2,5
132586,8396,387,2023-07-05,3,5
132591,6476,295,2023-11-06,1,5
132596,2279,545,2023-11-04,2,0
132613,5821,425,2023-12-06,1,0
132618,6838,369,2023-05-03,4,0
132626,3159,271,2023-11-04,2,0
132642,3164,289,2023-06-10,4,2
132644,1733,385,2023-03-02,3,0
132645,1207,196,2023-08-09,1,0
132646,5213,137,2023-04-08,1,0
132653,6372,425,2023-11-07,3,2
132656,186,152,2023-06-07,3,0
132684,1764,128,2023-05-07,1,0
132686,7984,595,2023-01-08,4,0
132691,1556,131,2023-06-09,3,2
132720,748,520,2023-04-06,5,0
132729,2128,230,2023-03-04,1,0
132733,6058,219,2023-04-08,2,0
132735,658,113,2023-10-10,1,5
132745,7047,271,2023-01-01,3,2
132747,8462,275,2023-07-10,1,0
132749,2033,410,2023-04-12,3,0
132755,4778,361,2023-05-08,2,5
132772,6524,490,2023-10-02,2,0
132779,4726,588,2023-05-06,1,2
132788,8125,328,2023-03-03,1,5
132797,4894,233,2023-07-11,3,0
132805,8817,458,2023-01-02,1,10
132808,2837,293,2023-11-04,2,0
132830,8996,239,2023-10-05,1,2
132835,8471,460,2023-04-09,1,0
132848,8010,539,2023-10-08,2,0
132851,7534,388,2023-05-02,1,0
132857,103,554,2023-02-06,2,2
132872,8319,343,2023-02-08,1,0
132888,856,386,2023-03-02,1,15
132889,3598,369,2023-09-09,1,0
132890,8351,116,2023-08-04,1,10
132891,4879,243,2023-07-06,1,0
132895,9471,525,2023-02-11,2,5
132896,3762,128,2023-10-08,1,10
132910,6614,193,2023-12-05,2,0
132946,49,384,2023-07-12,3,2
132949,8965,463,2023-04-03,1,0
132957,1305,578,2023-10-06,2,2
132961,9667,168,2023-01-07,2,0
132962,1065,468,2023-09-02,1,5
132964,544,209,2023-05-05,4,0
132970,7281,208,2023-04-10,1,5
132996,4840,445,2023-10-06,1,0
133009,1363,297,2023-03-04,1,10
133012,5213,324,2023-07-02,2,0
133016,661,429,2023-12-09,2,5
133017,2527,210,2023-03-11,1,0
133019,4596,331,2023-03-04,1,0
133029,1544,290,2023-05-03,1,0
133030,9029,506,2023-03-06,2,0
133035,7581,584,2023-04-10,2,10
133041,5301,451,2023-08-05,3,10
133044,400,322,2023-01-10,2,5
133054,1101,406,2023-06-12,1,5
133067,9606,214,2023-06-10,1,0
133087,3623,417,2023-08-02,3,20
133090,4077,338,2023-12-06,2,5
133093,582,550,2023-08-10,3,0
133100,4528,170,2023-11-04,1,0
133112,9146,371,2023-08-12,1,10
133113,7048,260,2023-07-08,2,15
133121,2412,413,2023-12-01,1,10
133122,8915,441,2023-06-07,1,0
133129,1941,518,2023-01-05,3,5
133130,1128,107,2023-08-09,3,0
133131,6774,243,2023-12-08,2,0
133134,223,125,2023-08-04,3,5
133135,4676,340,2023-01-11,1,0
133144,436,437,2023-02-04,3,5
133146,4824,464,2023-02-10,1,0
133160,223,297,2023-08-11,1,0
133164,1661,589,2023-11-07,1,0
133168,4747,332,2023-08-05,2,2
133177,5333,360,2023-05-05,1,0
133180,5648,309,2023-06-11,2,2
133181,4018,147,2023-05-01,2,0
133207,1237,503,2023-04-06,1,5
133209,7773,423,2023-07-12,4,0
133210,2072,315,2023-06-03,1,0
133212,6070,341,2023-11-10,1,0
133215,1040,280,2023-05-12,3,0
133217,3814,345,2023-10-10,3,20
133228,6509,468,2023-04-09,1,2
133229,9732,169,2023-04-06,2,10
133230,9319,277,2023-11-05,1,10
133240,1143,347,2023-07-12,2,0
133245,7436,194,2023-11-05,1,0
133247,1932,270,2023-10-09,2,10
133249,9436,434,2023-07-01,4,0
133251,9559,258,2023-11-06,3,0
133257,7015,314,2023-01-09,1,10
133263,8612,287,2023-11-06,1,0
133265,7239,195,2023-07-11,1,5
133269,7525,579,2023-11-01,3,5
133273,7402,152,2023-01-09,1,0
133276,748,435,2023-01-10,2,0
133279,9793,526,2023-02-12,2,0
133285,3623,216,2023-02-01,2,0
133289,9087,551,2023-11-01,1,0
133314,6442,273,2023-12-02,2,0
133320,9612,593,2023-02-01,3,0
133352,2775,478,2023-06-12,1,5
133354,9364,107,2023-01-08,1,0
133362,2965,289,2023-11-09,1,10
133365,1815,346,2023-07-11,5,0
133380,7007,545,2023-07-08,1,0
133388,1126,216,2023-01-02,1,0
133393,8746,241,2023-12-12,1,5
133394,3988,283,2023-09-10,3,0
133399,5814,468,2023-08-09,1,10
133400,821,510,2023-02-11,2,0
133404,518,386,2023-08-06,1,0
133407,4719,430,2023-09-09,3,0
133411,9086,139,2023-07-06,3,0
133417,4723,118,2023-05-02,3,2
133430,981,258,2023-01-10,1,5
133442,5343,277,2023-12-09,1,0
133452,6890,233,2023-04-05,1,2
133457,9743,165,2023-04-03,1,0
133460,5777,438,2023-08-07,4,10
133465,742,131,2023-01-01,1,10
133467,1794,363,2023-09-06,2,2
133472,9405,316,2023-01-02,1,10
133474,245,421,2023-01-06,5,0
133481,4679,557,2023-01-04,4,0
133482,2397,377,2023-06-09,1,10
133491,5630,161,2023-05-05,1,0
133496,773,228,2023-11-04,1,10
133499,5623,293,2023-10-06,2,0
133505,6614,110,2023-10-10,3,10
133509,7750,108,2023-05-08,1,5
133520,9058,160,2023-02-07,1,10
133528,9665,405,2023-11-12,2,0
133533,5983,174,2023-04-09,2,15
133539,7946,510,2023-09-05,2,0
133542,3087,539,2023-01-09,1,5
133544,8681,136,2023-05-07,2,0
133546,3995,518,2023-08-04,1,0
133555,3992,335,2023-12-08,2,2
133567,1656,232,2023-10-06,1,0
133570,1467,172,2023-02-06,2,2
133579,8239,520,2023-08-07,1,2
133591,6423,396,2023-10-10,2,5
133594,7946,436,2023-04-09,2,0
133595,433,190,2023-06-07,1,0
133601,779,321,2023-10-12,2,10
133613,3589,191,2023-03-04,3,2
133623,9436,355,2023-05-09,5,2
133630,5410,178,2023-12-04,1,0
133632,1144,550,2023-04-09,1,15
133642,1076,529,2023-03-02,1,5
133650,9342,250,2023-11-06,1,0
133654,9719,493,2023-07-11,1,0
133655,8836,172,2023-03-12,1,5
133667,1044,346,2023-07-07,1,0
133671,5464,290,2023-05-08,2,0
133673,6321,166,2023-09-03,1,0
133685,1920,434,2023-06-09,1,0
133690,4555,547,2023-03-06,3,5
133691,4317,403,2023-06-03,3,5
133707,168,244,2023-07-12,4,2
133709,6862,260,2023-07-03,1,0
133720,6030,316,2023-05-01,5,2
133727,7812,343,2023-10-01,3,0
133733,429,174,2023-11-06,1,0
133734,9657,165,2023-09-03,1,0
133740,4337,403,2023-01-02,1,0
133743,5809,413,2023-09-05,5,2
133755,187,252,2023-12-11,2,15
133758,1985,325,2023-01-02,3,5
133760,3814,111,2023-05-04,1,0
133767,9096,203,2023-09-04,1,0
133777,1479,183,2023-12-02,3,0
133779,5236,538,2023-05-03,3,2
133787,8941,540,2023-03-12,3,0
133799,215,155,2023-04-12,2,0
133809,2088,410,2023-12-01,1,10
133810,8591,573,2023-09-08,2,10
133811,6910,111,2023-06-09,1,2
133814,6678,195,2023-05-11,1,0
133819,1748,271,2023-12-07,2,0
133823,935,223,2023-05-12,2,0
133826,3270,121,2023-05-10,2,5
133827,3051,104,2023-11-12,1,5
133832,2648,104,2023-01-05,2,5
133861,8829,164,2023-02-05,2,2
133876,303,281,2023-11-01,2,0
133886,5016,403,2023-01-04,1,0
133888,8306,128,2023-07-02,1,2
133893,7365,299,2023-12-11,1,0
133897,3828,336,2023-04-11,1,0
133901,7295,304,2023-01-12,1,10
133904,3148,596,2023-10-04,3,0
133918,1325,273,2023-08-02,2,5
133922,4790,561,2023-11-06,3,0
133924,124,470,2023-08-09,4,10
133932,8914,294,2023-12-02,1,0
133946,4477,321,2023-05-03,1,0
133951,4843,550,2023-10-01,2,5
133956,1748,296,2023-02-09,1,2
133962,6630,438,2023-10-07,1,5
133964,2444,372,2023-12-07,1,10
133979,6630,449,2023-01-01,1,0
133991,8527,482,2023-12-04,5,5
133999,1932,588,2023-04-09,3,0
134017,116,313,2023-06-02,1,0
134033,7658,123,2023-04-11,4,0
134041,5751,329,2023-08-12,3,0
134045,1487,558,2023-11-05,2,2
134057,7154,375,2023-03-02,1,2
134075,9681,343,2023-08-05,4,2
134078,9006,569,2023-07-07,1,0
134080,5087,109,2023-03-04,3,20
134081,2057,492,2023-05-11,1,10
134085,9369,233,2023-09-09,4,0
134092,3206,296,2023-10-04,1,2
134099,9838,456,2023-03-07,2,0
134102,2208,148,2023-12-07,2,15
134120,2104,419,2023-04-06,2,5
134138,1572,116,2023-12-11,2,5
134143,1797,410,2023-07-03,2,0
134157,5883,480,2023-09-03,2,2
134164,7269,364,2023-07-05,2,15
134179,3303,286,2023-11-09,2,0
134189,4505,588,2023-01-04,1,5
134197,9599,490,2023-07-09,1,15
134198,5333,575,2023-07-10,1,0
134207,4677,446,2023-07-07,4,5
134208,8389,588,2023-01-09,2,0
134210,6934,270,2023-05-09,2,2
134214,972,537,2023-04-09,1,10
134220,7837,332,2023-04-07,1,0
134224,8066,461,2023-09-02,5,0
134247,3528,369,2023-03-09,3,2
134248,9671,278,2023-08-06,2,0
134251,9893,205,2023-06-05,1,0
134258,5199,479,2023-04-04,1,0
134259,9410,501,2023-10-06,3,0
134260,3430,446,2023-06-09,2,2
134261,4210,358,2023-07-05,2,0
134263,7070,446,2023-05-05,4,0
134267,7908,331,2023-02-09,2,0
134282,5821,221,2023-02-08,4,0
134283,8042,440,2023-05-04,5,0
134304,8584,306,2023-12-03,1,0
134314,7748,115,2023-10-11,1,0
134318,2268,571,2023-09-06,1,5
134321,8306,156,2023-06-07,1,0
134322,5406,547,2023-06-07,1,2
134323,1010,392,2023-01-03,3,0
134328,4621,419,2023-05-10,1,2
134357,4027,344,2023-03-10,2,5
134363,2249,511,2023-05-03,1,0
134384,1932,121,2023-10-11,1,0
134386,4841,197,2023-10-03,2,0
134391,4933,492,2023-08-10,1,10
134392,6302,188,2023-12-10,3,10
134393,3440,460,2023-04-02,3,2
134408,5543,419,2023-08-01,2,0
134411,6411,120,2023-12-05,4,0
134415,6109,343,2023-04-10,3,15
134419,5496,509,2023-09-10,2,0
134420,4290,461,2023-09-04,2,0
134439,8237,295,2023-12-11,1,0
134443,2091,436,2023-05-09,2,2
134452,6661,111,2023-10-12,1,0
134456,6548,578,2023-04-12,1,2
134458,3479,407,2023-04-08,1,2
134472,8540,369,2023-12-05,1,0
134474,5150,421,2023-07-01,1,0
134476,7847,556,2023-02-01,1,0
134478,5501,456,2023-10-02,1,2
134479,3489,358,2023-03-09,1,0
134485,6097,564,2023-06-02,1,2
134497,606,175,2023-12-01,2,0
134500,9403,405,2023-01-04,2,10
134506,5139,271,2023-12-01,2,10
134520,2531,298,2023-08-10,4,0
134523,9295,149,2023-05-08,1,5
134525,5786,216,2023-01-12,1,2
134530,9587,479,2023-07-04,1,0
134536,3615,223,2023-03-11,1,0
134539,6012,496,2023-02-02,1,10
134547,9707,168,2023-10-02,1,0
134554,9904,343,2023-07-04,4,0
134559,2284,382,2023-01-01,2,2
134561,5486,372,2023-05-08,1,0
134576,493,593,2023-06-01,3,0
134582,7620,378,2023-09-02,2,5
134591,2678,444,2023-01-06,1,0
134592,6258,447,2023-01-10,1,0
134608,4660,460,2023-05-11,3,15
134609,3923,497,2023-05-07,1,0
134611,7380,461,2023-04-12,3,0
134615,7206,359,2023-06-02,5,0
134620,4536,544,2023-03-07,1,15
134630,9546,359,2023-11-03,4,0
134636,7442,498,2023-08-05,3,5
134649,5621,353,2023-06-10,2,0
134671,4303,491,2023-12-04,2,2
134694,1355,514,2023-11-09,4,10
134696,7634,164,2023-04-08,1,5
134701,3592,452,2023-12-07,4,5
134708,4878,192,2023-04-03,2,0
134717,5226,150,2023-12-01,1,0
134718,7844,226,2023-03-10,2,2
134719,3430,166,2023-10-09,1,10
134723,3313,404,2023-05-05,3,0
134724,436,513,2023-10-12,1,2
134736,5259,440,2023-03-03,3,5
134742,9065,275,2023-03-09,1,0
134751,7168,229,2023-09-01,2,0
134756,1234,201,2023-07-05,3,5
134757,829,156,2023-12-07,2,0
134771,397,490,2023-09-08,1,0
134780,6948,419,2023-03-05,2,0
134782,618,194,2023-08-01,1,0
134783,2927,202,2023-09-07,1,10
134787,1868,373,2023-07-12,3,5
134792,6827,211,2023-09-01,5,2
134801,1797,325,2023-05-08,4,0
134810,1397,140,2023-04-09,1,5
134811,948,208,2023-09-05,1,5
134821,9684,209,2023-03-10,2,5
134823,3190,232,2023-11-03,1,5
134828,2404,123,2023-09-10,1,0
134845,4315,170,2023-11-07,2,0
134846,6653,596,2023-09-06,4,0
134860,2077,198,2023-12-09,4,10
134862,4537,434,2023-11-11,3,0
134865,4746,209,2023-01-10,1,0
134871,7770,485,2023-08-08,1,2
134874,6899,362,2023-05-09,3,0
134879,4924,279,2023-07-01,2,0
134882,1899,395,2023-01-10,1,5
134886,9288,443,2023-09-12,3,5
134888,7441,112,2023-04-11,2,0
134889,6542,253,2023-05-02,4,0
134890,1938,594,2023-03-07,2,0
134896,4535,453,2023-07-03,1,2
134910,3528,256,2023-03-02,1,0
134911,6063,359,2023-05-10,1,0
134916,8241,435,2023-08-07,5,10
134924,972,446,2023-06-08,1,0
134925,3028,238,2023-05-11,1,0
134930,2039,350,2023-05-03,2,5
134933,6505,462,2023-02-01,2,0
134935,3270,336,2023-09-03,2,0
134937,7279,369,2023-06-03,1,0
134938,6639,328,2023-09-01,1,0
134958,5167,251,2023-11-07,3,10
134959,5287,234,2023-01-04,1,0
134961,6876,406,2023-12-12,4,5
134963,2265,235,2023-01-02,1,2
134971,321,157,2023-08-04,1,0
134981,1542,367,2023-07-10,1,10
134988,8922,591,2023-12-03,1,0
135004,5993,167,2023-11-10,2,5
135012,6242,301,2023-05-07,1,0
135028,3329,426,2023-08-08,3,15
135034,2778,362,2023-12-04,4,0
135061,151,520,2023-01-12,2,5
135062,4075,197,2023-05-12,1,0
135065,3957,326,2023-08-12,1,0
135069,5243,251,2023-05-06,1,10
135076,7791,508,2023-08-05,4,10
135079,5629,526,2023-11-01,1,0
135085,7982,350,2023-01-10,1,2
135090,3548,219,2023-07-06,1,10
135099,4058,576,2023-07-08,2,0
135101,5305,230,2023-09-01,1,5
135108,9541,201,2023-04-04,3,0
135112,9253,292,2023-09-11,3,0
135117,7378,425,2023-08-01,1,20
135121,4658,461,2023-01-09,1,0
135124,4289,427,2023-08-01,1,0
135126,6562,406,2023-04-05,1,0
135127,1236,443,2023-08-08,1,2
135142,7844,458,2023-08-02,3,2
135148,7155,340,2023-10-05,3,5
135164,1874,549,2023-12-12,1,10
135178,9405,102,2023-08-11,1,10
135182,1530,559,2023-02-04,5,2
135187,6968,573,2023-04-09,1,0
135206,4388,533,2023-03-06,1,2
135209,3999,409,2023-09-09,3,2
135212,5932,263,2023-10-04,1,10
135216,8103,526,2023-06-08,1,0
135217,9695,354,2023-02-07,1,10
135234,4579,265,2023-11-12,1,5
135235,145,190,2023-07-10,1,10
135236,2420,222,2023-07-10,2,10
135246,8084,472,2023-12-09,3,0
135251,7749,352,2023-08-09,1,0
135256,5986,593,2023-12-01,2,15
135258,1207,451,2023-06-08,1,2
135259,8446,194,2023-09-08,2,5
135267,201,266,2023-05-07,3,0
135269,2673,280,2023-07-06,4,5
135270,1562,592,2023-02-03,1,5
135275,5856,167,2023-02-09,1,2
135284,8746,153,2023-09-05,1,0
135292,9207,156,2023-02-04,3,15
135297,9772,418,2023-01-07,1,0
135302,5090,484,2023-12-11,1,0
135310,897,500,2023-12-01,1,0
135318,1690,568,2023-04-04,1,5
135322,3622,475,2023-06-10,2,0
135324,6284,108,2023-08-04,1,0
135330,1515,169,2023-09-12,2,0
135333,9252,530,2023-01-01,2,5
135338,151,206,2023-11-03,3,2
135339,7422,128,2023-06-03,2,2
135348,823,598,2023-12-10,4,0
135367,945,515,2023-10-01,1,0
135369,6259,175,2023-06-12,1,0
135371,1745,383,2023-04-11,2,10
135374,4099,484,2023-01-07,1,10
135376,7664,384,2023-03-06,1,0
135382,4589,581,2023-02-05,1,5
135394,5969,106,2023-02-06,3,0
135398,6152,229,2023-09-03,1,5
135400,5682,295,2023-05-09,1,10
135413,3097,467,2023-04-10,2,0
135416,3895,598,2023-04-12,1,2
135420,2268,578,2023-06-02,2,5
135423,3338,262,2023-05-11,4,0
135427,3219,156,2023-09-07,1,0
135445,5427,540,2023-06-08,1,0
135448,8112,440,2023-02-01,2,0
135462,205,307,2023-12-02,3,2
135463,7744,395,2023-06-11,2,0
135467,3164,417,2023-03-04,2,0
135471,8878,315,2023-01-05,1,0
135485,4437,578,2023-07-02,1,0
135486,5983,465,2023-01-11,3,10
135489,5985,485,2023-03-08,3,0
135501,5914,411,2023-08-02,1,0
135504,264,275,2023-02-08,3,0
135506,9086,432,2023-11-07,1,10
135507,3886,374,2023-02-06,3,0
135511,9270,129,2023-11-07,1,0
135518,6711,319,2023-02-10,1,2
135521,9364,378,2023-10-06,2,5
135526,4720,138,2023-04-11,2,0
135549,4983,203,2023-02-03,1,2
135550,3684,168,2023-05-03,1,0
135559,8053,575,2023-12-10,3,0
135570,7369,491,2023-08-04,2,0
135585,5389,433,2023-12-01,2,0
135586,635,479,2023-10-01,3,5
135594,5772,242,2023-04-08,3,10
135602,270,576,2023-07-09,1,0
135604,201,118,2023-03-03,4,10
135608,7807,592,2023-01-10,3,2
135609,1198,169,2023-01-10,1,2
135626,9738,473,2023-09-04,3,0
135634,1278,369,2023-07-03,2,0
135636,1101,164,2023-07-12,1,5
135638,5795,263,2023-12-11,1,0
135639,9866,107,2023-11-10,2,0
135642,4210,127,2023-01-12,2,0
135651,4555,494,2023-04-12,2,5
135653,9417,513,2023-04-03,4,0
135662,6657,302,2023-06-05,1,2
135670,6204,132,2023-05-02,4,0
135674,3479,187,2023-02-09,3,5
135686,9878,578,2023-02-07,1,0
135697,742,386,2023-02-06,1,0
135701,2670,250,2023-07-08,1,5
135703,1282,162,2023-10-09,3,0
135704,118,573,2023-07-01,1,2
135709,9617,173,2023-11-03,1,5
135716,3213,384,2023-11-10,2,5
135724,565,576,2023-01-01,1,0
135731,3625,254,2023-12-01,4,10
135734,1746,264,2023-11-06,1,5
135736,1369,286,2023-05-09,1,0
135739,6956,531,2023-05-05,1,0
135740,6530,257,2023-08-05,2,0
135756,5351,390,2023-10-07,1,10
135762,7727,525,2023-04-09,2,0
135767,9120,217,2023-04-04,2,0
135773,6058,358,2023-12-05,1,0
135786,6966,582,2023-02-09,2,5
135787,966,175,2023-02-05,3,0
135791,8914,524,2023-04-11,4,0
135796,4568,513,2023-08-06,1,2
135815,1790,313,2023-01-07,3,0
135819,8712,148,2023-04-04,1,0
135824,3660,149,2023-08-12,2,10
135837,7517,116,2023-02-09,2,0
135844,8467,304,2023-10-05,1,0
135856,6992,431,2023-09-01,2,0
135879,3243,163,2023-06-03,1,5
135892,9950,469,2023-04-12,3,5
135900,1010,456,2023-10-01,1,0
135904,3247,537,2023-04-06,2,0
135906,6337,217,2023-04-12,1,0
135917,1180,129,2023-08-06,4,5
135933,4891,517,2023-02-05,2,10
135935,2174,116,2023-10-07,2,5
135945,4204,395,2023-01-07,2,0
135959,5627,272,2023-06-10,1,0
135963,870,413,2023-05-02,2,0
135965,1875,250,2023-10-09,1,5
135972,6936,143,2023-02-05,1,0
135973,215,426,2023-10-12,5,5
135982,3708,508,2023-09-04,3,2
135984,6384,328,2023-12-11,3,0
135987,3923,243,2023-08-02,1,15
135988,3124,413,2023-06-09,2,0
135990,8208,208,2023-05-05,4,15
135992,9096,573,2023-04-08,1,5
135997,5540,367,2023-08-06,2,0
136008,2056,401,2023-11-05,2,0
136013,803,225,2023-10-08,2,2
136014,8467,243,2023-01-08,1,10
136015,9495,226,2023-05-09,2,0
136018,466,506,2023-03-04,1,5
136039,4323,537,2023-02-12,3,0
136054,2573,249,2023-03-01,1,0
136056,9283,476,2023-05-04,4,2
136059,3287,335,2023-06-07,1,0
136061,6601,201,2023-10-06,2,5
136067,5676,440,2023-04-11,4,2
136077,7380,349,2023-12-05,1,0
136078,7244,150,2023-06-01,1,0
136083,2345,402,2023-06-05,4,0
136086,5470,110,2023-11-08,4,0
136090,6313,237,2023-03-04,1,0
136092,5178,434,2023-06-07,2,0
136093,3255,296,2023-05-01,2,0
136094,6431,516,2023-04-06,2,0
136097,6153,482,2023-12-11,2,10
136098,2778,247,2023-06-07,1,5
136102,8299,329,2023-01-07,4,0
136106,6160,507,2023-03-12,1,5
136109,3644,294,2023-05-05,1,0
136115,2751,161,2023-08-08,2,10
136122,9173,273,2023-11-05,1,0
136129,8493,132,2023-05-12,5,0
136132,6191,216,2023-03-01,1,0
136137,6663,272,2023-04-04,3,0
136146,6716,600,2023-01-07,2,2
136149,5299,455,2023-03-09,3,0
136158,2927,567,2023-07-12,1,10
136164,3905,347,2023-01-04,1,0
136165,718,129,2023-11-08,3,10
136166,9556,318,2023-03-07,1,0
136169,1816,171,2023-02-11,2,15
136195,7015,237,2023-11-03,3,0
136196,85,538,2023-06-07,2,2
136200,3814,525,2023-10-12,1,2
136202,1556,356,2023-11-12,3,0
136209,6181,182,2023-03-11,3,0
136212,8814,403,2023-05-03,1,5
136221,9888,380,2023-03-02,1,0
136231,401,422,2023-08-11,1,0
136234,6862,508,2023-08-07,2,2
136248,7654,106,2023-09-10,3,0
136256,6746,475,2023-04-11,2,5
136262,3434,525,2023-12-05,2,0
136264,8782,275,2023-01-09,1,5
136265,8753,135,2023-12-11,2,2
136274,5504,116,2023-01-01,1,0
136278,4263,432,2023-12-02,1,2
136280,6899,374,2023-01-02,2,0
136281,1820,581,2023-08-09,3,0
136282,8325,539,2023-02-03,3,0
136308,4770,238,2023-11-05,1,10
136312,2801,439,2023-03-07,1,2
136314,6870,395,2023-03-02,2,5
136317,4637,140,2023-05-03,3,0
136319,198,131,2023-08-03,1,0
136321,9837,352,2023-11-11,1,0
136326,6908,477,2023-03-03,2,0
136350,3733,490,2023-11-04,2,0
136354,2302,510,2023-11-05,3,0
136359,9879,322,2023-11-08,2,2
136376,818,572,2023-03-12,1,5
136381,1911,190,2023-04-01,2,0
136382,4087,248,2023-07-06,1,10
136385,1033,278,2023-04-01,3,0
136390,3311,536,2023-05-02,2,0
136400,2054,285,2023-07-03,2,0
136415,8045,208,2023-10-11,1,15
136418,8434,219,2023-02-05,3,5
136429,7249,286,2023-11-03,2,0
136432,9386,155,2023-12-12,1,10
136437,8229,166,2023-12-05,4,10
136439,2129,292,2023-07-08,1,5
136442,1795,161,2023-06-01,2,0
136443,3286,216,2023-01-01,1,0
136447,1940,460,2023-03-02,2,0
136448,3829,392,2023-03-05,4,0
136449,9205,179,2023-01-04,3,2
136471,5481,226,2023-02-09,1,10
136474,8735,410,2023-06-10,1,0
136478,4275,254,2023-02-01,4,2
136485,5709,188,2023-05-05,1,5
136487,3213,451,2023-04-05,1,0
136499,7797,491,2023-06-06,1,5
136503,8200,270,2023-12-11,2,2
136505,9069,501,2023-10-01,2,0
136515,5893,463,2023-03-06,3,15
136517,5930,439,2023-07-02,2,20
136520,706,268,2023-07-09,4,2
136522,3829,328,2023-09-11,2,20
136525,3680,148,2023-04-10,3,0
136534,3627,438,2023-01-08,1,0
136535,2244,196,2023-12-10,1,0
136537,8669,185,2023-10-12,1,0
136540,2175,291,2023-11-05,2,0
136545,2440,382,2023-06-03,3,0
136555,7440,452,2023-05-10,1,0
136571,9554,499,2023-08-07,1,0
136579,3723,415,2023-02-11,2,10
136588,3087,502,2023-05-01,2,5
136593,4944,346,2023-01-10,1,0
136594,5215,480,2023-05-01,3,5
136602,5099,539,2023-11-10,1,0
136604,5820,313,2023-02-11,3,0
136613,5182,476,2023-04-02,1,0
136619,1037,377,2023-06-08,1,0
136620,2649,430,2023-09-01,2,2
136630,3985,538,2023-07-10,2,2
136641,7984,418,2023-07-12,3,0
136644,744,234,2023-09-11,2,5
136652,4688,472,2023-02-07,4,0
136656,837,307,2023-08-12,1,2
136669,5559,387,2023-06-10,4,0
136680,2897,283,2023-11-09,5,5
136685,6762,543,2023-11-12,3,2
136689,5726,378,2023-03-02,1,5
136702,4437,503,2023-04-02,2,15
136704,8033,550,2023-03-04,1,0
136706,9982,478,2023-02-09,3,15
136710,1650,495,2023-05-01,1,0
136722,9785,141,2023-03-11,3,0
136723,3680,223,2023-12-07,1,10
136728,3364,395,2023-07-12,1,0
136735,657,531,2023-03-03,2,0
136740,5514,251,2023-05-05,2,0
136772,6713,445,2023-12-12,1,0
136776,6966,583,2023-03-06,5,5
136779,6512,267,2023-01-04,1,5
136785,8587,134,2023-08-10,1,0
136788,9557,474,2023-05-04,3,0
136791,2665,362,2023-04-03,4,0
136793,8298,317,2023-11-08,2,10
136802,957,325,2023-07-07,4,10
136804,242,547,2023-05-08,1,10
136818,4234,441,2023-10-03,2,0
136826,3247,480,2023-03-01,2,2
136838,3276,417,2023-11-07,1,0
136839,3567,105,2023-12-03,2,10
136842,5582,181,2023-04-12,2,2
136847,2221,463,2023-11-10,3,0
136857,3758,352,2023-11-06,3,0
136876,8974,265,2023-07-05,1,5
136877,1569,311,2023-03-05,1,0
136879,6153,365,2023-10-11,2,5
136880,3190,189,2023-05-06,2,0
136882,1234,436,2023-02-12,1,0
136898,1133,555,2023-01-05,2,0
136900,9025,199,2023-08-01,4,2
136906,6315,512,2023-06-10,1,0
136912,1904,400,2023-06-11,1,0
136916,7517,534,2023-03-03,1,0
136923,2302,432,2023-04-01,3,0
136929,8417,154,2023-07-09,1,0
136934,4618,446,2023-01-12,1,0
136938,9589,504,2023-03-11,3,0
136967,8602,337,2023-09-01,1,5
136970,7787,383,2023-11-02,2,0
136974,5821,570,2023-05-05,1,0
136993,6042,103,2023-10-05,1,10
136998,4749,595,2023-03-07,1,0
137000,166,275,2023-01-10,2,5
137001,8138,214,2023-02-10,5,0
137007,6131,471,2023-12-11,3,0
137014,8324,455,2023-09-12,1,0
137018,3775,505,2023-09-01,2,10
137019,731,107,2023-08-05,5,0
137028,6280,303,2023-10-09,2,10
137033,1025,402,2023-01-11,1,10
137036,6596,234,2023-07-09,3,0
137037,229,183,2023-10-10,2,10
137039,9613,365,2023-06-03,1,0
137056,2335,347,2023-08-12,1,5
137062,401,599,2023-12-07,2,5
137074,2872,337,2023-07-10,1,0
137075,1007,411,2023-10-05,2,0
137083,8255,536,2023-06-08,2,0
137091,4359,538,2023-05-05,1,15
137093,4818,203,2023-05-06,2,10
137103,7214,210,2023-12-08,1,0
137105,3654,163,2023-11-10,3,0
137106,455,322,2023-08-04,3,0
137112,1240,143,2023-06-08,4,0
137122,7885,155,2023-11-04,1,0
137124,5188,132,2023-03-10,3,0
137142,8317,162,2023-01-03,1,0
137144,374,550,2023-11-05,2,0
137147,9855,587,2023-04-02,1,0
137158,2484,592,2023-04-03,1,0
137163,2227,131,2023-04-01,2,0
137166,5567,545,2023-01-01,2,5
137169,5169,342,2023-12-05,5,0
137175,9725,193,2023-08-02,2,10
137178,5730,251,2023-05-11,3,5
137190,3193,475,2023-05-07,2,0
137191,7664,528,2023-04-12,3,0
137192,6182,389,2023-04-10,3,5
137196,890,338,2023-03-03,1,0
137199,5339,508,2023-12-09,1,0
137201,920,476,2023-11-12,1,0
137207,1077,222,2023-02-04,5,2
137214,2345,343,2023-09-12,1,0
137216,2516,597,2023-10-09,1,0
137217,3613,542,2023-09-02,2,0
137225,5223,511,2023-07-12,5,0
137229,6479,534,2023-10-06,1,0
137234,3697,108,2023-08-01,4,15
137241,3426,487,2023-08-10,3,2
137242,3293,352,2023-05-06,4,10
137250,8140,103,2023-05-09,2,10
137253,3810,171,2023-05-02,1,0
137272,8974,114,2023-05-06,1,0
137280,7517,559,2023-11-11,3,2
137291,4424,127,2023-09-03,2,0
137298,3426,323,2023-09-02,3,15
137300,1515,142,2023-06-07,2,0
137301,7409,490,2023-07-01,2,0
137322,9450,522,2023-03-09,3,0
137325,2909,546,2023-05-06,2,0
137340,2826,281,2023-02-08,3,15
137341,1113,185,2023-12-02,1,0
137346,232,434,2023-04-03,1,10
137348,8298,383,2023-02-04,3,2
137356,9190,201,2023-04-03,2,0
137357,8138,254,2023-08-03,2,2
137359,7558,304,2023-08-02,2,0
137361,8238,529,2023-01-06,1,5
137363,9570,235,2023-01-11,5,10
137365,6118,531,2023-04-07,2,20
137367,8427,308,2023-10-07,1,0
137368,2429,449,2023-03-10,1,2
137376,5104,453,2023-07-09,3,0
137380,1189,592,2023-03-12,1,5
137382,3193,312,2023-06-02,4,2
137390,3018,417,2023-05-04,2,5
137401,6598,415,2023-12-01,1,0
137402,1455,140,2023-03-07,1,0
137407,3160,583,2023-05-11,4,0
137417,3070,272,2023-04-12,2,2
137418,871,270,2023-12-01,4,0
137419,4267,220,2023-11-10,4,0
137421,3063,301,2023-09-10,3,0
137426,8780,310,2023-10-03,3,0
137456,8416,383,2023-04-01,2,0
137461,2574,595,2023-01-03,3,2
137466,7269,484,2023-02-03,4,10
137476,643,375,2023-06-06,1,0
137480,6729,164,2023-07-05,1,0
137509,8829,533,2023-10-10,2,0
137516,2766,347,2023-12-09,2,20
137518,7295,242,2023-08-05,5,2
137520,1196,230,2023-05-02,1,10
137524,2674,488,2023-05-09,1,20
137528,423,284,2023-10-09,2,15
137530,7523,368,2023-03-05,3,0
137539,5473,340,2023-05-11,1,2
137545,9545,487,2023-12-09,1,0
137568,2173,172,2023-03-08,2,0
137569,7670,532,2023-03-05,1,5
137573,425,256,2023-01-08,1,0
137574,7296,496,2023-04-04,2,5
137585,159,136,2023-02-12,1,0
137594,2113,323,2023-07-02,3,0
137601,5601,383,2023-07-06,1,0
137611,4250,261,2023-05-11,1,10
137619,6401,553,2023-12-04,1,0
137630,4803,222,2023-11-05,2,2
137643,2905,420,2023-11-05,1,0
137647,4872,352,2023-08-09,2,10
137648,5042,270,2023-08-06,1,0
137653,2013,331,2023-02-05,1,0
137654,6876,188,2023-03-03,5,0
137656,6287,135,2023-01-11,1,10
137658,3295,372,2023-02-08,2,0
137663,2061,331,2023-09-11,3,0
137681,8100,425,2023-08-05,1,0
137682,8388,556,2023-04-12,2,0
137689,5601,279,2023-12-05,1,0
137690,7754,586,2023-07-01,2,10
137694,1130,593,2023-02-10,2,2
137700,944,162,2023-11-04,2,2
137712,4191,377,2023-10-12,3,0
137713,8241,441,2023-01-10,3,10
137721,8794,587,2023-06-06,1,0
137723,544,260,2023-09-11,3,10
137727,2768,527,2023-06-05,1,0
137735,1170,268,2023-11-03,3,0
137736,7710,497,2023-04-08,1,0
137739,116,164,2023-05-03,1,0
137755,567,190,2023-05-09,5,2
137765,3515,106,2023-05-05,1,0
137779,1860,587,2023-11-10,3,5
137780,7722,422,2023-02-10,1,0
137786,2100,573,2023-03-11,3,0
137815,707,209,2023-03-02,2,0
137820,3995,153,2023-08-11,3,10
137827,330,301,2023-09-01,1,0
137848,2940,429,2023-06-04,1,0
137855,9556,455,2023-02-10,1,2
137856,5248,366,2023-09-06,2,5
137887,4110,197,2023-04-06,3,5
137894,1289,541,2023-08-01,1,2
137904,3501,393,2023-11-02,3,0
137916,9410,112,2023-12-10,1,5
137918,4041,116,2023-11-07,1,2
137919,5576,200,2023-07-08,5,0
137923,8669,293,2023-10-07,1,0
137926,8342,435,2023-10-11,3,2
137928,8226,129,2023-06-09,1,0
137936,3901,255,2023-08-04,1,0
137938,2388,105,2023-12-04,1,0
137942,197,307,2023-07-08,1,0
137952,9567,388,2023-09-09,1,0
137955,1235,325,2023-02-05,1,0
137957,3631,110,2023-03-10,1,5
137960,5701,520,2023-10-05,1,5
137965,6934,145,2023-07-08,1,0
137974,9172,411,2023-07-08,1,0
137975,1912,206,2023-12-09,2,0
137983,7528,424,2023-06-08,3,0
137995,3329,251,2023-01-12,2,2
138004,2248,221,2023-08-08,1,15
138022,6282,301,2023-04-10,1,5
138037,934,452,2023-08-02,1,5
138048,6338,455,2023-06-10,1,15
138049,7422,461,2023-10-10,4,2
138051,8443,195,2023-10-05,2,2
138062,5358,342,2023-01-09,4,0
138067,2856,499,2023-12-05,2,5
138071,2129,247,2023-10-01,2,0
138074,5567,269,2023-03-01,1,0
138080,6060,429,2023-02-07,3,0
138082,1144,291,2023-04-09,1,2
138086,8080,347,2023-04-05,1,0
138088,3185,206,2023-10-04,2,5
138095,9518,589,2023-08-05,1,0
138099,9020,261,2023-04-02,4,0
138112,455,262,2023-01-01,1,10
138121,7042,243,2023-11-10,1,2
138123,1272,361,2023-01-04,1,0
138124,8119,167,2023-07-11,4,10
138132,7598,449,2023-05-04,1,10
138134,690,359,2023-05-08,1,0
138137,7441,558,2023-06-07,1,5
138145,4233,550,2023-04-02,1,0
138146,4531,498,2023-06-03,1,0
138149,7704,486,2023-07-10,3,0
138154,141,108,2023-12-06,2,15
138155,1455,433,2023-06-10,1,10
138158,3313,261,2023-09-12,1,0
138162,1097,422,2023-01-06,4,2
138168,286,237,2023-10-06,1,0
138186,4231,107,2023-08-05,1,0
138193,3403,210,2023-10-04,3,0
138194,9244,557,2023-08-07,3,0
138197,5169,288,2023-08-07,1,0
138200,3698,117,2023-07-11,3,0
138206,4983,412,2023-11-01,4,0
138207,169,454,2023-07-09,4,0
138210,5253,291,2023-02-04,1,0
138222,9228,494,2023-05-08,3,10
138226,2101,527,2023-11-10,2,0
138246,818,598,2023-02-04,1,0
138267,8919,456,2023-10-04,2,0
138274,2482,265,2023-06-05,1,0
138296,4621,362,2023-11-07,1,0
138300,2506,197,2023-08-02,1,5
138304,5620,120,2023-12-12,1,0
138311,7654,110,2023-09-06,3,2
138314,4231,488,2023-06-04,2,0
138327,4424,227,2023-01-09,3,0
138329,4354,464,2023-09-03,4,0
138341,4072,420,2023-11-09,1,0
138357,2211,468,2023-11-03,1,0
138359,1964,221,2023-04-12,1,0
138373,7934,342,2023-12-07,2,10
138374,6819,355,2023-04-11,3,0
138390,4940,238,2023-02-03,1,5
138399,8994,342,2023-03-08,5,0
138403,6882,450,2023-08-09,1,0
138406,3102,352,2023-05-08,2,0
138412,3583,423,2023-04-05,1,0
138414,6042,171,2023-12-12,2,10
138416,4719,356,2023-05-06,1,0
138423,2030,503,2023-06-08,3,10
138430,6786,470,2023-01-01,1,0
138439,6270,395,2023-08-03,2,0
138441,5473,524,2023-10-04,2,2
138449,9979,503,2023-03-08,2,0
138460,5514,214,2023-07-09,1,0
138461,5753,259,2023-11-06,3,2
138472,4821,401,2023-05-05,4,0
138473,9668,521,2023-06-04,3,5
138480,5633,144,2023-06-08,1,0
138491,9837,512,2023-10-11,2,0
138492,3366,415,2023-07-01,1,0
138499,4452,421,2023-01-10,1,0
138501,6515,407,2023-12-01,1,0
138506,3493,316,2023-02-07,4,0
138507,267,238,2023-10-08,2,0
138511,4181,338,2023-04-08,1,0
138516,842,544,2023-04-03,1,15
138534,1992,340,2023-12-04,3,10
138535,2142,420,2023-03-08,2,5
138542,8744,149,2023-11-11,1,5
138558,8665,110,2023-11-05,1,0
138562,2528,264,2023-03-10,1,0
138564,5501,215,2023-12-11,2,2
138592,5111,333,2023-06-02,2,5
138594,3689,112,2023-09-01,1,5
138596,9004,226,2023-09-02,1,0
138599,6153,300,2023-02-06,3,0
138600,1085,104,2023-11-12,2,0
138614,3225,598,2023-01-08,2,0
138616,3487,519,2023-03-05,2,10
138622,4337,360,2023-11-09,3,0
138623,7263,416,2023-09-03,2,0
138635,223,571,2023-04-05,1,2
138661,136,348,2023-02-03,2,0
138662,6270,216,2023-09-07,2,0
138665,4935,187,2023-02-11,1,0
138666,8187,346,2023-01-02,1,5
138669,5543,243,2023-05-09,3,0
138672,6419,334,2023-12-04,3,0
138686,6762,538,2023-12-05,2,10
138692,8000,233,2023-10-12,3,10
138693,2982,262,2023-09-09,4,2
138696,2691,440,2023-03-01,4,0
138697,8238,493,2023-12-12,3,10
138699,6820,173,2023-06-05,5,5
138712,5301,434,2023-07-02,4,0
138719,9719,327,2023-07-12,2,0
138723,7980,425,2023-05-05,5,0
138724,5000,468,2023-10-11,3,0
138725,6515,251,2023-05-12,2,0
138738,3119,398,2023-12-07,1,0
138739,3440,461,2023-05-12,3,5
138750,2981,541,2023-11-03,3,10
138756,6028,116,2023-02-07,2,0
138768,297,489,2023-02-07,1,0
138772,7755,433,2023-11-05,2,10
138775,9620,373,2023-11-08,1,0
138783,6537,462,2023-02-06,1,0
138786,2385,550,2023-06-07,3,2
138788,6395,437,2023-02-06,1,5
138791,9467,128,2023-12-09,1,0
138792,8882,485,2023-08-07,5,0
138803,1919,569,2023-10-12,2,2
138814,9667,211,2023-03-03,2,0
138816,8357,324,2023-02-06,3,2
138819,5623,128,2023-10-03,1,0
138824,8766,514,2023-09-11,1,0
138833,3885,349,2023-05-08,1,0
138836,9330,562,2023-05-05,3,0
138842,2694,217,2023-04-02,2,0
138847,7769,272,2023-06-12,1,0
138853,7490,485,2023-01-10,1,0
138860,8166,250,2023-05-10,4,0
138863,6604,332,2023-05-06,2,2
138870,5476,547,2023-09-12,1,0
138873,1358,132,2023-06-04,1,10
138876,4762,266,2023-08-07,2,0
138886,8497,529,2023-05-03,2,2
138887,4826,217,2023-01-10,3,2
138901,5188,171,2023-12-07,1,5
138902,214,439,2023-01-09,1,5
138921,7572,168,2023-09-01,4,0
138923,1272,431,2023-06-05,2,0
138929,1941,521,2023-05-06,1,0
138937,279,317,2023-04-08,2,15
138954,748,139,2023-04-07,1,0
138963,6508,349,2023-05-05,3,0
138965,1454,120,2023-01-07,1,0
138967,6678,542,2023-12-10,2,5
138974,2601,136,2023-12-09,2,10
138980,2665,109,2023-05-05,1,2
138984,3327,208,2023-08-12,1,5
138992,2441,153,2023-11-05,1,10
138995,7878,173,2023-03-07,2,15
138997,4315,519,2023-10-10,3,0
139001,8788,348,2023-01-02,2,0
139011,3484,595,2023-05-01,4,2
139018,1568,295,2023-02-09,1,0
139019,8273,518,2023-03-10,1,2
139024,3889,501,2023-12-03,2,2
139032,5055,335,2023-06-09,1,0
139034,1780,376,2023-06-04,1,5
139036,6381,581,2023-10-04,2,0
139041,5192,128,2023-05-05,5,5
139044,9996,169,2023-08-02,1,0
139050,5423,335,2023-05-01,3,0
139051,7908,360,2023-05-06,1,0
139056,3242,193,2023-09-07,3,0
139065,7614,509,2023-10-02,3,5
139066,977,542,2023-09-10,1,15
139072,731,401,2023-05-11,3,5
139081,456,326,2023-04-05,2,0
139082,1505,345,2023-07-07,1,10
139089,9846,592,2023-09-09,1,5
139090,9228,362,2023-08-07,1,0
139118,9297,281,2023-11-01,3,0
139119,3534,301,2023-02-07,1,5
139124,3152,263,2023-12-08,1,2
139150,6614,512,2023-06-09,3,5
139152,2186,255,2023-12-06,2,0
139183,9647,344,2023-07-01,2,2
139191,8239,557,2023-08-04,2,0
139198,5338,376,2023-01-06,3,15
139207,3698,248,2023-08-09,1,0
139226,6126,331,2023-10-06,5,5
139229,6166,133,2023-12-08,1,0
139249,2424,256,2023-11-02,2,0
139252,4442,577,2023-10-04,2,0
139254,751,158,2023-07-05,2,0
139282,1325,588,2023-10-01,1,0
139287,4965,408,2023-05-07,3,10
139294,2121,119,2023-09-02,3,0
139295,7885,574,2023-11-08,1,0
139300,5172,517,2023-02-06,4,0
139306,1938,409,2023-08-03,1,0
139307,8202,500,2023-09-05,2,0
139308,8621,304,2023-10-04,1,2
139315,3948,342,2023-04-11,4,15
139323,1701,141,2023-01-12,1,0
139324,9228,166,2023-11-03,2,0
139327,8497,500,2023-06-09,1,0
139328,3889,593,2023-11-06,3,0
139350,6635,444,2023-02-03,1,0
139377,7904,599,2023-08-02,1,0
139383,3636,219,2023-04-06,2,0
139384,5801,566,2023-02-01,1,0
139385,8657,298,2023-08-02,4,2
139393,9331,327,2023-09-03,2,0
139403,2078,318,2023-08-10,1,2
139404,5441,552,2023-01-04,1,0
139406,7378,467,2023-12-09,3,15
139410,1647,311,2023-10-06,1,2
139422,6922,543,2023-07-09,1,0
139425,9330,330,2023-04-12,3,0
139433,4623,416,2023-01-10,1,0
139441,3236,464,2023-04-05,5,0
139449,5886,326,2023-08-05,1,2
139450,9205,305,2023-01-11,1,0
139454,6897,135,2023-07-07,2,10
139455,5014,557,2023-06-04,2,0
139457,447,496,2023-12-08,2,0
139464,6378,411,2023-10-03,1,0
139468,5082,548,2023-02-06,2,15
139479,3834,171,2023-10-07,1,5
139486,6403,150,2023-05-08,2,2
139494,4410,218,2023-12-01,2,10
139512,6739,548,2023-09-05,2,10
139535,2789,341,2023-11-05,1,0
139537,8918,524,2023-07-08,3,0
139550,6405,536,2023-12-01,1,0
139552,2367,248,2023-04-10,3,2
139553,359,391,2023-04-05,1,0
139565,3426,354,2023-10-03,1,0
139576,756,275,2023-09-06,1,15
139588,8998,165,2023-11-02,1,0
139596,3952,317,2023-12-07,2,0
139597,9407,464,2023-11-02,2,0
139603,1992,461,2023-03-10,1,10
139606,2744,271,2023-11-09,1,10
139607,8007,457,2023-01-10,1,2
139613,7946,259,2023-02-06,3,5
139616,9060,345,2023-08-08,2,5
139618,4034,533,2023-09-01,1,5
139624,6250,194,2023-11-03,2,10
139627,6310,468,2023-08-06,3,0
139632,4133,394,2023-10-08,1,2
139651,7581,188,2023-01-09,4,2
139660,3346,525,2023-06-09,2,2
139678,5139,596,2023-02-03,3,0
139683,6279,127,2023-01-07,3,5
139692,5730,266,2023-12-04,2,5
139717,1426,503,2023-07-12,1,5
139728,6958,427,2023-12-03,2,0
139730,6054,364,2023-10-03,1,5
139736,2977,246,2023-08-12,1,5
139740,145,429,2023-11-05,2,5
139741,5172,565,2023-12-06,2,5
139752,3063,447,2023-03-07,3,0
139754,7329,446,2023-09-10,1,5
139755,4706,209,2023-03-08,1,2
139762,6851,140,2023-07-02,2,5
139763,8587,591,2023-01-09,1,0
139769,3727,180,2023-11-09,4,2
139808,6012,155,2023-07-02,3,0
139812,1076,284,2023-12-08,3,0
139816,4530,361,2023-07-05,2,10
139821,9672,135,2023-12-06,2,0
139822,4801,269,2023-10-12,1,0
139823,6960,365,2023-08-12,1,0
139830,7526,555,2023-10-03,1,2
139837,8946,530,2023-10-03,3,10
139839,750,424,2023-08-11,1,0
139848,256,486,2023-08-03,2,15
139850,368,238,2023-12-02,2,2
139895,3269,446,2023-10-11,1,5
139905,2949,131,2023-03-07,2,2
139921,1970,374,2023-07-09,3,0
139924,8744,121,2023-01-07,1,0
139933,519,212,2023-06-06,1,2
139936,5433,417,2023-04-06,1,2
139954,4060,598,2023-03-07,1,0
139974,9785,581,2023-06-05,2,0
139989,7289,339,2023-06-08,2,0
139991,1164,461,2023-11-10,3,5
139995,2158,540,2023-07-05,1,2
139997,1528,190,2023-05-10,2,10
140010,6373,189,2023-05-09,2,0
140021,3011,556,2023-06-11,2,2
140024,566,525,2023-04-06,1,5
140033,187,174,2023-07-05,1,10
140038,6492,251,2023-05-03,1,0
140052,8906,531,2023-05-06,1,5
140054,2456,391,2023-02-02,2,0
140059,9780,158,2023-03-01,1,5
140061,8695,302,2023-05-02,1,0
140066,267,137,2023-07-09,1,10
140069,3242,390,2023-05-06,1,0
140073,6042,396,2023-01-07,1,0
140079,6419,426,2023-09-02,3,15
140080,8869,266,2023-08-04,2,0
140087,3366,541,2023-08-04,1,0
140090,8066,113,2023-04-06,2,10
140103,4281,392,2023-04-03,1,5
140110,8256,451,2023-10-03,1,5
140113,3442,396,2023-02-11,2,2
140128,1288,124,2023-06-12,1,0
140130,2741,403,2023-12-03,1,0
140146,1548,225,2023-08-06,2,0
140155,6395,221,2023-06-06,1,2
140157,793,599,2023-06-12,3,0
140160,1801,351,2023-11-06,3,0
140172,1444,599,2023-02-10,1,5
140173,2515,576,2023-09-12,1,10
140175,8709,429,2023-04-03,1,0
140182,9822,164,2023-06-08,1,0
140186,9410,183,2023-01-06,1,0
140198,8107,377,2023-10-02,3,5
140201,6688,215,2023-03-07,3,0
140214,9810,117,2023-07-06,2,5
140215,4289,162,2023-12-12,1,0
140226,258,231,2023-05-01,1,0
140237,9852,110,2023-10-05,2,0
140238,4375,236,2023-08-11,3,5
140240,3474,306,2023-10-03,1,0
140249,8628,307,2023-07-02,1,0
140255,5232,242,2023-04-03,1,0
140263,3987,572,2023-03-05,1,0
140286,3486,185,2023-01-03,2,2
140288,4821,282,2023-07-06,1,2
140297,8555,247,2023-04-09,1,0
140316,8197,498,2023-05-03,2,2
140324,945,479,2023-03-03,2,0
140325,2399,259,2023-06-12,1,0
140327,4894,279,2023-06-09,5,5
140328,9691,402,2023-08-08,1,10
140329,425,294,2023-01-03,1,0
140335,1634,543,2023-11-03,1,0
140337,5950,170,2023-11-01,1,5
140356,2487,129,2023-01-08,2,5
140380,6394,220,2023-09-08,3,0
140389,169,537,2023-02-03,2,5
140392,5639,509,2023-05-08,3,10
140400,4936,396,2023-08-08,1,5
140401,5062,424,2023-01-01,1,0
140402,4420,106,2023-12-03,1,0
140406,2049,557,2023-12-09,4,2
140412,3018,441,2023-10-02,1,0
140419,8701,278,2023-11-02,2,0
140420,1680,238,2023-12-04,4,0
140422,3366,356,2023-02-04,2,2
140426,2573,113,2023-09-01,3,10
140428,8389,205,2023-08-08,1,0
140431,1836,381,2023-05-09,2,5
140433,2899,209,2023-07-06,3,10
140438,2107,351,2023-03-06,1,0
140451,6047,113,2023-03-10,2,0
140459,4790,309,2023-04-09,1,0
140471,4674,472,2023-03-09,2,0
140483,9505,454,2023-09-05,1,0
140487,2714,436,2023-07-06,1,2
140490,7104,586,2023-03-02,1,0
140493,4019,250,2023-11-05,1,15
140504,7125,240,2023-04-09,1,2
140507,4655,539,2023-06-05,2,0
140508,8887,325,2023-11-12,1,15
140512,6636,492,2023-05-02,1,0
140514,4910,329,2023-10-11,4,10
140518,8035,588,2023-01-10,1,2
140530,5567,352,2023-08-04,1,0
140531,3315,116,2023-07-05,4,5
140545,7080,397,2023-08-08,1,0
140546,3381,401,2023-05-04,2,0
140555,9943,499,2023-07-01,3,15
140561,7812,139,2023-02-10,4,0
140563,3408,490,2023-11-03,1,0
140566,825,106,2023-11-04,1,0
140572,2273,218,2023-12-11,2,0
140580,1578,572,2023-12-09,1,0
140583,7281,205,2023-09-03,3,0
140585,493,171,2023-03-05,1,0
140586,4220,413,2023-04-06,1,10
140589,2104,446,2023-01-02,1,10
140595,267,420,2023-10-11,3,5
140598,1172,379,2023-06-03,1,0
140631,8417,355,2023-10-05,5,10
140635,7261,410,2023-06-08,3,10
140656,5338,481,2023-11-04,2,0
140658,6034,212,2023-12-11,3,5
140666,2220,478,2023-05-05,1,2
140667,2365,326,2023-06-05,2,20
140670,2313,114,2023-05-10,3,0
140676,2345,371,2023-03-12,4,10
140679,9419,378,2023-08-06,2,5
140680,5192,294,2023-02-09,1,0
140689,276,240,2023-03-08,2,0
140693,103,442,2023-08-05,1,0
140698,7504,199,2023-02-02,1,0
140710,5130,174,2023-05-04,2,0
140719,6735,256,2023-05-03,1,0
140720,8190,483,2023-05-01,1,0
140723,3425,597,2023-05-10,1,0
140726,384,102,2023-07-08,3,0
140727,4072,435,2023-10-10,1,0
140734,8545,101,2023-03-09,2,0
140746,3047,225,2023-02-02,1,0
140752,9860,479,2023-03-06,3,0
140765,7289,137,2023-03-07,1,10
140770,871,380,2023-07-07,2,2
140780,3821,526,2023-06-06,1,0
140783,9843,264,2023-07-12,5,2
140786,1372,392,2023-12-08,1,0
140789,9587,399,2023-12-12,2,5
140791,4653,598,2023-05-01,5,0
140793,6175,483,2023-10-06,2,0
140800,2965,125,2023-12-01,3,0
140807,7732,263,2023-06-05,1,0
140819,8223,216,2023-04-01,1,5
140827,436,452,2023-10-04,1,0
140833,8564,148,2023-02-07,1,15
140836,3034,291,2023-12-08,1,0
140839,6034,456,2023-10-10,1,0
140862,5138,132,2023-04-12,2,2
140866,5140,184,2023-02-01,5,0
140871,246,399,2023-11-05,1,0
140872,9184,587,2023-06-06,3,5
140880,9417,117,2023-02-09,3,2
140899,9751,216,2023-02-04,2,0
140902,3086,182,2023-11-02,1,2
140908,5666,288,2023-07-08,1,5
140914,2940,166,2023-12-01,2,0
140915,7378,591,2023-05-08,3,5
140918,3037,243,2023-06-05,3,10
140921,6952,218,2023-03-08,2,0
140932,4001,401,2023-11-06,1,0
140940,2148,313,2023-06-11,2,0
140948,1748,264,2023-12-11,1,0
140950,3190,390,2023-11-12,2,0
140974,7271,358,2023-09-11,1,0
140978,181,112,2023-04-07,1,0
140981,1450,322,2023-02-08,3,0
140987,6282,267,2023-04-09,1,2
140992,8369,598,2023-02-11,2,2
140994,6276,140,2023-02-02,3,0
141002,5813,223,2023-08-08,3,2
141010,5492,109,2023-12-11,2,5
141011,1981,514,2023-12-09,3,0
141013,8308,105,2023-06-11,3,2
141015,9417,215,2023-12-09,3,5
141017,4955,277,2023-07-12,3,0
141018,5807,446,2023-10-05,1,0
141019,840,415,2023-02-11,3,0
141021,2100,167,2023-02-05,3,0
141024,2309,284,2023-08-11,3,10
141032,1543,585,2023-03-03,1,2
141033,5007,272,2023-10-12,3,0
141035,7256,352,2023-07-06,5,0
141047,7185,556,2023-09-09,3,2
141060,7616,117,2023-03-05,1,2
141062,3313,413,2023-02-08,3,0
141077,8853,514,2023-09-11,5,0
141079,168,113,2023-03-05,1,0
141083,8135,332,2023-06-12,3,0
141090,5353,119,2023-04-10,1,0
141091,8575,200,2023-09-07,4,2
141098,2176,183,2023-12-01,1,0
141102,9838,570,2023-11-06,2,0
141113,258,102,2023-04-02,2,0
141118,5152,433,2023-12-12,4,2
141120,4835,126,2023-09-05,1,0
141135,1542,207,2023-01-10,1,5
141143,7489,268,2023-06-03,2,0
141151,6598,286,2023-01-12,5,0
141161,5295,137,2023-05-09,4,2
141162,1568,177,2023-01-06,1,0
141166,6095,239,2023-04-05,1,0
141171,4213,332,2023-08-08,2,0
141172,1217,349,2023-05-08,2,0
141178,7271,337,2023-07-04,4,2
141180,3212,261,2023-04-02,1,0
141181,1240,196,2023-02-03,1,0
141183,1727,315,2023-10-12,4,0
141193,8281,116,2023-06-07,3,0
141194,9954,355,2023-06-11,1,0
141201,9570,397,2023-07-01,3,2
141203,606,560,2023-03-01,1,0
141212,9213,509,2023-08-02,2,2
141220,339,153,2023-04-03,3,0
141226,339,525,2023-12-09,3,0
141238,8365,543,2023-09-10,3,0
141245,8178,321,2023-01-12,5,0
141254,6895,412,2023-11-06,3,0
141275,7392,413,2023-05-04,1,0
141276,6352,419,2023-07-06,1,0
141291,3904,498,2023-08-12,1,0
141292,1515,487,2023-12-12,3,2
141295,4960,361,2023-05-06,1,5
141300,5656,307,2023-05-07,2,15
141302,5369,209,2023-11-04,1,5
141303,5463,432,2023-05-06,4,0
141307,1988,124,2023-12-08,1,0
141312,3403,127,2023-08-06,2,0
141327,297,577,2023-10-12,1,2
141331,1130,441,2023-05-10,2,0
141338,7084,112,2023-02-05,1,0
141346,7534,178,2023-02-09,1,0
141355,2997,561,2023-11-07,1,0
141365,7828,200,2023-01-11,4,2
141367,4426,187,2023-08-03,1,10
141380,273,558,2023-04-07,1,0
141384,7697,155,2023-08-05,3,0
141394,7899,517,2023-08-09,1,0
141398,2216,508,2023-05-05,4,2
141400,4774,376,2023-09-06,1,5
141405,6959,285,2023-09-05,2,0
141409,9456,438,2023-07-10,2,5
141428,7042,411,2023-09-10,1,5
141434,4280,326,2023-07-03,4,0
141442,9813,528,2023-04-08,2,0
141443,9878,179,2023-07-12,5,0
141453,1453,556,2023-10-05,1,10
141455,8849,518,2023-01-01,1,0
141456,3915,391,2023-05-03,1,15
141457,1438,340,2023-03-02,3,0
141458,109,231,2023-09-06,2,5
141462,4437,399,2023-07-10,1,0
141464,7878,569,2023-07-10,1,5
141466,3727,450,2023-03-05,4,2
141469,7754,140,2023-10-04,1,5
141474,3261,374,2023-02-07,3,0
141478,4618,205,2023-01-01,1,10
141479,2055,339,2023-11-03,1,15
141490,8295,348,2023-08-08,2,0
141503,9146,397,2023-09-12,4,0
141519,5455,101,2023-10-09,2,5
141530,990,139,2023-06-05,4,0
141540,1153,303,2023-12-12,1,2
141542,5417,553,2023-04-01,3,0
141547,6959,169,2023-07-08,2,0
141567,5135,287,2023-05-01,1,0
141573,9011,584,2023-12-07,2,10
141579,5649,558,2023-02-01,3,0
141581,1767,213,2023-04-02,3,0
141584,8270,409,2023-08-07,4,2
141585,2124,392,2023-03-10,5,0
141610,8310,125,2023-02-06,4,2
141621,8034,295,2023-01-01,2,20
141622,6458,464,2023-10-11,2,0
141636,7131,564,2023-04-08,3,2
141638,3362,562,2023-05-06,2,10
141640,8602,486,2023-08-12,1,2
141650,9111,548,2023-12-01,1,20
141657,1911,135,2023-06-09,5,0
141659,6704,479,2023-04-11,1,15
141663,2299,332,2023-09-01,3,2
141664,4823,189,2023-09-04,1,0
141665,7409,527,2023-01-12,1,0
141666,9567,511,2023-12-02,2,2
141669,3893,557,2023-04-02,3,0
141672,6541,271,2023-07-02,3,0
141674,3688,178,2023-06-08,1,10
141675,4916,594,2023-12-08,3,5
141681,2997,148,2023-10-09,1,0
141688,9085,115,2023-04-03,1,0
141689,2788,162,2023-03-07,1,0
141693,3592,546,2023-10-09,1,5
141699,6337,368,2023-03-10,4,0
141701,4204,149,2023-11-10,1,2
141704,824,261,2023-02-08,4,0
141709,2316,416,2023-11-02,3,15
141723,9645,359,2023-12-04,2,0
141728,3405,164,2023-09-04,3,0
141729,561,162,2023-12-04,5,0
141734,581,476,2023-05-03,1,0
141740,2807,521,2023-03-05,1,0
141751,6837,453,2023-08-08,3,5
141764,657,219,2023-12-10,2,2
141775,323,372,2023-03-03,2,0
141782,5935,296,2023-10-04,1,5
141783,5346,579,2023-01-05,1,0
141800,7664,432,2023-12-02,1,0
141803,7428,112,2023-12-02,1,0
141814,7525,154,2023-12-09,1,0
141827,9124,161,2023-12-12,2,2
141841,5792,141,2023-11-04,1,15
141845,7429,504,2023-01-12,1,0
141848,4938,460,2023-10-05,1,0
141850,5578,480,2023-04-06,1,0
141852,1318,170,2023-03-11,2,20
141859,5676,401,2023-10-12,1,0
141862,6097,371,2023-10-10,1,0
141878,7749,233,2023-05-06,1,0
141882,1950,139,2023-03-10,5,0
141883,5808,534,2023-06-09,5,0
141885,2842,300,2023-06-07,1,0
141886,2388,279,2023-05-12,3,0
141898,8950,284,2023-09-11,1,2
141906,8853,187,2023-11-07,1,0
141913,9980,140,2023-08-06,4,5
141915,4594,559,2023-09-05,1,0
141916,9997,197,2023-03-01,1,5
141918,1530,452,2023-09-03,3,10
141926,8758,473,2023-03-07,2,0
141940,381,172,2023-01-10,1,5
141959,2224,212,2023-08-10,1,5
141960,423,183,2023-07-12,3,2
141962,223,472,2023-04-01,3,0
141965,8381,600,2023-01-03,1,10
141969,2336,128,2023-05-05,1,0
141980,8834,445,2023-04-12,3,0
141987,8226,117,2023-01-09,3,0
141988,1593,220,2023-08-01,1,0
141989,6879,301,2023-11-03,1,0
141992,5572,416,2023-08-07,3,0
141996,7221,360,2023-04-12,5,15
141999,8955,184,2023-02-05,3,2
142010,1920,322,2023-10-03,3,0
142016,1751,237,2023-07-10,1,5
142017,3425,168,2023-04-07,3,10
142022,2653,302,2023-02-06,1,10
142037,9367,508,2023-10-01,1,5
142038,8891,431,2023-01-10,2,0
142043,201,163,2023-02-01,2,10
142048,3475,521,2023-06-11,1,2
142051,7894,367,2023-01-06,1,0
142053,8641,464,2023-02-03,1,2
142054,8443,440,2023-01-02,3,0
142059,8258,530,2023-12-12,2,0
142070,2506,454,2023-07-02,3,0
142071,4278,288,2023-02-02,1,5
142076,9691,115,2023-06-01,3,10
142080,2995,569,2023-10-10,2,5
142093,6282,584,2023-02-12,3,5
142095,1926,493,2023-02-10,2,0
142104,9435,163,2023-01-09,2,10
142106,4196,310,2023-02-04,1,0
142111,4623,228,2023-08-03,3,0
142123,7575,293,2023-04-12,1,0
142128,5739,515,2023-05-09,3,15
142129,2775,155,2023-05-08,3,5
142137,3214,395,2023-10-09,1,0
142146,9631,598,2023-03-01,4,2
142152,8677,107,2023-07-06,2,5
142155,71,486,2023-05-04,1,0
142162,1540,582,2023-06-06,1,0
142164,479,354,2023-05-07,2,5
142166,730,258,2023-08-08,1,5
142173,6054,502,2023-05-01,3,20
142182,7227,581,2023-02-08,2,0
142183,2734,362,2023-11-09,2,2
142203,7023,301,2023-02-02,3,0
142247,9124,553,2023-11-06,5,5
142248,2715,429,2023-02-12,2,15
142249,1450,402,2023-02-02,3,0
142250,4734,117,2023-03-06,1,5
142258,9663,427,2023-12-01,3,0
142266,3660,219,2023-04-06,1,2
142271,1156,296,2023-03-07,2,0
142276,8612,589,2023-07-01,5,5
142283,3366,356,2023-08-08,2,0
142285,2091,336,2023-09-04,2,0
142294,7475,195,2023-12-02,1,0
142295,4511,363,2023-01-05,4,0
142300,2376,192,2023-04-02,2,0
142310,8200,372,2023-02-01,3,2
142311,4160,375,2023-08-07,2,10
142320,6666,492,2023-09-11,5,5
142322,1601,121,2023-04-09,2,5
142328,6720,359,2023-12-07,3,15
142335,8255,308,2023-02-02,2,10
142338,5252,303,2023-06-05,2,0
142347,8651,311,2023-05-10,1,0
142356,2441,295,2023-04-11,2,2
142373,6532,455,2023-08-02,3,0
142377,1172,404,2023-03-01,1,0
142386,9348,256,2023-06-11,1,0
142389,9275,204,2023-11-11,1,10
142399,3097,477,2023-09-04,1,5
142401,5541,389,2023-04-09,3,0
142404,8467,278,2023-02-06,4,0
142406,7382,489,2023-07-02,4,5
142422,1010,179,2023-06-09,2,0
142430,4051,312,2023-03-04,5,10
142436,4938,559,2023-11-10,3,5
142438,6042,108,2023-06-08,2,0
142458,7247,330,2023-11-03,1,0
142460,2033,244,2023-02-10,2,15
142465,1926,122,2023-08-01,4,0
142466,181,272,2023-11-05,4,0
142475,7999,272,2023-09-05,1,0
142493,3311,571,2023-01-04,2,0
142508,4726,267,2023-07-04,2,0
142522,5241,387,2023-04-09,1,5
142527,8819,467,2023-12-01,1,0
142538,2238,318,2023-02-05,3,2
142565,1875,443,2023-05-03,1,0
142566,5992,257,2023-11-11,1,2
142567,7977,350,2023-05-02,3,0
142569,2273,156,2023-12-04,1,0
142574,7084,415,2023-03-02,1,0
142576,9576,558,2023-02-11,3,0
142580,3592,309,2023-03-10,4,5
142583,4263,247,2023-09-01,1,15
142584,2549,412,2023-10-10,1,10
142596,4426,491,2023-04-09,2,5
142600,1793,407,2023-11-04,1,0
142611,721,332,2023-10-09,2,5
142612,5768,133,2023-07-09,1,5
142624,2411,133,2023-01-07,1,10
142626,9,122,2023-11-09,1,2
142628,3110,477,2023-09-01,2,5
142631,2578,158,2023-11-08,4,0
142642,3247,152,2023-06-02,1,0
142647,7244,156,2023-09-12,1,0
142649,4910,501,2023-04-08,2,2
142652,856,205,2023-02-07,1,15
142681,6303,241,2023-04-04,2,15
142690,1568,579,2023-03-02,1,5
142695,2323,166,2023-08-02,2,15
142696,5802,320,2023-07-09,4,0
142699,6543,127,2023-06-05,3,0
142704,151,314,2023-05-04,3,2
142705,7448,134,2023-11-03,2,5
142707,8077,248,2023-12-07,1,2
142709,5528,426,2023-02-01,1,0
142710,2884,354,2023-02-01,3,2
142715,4290,570,2023-07-04,4,0
142717,8754,368,2023-08-05,3,0
142721,8516,192,2023-05-11,1,0
142752,1562,529,2023-11-07,4,5
142753,7388,138,2023-05-04,1,5
142767,6451,351,2023-05-11,2,0
142775,2653,454,2023-10-12,1,0
142776,825,504,2023-02-11,2,0
142778,2478,439,2023-08-08,1,0
142786,8677,555,2023-12-01,1,0
142788,246,330,2023-09-03,1,2
142790,2177,500,2023-07-10,2,0
142795,7887,176,2023-03-11,1,0
142796,6536,293,2023-08-12,3,0
142799,6047,518,2023-03-10,1,0
142800,1334,422,2023-03-08,1,5
142806,7247,279,2023-03-01,1,0
142818,4578,340,2023-02-06,3,5
142833,7396,172,2023-09-11,1,0
142836,9635,308,2023-01-07,2,0
142842,6787,506,2023-03-10,2,5
142843,844,102,2023-04-12,1,0
142852,6303,200,2023-10-04,1,0
142876,4568,273,2023-02-02,2,15
142877,7422,474,2023-10-02,4,5
142891,5981,368,2023-09-11,1,5
142892,4924,452,2023-03-09,2,0
142895,4981,308,2023-11-03,1,0
142903,9450,385,2023-05-09,2,10
142913,5691,512,2023-06-09,5,0
142915,267,238,2023-11-04,1,5
142933,8758,142,2023-03-01,3,10
142940,9211,415,2023-07-01,3,5
142948,825,159,2023-10-02,3,0
142953,7256,565,2023-07-07,1,10
142963,8956,575,2023-01-12,1,0
142971,1140,277,2023-04-10,1,0
142973,2103,428,2023-07-01,1,0
142974,8767,274,2023-11-01,4,15
142980,3679,438,2023-06-06,2,0
142982,5776,303,2023-04-10,1,0
142985,3496,420,2023-04-01,2,5
143005,2595,151,2023-09-12,1,0
143006,3148,308,2023-05-07,1,10
143009,6978,185,2023-11-05,3,0
143013,8043,269,2023-08-11,1,0
143028,7559,495,2023-11-07,3,0
143035,771,349,2023-05-12,3,5
143040,655,231,2023-05-07,3,10
143043,6394,594,2023-04-05,2,0
143045,3957,182,2023-02-12,2,2
143054,3425,149,2023-01-10,4,0
143061,6132,321,2023-10-11,1,0
143064,3223,122,2023-08-04,1,2
143069,4725,348,2023-09-03,1,5
143071,4877,350,2023-01-06,1,0
143080,523,516,2023-01-08,3,0
143091,5415,216,2023-05-08,2,0
143102,3169,279,2023-10-02,3,0
143105,4372,523,2023-08-12,1,5
143111,6626,456,2023-07-01,1,0
143117,9379,336,2023-01-11,1,10
143129,658,477,2023-04-12,1,0
143135,3190,250,2023-02-09,2,2
143140,3762,490,2023-04-10,1,5
143145,1906,486,2023-08-10,1,10
143151,9496,495,2023-02-05,2,2
143166,6070,272,2023-04-06,1,2
143169,2399,191,2023-11-05,1,0
143172,5417,160,2023-03-03,5,15
143185,9012,485,2023-12-10,4,0
143188,4477,299,2023-08-12,1,0
143193,930,471,2023-02-03,2,0
143206,5905,403,2023-02-11,1,0
143207,8396,208,2023-12-05,4,0
143213,7981,556,2023-01-03,3,0
143223,9945,389,2023-03-12,4,0
143228,6399,422,2023-05-11,1,2
143230,2925,560,2023-12-05,2,10
143231,3270,307,2023-01-10,1,10
143235,8322,429,2023-04-02,2,5
143236,8758,315,2023-09-07,1,0
143244,6535,171,2023-11-01,1,0
143261,2313,184,2023-02-08,1,2
143284,156,325,2023-10-10,1,5
143286,7067,212,2023-07-10,1,2
143293,2420,301,2023-02-06,1,2
143294,3613,247,2023-10-04,1,0
143295,6688,436,2023-04-10,1,0
143301,9784,563,2023-12-10,1,0
143308,7026,441,2023-01-05,2,0
143311,9390,368,2023-01-02,2,2
143326,8829,374,2023-12-07,1,0
143337,1831,379,2023-11-06,5,10
143338,1448,508,2023-10-02,3,0
143342,5734,561,2023-11-10,1,5
143343,9579,434,2023-04-06,4,0
143348,7281,571,2023-03-03,3,0
143350,4706,577,2023-08-05,1,0
143354,8112,307,2023-10-02,1,20
143363,2766,330,2023-07-02,1,0
143364,5681,120,2023-07-07,1,0
143365,2136,203,2023-12-12,3,0
143368,1588,510,2023-04-06,1,2
143377,1981,341,2023-10-05,1,2
143379,3066,572,2023-10-09,1,10
143385,6118,465,2023-08-11,5,15
143390,1323,235,2023-02-09,1,15
143392,8817,360,2023-09-04,1,0
143399,9688,595,2023-12-10,2,5
143401,6178,135,2023-09-01,5,5
143403,6713,180,2023-09-11,3,0
143404,1930,523,2023-03-12,1,2
143410,6034,349,2023-03-01,2,0
143419,4372,216,2023-02-03,3,5
143424,9381,224,2023-11-08,3,0
143429,5729,377,2023-10-02,5,0
143435,5818,569,2023-10-06,4,5
143454,2482,336,2023-11-12,2,10
143460,6075,366,2023-04-02,1,0
143461,2721,578,2023-09-01,2,2
143465,7165,557,2023-08-12,1,2
143486,2652,563,2023-07-04,2,0
143497,4397,107,2023-04-04,2,0
143500,1815,423,2023-05-03,1,0
143508,4151,546,2023-10-04,4,0
143521,4001,454,2023-03-01,3,5
143524,5942,480,2023-02-06,1,0
143525,1507,554,2023-06-12,1,0
143530,8006,553,2023-02-04,1,0
143532,6235,129,2023-08-11,1,0
143542,6770,367,2023-01-06,4,0
143548,6466,479,2023-07-09,3,0
143551,6097,314,2023-04-06,2,15
143559,3612,101,2023-06-09,1,0
143565,5492,191,2023-03-02,1,2
143568,4725,158,2023-11-04,4,0
143569,9683,598,2023-10-01,1,10
143571,9033,535,2023-04-08,1,10
143579,4139,413,2023-01-07,1,5
143593,7037,588,2023-11-03,1,2
143596,9033,470,2023-07-09,1,0
143600,7736,456,2023-12-05,4,0
143607,412,224,2023-09-01,4,15
143608,7230,509,2023-07-04,1,10
143615,4856,176,2023-01-10,2,5
143618,1572,508,2023-02-02,1,2
143622,7196,250,2023-01-12,1,2
143625,2757,355,2023-04-01,1,0
143626,4933,300,2023-01-09,2,15
143636,4511,216,2023-06-12,3,0
143641,6603,142,2023-01-04,2,0
143653,7289,333,2023-05-12,1,15
143661,340,333,2023-11-04,1,0
143667,1200,256,2023-03-06,1,0
143668,3040,591,2023-01-07,1,2
143672,734,543,2023-06-05,2,2
143682,9023,185,2023-12-03,1,0
143690,9226,548,2023-01-02,3,5
143702,1267,445,2023-09-12,4,2
143706,2669,466,2023-01-09,4,5
143708,7133,223,2023-09-10,4,2
143729,7525,397,2023-03-05,2,0
143735,7906,306,2023-05-05,4,5
143738,9070,257,2023-09-01,1,0
143742,8308,552,2023-09-12,3,5
143743,1341,593,2023-09-08,1,0
143761,5345,385,2023-04-07,2,0
143765,3731,457,2023-09-05,3,0
143767,6254,294,2023-04-08,2,0
143774,9949,103,2023-12-02,3,2
143793,1213,273,2023-01-12,3,10
143797,3611,245,2023-01-11,1,2
143799,6153,261,2023-02-01,1,0
143822,3381,378,2023-11-11,2,5
143837,4243,141,2023-01-11,3,0
143840,4271,266,2023-05-12,1,5
143845,4809,411,2023-08-08,1,15
143851,2666,155,2023-05-12,3,10
143857,3625,108,2023-08-12,1,0
143896,1638,593,2023-01-08,5,10
143901,6394,364,2023-08-02,1,0
143919,750,424,2023-08-03,5,10
143932,6276,464,2023-08-09,1,0
143943,2789,495,2023-02-10,3,0
143944,6483,238,2023-10-05,4,0
143947,7827,412,2023-05-10,1,5
143953,690,186,2023-11-05,2,2
143960,8342,257,2023-04-05,2,0
143966,4408,267,2023-03-10,2,0
143969,2072,385,2023-04-12,1,10
143974,10,371,2023-02-06,4,10
143980,3965,365,2023-07-08,1,0
143987,2160,262,2023-03-09,1,5
144002,6914,109,2023-06-02,2,0
144015,9202,286,2023-06-12,3,0
144021,4841,148,2023-01-02,2,5
144024,7827,386,2023-02-02,1,5
144029,754,490,2023-03-01,3,0
144030,6104,587,2023-06-07,5,2
144038,120,321,2023-12-12,1,5
144041,2928,576,2023-06-12,1,5
144043,1988,468,2023-09-05,1,0
144046,2703,522,2023-09-06,2,10
144054,2249,220,2023-03-01,1,2
144062,1647,121,2023-02-03,1,0
144064,3246,429,2023-08-03,5,0
144069,3787,310,2023-12-05,1,2
144070,5333,470,2023-07-11,2,0
144072,5295,298,2023-12-08,1,2
144091,4539,287,2023-01-06,1,15
144093,3340,549,2023-02-01,1,5
144095,9079,296,2023-11-11,1,10
144099,1992,166,2023-11-08,2,5
144106,2530,427,2023-01-09,1,10
144107,9806,142,2023-04-08,5,2
144136,4774,582,2023-10-11,3,0
144137,1804,345,2023-02-06,5,0
144148,6837,441,2023-04-01,1,2
144151,6603,398,2023-12-07,4,0
144153,2076,207,2023-11-06,2,10
144157,410,204,2023-01-06,2,10
144169,8258,189,2023-01-02,3,5
144170,6160,383,2023-08-05,3,0
144180,572,505,2023-04-08,2,10
144181,6682,568,2023-07-10,3,5
144185,7683,369,2023-03-04,1,10
144210,2650,420,2023-06-08,4,2
144220,6667,535,2023-08-04,1,0
144222,1094,411,2023-08-01,4,0
144232,2126,400,2023-05-06,3,2
144240,1726,231,2023-06-08,2,0
144243,4706,442,2023-04-07,1,0
144246,5618,565,2023-02-05,2,0
144254,4384,130,2023-04-07,1,0
144270,4386,495,2023-12-10,2,2
144276,446,342,2023-06-01,2,0
144279,5093,210,2023-09-09,1,0
144287,1325,491,2023-06-08,3,0
144305,8424,135,2023-02-07,1,0
144320,9801,362,2023-11-08,1,2
144329,5661,440,2023-07-02,2,0
144332,9774,573,2023-01-03,1,5
144349,8409,263,2023-09-10,1,0
144352,9755,101,2023-05-02,1,0
144369,9405,339,2023-02-01,1,2
144374,8227,131,2023-04-06,5,5
144380,7160,562,2023-01-09,4,15
144390,1760,274,2023-09-08,3,0
144400,6096,226,2023-07-08,2,0
144407,5053,175,2023-11-03,2,2
144413,6888,536,2023-07-02,2,10
144414,7387,277,2023-11-08,1,5
144420,9363,485,2023-03-06,1,5
144428,6355,587,2023-10-08,1,0
144430,1963,201,2023-07-04,5,0
144435,1815,595,2023-01-03,3,0
144444,1806,115,2023-07-04,1,0
144455,4388,566,2023-03-05,1,5
144460,3722,595,2023-11-05,2,2
144484,8460,309,2023-10-01,2,0
144488,2729,280,2023-03-06,2,0
144490,9193,263,2023-08-04,1,0
144506,1011,582,2023-06-11,1,2
144507,1127,239,2023-06-02,1,15
144508,4602,460,2023-11-05,1,10
144525,4807,473,2023-02-06,1,2
144528,9161,556,2023-02-01,3,0
144537,1076,285,2023-07-01,5,15
144538,8118,296,2023-12-12,1,5
144543,1963,472,2023-10-11,2,5
144546,3242,202,2023-03-08,2,0
144551,5430,218,2023-05-03,2,0
144554,9829,589,2023-08-04,1,0
144555,72,418,2023-08-08,1,2
144568,3507,590,2023-08-02,1,15
144569,2652,177,2023-08-05,3,0
144571,2735,240,2023-09-06,1,5
144584,7024,533,2023-01-01,2,0
144589,8655,167,2023-10-04,4,5
144595,3108,230,2023-04-09,2,2
144596,8050,274,2023-08-12,1,10
144598,3611,285,2023-08-02,3,5
144600,4041,137,2023-07-06,1,20
144604,8818,451,2023-07-05,3,0
144612,467,368,2023-07-12,1,0
144619,4052,499,2023-10-01,1,2
144620,3809,486,2023-11-03,1,5
144621,8240,565,2023-02-06,2,0
144622,758,384,2023-09-03,1,0
144628,2516,381,2023-02-09,1,5
144635,3988,421,2023-04-08,1,5
144639,2703,419,2023-12-02,1,0
144642,2139,435,2023-06-01,3,5
144653,8035,125,2023-07-06,5,0
144674,3191,205,2023-04-04,1,5
144682,1906,251,2023-04-01,1,0
144687,6869,366,2023-02-02,2,0
144691,9681,352,2023-10-11,1,0
144700,518,550,2023-04-04,1,0
144707,9712,575,2023-11-08,1,0
144708,7026,382,2023-01-09,1,0
144709,4275,144,2023-05-01,1,0
144710,9109,257,2023-08-08,2,0
144729,5543,582,2023-08-08,5,15
144737,6815,466,2023-05-11,1,2
144742,7512,390,2023-05-08,3,0
144744,8540,539,2023-03-06,1,0
144751,6610,302,2023-08-08,2,0
144752,5695,463,2023-06-02,4,2
144754,3895,130,2023-07-12,1,5
144757,5206,427,2023-10-07,1,0
144766,4878,513,2023-12-12,5,5
144767,2336,497,2023-05-01,1,5
144773,9363,439,2023-01-04,2,10
144784,8446,176,2023-03-12,2,10
144785,462,463,2023-01-06,1,2
144789,4048,148,2023-07-09,1,0
144792,5106,342,2023-10-04,2,0
144804,2562,329,2023-11-08,1,10
144822,2919,189,2023-04-07,3,0
144827,4821,514,2023-09-01,5,2
144830,8049,585,2023-10-04,3,0
144834,6330,515,2023-03-05,1,0
144836,4960,102,2023-06-09,1,0
144840,3126,532,2023-10-04,3,0
144848,8069,316,2023-07-11,2,0
144852,8289,378,2023-05-06,2,0
144855,5555,526,2023-01-12,2,0
144867,1263,199,2023-12-03,1,0
144881,6746,533,2023-05-12,1,0
144884,7020,195,2023-02-06,1,2
144890,5689,204,2023-04-02,1,2
144891,6966,348,2023-11-03,1,0
144893,7279,217,2023-03-11,1,0
144896,9837,183,2023-04-05,3,20
144903,6608,251,2023-02-03,3,0
144906,7992,145,2023-01-07,1,2
144917,3212,366,2023-07-11,3,2
144920,6250,175,2023-03-02,1,0
144922,5796,516,2023-03-08,1,10
144930,7863,187,2023-12-01,3,0
144938,2714,203,2023-06-11,1,5
144941,814,163,2023-05-03,1,0
144946,9023,426,2023-05-06,3,5
144957,4413,422,2023-03-10,1,5
144962,5492,169,2023-01-01,2,10
144964,6690,325,2023-07-03,4,0
144973,4381,348,2023-10-12,2,0
144979,5780,453,2023-08-03,1,10
144989,72,405,2023-06-03,2,0
144990,7517,144,2023-04-10,1,2
144995,5768,520,2023-01-10,2,0
144997,145,171,2023-06-08,1,0
145002,6182,505,2023-12-07,1,0
145007,7913,455,2023-12-02,2,0
145008,8090,545,2023-01-02,3,5
145015,3959,442,2023-02-04,1,10
145019,5014,226,2023-04-05,1,5
145020,9550,394,2023-08-04,3,0
145026,8701,108,2023-02-04,3,0
145027,1010,409,2023-02-09,1,2
145037,824,504,2023-01-05,3,0
145049,5782,101,2023-09-03,5,2
145060,8905,335,2023-10-03,2,0
145062,6071,236,2023-06-03,5,10
145067,410,189,2023-02-06,1,0
145071,2150,183,2023-02-11,1,0
145082,7737,392,2023-08-11,1,0
145099,9723,346,2023-12-06,4,2
145102,1217,342,2023-01-02,2,2
145103,1815,295,2023-12-09,1,0
145108,3065,422,2023-02-02,1,0
145110,2722,589,2023-05-10,1,10
145118,2478,537,2023-08-10,3,5
145130,8223,431,2023-12-02,2,5
145139,9363,219,2023-06-11,1,0
145148,1544,446,2023-06-08,2,0
145150,6279,250,2023-02-01,1,0
145153,4507,333,2023-08-08,1,2
145163,6551,501,2023-09-02,3,0
145165,5010,578,2023-10-01,3,0
145169,9893,135,2023-04-10,1,5
145173,6898,523,2023-07-04,3,0
145180,6541,370,2023-07-06,1,0
145183,9518,113,2023-02-11,4,0
145185,2722,486,2023-09-06,1,20
145211,4179,199,2023-02-02,3,0
145237,1856,120,2023-02-02,1,2
145241,6793,270,2023-12-08,5,0
145245,5639,246,2023-11-05,1,5
145254,3048,525,2023-07-06,1,15
145259,8837,146,2023-09-04,1,2
145262,8357,459,2023-07-12,4,10
145267,8885,192,2023-12-04,1,10
145269,8100,278,2023-07-07,1,0
145290,7696,567,2023-05-09,3,2
145298,7020,157,2023-05-09,2,0
145300,7749,491,2023-07-03,2,0
145315,9065,155,2023-10-04,2,0
145316,5709,214,2023-08-10,1,10
145330,6916,546,2023-03-06,1,0
145332,6199,503,2023-12-03,3,0
145337,4786,159,2023-04-07,3,0
145365,9685,456,2023-09-12,3,0
145374,7007,533,2023-08-06,1,0
145375,9323,397,2023-11-07,1,2
145385,6473,376,2023-04-03,1,0
145386,8381,550,2023-06-12,1,2
145388,1744,348,2023-01-02,1,0
145391,342,531,2023-11-11,1,0
145423,4250,134,2023-03-04,4,0
145424,7366,493,2023-03-10,2,5
145426,766,327,2023-12-09,2,10
145429,5310,352,2023-03-07,1,5
145435,7664,364,2023-10-12,1,10
145446,7441,213,2023-10-06,2,0
145454,4384,131,2023-05-04,3,0
145465,2077,234,2023-08-09,2,5
145468,8758,584,2023-02-08,1,0
145470,1698,189,2023-04-07,3,15
145471,3368,386,2023-10-10,1,0
145474,2418,523,2023-04-07,1,0
145479,3558,441,2023-11-05,4,5
145480,5455,161,2023-12-08,2,0
145483,6869,334,2023-10-07,1,0
145487,7918,415,2023-02-05,3,0
145494,5992,177,2023-05-08,3,15
145501,5106,429,2023-06-03,1,0
145503,3349,104,2023-06-07,1,0
145516,1726,140,2023-08-01,3,0
145530,497,574,2023-07-06,2,0
145535,7602,507,2023-04-06,3,5
145536,7725,453,2023-12-03,4,0
145548,5350,426,2023-07-04,2,5
145551,3804,515,2023-01-07,1,0
145559,2878,286,2023-01-07,3,0
145572,3032,522,2023-07-06,3,5
145583,3746,217,2023-11-01,1,0
145593,8885,312,2023-11-06,4,2
145597,5882,325,2023-12-02,1,0
145599,7247,268,2023-06-04,5,0
145600,5000,237,2023-05-03,2,0
145609,4478,177,2023-08-12,2,10
145612,1922,423,2023-07-02,3,5
145621,2729,244,2023-01-02,3,10
145628,5099,581,2023-05-12,3,0
145631,5198,181,2023-04-11,1,5
145634,773,278,2023-03-07,2,0
145653,9691,137,2023-02-09,1,10
145658,2729,273,2023-05-07,3,0
145669,1891,252,2023-05-11,3,10
145671,3827,193,2023-10-07,3,0
145673,2818,450,2023-02-06,2,0
145674,1920,115,2023-12-07,5,2
145685,8913,555,2023-07-08,3,0
145689,5463,294,2023-11-07,1,0
145690,7304,228,2023-06-10,1,0
145692,3737,141,2023-06-06,1,0
145704,1767,104,2023-05-05,2,0
145713,750,486,2023-04-09,1,0
145724,4504,520,2023-06-05,3,2
145733,7474,273,2023-06-03,2,0
145738,4981,336,2023-10-12,2,0
145741,8465,263,2023-11-01,1,0
145750,5942,416,2023-07-03,2,5
145757,6746,164,2023-09-01,2,0
145785,229,424,2023-03-02,1,2
145792,9844,148,2023-09-12,2,0
145795,6394,249,2023-11-09,1,15
145801,6330,431,2023-06-09,3,5
145803,6654,228,2023-05-08,4,0
145805,8820,512,2023-08-03,4,2
145809,4890,392,2023-09-01,4,0
145820,2790,454,2023-09-01,1,0
145823,1939,299,2023-04-08,2,0
145834,86,119,2023-02-01,1,2
145836,3600,416,2023-08-08,1,5
145839,8849,493,2023-06-12,3,10
145847,1709,356,2023-07-02,1,2
145850,2411,159,2023-07-07,1,0
145854,4080,445,2023-06-03,1,0
145855,486,510,2023-11-08,1,0
145864,8270,600,2023-09-06,1,2
145883,4136,216,2023-03-08,2,0
145894,5178,459,2023-09-06,1,5
145897,1909,268,2023-01-01,1,0
145907,9784,324,2023-07-10,3,0
145910,2559,312,2023-11-01,1,0
145914,8437,168,2023-11-11,1,5
145918,1505,493,2023-09-09,2,0
145921,3708,266,2023-11-03,1,0
145939,4674,126,2023-09-06,1,10
145946,6682,266,2023-03-05,3,0
145955,7396,480,2023-12-01,1,2
145962,3804,110,2023-07-09,1,15
145973,9508,270,2023-06-01,1,0
145988,7934,172,2023-10-02,1,0
145993,4001,585,2023-03-10,1,0
145995,872,424,2023-08-02,1,0
146005,6669,563,2023-09-01,2,0
146022,1727,209,2023-04-04,2,0
146025,5918,144,2023-11-12,3,5
146026,5639,518,2023-11-08,2,0
146028,2452,472,2023-01-05,1,15
146035,9372,260,2023-03-06,1,10
146049,5807,144,2023-03-12,2,5
146051,285,332,2023-11-12,3,5
146053,6058,236,2023-09-07,1,5
146055,4146,340,2023-04-07,3,0
146060,4746,209,2023-10-08,1,0
146063,5624,565,2023-07-04,5,5
146074,5752,155,2023-04-12,1,15
146078,9968,340,2023-04-07,2,10
146090,8598,286,2023-03-02,1,0
146091,8000,567,2023-07-08,1,2
146096,803,320,2023-07-02,4,2
146097,1200,316,2023-09-07,3,5
146098,5504,450,2023-04-10,1,10
146099,2478,442,2023-05-02,3,5
146108,5555,222,2023-12-11,1,0
146111,9022,501,2023-01-08,2,0
146113,2788,311,2023-09-08,5,2
146114,444,324,2023-05-10,1,5
146129,1808,486,2023-11-10,1,5
146132,145,544,2023-08-04,4,0
146135,842,198,2023-09-12,1,2
146144,901,247,2023-09-04,1,0
146147,4856,490,2023-05-06,1,10
146161,3481,166,2023-09-10,3,0
146177,4317,235,2023-08-12,1,0
146180,1395,404,2023-07-04,1,0
146186,5739,350,2023-11-01,4,0
146209,8846,409,2023-12-09,2,5
146210,5150,338,2023-12-02,1,2
146218,1568,600,2023-08-01,1,0
146221,8526,477,2023-02-09,2,2
146225,5699,490,2023-03-01,2,2
146238,6588,452,2023-08-03,1,0
146253,2538,269,2023-11-04,3,0
146284,2782,323,2023-04-12,1,0
146286,4701,151,2023-05-03,3,15
146296,183,189,2023-02-09,5,2
146304,3935,224,2023-11-11,3,0
146307,773,395,2023-03-03,1,0
146321,1719,584,2023-10-12,5,5
146330,8839,395,2023-05-09,2,2
146342,7926,531,2023-11-02,1,0
146354,6316,179,2023-08-07,3,0
146359,3496,485,2023-10-04,2,0
146369,9203,430,2023-10-06,1,2
146373,4584,241,2023-05-09,4,2
146381,4112,414,2023-01-06,1,0
146396,3577,382,2023-09-12,2,0
146418,2974,492,2023-12-10,1,10
146420,3792,149,2023-07-10,1,0
146421,5751,138,2023-07-03,1,2
146438,7183,369,2023-02-09,4,15
146440,4593,575,2023-01-07,2,0
146445,9633,314,2023-05-11,1,0
146452,7667,221,2023-07-03,4,0
146459,2448,147,2023-06-05,3,2
146460,4738,227,2023-07-03,1,0
146472,5130,514,2023-01-07,2,0
146473,4267,366,2023-11-03,1,0
146488,8138,449,2023-12-10,3,0
146489,4881,425,2023-10-12,2,2
146490,5206,111,2023-12-11,1,5
146505,9541,259,2023-10-10,2,0
146514,4596,385,2023-03-09,1,0
146516,4133,292,2023-05-06,1,0
146518,4593,144,2023-10-03,1,0
146519,1172,360,2023-12-06,1,0
146522,4138,250,2023-03-12,5,15
146530,4116,501,2023-08-04,1,0
146531,8502,590,2023-11-06,2,0
146533,235,303,2023-04-08,1,0
146535,1102,357,2023-10-07,1,10
146538,1231,251,2023-10-12,2,2
146540,4375,334,2023-11-07,4,2
146541,7990,168,2023-04-08,1,0
146542,994,354,2023-07-06,1,5
146548,4856,301,2023-05-01,4,0
146550,8499,367,2023-09-09,1,0
146552,6532,165,2023-02-11,1,0
146554,4009,545,2023-10-07,5,0
146561,6071,307,2023-07-02,1,5
146600,6138,321,2023-12-02,1,0
146611,7197,490,2023-07-05,3,5
146620,9354,547,2023-02-07,1,0
146633,9994,442,2023-02-11,4,15
146646,7396,492,2023-11-07,3,0
146653,9855,198,2023-01-06,2,0
146660,1225,450,2023-10-04,3,0
146664,5152,342,2023-01-01,1,2
146665,8092,556,2023-12-05,3,10
146669,9689,546,2023-02-01,1,0
146673,9366,566,2023-02-01,1,2
146674,6727,425,2023-03-09,2,10
146682,2655,331,2023-09-01,2,10
146700,2685,281,2023-02-11,2,15
146703,2345,530,2023-03-04,3,0
146704,6681,322,2023-11-02,4,5
146710,7634,245,2023-05-04,1,5
146716,9945,291,2023-10-11,2,5
146723,2706,593,2023-01-12,1,0
146724,9619,148,2023-07-03,1,15
146725,1946,490,2023-06-06,3,10
146728,3510,367,2023-11-03,2,5
146730,9935,162,2023-11-11,5,0
146731,3835,567,2023-06-12,4,0
146750,2470,130,2023-02-04,2,0
146755,4194,288,2023-05-10,2,0
146770,1818,597,2023-10-04,1,5
146773,6551,479,2023-05-05,1,0
146782,457,558,2023-10-03,1,0
146800,8475,479,2023-08-12,3,0
146802,6572,285,2023-10-09,1,0
146806,4052,346,2023-12-10,1,20
146819,321,462,2023-03-06,2,0
146827,7575,111,2023-03-02,3,2
146833,1494,450,2023-10-05,1,0
146835,5090,309,2023-02-03,3,10
146839,259,128,2023-05-12,2,2
146844,6104,526,2023-05-06,2,10
146855,1062,252,2023-09-12,3,5
146857,6651,473,2023-06-03,1,0
146864,9359,405,2023-08-09,1,0
146869,1509,345,2023-11-05,1,2
146871,7906,474,2023-01-09,2,2
146876,4369,102,2023-03-12,1,5
146892,2788,344,2023-08-08,2,0
146895,7677,188,2023-01-11,4,0
146901,773,353,2023-10-12,3,10
146902,6780,580,2023-01-12,2,5
146904,4808,255,2023-10-02,1,0
146916,4540,142,2023-05-07,4,0
146922,1264,406,2023-09-09,3,0
146923,5238,282,2023-07-02,2,2
146927,6455,209,2023-10-10,1,0
146928,1240,251,2023-04-09,1,0
146932,1052,522,2023-06-04,2,5
146939,6746,275,2023-04-08,1,0
146942,5111,244,2023-03-11,1,10
146947,4390,532,2023-01-01,2,0
146952,1438,114,2023-01-10,2,5
146953,9264,383,2023-09-02,4,0
146966,2449,277,2023-09-10,3,5
146974,4103,252,2023-06-01,1,5
146975,9729,320,2023-01-01,2,0
146978,396,404,2023-10-11,1,2
146980,6914,130,2023-08-03,3,0
146985,8351,520,2023-05-03,4,0
146988,8918,264,2023-02-11,2,0
147006,4872,296,2023-05-07,3,0
147011,124,323,2023-08-04,1,10
147014,703,294,2023-11-10,3,0
147016,6929,545,2023-04-10,1,0
147025,4774,430,2023-05-12,4,5
147030,9682,160,2023-07-10,1,0
147038,2807,460,2023-04-05,1,5
147046,7080,498,2023-02-12,1,0
147049,5716,469,2023-03-07,2,0
147052,4320,287,2023-08-08,1,0
147065,7290,109,2023-12-12,2,0
147078,6280,225,2023-01-01,1,2
147081,1234,338,2023-01-01,3,20
147086,6720,309,2023-01-08,2,0
147094,5337,258,2023-10-11,3,0
147100,5819,190,2023-06-04,1,10
147107,4107,442,2023-03-08,3,5
147115,8229,355,2023-09-09,2,0
147118,5682,563,2023-05-12,4,2
147120,7422,253,2023-11-10,2,10
147131,9928,201,2023-09-04,2,0
147132,6919,347,2023-09-01,1,0
147133,6225,357,2023-04-07,1,10
147140,2287,404,2023-09-06,1,0
147145,8582,337,2023-04-04,1,0
147151,4114,584,2023-11-10,3,15
147155,8364,183,2023-12-11,3,2
147157,2620,295,2023-03-09,3,0
147160,7316,528,2023-03-01,1,10
147167,5245,534,2023-09-10,3,2
147168,6412,270,2023-03-04,3,5
147186,2056,227,2023-11-10,5,5
147192,5139,330,2023-10-08,1,2
147220,5002,251,2023-03-12,3,5
147238,1210,365,2023-09-07,1,0
147245,6529,308,2023-12-06,3,10
147250,7200,273,2023-07-08,1,0
147260,4470,592,2023-02-02,5,0
147268,264,174,2023-08-03,3,10
147271,1622,343,2023-10-07,1,0
147272,1062,321,2023-12-04,2,2
147278,5245,313,2023-08-09,2,0
147290,4018,411,2023-08-05,4,0
147313,7079,462,2023-06-04,3,0
147324,5559,316,2023-07-07,1,0
147334,3688,321,2023-10-11,1,0
147352,2221,289,2023-06-02,4,5
147374,6060,141,2023-02-04,2,5
147375,5101,434,2023-11-01,1,10
147384,1233,147,2023-07-01,4,0
147390,2693,556,2023-10-11,2,0
147397,6227,109,2023-12-12,1,0
147399,8651,340,2023-08-08,1,2
147404,7409,342,2023-03-12,2,0
147406,9243,106,2023-05-06,3,2
147412,4468,361,2023-09-06,1,5
147415,1333,219,2023-08-02,1,0
147419,4372,288,2023-04-04,1,0
147421,3357,408,2023-10-03,1,2
147440,605,193,2023-02-12,1,0
147441,2864,321,2023-02-07,1,0
147449,96,286,2023-11-07,2,0
147460,5112,466,2023-08-02,2,10
147467,7196,349,2023-01-05,1,0
147478,2323,455,2023-05-02,2,2
147483,276,146,2023-11-12,1,20
147485,8965,464,2023-12-10,4,0
147499,2105,146,2023-02-01,1,10
147513,151,546,2023-02-11,1,0
147515,8026,433,2023-05-03,4,2
147520,6458,319,2023-03-09,2,5
147525,4256,258,2023-06-02,2,0
147528,6624,152,2023-07-12,1,0
147531,1639,297,2023-02-03,4,10
147536,6109,357,2023-06-07,1,2
147552,4051,470,2023-04-08,3,0
147553,154,116,2023-09-06,3,5
147555,1793,113,2023-05-09,1,5
147557,3269,485,2023-11-08,3,2
147561,5458,341,2023-07-07,3,0
147562,5406,508,2023-03-06,1,0
147572,6320,244,2023-04-06,2,0
147577,4397,548,2023-01-01,1,5
147581,8461,565,2023-12-08,4,20
147586,7664,260,2023-05-02,3,0
147597,6705,180,2023-11-06,1,2
147607,5543,274,2023-03-06,3,0
147612,5524,174,2023-12-04,2,0
147639,2160,168,2023-06-01,3,0
147645,2602,458,2023-01-10,2,2
147651,6958,437,2023-07-02,4,10
147656,9755,483,2023-04-04,1,0
147658,7352,469,2023-01-09,2,2
147660,8190,587,2023-04-12,2,0
147675,5530,129,2023-11-05,4,0
147676,8878,536,2023-11-10,1,0
147677,4452,436,2023-08-05,2,10
147682,9288,407,2023-01-05,5,0
147690,5920,214,2023-03-02,1,2
147692,5813,161,2023-02-04,1,0
147694,794,467,2023-07-08,1,0
147698,7447,466,2023-02-02,3,0
147711,4272,538,2023-01-03,3,0
147718,5757,133,2023-05-02,1,2
147724,3611,172,2023-06-11,2,0
147725,2564,499,2023-01-12,1,0
147728,1701,524,2023-10-01,1,0
147732,4194,539,2023-08-06,4,0
147756,1558,539,2023-09-06,1,20
147759,896,136,2023-08-04,3,0
147766,3952,138,2023-11-10,1,2
147783,1073,371,2023-07-07,3,0
147792,9287,190,2023-10-09,1,10
147793,348,355,2023-02-01,2,0
147795,466,304,2023-09-05,3,0
147796,5245,359,2023-12-07,2,0
147797,5540,325,2023-06-04,3,10
147803,9026,175,2023-10-10,3,0
147806,7682,112,2023-12-08,1,5
147817,3403,440,2023-06-11,2,0
147821,6177,125,2023-05-02,1,2
147822,2396,266,2023-08-04,1,0
147826,182,478,2023-06-11,2,10
147829,279,313,2023-09-02,1,5
147837,7785,530,2023-03-11,1,0
147843,4584,479,2023-04-12,1,0
147845,6966,454,2023-03-08,2,15
147847,9079,583,2023-03-05,4,0
147856,8501,118,2023-09-02,2,0
147857,7122,326,2023-07-12,4,5
147860,2938,533,2023-08-10,2,0
147867,1581,260,2023-05-03,3,0
147877,682,447,2023-11-11,1,10
147881,358,402,2023-06-07,2,0
147882,8842,156,2023-07-01,1,0
147889,9158,307,2023-05-09,1,20
147893,5406,192,2023-07-11,3,15
147897,7887,491,2023-04-02,3,0
147898,5917,553,2023-09-12,2,0
147905,7734,548,2023-01-05,3,5
147906,8545,377,2023-06-05,1,0
147919,8127,343,2023-07-06,2,0
147920,4430,481,2023-05-12,3,0
147922,9354,111,2023-11-12,3,0
147925,7509,538,2023-03-01,1,0
147930,450,474,2023-07-01,1,5
147934,4598,278,2023-10-10,4,2
147939,6530,452,2023-10-05,2,0
147954,2818,295,2023-02-05,2,2
147980,5363,321,2023-06-12,2,5
147984,4704,310,2023-09-05,1,10
147987,2056,262,2023-01-08,2,2
147988,8017,359,2023-03-10,1,0
147989,7024,526,2023-07-09,1,15
147997,2487,529,2023-04-12,2,2
148004,4208,549,2023-02-06,2,0
148032,4878,411,2023-03-02,2,5
148036,884,461,2023-05-07,2,0
148049,721,416,2023-09-06,3,0
148050,754,488,2023-01-09,4,0
148055,9697,401,2023-06-05,1,20
148067,4916,118,2023-01-12,1,0
148073,4885,599,2023-03-03,5,5
148077,1586,363,2023-01-12,1,20
148080,3590,454,2023-06-05,3,2
148084,5831,230,2023-10-05,2,2
148088,489,583,2023-10-01,3,0
148093,4747,435,2023-09-03,2,0
148101,9559,547,2023-02-09,1,0
148104,1812,304,2023-12-03,1,0
148105,7048,192,2023-07-04,1,2
148106,3400,378,2023-01-04,2,5
148108,9130,234,2023-12-10,1,0
148110,2100,391,2023-05-05,1,0
148113,6473,588,2023-06-08,2,15
148119,1798,363,2023-09-04,1,2
148122,8758,174,2023-01-09,1,0
148124,5742,526,2023-04-01,1,10
148125,4790,561,2023-01-09,2,5
148128,4935,399,2023-05-05,1,5
148136,2571,251,2023-03-08,1,0
148139,9379,236,2023-09-05,3,0
148149,4373,405,2023-06-11,1,0
148151,9546,533,2023-02-12,3,0
148168,2197,278,2023-05-12,1,2
148170,3999,430,2023-09-12,5,0
148171,5090,497,2023-08-02,1,2
148186,1941,335,2023-10-07,1,0
148190,7982,499,2023-10-04,4,5
148192,2678,344,2023-01-09,4,0
148201,8227,205,2023-12-10,2,5
148213,5986,271,2023-02-09,1,0
148218,9588,390,2023-12-03,4,10
148222,5777,507,2023-03-12,1,0
148223,9285,244,2023-05-07,1,2
148228,5172,590,2023-02-07,3,0
148229,3755,466,2023-05-02,1,0
148230,9497,530,2023-03-08,2,0
148239,5101,286,2023-03-12,3,2
148248,6603,479,2023-02-02,1,0
148249,6097,133,2023-08-06,1,2
148255,3073,598,2023-03-02,4,5
148266,2158,562,2023-07-05,3,0
148270,5965,589,2023-10-11,3,2
148271,7237,185,2023-08-11,1,5
148276,8287,222,2023-03-02,1,2
148285,4041,141,2023-07-04,3,0
148299,5378,377,2023-12-05,4,10
148310,1551,534,2023-09-02,1,0
148313,2150,416,2023-03-11,1,10
148315,8674,534,2023-07-04,1,2
148319,9772,508,2023-09-06,1,5
148329,3247,155,2023-11-12,2,15
148335,5058,391,2023-10-02,3,10
148340,9085,217,2023-03-09,1,2
148342,1531,568,2023-11-10,2,0
148347,5138,309,2023-08-07,4,0
148358,145,208,2023-08-06,2,5
148365,1179,396,2023-03-12,1,20
148376,8225,327,2023-09-09,1,10
148378,6345,295,2023-07-03,3,10
148427,1198,410,2023-09-05,1,5
148454,3684,227,2023-03-06,3,15
148457,9310,496,2023-04-12,1,10
148483,9943,396,2023-01-03,3,0
148489,6634,295,2023-03-10,1,0
148492,156,219,2023-10-07,2,0
148493,2450,521,2023-01-08,1,0
148494,4946,292,2023-04-03,4,10
148498,1950,563,2023-12-04,3,0
148509,3935,450,2023-06-06,1,0
148511,8228,259,2023-10-02,1,15
148512,6349,207,2023-06-01,1,2
148519,5681,254,2023-01-12,2,0
148523,3829,214,2023-11-08,2,0
148528,5986,270,2023-09-09,1,0
148531,9789,431,2023-03-12,3,5
148533,1592,169,2023-11-04,1,0
148544,6739,420,2023-11-01,1,2
148545,2205,408,2023-09-01,4,0
148556,8922,382,2023-02-03,2,0
148570,7880,357,2023-06-06,1,10
148574,2158,110,2023-01-10,1,10
148583,3684,216,2023-01-04,4,2
148592,3927,591,2023-08-10,1,15
148599,5475,473,2023-02-07,1,5
148603,976,103,2023-02-02,1,0
148605,8435,505,2023-10-01,2,0
148634,308,288,2023-10-11,5,10
148636,6872,557,2023-11-01,1,0
148645,2012,156,2023-09-09,3,5
148652,7048,431,2023-06-09,2,0
148660,4843,227,2023-10-01,1,2
148661,8752,522,2023-03-02,1,0
148662,9519,234,2023-01-04,2,5
148663,2261,280,2023-07-11,1,0
148680,256,245,2023-10-03,1,0
148683,661,590,2023-08-01,2,0
148692,5276,302,2023-02-03,4,0
148698,8447,208,2023-10-07,2,0
148705,3670,417,2023-12-09,2,0
148710,3928,548,2023-12-02,2,0
148719,8045,185,2023-06-05,4,15
148724,5140,109,2023-08-04,2,2
148732,8722,194,2023-07-03,2,0
148733,396,316,2023-06-06,1,15
148734,6685,412,2023-01-10,1,15
148746,7962,247,2023-09-04,1,2
148749,9120,479,2023-12-12,1,15
148755,8032,362,2023-01-11,5,0
148758,2909,453,2023-06-09,1,0
148759,1107,236,2023-01-06,3,0
148760,1891,150,2023-12-04,4,2
148764,401,229,2023-03-01,1,2
148765,9215,471,2023-11-06,1,0
148766,930,408,2023-04-10,1,10
148767,9275,520,2023-03-12,3,0
148785,1505,328,2023-01-07,3,10
148788,3840,552,2023-01-01,1,5
148793,215,267,2023-04-06,2,0
148797,5407,283,2023-01-09,1,0
148815,1974,589,2023-03-06,1,5
148818,9780,416,2023-10-11,1,0
148834,3544,493,2023-10-11,1,2
148841,7298,252,2023-05-09,2,0
148854,2779,295,2023-09-07,2,0
148857,7291,206,2023-12-05,1,0
148860,1039,541,2023-04-07,2,0
148863,4676,273,2023-12-05,1,5
148881,2421,117,2023-07-03,3,5
148882,6122,102,2023-09-09,1,0
148896,2106,560,2023-06-04,1,0
148911,5345,278,2023-06-10,1,0
148920,7712,397,2023-09-08,2,0
148936,5391,167,2023-09-11,2,0
148950,6690,223,2023-03-07,1,2
148964,6126,312,2023-05-05,5,10
148965,2577,525,2023-04-02,2,0
148970,2142,524,2023-06-05,2,0
148980,5402,448,2023-09-09,1,10
148982,7895,510,2023-11-11,3,0
148985,8853,488,2023-04-06,1,0
148998,7729,286,2023-03-09,1,5
149019,5935,205,2023-06-02,5,2
149021,7558,192,2023-10-09,1,0
149046,5964,357,2023-08-04,3,0
149049,5632,139,2023-03-12,1,0
149051,6046,243,2023-05-03,1,0
149053,1007,425,2023-01-08,5,2
149060,1707,324,2023-05-09,2,0
149069,9064,270,2023-01-01,2,2
149073,8774,565,2023-01-04,1,5
149075,3928,464,2023-09-07,1,0
149079,8681,116,2023-06-11,1,5
149083,5913,297,2023-03-03,2,0
149088,4841,345,2023-10-03,5,5
149089,647,596,2023-02-07,1,2
149100,6686,422,2023-05-12,2,0
149102,7002,289,2023-06-04,3,0
149147,2901,504,2023-04-01,1,0
149157,4507,143,2023-10-09,1,0
149161,7104,275,2023-10-06,3,0
149163,9110,288,2023-12-03,2,0
149165,1606,181,2023-09-06,1,15
149166,6586,511,2023-05-07,3,2
149167,5747,478,2023-05-08,1,0
149179,3397,215,2023-11-06,3,0
149183,9557,163,2023-01-08,1,10
149185,57,103,2023-06-04,5,0
149194,7820,259,2023-08-10,1,0
149199,2789,174,2023-06-10,1,20
149203,1065,238,2023-03-12,2,20
149216,7269,195,2023-11-03,3,0
149221,9021,390,2023-06-12,1,2
149223,2578,516,2023-10-03,4,0
149229,4261,254,2023-05-09,1,0
149230,773,168,2023-10-08,1,20
149235,3445,354,2023-10-11,3,15
149239,843,473,2023-10-06,1,0
149241,1435,412,2023-12-11,1,10
149248,4164,381,2023-06-01,2,0
149254,9213,575,2023-04-12,1,0
149269,9354,448,2023-04-11,5,0
149287,4434,122,2023-09-02,2,5
149294,7620,540,2023-03-10,1,10
149295,3337,336,2023-11-12,1,5
149317,9838,363,2023-01-11,1,0
149321,5014,426,2023-06-08,2,2
149333,7531,133,2023-07-06,3,0
149337,166,481,2023-03-09,3,0
149345,5130,233,2023-01-02,2,0
149351,7992,370,2023-08-03,3,2
149357,6148,575,2023-10-01,2,5
149360,2553,140,2023-03-11,1,5
149369,8240,321,2023-02-04,3,0
149379,1903,204,2023-05-05,3,0
149381,2995,153,2023-10-09,1,0
149392,52,561,2023-11-01,2,10
149393,8576,572,2023-10-09,1,5
149400,779,163,2023-07-11,1,2
149420,6879,360,2023-04-05,2,2
149421,706,186,2023-09-09,1,5
149432,4233,471,2023-05-07,1,0
149440,6982,155,2023-04-05,1,2
149454,5965,423,2023-11-03,2,5
149456,5742,534,2023-12-11,1,0
149459,6595,238,2023-10-01,2,0
149461,6400,207,2023-09-05,2,2
149465,4250,563,2023-04-07,4,5
149475,5189,466,2023-02-06,1,0
149477,8284,204,2023-07-11,3,0
149480,6832,216,2023-04-12,1,2
149489,5449,566,2023-06-11,1,10
149495,5772,467,2023-06-09,3,0
149496,5732,349,2023-01-07,3,10
149505,3108,404,2023-11-08,2,0
149508,4983,197,2023-04-07,2,0
149517,8659,562,2023-12-05,1,0
149522,3557,396,2023-03-02,1,15
149525,4034,495,2023-11-06,2,0
149527,8032,599,2023-01-10,1,0
149536,9793,224,2023-02-03,1,10
149540,5571,228,2023-08-05,4,2
149546,397,355,2023-11-07,3,10
149557,2873,358,2023-04-10,3,0
149572,9934,157,2023-01-03,1,0
149582,9807,536,2023-04-08,3,0
149583,2653,443,2023-12-05,1,0
149588,6320,306,2023-09-06,4,0
149589,9859,523,2023-02-01,1,0
149595,7378,176,2023-12-05,3,0
149596,5248,317,2023-12-01,1,0
149598,2819,581,2023-05-04,3,0
149599,1358,104,2023-02-10,3,10
149601,5930,305,2023-08-11,2,10
149608,6787,481,2023-09-11,3,5
149617,4048,544,2023-08-09,1,2
149626,1250,261,2023-06-04,2,0
149648,7904,328,2023-02-12,1,0
149667,3697,379,2023-01-07,3,2
149669,9200,274,2023-04-12,1,0
149677,6116,146,2023-01-12,1,0
149681,9620,124,2023-02-05,1,10
149683,7861,232,2023-02-03,3,5
149689,3603,405,2023-08-03,1,0
149690,3636,201,2023-08-09,2,5
149691,6600,118,2023-04-08,4,5
149718,5964,429,2023-02-10,1,0
149727,4401,275,2023-01-04,1,0
149729,9381,519,2023-10-10,5,2
149751,6791,468,2023-06-09,3,0
149752,4811,102,2023-09-04,2,0
149757,5751,174,2023-12-08,3,2
149760,1760,515,2023-10-08,1,0
149763,1928,406,2023-05-04,2,15
149768,1375,442,2023-12-06,3,5
149774,5473,519,2023-12-02,3,0
149790,6736,203,2023-07-02,2,5
149797,7885,221,2023-01-03,1,2
149802,6368,590,2023-01-02,2,10
149814,1231,443,2023-11-04,1,0
149826,6075,272,2023-05-01,3,0
149827,3828,109,2023-04-10,2,0
149831,5102,506,2023-06-02,1,2
149836,5730,404,2023-06-03,5,15
149839,9950,233,2023-05-03,1,2
149849,4476,180,2023-07-08,2,2
149857,6292,313,2023-11-12,1,0
149862,3783,349,2023-06-07,3,0
149876,5287,416,2023-04-10,3,0
149878,1453,493,2023-04-04,1,0
149880,8912,128,2023-10-03,3,0
149883,9446,585,2023-03-03,1,5
149885,1701,187,2023-02-11,1,0
149898,9079,587,2023-12-01,1,0
149899,1769,210,2023-06-07,1,0
149909,1551,464,2023-08-04,2,5
149910,4881,284,2023-06-12,1,0
149912,2749,492,2023-08-07,3,5
149915,6231,302,2023-06-05,1,10
149923,4370,147,2023-09-07,2,0
149929,3110,570,2023-11-10,2,0
149933,2013,364,2023-04-10,1,0
149938,4248,109,2023-09-08,2,10
149953,7517,459,2023-10-12,2,5
149958,2848,524,2023-09-06,2,0
149977,7507,364,2023-12-05,1,0
149981,6473,385,2023-03-04,3,2
149985,8652,321,2023-01-05,3,15
149991,1963,352,2023-11-09,2,2
150008,297,477,2023-12-04,1,2
150016,4426,281,2023-02-12,1,10
150018,2005,110,2023-03-02,1,0
150020,4168,324,2023-03-06,1,5
150024,1363,581,2023-03-02,1,0
150038,736,414,2023-03-12,3,5
150049,9203,330,2023-03-03,1,0
150051,6464,306,2023-01-02,2,0
150054,7755,566,2023-10-01,3,0
150056,6570,532,2023-12-05,1,0
150067,9233,531,2023-02-08,1,15
150074,9695,402,2023-10-07,2,2
150076,4910,487,2023-06-04,1,0
150081,4726,498,2023-05-09,2,15
150082,7757,127,2023-05-05,1,0
150087,4196,320,2023-10-09,1,15
150101,120,180,2023-11-10,1,10
150103,9663,266,2023-01-07,1,0
150112,5205,345,2023-03-02,1,0
150116,5146,483,2023-05-03,1,5
150130,5813,288,2023-09-08,1,5
150142,9,367,2023-01-06,4,2
150150,2388,346,2023-09-03,1,0
150151,3823,579,2023-09-11,2,0
150158,5002,242,2023-09-03,1,0
150164,5501,257,2023-10-04,1,0
150175,8824,183,2023-06-05,3,0
150179,9086,226,2023-12-06,2,2
150185,9925,189,2023-05-05,2,0
150186,7007,165,2023-11-09,3,5
150193,7024,407,2023-02-09,3,5
150196,259,542,2023-06-11,1,5
150202,9599,269,2023-12-09,2,2
150217,7072,224,2023-09-10,1,2
150223,6862,412,2023-09-08,2,5
150224,4276,171,2023-07-05,1,0
150226,1381,531,2023-11-10,1,2
150243,6405,404,2023-08-04,2,5
150253,6851,154,2023-07-12,1,0
150259,4961,341,2023-01-12,5,5
150268,793,563,2023-07-11,1,5
150269,9579,369,2023-07-12,3,2
150279,6507,589,2023-10-08,2,0
150281,3622,370,2023-11-07,1,0
150296,1334,355,2023-12-12,1,10
150303,9645,340,2023-09-07,1,0
150304,7405,440,2023-01-10,5,0
150313,5932,140,2023-01-10,2,0
150320,4872,476,2023-01-08,1,0
150330,6837,283,2023-06-01,1,5
150334,9595,494,2023-08-05,3,10
150360,1911,464,2023-11-02,1,0
150371,5232,303,2023-06-09,1,5
150387,9772,479,2023-12-07,3,10
150394,3206,566,2023-04-01,1,0
150396,8665,448,2023-12-10,2,0
150397,2997,562,2023-06-03,1,5
150402,5476,141,2023-11-09,2,0
150405,9070,127,2023-06-09,1,5
150407,2969,537,2023-04-12,4,0
150413,4804,600,2023-11-06,1,0
150417,4266,405,2023-02-03,1,0
150423,1973,192,2023-01-03,1,0
150424,6588,282,2023-11-08,3,0
150441,259,183,2023-10-10,1,0
150442,4841,161,2023-08-02,3,0
150457,4902,505,2023-10-02,3,15
150461,7638,366,2023-06-09,1,0
150466,2232,209,2023-12-04,1,2
150471,6165,385,2023-11-05,3,0
150480,878,506,2023-05-07,1,10
150503,5620,570,2023-01-09,1,2
150514,9665,180,2023-10-03,4,0
150522,221,462,2023-12-08,1,15
150528,2684,577,2023-11-10,3,5
150530,829,288,2023-10-06,2,2
150554,6531,538,2023-07-09,2,0
150558,4955,161,2023-03-10,2,5
150561,1361,467,2023-02-09,3,2
150567,598,157,2023-10-05,1,10
150590,2148,282,2023-03-05,3,5
150592,9004,425,2023-06-09,1,2
150599,8405,171,2023-02-09,1,10
150601,5155,261,2023-01-07,1,15
150610,1793,486,2023-04-04,1,0
150611,1928,388,2023-05-02,1,0
150616,2539,521,2023-04-07,1,2
150619,6480,449,2023-12-06,1,0
150627,5858,447,2023-02-08,3,0
150631,5983,541,2023-01-08,3,0
150647,1121,578,2023-07-01,1,0
150649,5231,577,2023-10-10,2,0
150653,7141,561,2023-07-03,1,0
150660,5857,206,2023-01-10,2,2
150667,428,106,2023-03-08,1,0
150678,631,314,2023-05-12,1,0
150685,6942,355,2023-09-09,2,0
150691,7858,292,2023-05-09,4,10
150699,6345,261,2023-01-12,1,0
150704,4835,436,2023-03-08,3,2
150705,2979,473,2023-01-10,1,10
150725,5449,341,2023-10-06,1,2
150729,9828,397,2023-01-05,1,0
150735,7699,483,2023-10-05,1,2
150736,3287,356,2023-08-04,1,5
150738,634,387,2023-04-12,1,5
150756,3069,482,2023-06-12,1,0
150765,3691,423,2023-11-06,4,2
150782,9647,466,2023-01-11,1,15
150788,8882,115,2023-02-05,3,5
150807,6068,376,2023-06-09,2,0
150813,7457,307,2023-12-05,1,0
150817,9505,385,2023-08-06,4,0
150826,1102,225,2023-03-03,1,5
150829,2192,434,2023-03-05,1,2
150831,4897,103,2023-10-08,2,0
150843,3270,470,2023-12-07,3,0
150850,7396,137,2023-11-10,3,2
150853,9477,157,2023-11-06,3,0
150858,4477,273,2023-11-04,2,0
150870,6758,375,2023-10-03,1,0
150874,647,309,2023-06-11,3,5
150881,2113,251,2023-11-06,1,0
150887,8089,570,2023-10-10,3,2
150889,1746,216,2023-08-06,1,0
150896,6575,185,2023-05-09,1,10
150905,7956,284,2023-09-11,4,0
150912,7531,399,2023-01-12,3,0
150924,9120,113,2023-07-03,1,0
150929,374,420,2023-05-05,1,10
150932,2385,418,2023-06-03,5,0
150939,4893,125,2023-11-07,1,2
150942,9819,162,2023-07-09,3,0
150957,7369,345,2023-01-10,3,10
150958,9904,359,2023-12-09,1,0
150963,4897,186,2023-08-02,3,2
150964,9663,132,2023-11-07,3,2
150973,5633,574,2023-01-08,2,0
150975,6030,207,2023-12-02,2,0
150990,3153,179,2023-11-07,4,0
150992,1235,585,2023-10-04,3,5
151001,1974,546,2023-02-12,2,0
151010,9450,422,2023-11-01,2,0
151011,4393,318,2023-06-12,4,0
151025,4381,454,2023-07-11,1,0
151027,9994,178,2023-01-06,1,0
151031,4840,179,2023-09-08,1,0
151041,2982,257,2023-11-04,1,10
151048,7144,314,2023-10-02,1,2
151052,9349,449,2023-06-05,1,5
151058,5415,225,2023-01-10,1,0
151066,9181,316,2023-12-07,1,0
151067,6320,265,2023-05-09,3,10
151083,890,435,2023-11-05,3,0
151094,8278,109,2023-06-09,1,5
151103,4370,370,2023-09-03,1,5
151125,5202,178,2023-07-02,2,10
151126,5349,489,2023-05-01,1,5
151131,9738,125,2023-08-08,2,0
151140,3514,329,2023-11-12,1,2
151145,1234,349,2023-11-07,1,0
151146,9065,546,2023-04-08,2,5
151147,8873,425,2023-05-01,4,10
151154,8108,278,2023-08-12,1,5
151161,6816,313,2023-02-06,3,5
151164,7757,353,2023-10-10,1,0
151167,2766,471,2023-04-02,5,0
151174,6153,276,2023-11-06,1,0
151187,7632,553,2023-11-11,5,5
151192,2299,403,2023-09-10,3,0
151195,8612,185,2023-06-10,1,0
151196,6509,461,2023-04-07,2,5
151204,2909,388,2023-07-04,1,5
151213,428,514,2023-07-10,5,0
151220,690,536,2023-01-01,2,0
151238,3340,227,2023-01-12,2,0
151248,6900,408,2023-06-02,3,5
151260,3169,383,2023-05-08,3,10
151262,446,260,2023-03-01,2,0
151268,8388,114,2023-11-12,5,5
151278,5337,390,2023-08-09,2,2
151281,1985,289,2023-04-07,1,5
151282,5000,350,2023-01-05,5,0
151286,1546,185,2023-08-12,2,0
151312,9224,230,2023-12-10,3,2
151323,5589,127,2023-12-01,4,2
151339,1110,167,2023-06-07,3,2
151351,6626,579,2023-12-06,3,5
151352,5504,377,2023-06-06,1,0
151358,1013,534,2023-10-01,1,0
151359,9719,317,2023-11-12,1,0
151372,1771,140,2023-04-02,1,0
151379,1498,221,2023-11-10,1,0
151388,3729,385,2023-03-11,3,0
151401,9297,420,2023-11-08,4,0
151410,1634,360,2023-01-12,2,0
151415,3935,288,2023-07-08,1,2
151421,6683,582,2023-09-04,2,2
151426,1828,131,2023-12-07,3,0
151430,4727,590,2023-07-05,2,5
151434,6906,500,2023-05-05,3,10
151440,5274,340,2023-03-03,5,0
151458,6079,373,2023-06-07,4,0
151463,9416,464,2023-08-12,2,10
151464,5483,281,2023-08-01,1,0
151470,2424,268,2023-02-08,2,0
151478,4827,587,2023-10-04,3,10
151482,6739,498,2023-10-09,2,0
151485,662,284,2023-06-09,1,0
151491,6793,473,2023-12-05,2,5
151496,6178,550,2023-08-12,1,0
151505,5602,170,2023-04-08,1,0
151506,5629,343,2023-04-07,2,0
151523,8722,554,2023-01-07,2,0
151530,3134,218,2023-05-12,2,10
151534,8332,136,2023-05-09,1,5
151540,8584,566,2023-01-04,2,0
151544,1239,413,2023-07-06,4,0
151549,7490,362,2023-07-01,2,0
151550,7654,189,2023-07-06,4,10
151554,4688,319,2023-05-06,1,5
151555,6464,157,2023-11-05,2,5
151560,3349,481,2023-05-04,1,10
151571,3834,463,2023-12-05,1,0
151600,8728,426,2023-10-03,1,0
151602,3066,569,2023-09-05,1,0
151603,7440,481,2023-06-06,2,10
151617,9087,516,2023-09-06,1,0
151626,6705,401,2023-10-07,2,0
151627,8690,138,2023-10-05,2,10
151629,2243,520,2023-02-03,1,0
151637,5182,587,2023-10-03,1,5
151642,5486,253,2023-07-10,1,0
151645,6840,579,2023-10-04,2,2
151657,2244,188,2023-05-12,5,0
151661,8758,422,2023-09-11,3,10
151670,5093,584,2023-06-07,2,0
151682,756,301,2023-03-07,3,5
151688,4733,191,2023-09-07,1,5
151690,9386,485,2023-06-08,1,0
151696,9260,106,2023-05-02,3,0
151702,6948,434,2023-03-07,3,0
151715,6972,347,2023-10-11,1,2
151721,3719,210,2023-12-09,2,0
151725,2979,434,2023-11-02,4,0
151727,142,428,2023-03-03,5,0
151750,4116,424,2023-10-10,2,5
151752,7007,287,2023-07-07,1,10
151756,6231,509,2023-02-06,1,0
151766,8497,243,2023-02-12,4,10
151781,1213,310,2023-04-06,2,2
151791,8918,247,2023-02-10,1,0
151804,1794,519,2023-06-05,2,0
151805,6542,280,2023-03-09,1,10
151808,7440,372,2023-05-08,1,0
151835,9856,302,2023-03-03,1,0
151845,3461,267,2023-02-05,1,10
151852,381,235,2023-12-03,2,10
151863,7283,145,2023-02-12,3,0
151868,5882,570,2023-04-01,1,0
151881,6929,300,2023-12-08,2,0
151891,410,296,2023-01-09,5,0
151895,9811,547,2023-07-01,2,10
151900,6770,359,2023-12-01,2,2
151904,5418,309,2023-04-04,3,10
151918,6958,371,2023-11-02,3,0
151921,1140,569,2023-04-05,2,0
151927,1687,596,2023-10-11,2,10
151932,5249,315,2023-02-05,1,15
151945,2802,251,2023-03-01,1,2
151959,2936,224,2023-05-12,1,0
151968,5909,103,2023-07-05,1,5
151972,7967,586,2023-12-01,5,5
151975,7528,167,2023-11-02,2,10
151982,4618,123,2023-05-07,1,2
151983,7938,338,2023-01-02,4,0
151984,3959,158,2023-09-02,3,0
151987,3419,399,2023-02-05,2,0
151994,5111,267,2023-02-06,3,2
152000,957,425,2023-02-08,3,15
152012,6258,221,2023-03-12,3,0
152015,2796,513,2023-03-04,2,15
152017,9950,455,2023-04-05,3,5
152019,7719,280,2023-07-04,2,0
152022,7249,380,2023-12-05,1,0
152023,7861,381,2023-07-07,2,5
152025,5856,272,2023-02-06,1,0
152033,7485,163,2023-04-03,5,15
152035,1793,221,2023-03-06,2,2
152036,1454,255,2023-09-12,2,0
152037,8368,121,2023-09-04,2,2
152044,1198,515,2023-09-03,1,2
152046,3085,111,2023-04-01,3,0
152050,4098,600,2023-03-10,1,5
152051,3484,101,2023-11-04,1,0
152056,8000,248,2023-12-11,1,5
152057,2674,417,2023-10-09,1,15
152059,1855,189,2023-06-10,1,0
152060,3182,443,2023-06-05,1,0
152068,1077,347,2023-05-08,1,10
152082,4704,347,2023-10-02,3,15
152090,7967,569,2023-03-05,2,0
152092,9333,411,2023-02-07,2,0
152095,5649,127,2023-06-08,1,0
152097,6780,368,2023-05-05,1,10
152102,539,376,2023-09-02,1,0
152103,1698,137,2023-06-09,3,0
152109,8972,342,2023-06-04,1,2
152112,2864,127,2023-12-01,2,0
152116,7938,521,2023-12-12,2,5
152132,3076,237,2023-11-07,1,2
152158,6907,258,2023-01-06,2,15
152172,5757,303,2023-06-03,1,0
152176,9462,400,2023-07-01,1,0
152177,7956,435,2023-02-08,1,0
152178,9200,248,2023-11-02,1,0
152194,8077,557,2023-06-01,1,0
152199,3048,514,2023-10-06,1,15
152200,7281,240,2023-08-02,3,0
152202,9138,213,2023-05-04,1,2
152203,4047,291,2023-04-10,1,2
152216,2673,556,2023-08-09,2,10
152218,5451,446,2023-12-10,2,0
152243,3967,362,2023-01-04,3,2
152244,7755,513,2023-01-06,2,0
152245,1349,260,2023-03-12,2,0
152246,9367,322,2023-12-08,1,2
152251,7084,407,2023-05-01,1,0
152259,221,589,2023-08-09,3,2
152273,4220,331,2023-05-08,2,0
152282,5863,584,2023-08-08,1,0
152296,2573,485,2023-06-07,4,10
152308,3093,561,2023-08-05,2,5
152315,3327,566,2023-03-09,1,5
152316,1505,216,2023-08-09,2,0
152323,9025,408,2023-06-12,2,5
152326,3697,244,2023-03-01,1,2
152331,5821,182,2023-01-04,2,0
152334,4539,386,2023-05-05,2,2
152338,8867,330,2023-08-04,2,0
152340,8382,151,2023-04-01,1,10
152345,4935,461,2023-02-12,2,0
152348,9975,512,2023-04-11,3,0
152356,3362,180,2023-11-10,2,0
152362,3324,312,2023-08-01,3,0
152365,9813,431,2023-08-10,1,10
152366,3558,131,2023-04-10,2,0
152368,2249,143,2023-06-10,1,0
152380,5391,135,2023-05-10,4,0
152389,7701,466,2023-08-04,3,0
152390,3246,179,2023-04-06,1,0
152395,8540,314,2023-03-12,5,10
152397,5501,302,2023-08-04,1,0
152400,5004,440,2023-05-02,1,5
152417,9893,553,2023-03-03,4,0
152418,689,203,2023-08-05,3,0
152421,6584,337,2023-04-04,3,5
152438,6849,157,2023-08-05,1,2
152445,169,582,2023-05-11,1,0
152447,9640,276,2023-08-11,2,0
152455,8042,219,2023-06-11,2,2
152461,8263,301,2023-10-02,3,0
152464,5742,372,2023-02-09,3,10
152472,1494,192,2023-05-02,1,0
152476,969,368,2023-10-10,1,0
152478,1001,295,2023-04-09,3,0
152480,8159,275,2023-04-04,1,0
152494,5518,394,2023-11-11,2,0
152501,8135,474,2023-12-11,4,5
152504,3654,501,2023-09-03,4,0
152505,1836,153,2023-05-05,2,0
152512,8794,401,2023-08-06,1,10
152515,1745,254,2023-12-05,3,0
152527,2297,303,2023-08-10,1,0
152530,2346,446,2023-12-10,1,0
152532,4733,359,2023-06-01,3,0
152534,920,276,2023-08-06,2,0
152538,4679,487,2023-06-07,1,0
152540,2473,528,2023-02-05,2,2
152541,5656,370,2023-07-07,2,0
152546,4110,113,2023-01-06,3,2
152549,9860,417,2023-05-04,2,2
152569,7857,235,2023-01-03,1,0
152581,8112,299,2023-01-12,5,0
152584,8617,323,2023-09-09,4,0
152590,7294,344,2023-11-12,1,10
152597,7721,593,2023-07-09,4,2
152599,3787,533,2023-11-07,1,0
152605,9856,562,2023-10-09,1,0
152610,8462,305,2023-05-12,4,10
152614,1020,275,2023-04-11,3,5
152621,7048,183,2023-12-11,1,5
152627,8213,234,2023-01-02,1,0
152633,4420,174,2023-08-01,3,2
152634,3136,542,2023-12-06,4,5
152651,6722,438,2023-11-09,4,0
152652,1985,269,2023-12-12,1,0
152660,8264,593,2023-10-06,3,2
152665,539,554,2023-08-03,1,0
152670,4272,582,2023-03-02,1,15
152672,5159,417,2023-10-10,1,10
152686,8915,260,2023-05-08,1,5
152696,7606,328,2023-03-02,1,0
152703,1166,523,2023-07-04,1,2
152708,5111,496,2023-08-11,3,5
152710,7436,297,2023-03-09,1,0
152744,8282,411,2023-02-12,2,0
152746,1612,229,2023-10-09,1,0
152750,5463,539,2023-03-12,4,2
152793,7893,211,2023-08-02,1,20
152794,696,491,2023-02-12,3,0
152795,2856,175,2023-08-01,1,10
152805,7002,191,2023-08-08,1,5
152825,9357,569,2023-08-07,2,0
152845,5798,248,2023-03-02,1,0
152847,3324,120,2023-03-05,1,10
152855,330,553,2023-08-11,1,0
152868,7141,114,2023-09-03,4,5
152876,5555,245,2023-05-02,2,0
152878,4766,269,2023-03-09,4,0
152879,1790,371,2023-07-09,1,2
152883,2397,163,2023-03-10,1,20
152884,6343,143,2023-07-04,1,0
152907,8190,246,2023-02-01,1,0
152915,4337,245,2023-08-07,2,10
152918,410,391,2023-03-08,1,10
152919,9477,299,2023-06-04,2,0
152920,6847,259,2023-11-06,1,10
152925,7425,335,2023-01-06,4,0
152941,6234,346,2023-07-06,4,0
152943,9432,315,2023-11-08,4,2
152945,823,466,2023-06-03,1,0
152952,7365,253,2023-02-08,2,0
152959,517,317,2023-11-10,1,0
152960,4324,535,2023-03-03,2,0
152970,3303,345,2023-07-12,1,0
152975,7457,229,2023-08-03,2,10
152989,4076,438,2023-11-03,3,0
152998,7748,449,2023-11-07,3,5
153000,544,514,2023-01-05,3,2
153001,2872,579,2023-07-06,1,0
153002,289,414,2023-11-01,1,0
153009,7022,398,2023-11-03,3,5
153010,9288,530,2023-07-07,1,0
153011,10,287,2023-11-07,1,0
153019,391,279,2023-10-10,1,5
153023,5801,285,2023-08-03,3,20
153029,8691,574,2023-09-03,2,2
153035,5055,105,2023-11-10,2,0
153044,4271,562,2023-11-11,2,0
153047,5251,272,2023-03-02,1,5
153048,3923,548,2023-09-04,1,0
153051,161,392,2023-12-01,3,0
153063,9275,373,2023-01-10,1,0
153069,3641,239,2023-12-12,4,2
153070,771,382,2023-09-10,3,0
153071,289,249,2023-10-06,1,10
153080,9639,184,2023-03-04,2,0
153082,6512,250,2023-12-02,2,15
153083,3679,518,2023-08-11,4,10
153084,8593,350,2023-09-11,4,10
153085,1899,596,2023-12-08,1,5
153089,6712,271,2023-10-04,4,0
153096,8190,330,2023-05-05,2,2
153097,5252,596,2023-11-08,3,10
153098,1650,146,2023-10-05,1,15
153104,920,493,2023-08-02,1,0
153108,7291,302,2023-03-07,4,0
153110,6651,305,2023-01-07,1,0
153114,4732,458,2023-03-12,2,2
153126,6512,229,2023-09-07,2,5
153133,6442,126,2023-05-08,1,5
153134,518,460,2023-04-12,2,2
153138,4549,327,2023-09-11,5,15
153141,8335,322,2023-05-07,2,0
153153,3544,367,2023-10-09,3,0
153155,2136,438,2023-03-06,1,0
153157,5483,190,2023-12-03,2,0
153161,2145,469,2023-10-08,5,2
153182,7015,341,2023-08-03,3,20
153202,6403,114,2023-12-01,3,0
153204,6899,442,2023-01-04,1,0
153225,7295,441,2023-12-09,3,5
153228,5703,392,2023-06-05,2,0
153230,1966,370,2023-03-12,1,0
153237,9436,390,2023-08-03,1,0
153248,240,576,2023-11-05,1,0
153257,5992,509,2023-02-06,2,5
153259,5766,490,2023-06-10,2,0
153265,8084,563,2023-01-05,1,0
153274,4598,445,2023-07-09,1,0
153276,3102,395,2023-03-09,3,0
153287,6592,250,2023-08-09,3,0
153291,4873,132,2023-10-04,1,0
153292,5768,183,2023-01-08,2,5
153294,249,522,2023-02-07,1,0
153317,4584,519,2023-09-01,3,10
153324,5711,238,2023-09-01,1,0
153326,7951,222,2023-10-02,2,2
153327,8595,477,2023-09-03,3,0
153330,2440,334,2023-03-09,3,5
153342,2790,371,2023-03-02,1,15
153344,7401,342,2023-12-06,3,0
153350,2117,473,2023-03-06,1,0
153353,4719,388,2023-12-04,3,0
153354,5079,350,2023-01-05,1,0
153357,2022,230,2023-03-01,1,10
153360,2218,520,2023-10-12,1,0
153361,8239,309,2023-11-11,1,0
153363,8089,492,2023-10-01,1,0
153364,7823,200,2023-01-07,4,0
153365,8659,325,2023-03-05,3,5
153370,2751,151,2023-08-12,1,0
153375,9287,125,2023-07-08,4,5
153383,98,371,2023-07-10,4,5
153384,4891,579,2023-08-05,2,0
153401,1938,407,2023-05-10,2,5
153407,9893,109,2023-11-02,3,0
153416,6422,170,2023-01-12,1,0
153429,9560,275,2023-06-02,2,0
153434,9585,479,2023-03-06,5,5
153438,6532,248,2023-05-11,2,10
153444,2995,293,2023-11-10,1,2
153446,5338,254,2023-08-07,1,0
153448,5600,124,2023-10-12,2,0
153451,3737,526,2023-11-10,4,2
153459,706,161,2023-08-04,1,0
153460,6292,262,2023-10-09,2,15
153471,5065,497,2023-04-05,1,2
153488,2701,280,2023-02-03,2,2
153496,6575,583,2023-02-09,1,2
153497,5106,112,2023-11-05,1,0
153506,4278,376,2023-02-03,1,2
153507,4655,311,2023-12-10,3,0
153522,5986,197,2023-05-12,1,2
153527,4716,359,2023-10-08,2,10
153540,4303,421,2023-05-07,1,0
153562,6685,435,2023-11-01,3,2
153563,5839,143,2023-04-09,3,5
153568,925,311,2023-07-12,4,0
153572,2022,570,2023-02-02,1,0
153575,414,130,2023-08-12,4,0
153594,1794,266,2023-08-08,2,0
153602,4485,168,2023-11-04,5,10
153611,3213,211,2023-06-12,3,0
153614,7409,420,2023-08-05,4,10
153615,4582,328,2023-06-05,1,2
153616,8899,203,2023-07-12,4,0
153617,1850,542,2023-08-01,4,0
153630,8388,405,2023-06-08,1,10
153631,9745,336,2023-06-09,1,0
153635,5349,197,2023-11-10,1,0
153636,4066,477,2023-12-07,1,0
153651,7154,489,2023-10-10,5,0
153664,824,260,2023-08-07,1,0
153667,7667,598,2023-03-06,1,10
153678,7719,566,2023-07-01,1,5
153685,8396,157,2023-10-06,2,2
153688,6925,353,2023-03-12,1,0
153690,8069,302,2023-06-11,2,0
153694,9570,507,2023-12-05,1,0
153701,4589,330,2023-07-06,2,0
153706,6488,284,2023-03-08,2,10
153708,4873,266,2023-01-04,3,0
153713,7723,212,2023-07-12,3,0
153717,6907,440,2023-09-09,5,0
153722,3511,525,2023-05-08,1,0
153730,2539,123,2023-09-01,1,2
153734,4039,222,2023-01-01,1,0
153736,4410,108,2023-04-06,1,0
153741,8077,265,2023-09-08,2,15
153751,5385,428,2023-04-05,2,5
153754,297,464,2023-02-02,1,0
153771,9657,174,2023-12-12,1,0
153773,6028,128,2023-05-12,4,10
153775,4681,542,2023-06-07,1,15
153779,9521,183,2023-07-03,1,10
153791,3192,337,2023-09-11,1,0
153799,7008,144,2023-12-05,1,5
153800,4531,436,2023-05-11,3,0
153811,6480,514,2023-12-09,2,0
153817,6352,322,2023-10-07,1,0
153821,9988,554,2023-05-01,1,5
153828,5516,562,2023-11-02,2,0
153834,246,466,2023-05-04,2,5
153844,9020,363,2023-03-03,1,10
153866,3337,417,2023-03-09,1,0
153873,9087,261,2023-01-11,3,0
153875,8103,208,2023-04-02,2,0
153883,1395,375,2023-12-11,2,15
153898,8034,452,2023-06-08,2,0
153902,4608,192,2023-03-06,2,0
153904,5368,573,2023-03-04,1,0
153922,5621,102,2023-06-09,1,2
153924,1850,456,2023-07-04,2,5
153927,3471,357,2023-06-06,2,0
153936,5106,359,2023-05-02,1,0
153939,96,267,2023-04-02,1,2
153945,794,270,2023-05-07,1,0
153951,6914,585,2023-11-10,1,0
153962,8494,169,2023-02-09,1,2
153966,2467,343,2023-04-04,1,0
153972,9752,500,2023-05-05,4,5
153979,198,400,2023-10-11,4,2
153997,1661,301,2023-09-05,1,0
154013,2012,264,2023-03-11,4,5
154014,4114,593,2023-09-06,1,2
154022,674,526,2023-05-10,2,0
154033,679,235,2023-07-01,1,0
154046,4713,557,2023-07-07,3,0
154081,374,457,2023-09-10,4,20
154084,4270,284,2023-06-07,2,0
154089,4215,252,2023-05-01,1,0
154090,3357,380,2023-07-01,1,0
154091,7401,549,2023-06-05,1,2
154093,4146,482,2023-02-05,3,5
154100,5773,499,2023-12-04,1,0
154111,5154,249,2023-08-05,1,5
154115,1906,379,2023-10-12,1,0
154117,168,486,2023-11-10,1,5
154120,8066,280,2023-06-04,1,0
154122,9207,386,2023-09-04,2,5
154123,350,423,2023-10-08,1,0
154127,2899,345,2023-01-04,1,0
154131,1556,110,2023-06-06,2,0
154135,5795,421,2023-02-07,2,0
154144,6401,416,2023-08-02,3,0
154154,2701,195,2023-09-04,1,0
154155,4681,272,2023-04-12,2,0
154172,4804,102,2023-11-01,3,10
154177,9570,268,2023-02-11,1,0
154184,4661,130,2023-02-05,3,15
154187,2361,297,2023-09-09,2,5
154188,190,528,2023-11-10,1,0
154189,2338,396,2023-04-08,1,0
154198,6826,361,2023-06-02,1,0
154202,7926,244,2023-12-04,2,0
154205,2729,598,2023-09-11,1,0
154209,783,225,2023-11-11,5,0
154224,9838,480,2023-09-02,1,5
154229,5436,536,2023-03-10,5,0
154238,6334,197,2023-07-03,1,10
154242,6142,251,2023-04-07,4,5
154243,5964,573,2023-03-06,1,5
154258,2487,411,2023-10-10,3,10
154269,6083,460,2023-11-04,5,5
154277,2633,103,2023-03-05,2,10
154302,7918,169,2023-09-01,2,0
154312,9226,383,2023-10-08,1,10
154313,1323,142,2023-06-07,2,0
154319,3758,412,2023-08-07,1,0
154327,156,560,2023-04-11,1,10
154328,4390,210,2023-10-01,2,0
154332,6789,352,2023-08-07,4,0
154334,1767,379,2023-12-03,1,10
154336,606,125,2023-03-11,3,0
154340,1052,254,2023-04-03,1,0
154345,1039,546,2023-11-04,1,2
154349,3192,573,2023-05-08,1,0
154352,8367,244,2023-02-08,1,0
154364,7623,561,2023-06-06,1,0
154372,2414,204,2023-11-02,2,0
154384,3654,477,2023-10-11,4,10
154394,4535,525,2023-12-05,1,2
154416,5501,280,2023-07-03,1,0
154419,7605,302,2023-07-10,4,5
154422,4879,334,2023-12-09,1,0
154424,8759,157,2023-12-06,1,0
154428,5436,394,2023-08-06,1,0
154435,6970,440,2023-12-12,1,0
154442,7311,167,2023-01-03,4,0
154448,7933,237,2023-06-07,1,5
154451,5321,482,2023-04-04,2,0
154460,5002,522,2023-05-04,2,0
154471,2842,541,2023-01-09,2,0
154495,3627,192,2023-05-03,5,0
154503,2530,384,2023-01-08,1,0
154508,414,306,2023-02-10,1,5
154536,9788,218,2023-03-12,2,0
154541,825,345,2023-01-10,1,5
154546,7890,379,2023-10-07,1,0
154552,8367,367,2023-01-10,2,0
154574,7558,176,2023-05-09,3,0
154587,9258,133,2023-07-06,2,0
154590,2721,384,2023-09-06,1,2
154596,4218,150,2023-06-03,1,2
154597,7304,193,2023-06-12,3,0
154602,5807,104,2023-10-10,4,0
154607,456,426,2023-08-08,3,15
154608,6391,565,2023-01-03,2,2
154616,4382,544,2023-07-01,2,0
154629,6712,112,2023-02-11,1,0
154646,9288,536,2023-10-02,4,5
154647,5152,373,2023-01-05,3,0
154663,5273,370,2023-03-02,3,0
154672,5232,160,2023-10-11,4,0
154691,3006,279,2023-09-01,5,5
154696,3904,561,2023-03-07,1,0
154699,6476,352,2023-01-03,3,0
154709,2856,420,2023-05-05,3,0
154721,4243,188,2023-12-04,3,15
154731,944,135,2023-02-03,3,0
154739,5213,306,2023-08-11,3,0
154740,9211,265,2023-06-08,4,15
154758,8730,275,2023-02-08,3,20
154773,6432,120,2023-02-06,3,0
154781,2177,301,2023-05-10,2,10
154789,2796,453,2023-12-12,3,0
154793,6903,218,2023-09-06,3,2
154797,1938,386,2023-01-08,1,2
154799,5362,282,2023-12-02,2,0
154811,6400,240,2023-08-10,1,0
154821,889,330,2023-12-04,1,0
154827,9809,216,2023-04-12,4,5
154854,669,410,2023-04-12,5,0
154858,782,130,2023-06-05,5,0
154867,1650,304,2023-11-03,2,0
154869,4999,366,2023-06-04,4,5
154876,9023,210,2023-08-02,5,15
154877,9579,265,2023-10-05,3,0
154879,1154,500,2023-03-08,2,0
154886,9381,305,2023-10-08,1,5
154891,3087,390,2023-09-10,2,0
154895,8405,261,2023-09-04,3,0
154903,6626,475,2023-05-02,1,2
154910,1875,127,2023-11-08,4,0
154923,8869,399,2023-12-06,1,2
154929,773,154,2023-12-04,1,10
154930,5992,110,2023-01-09,2,20
154943,9496,313,2023-09-04,2,0
154944,5571,275,2023-01-03,1,0
154948,8730,476,2023-07-06,3,0
154951,4507,294,2023-04-12,3,0
154966,2192,431,2023-04-03,2,0
154970,8741,253,2023-03-02,1,0
154974,3917,496,2023-06-03,3,0
154981,1505,138,2023-03-12,4,0
154982,6122,481,2023-11-09,1,0
154993,9249,459,2023-03-07,2,0
155002,3316,501,2023-01-10,1,5
155012,4341,425,2023-04-12,1,15
155013,2490,378,2023-11-08,1,5
155019,4240,561,2023-02-10,1,0
155027,6650,185,2023-05-10,3,0
155030,5661,189,2023-06-10,2,0
155032,6925,106,2023-11-08,3,0
155043,1680,182,2023-01-10,4,0
155049,4531,217,2023-10-06,1,0
155055,4778,477,2023-10-08,1,0
155061,201,539,2023-05-11,1,2
155062,6826,548,2023-09-03,3,0
155071,2297,205,2023-09-06,1,2
155079,6063,391,2023-01-02,2,0
155080,9793,340,2023-12-07,2,0
155092,4507,198,2023-02-01,2,0
155096,7710,536,2023-01-09,2,5
155104,5818,508,2023-07-11,1,0
155105,9460,468,2023-06-02,2,5
155108,6207,368,2023-08-07,1,0
155109,1199,568,2023-12-11,2,0
155127,4199,264,2023-12-04,1,0
155128,2642,497,2023-08-09,1,2
155137,759,374,2023-11-01,3,0
155141,9273,405,2023-05-11,1,10
155143,8108,210,2023-05-03,1,15
155161,9243,466,2023-05-10,1,2
155171,4136,321,2023-08-09,3,0
155190,4944,553,2023-07-09,1,0
155195,5198,161,2023-01-09,2,5
155206,2853,416,2023-06-08,3,0
155208,3206,175,2023-08-07,4,0
155209,8591,220,2023-06-10,2,2
155211,2951,398,2023-01-06,1,0
155213,1180,241,2023-02-12,1,0
155216,5982,406,2023-02-10,1,0
155217,3255,289,2023-05-11,3,2
155219,2208,308,2023-11-04,1,0
155220,913,370,2023-06-03,1,10
155231,3406,487,2023-02-07,3,0
155232,7541,406,2023-05-01,3,0
155243,4549,568,2023-10-09,1,2
155244,5986,558,2023-03-02,1,5
155255,2665,380,2023-04-11,4,0
155257,6899,232,2023-10-01,1,5
155259,5917,238,2023-06-02,3,2
155262,7737,497,2023-03-01,2,0
155267,7396,103,2023-06-03,3,10
155270,1447,446,2023-09-02,2,15
155297,6252,106,2023-06-09,1,0
155307,7906,125,2023-02-02,2,10
155314,4621,169,2023-06-12,2,0
155321,1856,442,2023-04-04,1,2
155322,8433,374,2023-11-11,2,2
155336,6972,163,2023-01-02,1,0
155338,5160,221,2023-07-02,1,0
155345,2613,141,2023-03-02,1,0
155353,6681,525,2023-07-10,1,0
155365,270,503,2023-04-08,1,0
155381,9780,350,2023-06-01,5,2
155393,4382,541,2023-01-04,1,0
155395,2057,509,2023-03-01,2,2
155396,7318,229,2023-05-11,1,0
155398,6047,349,2023-11-11,2,0
155403,1999,243,2023-10-09,1,0
155408,2771,132,2023-08-07,1,0
155420,8200,332,2023-01-01,1,10
155427,1104,537,2023-08-07,1,0
155434,4786,284,2023-01-07,2,2
155439,3117,437,2023-07-07,2,2
155441,6352,155,2023-07-08,4,0
155442,1836,108,2023-02-04,1,0
155451,7387,439,2023-09-02,1,0
155452,2005,419,2023-06-07,2,0
155453,309,413,2023-10-11,1,0
155455,6397,291,2023-12-04,1,0
155475,2281,448,2023-06-07,1,15
155487,1426,515,2023-06-01,2,0
155488,1855,183,2023-03-02,1,10
155496,4950,356,2023-05-10,2,2
155504,7754,206,2023-06-03,1,0
155510,6851,448,2023-05-11,2,5
155529,9205,259,2023-02-06,1,0
155542,8190,144,2023-10-12,2,0
155545,441,202,2023-12-01,2,0
155549,8090,124,2023-01-09,2,0
155563,620,570,2023-10-02,2,2
155571,1939,101,2023-01-05,1,0
155574,6065,578,2023-03-11,2,5
155575,5623,404,2023-08-09,2,20
155587,1076,310,2023-05-08,4,10
155588,2602,306,2023-01-02,3,2
155595,3641,116,2023-08-02,4,5
155602,3440,513,2023-11-04,3,0
155619,5524,148,2023-10-11,4,10
155620,8280,243,2023-10-10,3,15
155622,1408,108,2023-03-07,4,2
155631,9487,568,2023-06-08,2,0
155637,9046,397,2023-11-11,3,10
155646,2666,252,2023-01-05,1,15
155665,1919,559,2023-03-11,1,0
155685,7335,103,2023-12-03,1,5
155708,1417,282,2023-01-04,1,5
155715,7770,581,2023-07-04,1,0
155718,9124,375,2023-10-11,3,0
155725,436,407,2023-01-12,2,0
155726,223,596,2023-05-11,2,5
155739,4642,185,2023-05-02,3,0
155742,7678,328,2023-05-01,2,0
155745,4058,167,2023-04-08,3,0
155750,3129,505,2023-12-09,1,0
155766,7304,333,2023-05-07,3,0
155774,4110,575,2023-09-05,2,0
155775,5960,102,2023-04-04,1,0
155798,8769,180,2023-05-01,5,0
155811,8465,307,2023-11-01,2,0
155815,2673,443,2023-03-10,1,2
155832,4413,233,2023-08-07,3,5
155833,6562,277,2023-06-09,2,10
155834,4890,140,2023-09-07,2,2
155843,9295,380,2023-03-07,1,10
155848,7956,154,2023-08-01,2,0
155860,2061,150,2023-02-02,1,0
155866,7125,271,2023-03-09,2,15
155871,553,285,2023-09-12,2,0
155881,5932,160,2023-05-04,1,0
155899,1645,220,2023-12-04,1,2
155932,5212,369,2023-06-02,1,0
155936,9151,385,2023-12-03,3,0
155951,1355,571,2023-03-11,5,5
155962,6071,128,2023-12-04,1,10
155964,4623,380,2023-10-01,4,15
155968,9560,321,2023-11-07,1,2
155971,4368,234,2023-12-04,5,2
155973,6952,324,2023-02-06,2,15
156000,2930,206,2023-02-03,1,0
156006,7402,418,2023-04-12,4,5
156009,9290,116,2023-12-09,2,0
156020,634,586,2023-12-12,2,0
156031,3684,175,2023-05-08,1,15
156040,5982,152,2023-09-11,1,10
156046,2282,336,2023-03-08,1,5
156051,2794,561,2023-05-09,1,0
156054,9807,167,2023-08-05,5,0
156071,4084,276,2023-07-06,4,2
156075,5037,230,2023-07-07,2,0
156095,3814,231,2023-08-02,1,0
156097,3144,154,2023-04-06,2,10
156099,1334,482,2023-07-11,4,2
156104,2864,570,2023-09-07,3,0
156112,3223,543,2023-03-04,2,5
156117,7890,561,2023-01-09,1,5
156118,2186,473,2023-04-06,3,0
156129,2899,380,2023-06-10,3,15
156131,5476,554,2023-07-01,1,0
156137,57,359,2023-11-08,3,5
156138,2095,280,2023-06-04,2,0
156140,2981,368,2023-02-02,1,2
156142,2487,401,2023-10-07,3,5
156144,425,460,2023-12-08,1,2
156158,4521,139,2023-08-03,2,10
156165,1266,315,2023-06-12,1,0
156173,5353,364,2023-03-07,1,10
156177,5564,260,2023-10-10,2,0
156194,9087,124,2023-03-03,1,0
156204,3499,259,2023-04-05,4,0
156206,3261,591,2023-10-01,3,5
156212,1278,357,2023-11-03,2,0
156214,976,434,2023-11-12,1,2
156216,5642,515,2023-06-06,4,10
156228,9846,536,2023-12-01,3,10
156236,4918,220,2023-08-04,1,2
156242,2311,421,2023-11-01,2,2
156267,1438,234,2023-05-07,4,0
156268,6651,155,2023-11-02,3,2
156269,8544,127,2023-12-01,1,2
156273,7017,388,2023-09-12,3,0
156274,5353,554,2023-06-07,1,0
156289,3935,368,2023-04-03,2,0
156290,5700,496,2023-08-01,2,2
156294,5935,597,2023-04-07,2,15
156297,5753,291,2023-09-11,3,0
156304,4959,426,2023-10-07,1,0
156333,3366,109,2023-03-12,3,0
156338,6047,292,2023-04-09,2,5
156342,8000,597,2023-05-11,2,0
156351,5977,204,2023-10-06,2,0
156354,5433,171,2023-04-09,1,20
156355,5055,504,2023-04-03,3,0
156370,8343,328,2023-02-11,5,0
156371,3104,421,2023-07-01,2,15
156373,6384,273,2023-06-09,1,10
156375,1395,341,2023-05-03,1,0
156383,8867,272,2023-10-12,1,0
156387,7534,529,2023-11-08,1,2
156407,7012,351,2023-01-09,2,0
156414,4899,485,2023-01-04,2,2
156421,9503,152,2023-10-09,2,0
156425,4397,104,2023-02-07,1,10
156429,5016,289,2023-01-11,2,10
156437,6940,146,2023-06-02,1,0
156443,2779,234,2023-01-11,1,0
156449,1709,599,2023-07-01,1,0
156450,4128,121,2023-03-03,2,0
156453,2346,163,2023-03-12,3,0
156482,2030,457,2023-02-02,1,10
156492,3834,482,2023-12-12,3,0
156498,6264,413,2023-11-01,1,0
156501,805,512,2023-02-04,1,0
156504,1061,275,2023-12-08,4,2
156547,8712,236,2023-06-04,1,0
156557,5766,551,2023-12-03,1,0
156575,5977,591,2023-12-04,1,2
156578,6473,478,2023-04-08,5,0
156582,9460,429,2023-12-08,1,0
156592,6793,543,2023-04-01,1,0
156596,2613,562,2023-11-05,1,0
156607,8835,418,2023-09-10,3,2
156614,4852,203,2023-03-04,2,0
156617,3558,546,2023-12-05,2,0
156621,9176,227,2023-03-01,1,5
156627,4971,569,2023-10-03,1,0
156629,6377,574,2023-04-07,3,0
156635,9284,566,2023-06-10,2,0
156638,3992,294,2023-08-03,1,0
156639,2279,198,2023-10-11,3,0
156644,5065,245,2023-10-02,5,2
156649,2399,144,2023-07-05,2,0
156653,5429,514,2023-11-09,1,0
156656,890,240,2023-01-01,1,0
156669,5475,226,2023-04-06,1,0
156671,116,405,2023-12-12,2,10
156678,3930,148,2023-08-12,2,15
156682,3913,135,2023-08-10,1,0
156685,1899,203,2023-04-08,1,0
156687,5729,287,2023-04-07,1,0
156702,2613,286,2023-02-12,4,0
156724,7290,465,2023-08-12,2,5
156731,1407,414,2023-07-10,4,0
156732,1156,549,2023-04-07,2,5
156738,4715,158,2023-04-02,1,5
156744,6897,179,2023-09-10,1,0
156746,956,215,2023-12-01,4,10
156749,2721,476,2023-06-09,2,0
156770,5963,272,2023-11-10,3,10
156777,8922,395,2023-03-09,2,0
156785,7938,215,2023-07-10,1,10
156787,7906,239,2023-05-07,1,10
156788,8636,247,2023-01-01,1,0
156790,1204,414,2023-02-05,1,2
156794,3746,183,2023-10-04,1,5
156797,3515,345,2023-09-04,1,0
156803,3104,382,2023-11-11,1,0
156838,5130,104,2023-07-10,3,0
156848,308,250,2023-10-10,3,2
156853,6282,224,2023-02-02,1,10
156857,4410,167,2023-07-02,4,0
156861,948,247,2023-09-06,2,2
156873,9708,425,2023-08-03,1,2
156877,6570,410,2023-07-06,2,10
156880,2345,314,2023-10-05,1,10
156884,8726,298,2023-02-08,3,0
156893,8258,450,2023-11-09,4,0
156896,5212,357,2023-03-04,2,2
156898,8103,401,2023-08-01,3,0
156908,9707,134,2023-03-06,1,0
156911,5218,452,2023-11-10,5,0
156914,6138,142,2023-04-12,1,0
156924,4231,531,2023-01-02,1,0
156925,2633,591,2023-01-10,1,2
156934,6683,393,2023-06-02,1,0
156938,5317,447,2023-05-06,2,0
156940,518,521,2023-11-07,1,0
156946,2796,316,2023-12-12,2,2
156950,136,413,2023-10-04,2,0
156955,6512,508,2023-02-06,2,2
156956,3565,281,2023-07-08,3,2
156983,4168,533,2023-02-02,5,0
156989,6762,104,2023-01-02,1,0
156991,4174,178,2023-02-07,3,0
156993,647,162,2023-02-08,2,10
156996,6177,143,2023-12-10,3,2
157011,8203,330,2023-12-06,4,0
157022,2124,351,2023-09-07,5,10
157027,2522,306,2023-10-04,3,2
157030,4568,309,2023-10-10,1,10
157043,5882,460,2023-10-03,2,0
157044,2281,517,2023-08-09,1,0
157046,7951,285,2023-06-02,4,0
157051,8780,273,2023-12-03,5,0
157052,1207,293,2023-04-04,3,0
157057,6681,151,2023-08-03,3,0
157071,3082,461,2023-08-01,1,0
157074,5516,117,2023-12-04,1,2
157090,7130,134,2023-03-01,5,0
157106,3461,210,2023-10-10,3,0
157115,4386,500,2023-06-12,1,0
157120,9124,539,2023-09-01,1,5
157123,425,341,2023-06-01,2,0
157143,6960,355,2023-07-07,2,0
157146,5961,444,2023-06-05,1,0
157157,1661,241,2023-04-05,3,0
157162,5267,117,2023-12-11,1,0
157168,5935,194,2023-01-01,3,0
157173,1243,380,2023-01-03,1,10
157186,7092,288,2023-04-06,4,5
157188,7737,448,2023-03-04,1,0
157194,7934,281,2023-06-10,4,2
157195,4053,518,2023-12-06,1,2
157196,9578,569,2023-03-05,4,5
157203,4684,199,2023-04-06,2,2
157204,2776,269,2023-01-07,1,15
157215,1167,249,2023-06-02,3,0
157236,2221,108,2023-12-11,2,5
157238,4850,351,2023-11-03,1,5
157247,1323,357,2023-03-05,1,0
157249,3534,341,2023-11-08,2,0
157253,9732,555,2023-08-06,1,0
157255,57,215,2023-11-04,2,0
157257,7079,520,2023-06-03,2,2
157259,3049,402,2023-04-07,1,15
157270,5540,253,2023-02-04,2,0
157274,551,394,2023-09-03,1,5
157284,2789,376,2023-01-04,1,0
157286,3193,224,2023-08-12,1,0
157288,9904,238,2023-01-09,1,5
157314,9866,230,2023-08-04,3,10
157322,2387,183,2023-11-09,2,2
157323,3493,381,2023-08-01,1,0
157327,803,124,2023-04-12,1,2
157331,7289,196,2023-03-05,3,0
157346,3066,283,2023-06-07,1,0
157347,803,549,2023-09-05,1,5
157351,2974,114,2023-12-04,3,0
157354,7697,188,2023-09-11,1,0
157363,2977,581,2023-01-06,2,0
157366,1138,155,2023-05-11,1,10
157367,348,526,2023-11-05,1,0
157369,1261,118,2023-01-09,4,0
157370,2487,436,2023-07-07,1,5
157373,2484,103,2023-01-02,4,0
157386,6791,477,2023-03-07,1,5
157394,1932,586,2023-05-08,4,10
157397,3622,396,2023-12-02,1,0
157418,1663,559,2023-11-04,2,5
157430,5499,355,2023-02-10,5,0
157445,5463,453,2023-09-04,3,0
157447,5475,184,2023-08-04,1,5
157461,3999,154,2023-03-07,1,5
157478,581,106,2023-06-08,1,10
157479,2264,459,2023-04-08,4,0
157487,7339,150,2023-06-12,4,0
157495,6937,374,2023-05-04,3,0
157496,4734,568,2023-03-10,2,0
157511,7887,250,2023-11-11,3,5
157518,8666,402,2023-09-11,3,0
157530,4978,309,2023-07-12,1,0
157531,1626,589,2023-05-04,3,0
157535,1988,277,2023-03-10,3,5
157538,4452,415,2023-02-04,1,0
157539,5330,182,2023-10-07,3,5
157542,8240,284,2023-01-03,1,5
157546,5226,341,2023-08-07,4,0
157553,1903,178,2023-07-12,4,2
157558,4525,393,2023-08-12,3,0
157560,3427,297,2023-03-09,2,15
157571,2704,405,2023-10-04,1,2
157580,8166,461,2023-10-09,2,0
157583,8125,134,2023-08-03,1,2
157588,7928,392,2023-08-09,3,2
157594,6075,215,2023-11-02,3,5
157605,4280,472,2023-09-01,2,2
157606,8102,313,2023-08-11,1,10
157611,926,569,2023-10-09,1,2
157612,793,275,2023-01-03,1,0
157619,5702,388,2023-05-06,2,15
157621,5992,575,2023-11-02,1,0
157639,5773,454,2023-09-02,1,20
157641,1953,159,2023-04-04,3,0
157642,3631,170,2023-02-07,1,0
157650,8202,453,2023-04-08,2,0
157651,580,114,2023-03-01,1,2
157655,342,561,2023-09-09,1,2
157660,9943,560,2023-04-05,1,0
157670,3895,550,2023-09-11,1,0
157680,7222,436,2023-11-06,4,0
157684,2318,577,2023-11-12,1,0
157689,606,579,2023-06-04,1,0
157695,5858,262,2023-09-06,2,0
157700,2224,180,2023-11-05,2,2
157702,3173,511,2023-07-09,1,0
157708,1928,274,2023-10-07,1,0
157719,2018,384,2023-05-02,1,10
157728,7602,453,2023-11-01,1,0
157729,6131,347,2023-03-12,1,0
157756,9759,447,2023-07-09,1,0
157759,5411,446,2023-08-02,1,0
157775,4589,455,2023-02-02,1,0
157783,6727,576,2023-06-04,4,5
157784,6231,520,2023-12-11,2,2
157795,6789,373,2023-03-03,1,0
157799,381,418,2023-05-01,4,0
157804,6661,310,2023-08-01,1,0
157806,3348,520,2023-02-04,2,5
157808,4238,544,2023-06-01,5,0
157818,3396,479,2023-02-02,1,10
157823,6910,254,2023-06-02,2,0
157829,2701,264,2023-04-03,2,0
157835,2554,517,2023-03-10,1,0
157838,754,188,2023-04-03,2,0
157840,8602,351,2023-09-05,2,0
157841,9606,420,2023-07-06,1,2
157850,1790,490,2023-04-11,1,0
157854,4827,452,2023-01-02,2,0
157859,9860,199,2023-04-02,2,0
157870,1387,453,2023-10-09,4,10
157887,3641,538,2023-03-04,1,0
157889,4641,173,2023-12-01,3,10
157890,4828,259,2023-05-06,4,5
157903,486,463,2023-04-05,2,0
157906,3180,173,2023-06-06,1,2
157914,7397,490,2023-11-04,2,0
157924,3901,463,2023-08-12,1,5
157946,4771,305,2023-10-08,3,0
157963,1953,552,2023-10-05,1,0
157965,8187,341,2023-12-06,1,5
157967,9861,381,2023-07-03,2,0
157975,9151,409,2023-02-08,3,0
157981,3612,539,2023-02-08,2,5
157982,6950,209,2023-03-12,4,5
157986,4616,507,2023-04-06,1,5
157992,8072,255,2023-06-12,2,0
157999,2186,152,2023-08-10,2,5
158002,9596,356,2023-02-12,3,0
158029,2484,192,2023-11-03,4,0
158030,705,507,2023-02-10,2,0
158031,9111,345,2023-10-12,3,0
158042,6395,327,2023-12-02,2,0
158047,1797,330,2023-10-07,1,5
158052,4774,209,2023-07-07,1,5
158066,459,481,2023-08-03,3,5
158067,4664,517,2023-06-09,5,0
158069,9323,297,2023-01-06,1,15
158074,8666,348,2023-08-02,1,0
158078,9633,401,2023-12-03,1,0
158084,1039,500,2023-03-12,1,5
158085,3295,482,2023-03-07,1,5
158086,1611,118,2023-07-09,2,20
158098,9064,119,2023-05-07,4,0
158103,9861,462,2023-11-06,2,5
158104,6302,243,2023-06-04,1,0
158116,8933,163,2023-02-07,1,0
158117,5418,354,2023-05-06,1,0
158133,5470,522,2023-01-12,5,0
158143,3896,548,2023-12-03,1,0
158149,6629,557,2023-05-09,2,5
158153,1707,353,2023-01-11,1,0
158155,4490,539,2023-02-08,1,2
158158,3585,586,2023-03-07,4,5
158160,7992,460,2023-10-07,3,5
158166,5139,194,2023-11-05,2,15
158169,2783,375,2023-05-01,3,0
158170,7878,463,2023-12-10,1,0
158174,5285,511,2023-09-05,1,0
158178,7534,268,2023-08-09,4,10
158181,2129,425,2023-03-08,1,0
158182,8409,575,2023-10-12,3,0
158184,9228,388,2023-05-12,1,15
158187,2107,512,2023-11-12,2,0
158194,7271,176,2023-04-05,2,0
158196,3257,381,2023-11-10,2,0
158209,1126,139,2023-01-05,2,5
158216,3680,107,2023-08-06,3,0
158218,6480,464,2023-11-07,2,2
158222,4401,529,2023-10-02,2,5
158230,3827,298,2023-01-03,1,0
158247,1644,240,2023-11-08,2,0
158261,6126,373,2023-11-12,1,0
158264,8033,293,2023-01-04,1,0
158283,6537,233,2023-10-03,1,0
158285,7950,536,2023-05-09,4,0
158287,6310,407,2023-01-10,2,0
158288,350,511,2023-05-01,1,0
158298,4909,280,2023-05-07,1,15
158305,2018,293,2023-04-11,2,0
158306,1828,457,2023-02-01,2,2
158314,2412,184,2023-07-11,3,0
158315,8281,452,2023-06-08,3,0
158337,2649,260,2023-04-02,5,0
158338,8679,441,2023-10-07,3,0
158346,5962,367,2023-12-01,2,0
158351,2625,370,2023-10-05,1,20
158354,7083,510,2023-07-05,2,5
158355,205,367,2023-11-02,1,0
158362,7081,438,2023-11-02,1,0
158366,7332,443,2023-10-02,2,10
158367,3859,145,2023-12-04,4,15
158378,4782,436,2023-03-05,1,0
158382,1592,264,2023-06-07,1,5
158387,8578,380,2023-05-09,3,2
158398,3186,300,2023-11-09,3,10
158399,978,494,2023-05-03,3,0
158402,2022,263,2023-05-10,2,5
158410,1126,103,2023-11-09,2,0
158415,2268,408,2023-09-04,2,20
158431,7561,160,2023-10-01,3,0
158438,9439,577,2023-09-05,2,15
158439,6869,308,2023-12-05,5,0
158454,8024,407,2023-11-07,1,0
158465,6916,325,2023-06-11,1,15
158466,7072,497,2023-12-02,3,0
158470,8659,594,2023-04-10,3,15
158480,3703,393,2023-07-11,2,0
158484,2510,277,2023-08-04,3,5
158494,7294,319,2023-11-02,2,0
158500,9176,257,2023-04-09,5,10
158507,6948,232,2023-11-10,1,0
158514,1126,347,2023-03-11,1,10
158537,7154,155,2023-11-05,2,0
158552,6720,448,2023-07-10,3,0
158574,4488,536,2023-10-04,1,0
158577,1572,183,2023-02-01,3,2
158583,4868,327,2023-05-05,3,0
158585,5567,441,2023-06-10,2,2
158593,1939,398,2023-09-10,2,0
158596,6970,593,2023-01-02,4,0
158599,3173,515,2023-07-02,3,0
158600,5850,269,2023-12-09,1,0
158614,2129,414,2023-03-11,1,0
158618,3762,355,2023-12-01,1,0
158625,8593,457,2023-01-08,1,0
158628,8066,332,2023-05-03,1,10
158645,6603,447,2023-06-08,2,0
158648,3317,416,2023-06-03,3,0
158651,9087,164,2023-03-02,1,0
158664,920,590,2023-01-08,1,0
158678,3501,176,2023-08-09,1,0
158681,3313,303,2023-10-04,4,2
158682,6893,378,2023-04-03,1,15
158687,4380,252,2023-06-08,1,0
158688,5212,490,2023-06-05,2,0
158689,9402,310,2023-10-10,3,0
158690,5360,229,2023-10-12,1,0
158691,6639,567,2023-02-07,1,0
158692,5226,312,2023-08-05,1,0
158703,5481,432,2023-08-05,4,5
158706,7152,550,2023-07-02,1,15
158712,4103,454,2023-09-09,1,5
158718,2018,421,2023-06-04,3,0
158733,8317,459,2023-04-09,2,0
158737,9010,156,2023-12-09,5,10
158745,9729,158,2023-06-06,2,10
158751,631,288,2023-02-07,1,0
158752,5771,158,2023-06-11,1,10
158754,9299,173,2023-12-05,2,2
158764,2974,312,2023-01-03,1,0
158770,8656,560,2023-08-04,1,0
158780,5956,369,2023-01-02,3,0
158786,6279,412,2023-07-06,3,0
158797,7678,183,2023-01-03,1,0
158812,8999,387,2023-07-09,2,0
158816,5738,549,2023-03-06,1,2
158822,3622,419,2023-07-02,3,0
158823,56,576,2023-11-02,5,0
158831,1639,455,2023-07-06,2,0
158855,5639,123,2023-07-11,2,0
158856,5449,383,2023-10-09,1,15
158871,8960,507,2023-07-02,5,2
158872,9729,590,2023-05-12,5,5
158877,8284,103,2023-01-07,2,15
158886,5987,200,2023-12-08,1,0
158900,364,152,2023-01-05,4,5
158918,655,553,2023-07-07,2,0
158919,4568,499,2023-08-04,2,0
158942,442,354,2023-12-07,2,15
158964,7787,196,2023-09-04,1,10
158970,1837,330,2023-11-10,3,0
158972,8913,583,2023-10-03,3,0
158973,2834,387,2023-07-01,4,0
158974,7769,407,2023-04-08,1,0
158977,1058,371,2023-08-07,3,5
158988,6916,188,2023-08-12,3,5
158994,3242,473,2023-11-12,1,5
158995,4382,389,2023-02-05,1,0
159003,2244,421,2023-11-03,1,15
159008,4507,107,2023-08-03,2,0
159009,1283,242,2023-11-08,1,0
159010,926,355,2023-10-07,2,2
159012,3487,462,2023-01-02,3,0
159015,3635,453,2023-04-10,4,0
159026,4940,362,2023-12-03,3,10
159030,4381,248,2023-08-10,2,0
159032,8527,205,2023-03-08,3,5
159039,6590,431,2023-11-07,5,0
159047,6899,294,2023-02-08,5,0
159050,6334,262,2023-06-07,2,0
159056,2687,520,2023-03-05,3,0
159062,6335,368,2023-12-10,1,5
159101,428,155,2023-02-12,1,0
159107,920,540,2023-06-05,1,0
159112,3630,261,2023-02-06,1,10
159123,655,149,2023-08-01,2,20
159129,6535,389,2023-06-10,2,0
159134,5604,195,2023-12-01,3,10
159138,5468,525,2023-07-06,1,0
159139,3670,501,2023-05-11,1,2
159144,8103,217,2023-10-08,3,5
159152,6486,245,2023-03-02,1,5
159153,1856,479,2023-09-03,4,5
159165,6793,420,2023-11-09,1,2
159172,7269,271,2023-03-12,3,2
159176,4922,496,2023-05-01,4,5
159178,2396,595,2023-07-02,1,0
159184,3419,222,2023-08-02,4,0
159187,8750,308,2023-03-03,1,0
159189,6462,324,2023-08-02,4,2
159214,1612,513,2023-07-04,2,2
159224,6558,300,2023-10-08,1,0
159225,2192,351,2023-11-01,2,2
159244,6297,196,2023-09-06,2,0
159246,9807,364,2023-10-12,2,5
159256,1327,311,2023-09-01,1,0
159265,190,382,2023-07-06,1,0
159270,1656,541,2023-06-05,1,0
159273,3338,451,2023-09-03,1,20
159295,8396,113,2023-10-02,2,0
159304,9816,482,2023-05-01,1,10
159310,9171,559,2023-07-11,1,2
159316,8669,544,2023-06-02,1,5
159321,6844,104,2023-11-02,3,0
159325,1326,147,2023-09-02,4,0
159343,5264,170,2023-08-03,3,0
159351,2210,459,2023-08-12,5,10
159362,823,110,2023-07-08,1,0
159367,9765,381,2023-03-02,1,0
159368,7461,234,2023-02-07,1,0
159390,6847,318,2023-08-06,5,0
159395,7154,164,2023-09-12,1,2
159412,4107,167,2023-05-12,2,2
159418,6488,390,2023-10-02,1,0
159419,3219,264,2023-09-03,1,0
159431,6789,417,2023-12-10,3,0
159443,6507,472,2023-12-05,3,2
159446,8636,168,2023-08-07,3,5
159451,3,567,2023-03-10,2,5
159453,6422,239,2023-04-09,1,2
159460,3947,153,2023-11-11,1,5
159465,5880,441,2023-04-05,2,2
159470,9799,472,2023-04-09,3,0
159471,6047,241,2023-02-03,5,0
159472,5133,571,2023-05-06,1,0
159474,6323,122,2023-05-11,1,10
159476,1210,261,2023-01-03,1,0
159483,5155,459,2023-11-01,2,5
159487,7904,474,2023-01-10,1,15
159493,6720,464,2023-04-01,3,0
159497,7067,199,2023-10-04,2,10
159499,201,218,2023-07-09,4,0
159500,2674,238,2023-02-07,3,2
159509,4323,374,2023-12-11,2,0
159511,6227,304,2023-03-05,5,15
159514,8444,591,2023-06-02,3,2
159516,9126,509,2023-10-09,1,0
159525,8152,197,2023-02-07,1,15
159545,3218,192,2023-05-12,3,15
159546,5620,551,2023-01-02,2,5
159552,96,264,2023-06-11,1,10
159566,6819,299,2023-05-11,1,2
159568,145,397,2023-09-08,1,5
159570,8541,498,2023-01-03,1,5
159578,5353,190,2023-04-08,1,0
159589,2685,242,2023-02-02,1,5
159590,3915,113,2023-05-06,2,10
159591,327,490,2023-07-05,1,2
159594,8471,107,2023-07-02,1,5
159596,4890,430,2023-08-10,3,2
159598,5471,422,2023-10-12,2,0
159609,7678,322,2023-07-08,1,5
159610,1988,234,2023-11-05,1,0
159619,7906,254,2023-04-08,2,0
159623,3557,576,2023-07-03,1,0
159625,1217,570,2023-10-01,1,0
159633,2517,117,2023-08-10,2,10
159634,9046,547,2023-07-04,1,5
159641,2582,373,2023-08-03,1,2
159644,8361,387,2023-08-12,4,0
159648,7281,536,2023-02-10,2,0
159649,1011,549,2023-11-10,3,0
159653,8033,290,2023-07-04,4,0
159661,3952,240,2023-12-10,2,15
159677,2905,231,2023-06-06,2,2
159684,4475,337,2023-02-12,5,0
159686,6475,494,2023-07-03,3,0
159695,5915,562,2023-07-10,2,0
159697,1719,115,2023-07-08,3,2
159702,2264,482,2023-11-04,3,5
159714,2057,302,2023-01-11,3,0
159725,7840,159,2023-12-03,1,0
159731,327,408,2023-12-11,3,0
159738,8058,532,2023-12-09,1,2
159744,868,281,2023-08-07,1,15
159754,2382,536,2023-05-02,1,5
159756,4661,290,2023-09-04,3,0
159762,9396,332,2023-11-11,2,0
159764,8140,279,2023-12-12,2,5
159780,6352,501,2023-06-08,2,2
159787,9027,346,2023-05-12,1,10
159791,2853,553,2023-03-08,1,0
159793,1448,121,2023-01-05,1,0
159816,6682,214,2023-11-03,4,2
159820,3660,257,2023-06-02,1,0
159825,6368,210,2023-10-12,3,5
159836,6786,159,2023-07-07,1,0
159838,1568,317,2023-05-07,2,5
159843,7958,185,2023-04-09,3,0
159846,8282,227,2023-01-07,1,0
159861,9188,481,2023-08-02,2,0
159865,5739,548,2023-10-03,1,10
159867,7987,368,2023-11-10,3,0
159880,3182,314,2023-08-12,1,2
159886,5236,431,2023-08-10,2,10
159887,263,329,2023-11-08,5,10
159889,5395,422,2023-03-03,1,0
159894,9243,125,2023-12-06,5,2
159895,4317,123,2023-03-02,1,0
159918,9226,489,2023-08-07,1,0
159927,3926,266,2023-08-06,2,2
159934,679,342,2023-12-08,1,0
159943,2734,231,2023-02-12,1,0
159950,9006,533,2023-02-04,3,2
159957,9578,179,2023-10-11,1,0
159962,4821,487,2023-02-09,3,0
159980,6031,362,2023-03-10,3,0
159982,4642,499,2023-05-04,1,0
159984,7934,368,2023-04-08,2,0
159986,7436,308,2023-06-11,1,0
159990,1855,592,2023-04-09,1,2
159996,6480,446,2023-05-08,1,15
160001,3164,268,2023-11-11,2,0
160008,7847,390,2023-10-10,2,0
160014,6958,385,2023-12-04,1,15
160015,8255,344,2023-04-12,1,0
160017,1167,455,2023-05-04,1,0
160022,4557,383,2023-07-07,2,5
160023,6705,172,2023-12-12,3,5
160034,9052,367,2023-06-08,3,0
160041,7670,221,2023-12-10,4,0
160048,8593,403,2023-12-09,1,0
160060,9579,541,2023-02-08,3,15
160063,2096,298,2023-12-11,4,0
160065,4382,426,2023-08-02,1,15
160067,9217,321,2023-07-04,2,20
160071,2633,148,2023-12-05,2,0
160077,5110,248,2023-08-02,2,10
160079,2965,345,2023-02-10,2,0
160087,4616,209,2023-10-05,4,5
160090,8229,589,2023-08-05,1,0
160098,5206,313,2023-08-05,3,0
160100,9479,362,2023-08-06,1,5
160102,7632,228,2023-11-02,3,15
160109,3485,137,2023-02-05,4,0
160114,1467,251,2023-01-03,2,20
160116,7805,223,2023-05-12,1,0
160118,3840,217,2023-12-06,2,0
160125,6142,195,2023-11-05,2,2
160133,1784,331,2023-06-02,2,0
160136,7624,435,2023-06-11,1,0
160138,5360,459,2023-03-01,1,0
160140,3319,198,2023-05-03,1,10
160141,5476,232,2023-12-05,1,15
160144,9846,277,2023-09-06,1,0
160153,8941,346,2023-08-02,2,0
160154,8712,553,2023-06-10,3,0
160159,936,339,2023-12-07,1,0
160160,8287,167,2023-06-06,2,2
160164,5402,227,2023-04-02,1,0
160167,4886,553,2023-05-12,1,0
160169,4087,228,2023-05-11,3,0
160172,5343,108,2023-07-08,1,0
160173,223,552,2023-04-12,2,0
160175,7980,545,2023-05-01,3,5
160178,2335,415,2023-11-07,5,2
160205,5977,496,2023-07-02,5,2
160221,2243,301,2023-08-11,2,0
160223,1126,553,2023-07-11,2,2
160225,7092,257,2023-09-01,1,0
160259,3247,448,2023-09-03,1,2
160262,301,261,2023-03-10,3,10
160292,2739,360,2023-11-03,1,2
160300,759,267,2023-03-04,2,0
160304,8462,497,2023-10-10,1,2
160308,9026,321,2023-08-10,1,10
160313,5299,344,2023-12-08,1,0
160315,4833,392,2023-05-02,1,15
160317,7405,320,2023-03-04,2,0
160337,4476,523,2023-04-03,1,0
160345,3398,534,2023-09-10,2,0
160348,7951,272,2023-01-08,1,15
160359,7382,592,2023-03-03,1,0
160375,3670,144,2023-03-08,2,0
160377,956,238,2023-12-11,1,0
160381,3901,399,2023-03-07,1,0
160392,5823,518,2023-12-09,1,0
160399,8377,469,2023-01-07,1,10
160401,7390,591,2023-02-08,1,0
160404,5880,155,2023-06-12,4,15
160421,9022,457,2023-04-10,2,2
160427,5299,224,2023-03-01,1,5
160431,1097,312,2023-05-10,1,2
160433,4953,588,2023-05-03,2,10
160438,2201,366,2023-08-06,1,2
160442,2299,517,2023-02-12,1,0
160451,9550,468,2023-02-06,1,2
160452,2768,486,2023-06-11,1,0
160455,9232,526,2023-12-02,2,0
160456,4266,494,2023-12-10,2,0
160461,748,160,2023-11-06,1,5
160463,1548,358,2023-12-07,3,0
160464,2251,511,2023-05-07,5,5
160480,5407,391,2023-03-11,4,2
160486,1840,594,2023-06-02,1,5
160490,467,588,2023-11-11,2,0
160492,8589,116,2023-10-02,1,0
160499,8846,505,2023-03-02,3,0
160513,9202,381,2023-04-09,4,0
160514,605,385,2023-08-08,3,2
160517,5633,217,2023-09-03,5,0
160520,1143,164,2023-05-12,3,0
160531,2997,497,2023-06-08,1,0
160544,8467,458,2023-07-01,2,10
160550,2979,444,2023-02-02,1,0
160554,9896,478,2023-10-04,3,2
160555,7135,415,2023-07-06,5,2
160558,1910,367,2023-06-04,3,2
160559,843,386,2023-01-04,4,0
160560,7580,475,2023-06-09,1,15
160593,8418,157,2023-02-11,3,5
160595,5014,520,2023-07-12,3,5
160602,4864,409,2023-05-11,3,0
160604,9570,481,2023-10-01,3,15
160613,3223,391,2023-01-12,1,15
160614,8162,515,2023-12-10,2,0
160625,8342,595,2023-11-01,1,0
160627,9655,158,2023-11-03,1,0
160634,3425,369,2023-04-02,2,2
160635,6992,420,2023-11-01,3,0
160638,3193,216,2023-10-10,3,10
160644,5778,429,2023-10-07,1,0
160653,9732,136,2023-07-07,3,5
160655,1327,435,2023-08-12,3,10
160662,1170,502,2023-02-10,3,0
160667,6303,234,2023-10-10,1,0
160675,1708,532,2023-02-05,3,15
160676,5212,555,2023-12-06,1,0
160678,824,434,2023-02-12,2,5
160679,4732,111,2023-05-06,2,5
160681,4084,167,2023-12-02,3,0
160684,6620,363,2023-04-02,2,10
160688,7308,135,2023-06-01,1,15
160690,7335,461,2023-04-09,3,0
160695,8628,501,2023-03-12,2,2
160711,3644,280,2023-08-05,3,0
160721,4555,492,2023-02-09,2,0
160724,1919,170,2023-09-04,4,0
160744,4138,531,2023-02-02,1,0
160767,2826,425,2023-12-02,1,0
160771,3224,569,2023-04-12,3,0
160777,3821,311,2023-11-09,2,0
160788,7980,397,2023-04-02,4,0
160795,8853,245,2023-06-09,1,2
160800,5433,206,2023-03-08,2,15
160807,1650,339,2023-06-07,1,0
160833,1372,433,2023-10-08,2,0
160836,8317,246,2023-12-07,2,0
160843,1885,425,2023-03-01,1,5
160848,450,122,2023-05-07,3,0
160850,5879,105,2023-12-01,2,10
160852,6700,525,2023-08-02,1,0
160854,8239,295,2023-02-06,2,2
160888,4267,227,2023-11-01,4,0
160892,8758,256,2023-02-04,2,0
160897,2072,596,2023-02-07,1,10
160908,1360,114,2023-05-08,4,10
160925,81,169,2023-04-08,1,0
160937,3780,248,2023-05-01,1,2
160942,4971,569,2023-04-04,2,2
160950,9939,370,2023-01-12,1,0
160952,6791,319,2023-11-01,1,0
160954,3851,275,2023-08-09,1,10
160962,8444,558,2023-12-12,2,5
160991,6960,424,2023-11-10,2,0
160995,7722,563,2023-12-08,2,10
160998,1505,260,2023-07-04,1,5
161016,2580,492,2023-09-02,2,0
161042,2749,181,2023-06-10,1,0
161043,9545,286,2023-02-11,1,5
161045,4270,525,2023-03-01,2,10
161054,2665,311,2023-09-09,3,0
161056,4899,297,2023-06-06,3,0
161070,3558,523,2023-11-09,1,5
161072,5882,212,2023-11-03,1,0
161073,7953,107,2023-12-06,3,0
161080,6820,329,2023-04-09,3,2
161082,3193,515,2023-12-05,1,5
161094,7688,287,2023-05-01,2,2
161095,5594,399,2023-09-01,2,0
161097,2261,259,2023-11-03,3,2
161104,2782,572,2023-02-12,1,0
161109,8289,263,2023-01-01,3,0
161112,1852,379,2023-04-01,1,2
161116,6197,213,2023-02-02,2,2
161156,9087,275,2023-08-08,1,5
161157,4518,196,2023-05-11,1,0
161158,240,592,2023-09-07,1,0
161166,8103,374,2023-10-12,2,0
161168,2140,128,2023-06-07,3,5
161179,9945,386,2023-04-07,2,2
161192,4170,554,2023-05-03,1,15
161195,7082,137,2023-06-04,5,2
161199,4432,417,2023-03-09,5,0
161202,5168,217,2023-06-03,1,2
161209,2387,481,2023-03-04,1,2
161216,6309,356,2023-01-10,1,0
161220,1179,372,2023-09-05,1,10
161225,5415,541,2023-05-02,2,0
161228,1060,590,2023-01-06,2,0
161230,2444,213,2023-09-02,1,2
161234,9669,464,2023-03-03,1,0
161239,9236,350,2023-03-02,3,2
161241,5583,332,2023-10-12,3,2
161242,9723,496,2023-08-01,1,0
161246,7082,472,2023-01-10,2,0
161252,8108,377,2023-11-03,2,0
161261,6276,469,2023-08-03,1,0
161272,3731,462,2023-03-10,3,5
161279,6204,113,2023-08-03,1,20
161280,2281,360,2023-12-06,3,5
161291,7602,440,2023-11-04,2,10
161293,197,467,2023-05-02,1,0
161317,6126,214,2023-02-02,1,15
161318,3542,406,2023-01-05,4,0
161334,6060,600,2023-12-06,4,0
161345,9719,157,2023-03-04,1,2
161350,6681,126,2023-11-01,2,0
161352,1831,467,2023-10-02,1,0
161356,9560,176,2023-04-05,4,0
161358,5342,550,2023-05-02,1,2
161362,7918,434,2023-08-04,1,5
161363,1875,428,2023-10-02,1,0
161365,6852,366,2023-04-05,1,10
161366,7675,349,2023-10-02,5,0
161377,459,466,2023-12-11,1,0
161384,1992,546,2023-12-02,2,5
161390,2095,558,2023-02-03,2,10
161400,7210,166,2023-06-07,2,0
161409,7528,496,2023-09-06,1,2
161415,1818,140,2023-02-12,1,0
161416,7977,528,2023-07-01,2,5
161421,9838,137,2023-05-12,1,5
161432,3214,205,2023-06-11,5,0
161437,2735,487,2023-11-11,1,0
161440,8759,185,2023-10-06,1,10
161447,1130,511,2023-06-11,2,0
161462,4250,480,2023-09-08,2,15
161469,4039,256,2023-05-05,2,5
161476,4942,418,2023-06-04,1,2
161479,9525,427,2023-12-06,2,0
161486,3635,524,2023-07-10,1,0
161487,3315,195,2023-07-11,1,0
161490,9720,110,2023-03-09,3,10
161502,6116,585,2023-10-04,1,0
161503,5106,317,2023-07-01,1,5
161506,3218,408,2023-04-10,2,0
161509,5626,582,2023-12-07,3,5
161516,6897,309,2023-04-12,1,0
161533,9295,448,2023-05-12,1,5
161537,4072,335,2023-08-11,1,5
161539,4075,422,2023-01-01,5,0
161545,6118,511,2023-04-03,2,2
161547,8342,453,2023-04-01,1,0
161560,3398,346,2023-11-11,5,0
161562,2684,315,2023-08-05,1,15
161563,8369,128,2023-11-01,2,0
161564,8788,555,2023-12-07,1,0
161566,357,106,2023-11-10,3,0
161583,8125,319,2023-12-10,1,10
161584,5391,388,2023-08-12,3,0
161587,4902,414,2023-02-02,4,5
161591,2238,523,2023-10-07,2,0
161593,2482,535,2023-01-12,1,0
161604,5464,362,2023-10-08,1,0
161613,8905,289,2023-09-09,1,0
161615,4420,113,2023-01-07,3,0
161616,8361,398,2023-09-07,1,0
161622,3333,554,2023-09-08,2,0
161628,7294,557,2023-01-10,2,0
161632,8695,169,2023-02-10,1,5
161637,4843,365,2023-06-10,1,10
161639,3458,350,2023-05-12,3,2
161641,5898,448,2023-07-06,1,20
161643,2976,409,2023-01-03,3,0
161655,4041,218,2023-11-10,3,0
161668,159,176,2023-03-09,5,0
161671,7318,203,2023-05-09,2,0
161675,4852,597,2023-02-12,2,0
161677,6746,306,2023-04-07,3,5
161687,2264,563,2023-11-02,1,5
161691,9046,431,2023-01-01,4,5
161696,612,227,2023-11-11,2,0
161701,7070,160,2023-05-10,1,2
161704,8317,461,2023-06-01,2,0
161705,7926,360,2023-04-12,5,10
161707,7970,439,2023-01-03,2,0
161708,4361,355,2023-03-04,1,2
161709,2010,529,2023-08-01,2,0
161711,2901,134,2023-07-03,4,5
161713,5838,417,2023-06-10,3,10
161725,3816,567,2023-08-01,3,5
161727,5189,457,2023-07-09,1,0
161732,1407,223,2023-07-12,3,20
161754,1397,168,2023-09-12,3,0
161770,1144,482,2023-03-06,2,0
161772,4948,436,2023-11-04,1,10
161774,6715,192,2023-11-09,2,10
161782,7553,372,2023-05-09,1,0
161790,2979,223,2023-03-07,4,5
161796,6598,364,2023-12-12,1,0
161806,9111,503,2023-02-03,2,0
161816,9065,297,2023-03-11,1,2
161822,5600,315,2023-05-12,2,0
161832,3474,210,2023-03-01,3,15
161834,3206,460,2023-12-02,4,5
161848,2332,109,2023-08-05,3,0
161850,2282,280,2023-08-09,4,5
161851,3917,274,2023-11-10,2,5
161852,6780,559,2023-05-05,1,2
161857,4568,259,2023-09-01,1,0
161891,2674,127,2023-02-01,3,15
161896,5931,380,2023-08-08,1,0
161903,6639,296,2023-02-12,1,0
161909,7980,163,2023-11-02,2,0
161916,3252,537,2023-06-03,1,0
161928,1304,163,2023-04-09,1,2
161932,3231,249,2023-04-07,1,2
161935,8277,126,2023-08-10,2,0
161937,6299,538,2023-12-09,1,0
161939,459,219,2023-01-08,1,10
161943,6355,504,2023-10-11,1,5
161948,7992,266,2023-11-12,2,0
161954,5210,346,2023-03-09,3,2
161960,9258,105,2023-07-10,5,0
161975,8999,213,2023-07-02,1,0
161978,1900,130,2023-08-06,2,0
161983,6267,129,2023-05-09,1,0
161988,1680,497,2023-06-06,4,0
161991,9058,206,2023-02-11,1,5
161993,9925,216,2023-04-06,2,20
161997,4907,283,2023-08-02,1,15
162000,9752,335,2023-06-12,4,2
162009,9588,141,2023-08-09,1,0
162013,7580,516,2023-01-02,1,10
162020,892,285,2023-05-12,1,2
162025,4468,580,2023-11-09,1,0
162026,1450,228,2023-11-12,3,20
162031,5102,212,2023-07-03,1,0
162032,8974,416,2023-09-09,2,5
162036,3986,198,2023-11-12,1,0
162038,4398,127,2023-08-01,2,10
162039,2174,334,2023-05-12,3,0
162045,3802,277,2023-08-09,1,5
162046,1381,209,2023-01-01,1,0
162051,2613,141,2023-10-04,1,0
162059,6906,513,2023-03-11,1,0
162063,5146,104,2023-11-07,2,0
162065,6700,580,2023-10-04,2,10
162066,1207,168,2023-04-04,2,0
162068,2142,517,2023-09-03,1,0
162074,2057,158,2023-12-09,2,2
162077,7490,236,2023-05-11,1,0
162078,8669,251,2023-11-06,1,0
162080,6473,346,2023-02-08,3,0
162081,4505,135,2023-10-07,2,0
162085,2122,337,2023-01-04,3,2
162092,2376,327,2023-01-11,3,0
162100,8059,509,2023-08-01,1,2
162107,4303,398,2023-11-04,1,0
162109,8846,135,2023-04-01,3,0
162111,5427,274,2023-08-02,4,10
162120,2211,208,2023-01-11,2,2
162124,4969,212,2023-04-12,1,0
162137,4009,190,2023-09-07,2,2
162139,9330,292,2023-07-01,1,2
162146,5186,121,2023-07-01,1,2
162147,1244,420,2023-01-02,1,5
162151,1292,363,2023-02-07,2,5
162174,6989,391,2023-11-12,1,0
162180,7183,444,2023-12-12,2,0
162181,585,103,2023-10-03,1,0
162195,7984,504,2023-10-07,3,2
162198,6812,314,2023-03-09,1,0
162213,6183,386,2023-09-11,1,0
162214,4025,374,2023-06-09,1,2
162215,7704,391,2023-06-08,1,2
162217,875,531,2023-10-07,2,0
162231,7950,580,2023-03-02,1,5
162236,7614,490,2023-11-05,3,0
162243,4827,238,2023-12-06,3,2
162264,3835,250,2023-06-03,1,0
162265,6551,341,2023-06-03,1,2
162266,2510,358,2023-12-11,1,10
162271,1378,249,2023-01-11,3,0
162274,7603,321,2023-03-06,1,0
162278,6126,141,2023-07-01,1,0
162280,7959,334,2023-04-10,2,0
162288,3691,148,2023-06-11,1,5
162289,4155,271,2023-11-06,2,2
162292,8462,388,2023-11-12,2,0
162298,4192,111,2023-10-02,1,2
162301,7858,277,2023-02-02,1,0
162313,6384,347,2023-05-05,2,5
162315,9004,156,2023-02-06,1,5
162316,3600,298,2023-01-07,3,5
162317,4164,272,2023-10-10,1,2
162322,5808,467,2023-05-01,5,2
162327,3186,482,2023-06-06,2,0
162328,6924,567,2023-01-09,1,20
162331,3137,407,2023-11-02,1,0
162339,5942,339,2023-07-09,2,0
162351,6264,357,2023-11-12,1,0
162364,9460,259,2023-01-06,3,10
162365,8750,549,2023-06-01,1,10
162374,2494,199,2023-07-02,1,0
162387,7209,118,2023-03-05,2,10
162396,2697,194,2023-04-04,3,5
162401,8092,169,2023-03-11,1,2
162406,3227,346,2023-10-03,2,10
162424,3152,248,2023-02-08,3,0
162437,4019,556,2023-06-04,1,10
162438,7084,584,2023-03-09,1,15
162453,5757,304,2023-06-09,1,0
162455,142,594,2023-07-04,1,0
162461,9828,220,2023-11-02,1,10
162488,2497,364,2023-02-07,1,5
162493,2506,566,2023-07-02,1,0
162498,6871,561,2023-02-06,3,5
162500,2974,130,2023-02-04,3,10
162504,3426,189,2023-11-10,3,0
162508,4539,512,2023-08-07,2,0
162509,4362,415,2023-10-02,1,0
162513,5236,236,2023-07-05,5,0
162517,1819,222,2023-10-09,4,2
162532,3708,158,2023-11-04,1,5
162533,6922,388,2023-08-07,2,0
162536,7891,547,2023-05-04,3,15
162542,2564,175,2023-06-03,1,2
162548,5992,241,2023-09-12,1,5
162572,4201,144,2023-06-10,2,2
162574,9138,253,2023-04-10,2,0
162578,696,472,2023-03-05,3,2
162584,1305,167,2023-02-05,4,5
162601,6869,181,2023-01-04,4,0
162603,2690,164,2023-06-02,3,2
162608,4072,111,2023-11-02,5,0
162609,5960,441,2023-08-08,3,0
162617,3957,479,2023-05-06,1,0
162624,1123,496,2023-03-09,3,0
162626,4101,368,2023-01-01,1,0
162630,6862,362,2023-06-03,4,2
162633,1167,402,2023-04-02,1,2
162636,4907,222,2023-10-05,2,15
162637,9892,487,2023-04-10,1,5
162650,5877,197,2023-07-01,2,5
162659,6950,227,2023-01-10,2,10
162673,3314,412,2023-10-06,3,2
162677,981,342,2023-07-12,2,0
162688,6488,261,2023-05-02,5,0
162689,2573,566,2023-09-01,4,0
162692,9258,556,2023-04-06,1,0
162693,3804,593,2023-10-03,1,10
162698,5016,237,2023-03-03,1,0
162700,8388,459,2023-09-01,3,2
162706,151,242,2023-07-10,1,0
162715,1207,306,2023-07-06,4,0
162732,6683,472,2023-02-11,2,0
162762,2990,471,2023-11-07,1,0
162764,1395,483,2023-03-03,1,0
162766,9287,360,2023-03-03,3,5
162771,7165,546,2023-02-10,2,10
162773,9631,193,2023-04-03,1,0
162775,1210,251,2023-04-09,1,0
162788,9668,143,2023-04-06,2,2
162793,3193,320,2023-01-05,1,2
162801,9988,331,2023-06-11,3,5
162805,176,193,2023-01-11,2,0
162813,2300,119,2023-03-11,1,0
162826,235,173,2023-06-10,1,0
162835,4018,332,2023-09-03,1,0
162842,5775,505,2023-09-11,3,0
162843,5423,109,2023-07-12,2,2
162857,3982,164,2023-03-10,4,5
162858,5737,258,2023-12-12,1,5
162863,2620,408,2023-06-03,3,0
162870,1930,109,2023-11-02,4,2
162871,6950,324,2023-07-12,1,0
162873,5689,456,2023-04-07,1,0
162874,1801,453,2023-02-11,2,15
162880,1052,131,2023-04-04,3,0
162887,4354,533,2023-02-10,2,10
162894,9866,293,2023-11-01,1,0
162899,6535,455,2023-08-02,1,0
162911,904,427,2023-01-12,1,2
162922,6241,285,2023-06-09,2,0
162930,1435,522,2023-01-05,2,0
162931,9027,135,2023-09-08,1,2
162935,9100,346,2023-02-06,1,0
162938,6315,304,2023-01-01,3,0
162944,3901,557,2023-09-05,5,0
162946,5449,131,2023-04-02,1,5
162950,6423,589,2023-12-11,3,5
162956,6871,238,2023-04-04,2,0
162959,6458,483,2023-03-04,2,0
162974,5087,450,2023-02-04,1,0
162980,5656,534,2023-06-11,1,2
162988,3928,300,2023-04-11,1,2
162993,3164,151,2023-03-05,2,0
162995,4716,490,2023-01-08,1,0
162999,9244,237,2023-05-01,5,0
163000,976,225,2023-04-05,4,5
163006,176,217,2023-09-05,2,2
163007,4690,192,2023-03-03,1,0
163015,689,584,2023-08-08,2,2
163021,5167,430,2023-01-06,1,2
163027,6071,515,2023-12-01,1,10
163041,9355,243,2023-06-04,5,0
163054,3384,330,2023-12-03,2,0
163059,9546,232,2023-06-07,2,2
163069,8621,534,2023-10-06,2,0
163072,1588,555,2023-02-09,2,0
163096,1910,343,2023-06-03,1,10
163100,2160,228,2023-02-07,1,15
163122,4066,411,2023-02-03,3,5
163138,8589,253,2023-09-07,4,0
163149,2203,497,2023-03-10,5,5
163150,1901,168,2023-09-08,1,10
163169,5726,200,2023-02-08,5,15
163170,7575,535,2023-10-06,1,15
163183,9950,383,2023-09-01,2,20
163200,9587,209,2023-04-12,1,5
163204,7276,200,2023-04-08,1,0
163213,6195,442,2023-03-06,2,2
163216,8482,351,2023-10-07,3,0
163235,1891,541,2023-11-04,1,5
163246,7840,421,2023-12-05,2,5
163249,29,395,2023-04-11,1,10
163252,9505,452,2023-06-03,4,0
163259,5251,566,2023-01-03,3,0
163260,9079,235,2023-05-07,2,0
163261,4823,547,2023-06-09,1,0
163263,7895,381,2023-05-01,1,0
163264,6879,425,2023-02-08,2,0
163268,7034,198,2023-11-07,2,10
163276,1420,538,2023-11-07,3,0
163283,3841,385,2023-03-10,2,2
163285,2269,488,2023-10-12,4,0
163286,6601,263,2023-12-01,1,0
163290,8753,103,2023-10-06,1,10
163323,8418,555,2023-05-03,3,5
163324,2721,402,2023-10-05,2,0
163325,9377,157,2023-05-08,1,5
163330,2618,185,2023-09-07,1,0
163331,8089,396,2023-03-07,1,10
163341,7895,103,2023-11-04,1,10
163351,9354,453,2023-04-09,3,15
163352,5737,411,2023-05-08,1,0
163353,4970,113,2023-01-10,1,10
163361,4327,529,2023-09-07,2,5
163365,2737,343,2023-03-11,1,15
163369,7748,243,2023-03-11,1,5
163374,2607,479,2023-05-07,2,0
163376,1010,509,2023-06-04,2,2
163394,6297,329,2023-01-09,3,10
163395,844,255,2023-05-09,1,0
163399,4303,460,2023-04-02,2,0
163400,817,422,2023-06-04,2,0
163409,9252,290,2023-03-12,2,2
163412,233,518,2023-06-01,2,5
163429,5299,488,2023-12-09,1,0
163432,8759,293,2023-08-05,1,0
163452,9477,301,2023-02-04,1,0
163457,6618,289,2023-08-11,3,5
163464,7984,593,2023-01-07,1,10
163500,8283,397,2023-11-09,5,0
163502,2919,512,2023-01-01,1,2
163506,9138,102,2023-02-04,1,0
163516,8076,470,2023-09-05,3,2
163522,9258,236,2023-04-04,2,10
163530,3948,361,2023-05-11,3,0
163534,1744,479,2023-11-01,1,0
163546,4213,527,2023-03-11,3,0
163547,2095,345,2023-11-11,3,0
163567,397,355,2023-10-12,3,2
163568,3893,528,2023-12-02,5,0
163572,2599,449,2023-02-10,1,10
163582,3280,335,2023-04-04,3,0
163586,1387,215,2023-01-02,1,0
163590,4424,245,2023-06-03,2,5
163591,8021,325,2023-07-06,1,0
163601,9935,383,2023-07-10,2,0
163602,8090,421,2023-03-06,2,10
163605,1806,489,2023-09-08,2,0
163620,7315,254,2023-08-09,2,2
163623,9058,469,2023-10-02,1,0
163631,6431,532,2023-04-03,2,0
163633,6548,318,2023-04-12,4,0
163640,3755,555,2023-07-02,2,0
163641,7175,346,2023-03-01,4,0
163648,7994,248,2023-01-03,1,0
163649,5856,384,2023-08-05,2,0
163653,1028,141,2023-03-12,2,0
163654,5559,303,2023-02-12,1,5
163658,6335,571,2023-02-10,1,2
163663,9158,487,2023-09-02,3,2
163665,2642,461,2023-07-05,1,15
163670,5977,161,2023-05-03,3,0
163676,2706,316,2023-09-01,1,10
163689,2026,502,2023-05-03,2,0
163696,1592,292,2023-08-02,3,0
163700,2804,421,2023-08-11,2,0
163703,444,396,2023-08-06,1,10
163726,9280,340,2023-10-03,4,0
163727,7311,544,2023-07-07,1,0
163740,8408,499,2023-04-08,1,2
163742,3755,223,2023-02-01,2,5
163743,3711,338,2023-07-02,3,0
163758,4076,505,2023-11-12,3,0
163759,1372,527,2023-01-03,1,0
163763,3849,505,2023-02-11,3,0
163764,8430,364,2023-08-06,3,0
163776,1167,160,2023-09-03,3,5
163778,9720,182,2023-09-01,1,2
163779,1324,201,2023-12-10,2,15
163782,9420,424,2023-03-01,2,5
163785,5051,421,2023-11-12,2,0
163788,6131,369,2023-02-05,1,2
163789,3065,132,2023-02-12,1,5
163793,7928,368,2023-01-08,1,2
163795,1849,259,2023-08-01,3,0
163804,7695,212,2023-03-04,1,0
163811,4053,441,2023-07-12,3,0
163812,151,452,2023-11-05,1,0
163817,6284,385,2023-04-01,1,10
163818,945,359,2023-06-10,4,5
163819,9403,414,2023-06-05,3,10
163820,870,270,2023-07-07,1,0
163831,2441,411,2023-03-11,1,0
163839,788,352,2023-12-04,1,0
163857,2277,495,2023-10-01,5,5
163858,7419,563,2023-03-12,2,15
163865,9285,285,2023-08-07,1,0
163872,4206,121,2023-09-12,2,0
163873,8769,200,2023-01-08,1,10
163880,4716,317,2023-04-03,2,2
163886,1010,597,2023-05-03,1,5
163889,3152,315,2023-01-12,2,5
163890,165,497,2023-11-11,3,0
163896,4959,577,2023-02-12,1,0
163901,6307,558,2023-05-11,2,2
163906,705,592,2023-01-03,3,0
163914,1930,463,2023-06-06,1,20
163924,3046,266,2023-12-12,1,2
163930,9206,519,2023-08-11,2,0
163934,5406,589,2023-12-02,1,0
163938,8695,161,2023-10-12,1,0
163939,2058,325,2023-11-05,4,0
163945,3708,525,2023-02-06,3,2
163957,9801,139,2023-11-04,1,15
163960,9579,597,2023-04-02,2,10
163965,2976,529,2023-08-02,1,5
163977,3484,350,2023-01-03,1,0
163985,2715,167,2023-04-05,2,2
164006,6299,428,2023-12-10,1,0
164008,1507,458,2023-03-02,1,5
164009,309,133,2023-12-05,2,0
164011,8468,250,2023-04-09,1,10
164013,4030,271,2023-04-05,2,0
164015,5055,196,2023-10-02,3,0
164032,1274,523,2023-03-01,3,2
164038,6131,119,2023-01-10,4,0
164039,3957,396,2023-03-08,1,10
164041,2322,114,2023-06-02,5,0
164045,5880,446,2023-08-01,3,0
164049,7154,399,2023-12-09,3,0
164056,1101,210,2023-10-08,3,0
164062,7413,507,2023-05-12,3,5
164063,1981,484,2023-02-09,1,0
164073,4723,256,2023-02-10,1,2
164080,7311,364,2023-07-06,3,0
164103,7441,284,2023-12-05,1,0
164113,3810,141,2023-01-03,1,10
164117,8258,242,2023-08-09,3,15
164124,613,479,2023-05-01,2,2
164127,4739,142,2023-10-06,2,0
164152,4359,222,2023-12-12,1,0
164157,5835,571,2023-05-08,1,5
164165,9949,561,2023-09-07,4,5
164171,7239,421,2023-01-06,2,0
164176,8639,353,2023-01-02,1,2
164200,7472,123,2023-09-03,5,0
164201,751,444,2023-04-05,1,0
164204,8026,540,2023-05-10,1,2
164205,618,337,2023-10-02,3,2
164207,5594,494,2023-12-03,4,0
164216,1137,575,2023-10-12,3,0
164217,8435,551,2023-01-12,1,0
164225,4490,348,2023-04-03,1,5
164227,1119,209,2023-03-05,1,15
164229,1065,238,2023-05-02,5,5
164230,8882,511,2023-04-09,1,10
164233,4537,193,2023-10-11,1,15
164236,9316,269,2023-03-06,1,0
164240,7638,297,2023-10-11,2,5
164260,1358,182,2023-07-04,2,5
164266,7393,344,2023-09-12,1,0
164268,7387,401,2023-01-01,1,15
164270,1672,527,2023-10-09,2,0
164275,7696,132,2023-04-09,2,15
164281,2605,414,2023-11-11,5,0
164288,4455,486,2023-02-07,2,0
164293,9681,208,2023-06-09,4,10
164299,8444,322,2023-04-03,1,5
164308,6746,236,2023-10-09,1,5
164311,5253,240,2023-03-12,1,0
164312,7600,296,2023-12-02,5,20
164315,161,529,2023-06-05,1,0
164318,6258,477,2023-04-03,2,0
164327,6488,190,2023-04-11,1,0
164330,5981,192,2023-12-03,1,0
164338,977,564,2023-01-05,1,10
164343,744,305,2023-09-07,4,0
164360,1334,281,2023-11-08,1,0
164363,4886,288,2023-08-04,2,0
164365,8442,212,2023-08-09,1,20
164380,7227,383,2023-03-09,3,0
164392,1498,131,2023-06-11,1,5
164404,1278,130,2023-09-01,2,10
164407,6030,176,2023-03-07,2,0
164408,4098,400,2023-08-02,4,2
164418,7209,557,2023-07-05,1,2
164419,1969,387,2023-02-11,1,5
164420,8401,110,2023-02-08,4,0
164422,2121,456,2023-04-02,4,0
164428,3999,407,2023-07-02,1,0
164430,9270,345,2023-06-05,1,0
164443,4880,573,2023-12-01,3,2
164454,6018,417,2023-07-09,2,5
164461,1626,311,2023-08-12,3,5
164463,1911,573,2023-05-07,4,0
164477,7950,508,2023-04-12,1,0
164482,2122,154,2023-10-09,2,5
164492,1874,443,2023-04-08,3,5
164494,7380,267,2023-01-09,3,0
164499,466,312,2023-10-01,1,10
164508,1930,156,2023-07-10,1,0
164514,6123,339,2023-08-06,1,0
164516,4935,149,2023-08-02,1,0
164521,6878,184,2023-08-04,2,0
164529,5835,470,2023-06-05,3,10
164560,2522,270,2023-10-06,3,5
164566,5667,338,2023-12-08,3,2
164568,6188,290,2023-10-08,4,5
164570,4661,233,2023-07-01,1,2
164575,9376,255,2023-08-12,1,10
164586,6367,445,2023-11-01,3,0
164593,3992,497,2023-02-06,3,0
164608,2139,125,2023-12-09,2,0
164610,3859,216,2023-09-01,2,10
164614,8220,146,2023-06-10,2,0
164615,6688,419,2023-05-02,1,15
164618,9096,174,2023-02-10,2,5
164619,2578,122,2023-09-02,2,0
164623,8918,109,2023-04-07,1,2
164634,7849,264,2023-08-02,1,15
164637,8774,396,2023-02-12,1,0
164639,429,346,2023-05-03,2,0
164649,7770,336,2023-09-08,2,2
164651,8788,521,2023-03-11,4,0
164659,4801,542,2023-03-03,1,15
164661,3224,120,2023-07-02,3,5
164679,5950,162,2023-04-04,1,0
164682,176,233,2023-06-06,2,0
164698,7369,391,2023-01-01,4,0
164700,7005,356,2023-11-03,3,15
164702,8342,566,2023-10-07,2,0
164712,5429,214,2023-10-03,1,0
164716,2096,450,2023-03-12,1,0
164741,9723,443,2023-12-08,1,0
164752,5130,246,2023-07-08,2,10
164754,551,287,2023-02-09,2,10
164756,8576,337,2023-02-09,1,0
164757,7002,545,2023-01-02,2,5
164759,5780,564,2023-11-02,1,5
164763,1650,172,2023-09-07,1,5
164770,957,332,2023-01-07,2,5
164773,2281,199,2023-04-08,1,2
164778,4490,389,2023-02-11,3,0
164790,986,163,2023-08-12,2,2
164796,3504,479,2023-12-08,1,0
164800,8306,396,2023-09-11,2,2
164812,357,458,2023-10-01,1,15
164813,9994,185,2023-02-06,3,5
164815,6716,564,2023-06-02,1,0
164821,840,164,2023-01-03,3,5
164822,843,481,2023-10-02,2,0
164824,4674,141,2023-05-12,1,2
164838,8540,582,2023-03-05,4,0
164854,8527,104,2023-04-08,1,0
164865,4584,203,2023-06-08,3,2
164867,455,318,2023-04-07,3,10
164868,9526,344,2023-06-02,3,0
164871,565,375,2023-05-11,1,0
164880,8882,212,2023-02-01,1,0
164884,1981,415,2023-09-10,2,20
164885,4907,278,2023-08-05,4,0
164900,2062,102,2023-10-05,3,10
164902,9410,348,2023-02-07,3,0
164915,9348,297,2023-05-05,3,0
164916,5140,486,2023-06-10,4,0
164917,3159,122,2023-10-03,3,0
164924,1901,153,2023-07-02,4,0
164927,6515,123,2023-01-02,1,0
164930,3109,163,2023-06-04,2,0
164932,4286,569,2023-05-05,1,0
164936,5178,164,2023-03-02,2,5
164937,1900,452,2023-04-03,3,0
164938,116,109,2023-06-12,1,0
164940,8447,439,2023-12-01,2,0
164949,1840,396,2023-02-09,1,10
164955,9333,257,2023-10-03,2,0
164958,5536,461,2023-04-02,3,10
164962,6523,320,2023-08-12,1,5
164967,9284,325,2023-01-06,1,0
164990,8617,538,2023-06-04,1,0
164992,6596,493,2023-02-09,2,10
164994,3087,182,2023-04-08,1,0
165003,2269,407,2023-03-10,2,5
165011,5567,317,2023-09-10,1,5
165020,7168,266,2023-03-02,2,2
165028,4525,302,2023-04-08,5,0
165029,8641,150,2023-01-03,1,0
165033,6666,144,2023-01-12,2,2
165041,742,276,2023-04-09,3,0
165044,1815,231,2023-05-08,1,0
165054,2302,158,2023-09-07,3,0
165056,1047,497,2023-08-05,3,5
165067,712,225,2023-12-10,1,2
165073,6852,592,2023-06-02,2,10
165075,4539,127,2023-11-04,1,5
165076,4867,337,2023-07-01,3,15
165109,631,306,2023-12-05,3,10
165114,7948,358,2023-10-05,1,0
165115,2648,464,2023-09-06,2,0
165124,5702,486,2023-07-05,5,15
165133,6320,242,2023-04-06,2,0
165145,7992,104,2023-05-08,2,0
165164,1550,171,2023-09-02,4,0
165174,7677,118,2023-10-01,4,0
165183,2335,354,2023-05-10,2,2
165187,3959,131,2023-12-05,1,0
165190,585,267,2023-06-11,2,0
165195,6704,270,2023-12-08,2,0
165216,3947,392,2023-08-10,2,5
165240,6910,321,2023-06-10,1,0
165247,2336,531,2023-06-11,4,0
165250,4864,298,2023-02-03,2,2
165251,669,374,2023-11-06,4,0
165274,2804,273,2023-02-11,1,0
165276,5681,558,2023-04-08,2,0
165282,3292,248,2023-05-09,1,0
165283,7955,107,2023-01-05,3,0
165299,3502,195,2023-07-10,1,0
165301,2436,224,2023-03-11,1,0
165302,6770,224,2023-07-11,4,2
165309,4475,398,2023-05-04,1,0
165315,5099,473,2023-08-07,1,2
165318,1806,154,2023-09-04,1,0
165326,9708,404,2023-09-05,1,0
165330,7739,174,2023-05-11,2,5
165335,2436,250,2023-05-03,2,0
165344,8701,544,2023-01-01,1,2
165346,5385,212,2023-05-05,2,5
165348,9086,557,2023-04-11,2,2
165359,6058,154,2023-08-02,2,2
165365,4368,245,2023-04-04,2,0
165366,1509,526,2023-04-03,3,2
165380,2982,380,2023-05-11,4,0
165387,1426,205,2023-07-05,2,2
165393,2633,151,2023-07-02,1,0
165394,7600,163,2023-11-02,1,0
165399,4372,508,2023-09-04,1,10
165421,4320,216,2023-11-06,2,0
165423,8475,313,2023-11-04,3,0
165429,8453,444,2023-06-10,1,2
165430,9505,175,2023-11-02,1,10
165436,9306,391,2023-05-02,1,0
165449,3558,464,2023-10-12,3,0
165452,9130,382,2023-07-04,1,0
165454,5940,155,2023-08-02,1,0
165477,6657,227,2023-01-09,4,10
165481,7640,486,2023-11-10,3,2
165485,5856,357,2023-04-06,1,0
165486,6231,328,2023-02-05,1,0
165493,5102,427,2023-08-07,3,2
165495,412,348,2023-03-03,1,0
165498,6538,401,2023-01-11,1,0
165509,5706,193,2023-12-12,4,0
165511,7857,329,2023-07-12,5,0
165517,5524,154,2023-09-02,1,5
165520,7237,245,2023-03-07,1,0
165529,6922,147,2023-03-12,5,2
165539,4676,266,2023-06-08,2,0
165545,4170,350,2023-12-06,2,2
165557,5242,159,2023-02-08,1,0
165563,6686,296,2023-04-09,5,0
165564,9508,411,2023-11-08,1,5
165567,120,190,2023-11-08,2,2
165593,4087,513,2023-02-06,4,0
165603,425,483,2023-06-05,2,5
165605,2673,221,2023-05-05,3,15
165608,1882,558,2023-01-04,2,0
165609,839,579,2023-05-01,1,0
165615,1304,423,2023-11-10,1,5
165620,5231,315,2023-09-04,1,2
165632,5885,231,2023-08-05,3,0
165633,3565,108,2023-05-11,1,5
165635,391,218,2023-01-11,1,5
165643,240,481,2023-12-04,3,0
165646,8906,119,2023-07-01,5,20
165654,5536,397,2023-03-04,2,0
165657,8705,543,2023-01-05,2,2
165666,4765,177,2023-07-04,1,0
165669,1687,475,2023-05-09,2,0
165672,5555,374,2023-11-04,3,0
165678,7130,503,2023-03-02,1,5
165679,9785,475,2023-10-10,2,0
165682,8992,217,2023-06-04,4,5
165698,5135,260,2023-03-09,5,5
165706,3703,143,2023-06-05,1,15
165711,1207,354,2023-01-07,1,0
165721,1283,348,2023-11-11,1,0
165731,7167,525,2023-07-05,1,5
165734,3152,548,2023-10-02,2,0
165740,1391,216,2023-02-10,3,0
165741,72,197,2023-08-02,3,0
165744,5689,587,2023-09-04,1,0
165746,7007,592,2023-03-04,5,0
165753,5792,407,2023-09-08,1,5
165759,7145,451,2023-08-07,1,10
165764,5809,110,2023-10-02,1,2
165765,205,273,2023-04-12,1,0
165778,9696,539,2023-11-08,4,5
165781,8823,295,2023-09-05,1,0
165800,9521,517,2023-08-11,3,0
165810,4567,288,2023-09-09,1,0
165823,5399,357,2023-03-03,1,0
165829,3746,466,2023-09-09,1,2
165840,6590,224,2023-03-07,2,2
165841,3654,531,2023-12-12,2,2
165844,8913,383,2023-11-03,3,0
165845,1631,492,2023-01-04,2,0
165846,3406,553,2023-06-02,1,0
165848,4256,281,2023-09-11,1,5
165854,486,277,2023-04-09,1,0
165862,2192,247,2023-07-09,2,5
165864,3936,220,2023-04-05,1,0
165867,7298,312,2023-12-09,1,0
165890,1962,448,2023-09-12,1,0
165894,7918,291,2023-03-07,5,0
165905,8722,600,2023-12-02,4,5
165916,8547,183,2023-03-11,1,0
165918,7441,328,2023-05-09,5,0
165922,7151,521,2023-09-12,5,2
165925,6361,476,2023-10-06,1,0
165929,4878,512,2023-01-05,3,10
165939,3829,380,2023-12-07,1,0
165944,551,259,2023-06-12,3,0
165945,8726,196,2023-12-11,2,0
165946,1542,363,2023-09-03,4,0
165947,6767,328,2023-12-10,1,0
165957,2391,344,2023-03-09,1,0
165969,1374,195,2023-04-05,1,0
165978,7710,265,2023-04-05,4,0
165983,8179,306,2023-04-09,1,0
165989,1349,238,2023-03-10,1,0
165992,1187,333,2023-03-03,2,0
165998,2079,233,2023-07-04,1,0
166001,6840,538,2023-04-12,4,0
166009,5753,463,2023-01-07,2,5
166018,3482,300,2023-10-06,1,0
166031,4743,170,2023-12-10,1,5
166036,4276,180,2023-06-05,1,10
166038,8548,350,2023-08-10,2,10
166044,5977,380,2023-12-04,2,0
166051,4895,169,2023-06-08,1,5
166058,56,477,2023-10-06,4,0
166070,2554,221,2023-08-12,5,10
166098,1620,528,2023-07-01,2,0
166105,1820,371,2023-12-12,1,0
166114,1156,567,2023-02-06,1,0
166120,11,272,2023-07-02,1,10
166126,259,189,2023-03-02,1,0
166132,6432,345,2023-08-01,3,0
166137,8401,243,2023-01-04,3,0
166138,6959,234,2023-05-10,3,2
166165,8837,354,2023-12-04,4,0
166168,9879,481,2023-09-01,3,0
166169,5757,439,2023-08-10,4,0
166170,9871,431,2023-11-06,2,0
166177,5010,360,2023-11-04,2,2
166185,6970,546,2023-06-09,1,0
166196,4978,336,2023-11-11,1,0
166200,1701,111,2023-03-11,1,0
166211,56,543,2023-06-11,2,10
166212,9202,537,2023-12-06,2,0
166213,431,271,2023-07-06,1,5
166214,489,135,2023-09-10,1,2
166225,3165,552,2023-05-03,1,0
166226,1641,117,2023-09-04,2,2
166233,7836,288,2023-10-09,4,2
166235,1933,122,2023-03-11,5,0
166236,2585,558,2023-07-03,3,0
166237,9612,484,2023-08-11,1,10
166242,7773,152,2023-07-12,1,0
166263,4323,515,2023-09-02,2,0
166268,246,573,2023-04-01,1,5
166270,8861,352,2023-04-12,2,5
166286,5333,174,2023-11-06,4,5
166293,190,307,2023-09-08,1,10
166297,6595,551,2023-12-01,3,2
166304,4053,528,2023-03-09,1,0
166305,3212,269,2023-08-02,3,5
166307,10,118,2023-12-08,1,0
166312,803,431,2023-11-09,2,0
166315,7148,104,2023-01-06,3,0
166321,5385,252,2023-03-08,2,0
166324,2105,506,2023-05-05,2,0
166332,5002,385,2023-12-12,3,0
166346,669,376,2023-01-04,1,0
166358,7148,478,2023-11-04,3,10
166359,446,167,2023-07-04,1,15
166374,8627,443,2023-09-05,3,0
166375,2735,493,2023-11-02,1,5
166378,7525,410,2023-11-08,3,15
166379,9390,107,2023-05-05,1,15
166395,3725,496,2023-12-01,1,0
166411,1101,146,2023-04-12,2,0
166413,3204,382,2023-01-10,2,0
166432,3125,452,2023-03-09,3,5
166433,8873,128,2023-03-07,4,5
166435,3164,328,2023-05-04,1,5
166437,1698,256,2023-10-04,3,0
166438,3324,534,2023-04-10,3,0
166452,4647,523,2023-05-08,3,20
166456,8299,455,2023-10-01,3,0
166482,9394,400,2023-05-01,1,0
166487,1631,472,2023-02-10,1,15
166493,5093,300,2023-08-12,2,0
166503,5177,331,2023-12-09,2,0
166508,7972,412,2023-08-11,2,0
166510,7820,451,2023-02-03,1,0
166519,5973,414,2023-12-03,5,2
166533,2279,525,2023-04-07,1,0
166540,7676,316,2023-02-05,3,0
166544,4139,297,2023-03-10,1,0
166546,3492,383,2023-02-12,3,0
166549,6629,361,2023-08-01,3,2
166564,2010,183,2023-01-03,3,0
166572,8812,116,2023-07-12,1,0
166577,5031,467,2023-12-07,3,0
166579,2649,592,2023-04-09,3,5
166586,1531,256,2023-03-02,2,2
166600,5515,195,2023-05-08,1,2
166604,8852,179,2023-08-04,1,0
166606,2216,585,2023-02-10,2,0
166635,6934,374,2023-05-10,3,2
166645,2714,125,2023-10-11,1,0
166651,3316,416,2023-04-11,2,15
166667,5000,201,2023-12-09,2,0
166673,2746,152,2023-04-02,1,0
166691,9079,203,2023-07-07,1,0
166695,7296,586,2023-05-12,2,0
166703,1183,321,2023-04-12,1,10
166711,6847,397,2023-08-03,3,0
166716,920,290,2023-05-04,2,0
166725,4531,380,2023-03-07,2,0
166730,2452,262,2023-10-11,1,5
166734,7300,520,2023-03-05,3,5
166745,4623,312,2023-02-03,1,10
166750,5530,432,2023-02-05,1,0
166757,2160,252,2023-08-02,3,0
166758,6166,129,2023-11-09,1,0
166761,3725,327,2023-09-01,1,0
166762,229,243,2023-10-06,1,10
166764,8761,395,2023-06-09,2,15
166785,9219,480,2023-06-05,3,0
166788,9629,421,2023-12-10,1,0
166793,9270,385,2023-12-11,1,0
166799,6034,377,2023-08-06,1,0
166802,5982,122,2023-12-06,1,5
166807,2049,205,2023-04-09,1,15
166818,5796,569,2023-08-10,1,0
166842,779,437,2023-03-01,1,0
166845,9112,188,2023-10-05,3,0
166852,9640,577,2023-12-06,3,0
166853,4179,566,2023-04-04,1,2
166855,5642,142,2023-04-10,1,2
166857,4610,143,2023-08-04,1,0
166870,4779,182,2023-04-05,1,5
166871,2176,430,2023-03-01,2,15
166882,5429,367,2023-08-04,1,2
166889,7079,561,2023-11-06,1,15
166899,1515,255,2023-09-07,1,0
166904,186,218,2023-07-03,2,2
166918,5681,551,2023-03-01,4,5
166924,4827,600,2023-06-12,1,0
166925,5820,327,2023-07-09,3,0
166930,7234,486,2023-11-10,1,0
166941,6241,266,2023-12-06,1,0
166962,1235,312,2023-04-10,4,5
166968,718,281,2023-07-10,1,0
166973,5104,583,2023-02-10,2,0
166975,5594,127,2023-07-04,1,5
166977,4536,299,2023-01-11,4,0
166978,9046,462,2023-04-09,1,2
166981,9410,162,2023-08-11,2,5
166983,517,476,2023-07-05,1,2
166992,2321,108,2023-11-06,2,0
167001,8527,127,2023-05-12,1,10
167007,1281,496,2023-10-03,1,5
167010,4179,517,2023-08-02,1,0
167011,9997,301,2023-06-01,1,15
167013,9846,559,2023-11-09,4,0
167015,889,573,2023-12-04,5,0
167016,2345,375,2023-06-08,3,5
167017,7141,156,2023-04-06,2,0
167018,5580,442,2023-08-09,3,0
167020,4477,358,2023-05-05,1,5
167021,3680,446,2023-11-08,2,5
167025,1404,515,2023-01-05,3,0
167036,4641,335,2023-07-03,3,5
167037,7926,369,2023-07-07,2,0
167044,5928,544,2023-10-04,4,0
167057,8917,529,2023-09-12,3,0
167063,754,197,2023-10-02,3,2
167070,4174,502,2023-10-06,4,15
167075,1401,325,2023-06-02,5,5
167079,1167,466,2023-12-12,1,0
167085,2426,296,2023-04-02,1,2
167086,3925,165,2023-10-06,1,15
167091,4368,355,2023-06-02,1,2
167101,916,520,2023-12-11,1,2
167110,9613,329,2023-08-06,1,5
167116,9396,293,2023-11-01,1,0
167124,1061,204,2023-08-03,1,0
167132,6900,590,2023-07-02,1,0
167138,4210,447,2023-10-11,1,5
167152,4757,501,2023-07-04,1,0
167157,7102,158,2023-10-07,1,0
167162,5789,325,2023-11-01,1,0
167163,3597,363,2023-07-06,1,0
167165,5773,330,2023-07-10,1,0
167166,8981,552,2023-02-05,3,5
167180,3426,173,2023-02-09,1,0
167190,2449,263,2023-01-11,3,0
167200,5343,503,2023-05-05,2,0
167203,341,468,2023-05-11,2,0
167206,7512,307,2023-01-02,1,0
167208,176,154,2023-08-12,3,2
167210,9130,344,2023-03-09,1,10
167217,565,166,2023-03-05,2,2
167224,9751,484,2023-03-09,4,0
167226,5973,503,2023-04-01,3,5
167234,1261,573,2023-03-02,2,2
167237,7196,107,2023-05-08,2,5
167244,5752,251,2023-03-11,3,0
167248,4317,368,2023-04-11,2,10
167250,6044,499,2023-02-03,1,0
167258,9,448,2023-01-12,4,0
167266,8584,567,2023-12-11,4,2
167267,544,409,2023-09-08,3,2
167276,8335,122,2023-04-07,2,2
167288,3877,263,2023-03-12,1,0
167290,4256,396,2023-02-08,5,0
167293,2776,518,2023-08-07,1,0
167304,4734,532,2023-10-02,2,0
167305,2100,263,2023-03-05,1,10
167307,8919,192,2023-05-01,1,0
167312,7602,247,2023-08-02,2,0
167319,9550,563,2023-01-08,2,2
167331,7298,193,2023-01-12,1,15
167333,5174,195,2023-11-12,2,5
167335,2244,421,2023-01-04,2,0
167336,2148,195,2023-07-05,1,10
167347,6847,106,2023-01-12,4,5
167348,8766,465,2023-03-02,3,0
167352,4240,382,2023-01-10,3,5
167355,730,329,2023-07-05,1,5
167366,4178,254,2023-05-04,2,0
167375,9904,413,2023-01-11,2,0
167383,8817,453,2023-05-02,2,15
167387,2385,489,2023-05-06,1,0
167388,2091,568,2023-08-07,3,0
167400,6952,497,2023-02-03,1,2
167415,5627,476,2023-05-10,3,2
167437,9964,324,2023-11-07,1,15
167442,7308,343,2023-12-05,1,0
167454,9975,220,2023-10-01,2,2
167458,9422,334,2023-01-12,1,0
167473,7950,506,2023-02-07,5,0
167489,5233,398,2023-09-04,1,0
167490,86,213,2023-12-07,1,0
167492,6368,132,2023-02-07,1,10
167504,6704,444,2023-09-12,2,15
167505,2618,208,2023-11-11,3,10
167537,8178,400,2023-03-07,1,0
167539,10,331,2023-03-03,5,10
167547,3557,454,2023-02-06,1,0
167548,6767,209,2023-04-10,2,0
167559,6970,143,2023-12-12,1,0
167563,3548,449,2023-05-11,1,5
167565,3173,553,2023-07-04,3,10
167566,8434,279,2023-04-07,1,0
167573,6546,157,2023-12-02,2,2
167577,446,125,2023-04-05,1,0
167589,8913,465,2023-10-11,2,0
167594,3293,343,2023-02-11,1,0
167599,5682,453,2023-06-03,1,0
167611,1885,157,2023-07-08,2,0
167615,2928,365,2023-08-07,1,0
167619,5856,600,2023-07-02,3,2
167620,8996,315,2023-04-12,1,0
167631,2766,598,2023-06-03,3,0
167641,9541,466,2023-01-05,1,0
167644,8771,159,2023-10-07,2,0
167645,6067,365,2023-10-03,1,0
167646,2775,138,2023-04-04,3,0
167648,9094,517,2023-12-07,1,2
167650,9378,507,2023-12-01,1,10
167652,3501,523,2023-06-04,1,0
167663,1243,151,2023-07-08,1,2
167664,147,448,2023-03-11,2,0
167669,6584,230,2023-01-02,5,0
167671,6523,194,2023-09-10,5,0
167706,5053,236,2023-02-01,3,15
167708,1751,114,2023-08-03,1,5
167710,8659,459,2023-03-05,2,2
167712,7008,357,2023-09-05,2,0
167717,368,277,2023-01-08,1,5
167719,6951,505,2023-09-02,2,2
167727,6767,429,2023-04-11,1,0
167732,2313,506,2023-01-08,4,0
167739,3982,445,2023-04-02,3,0
167752,926,218,2023-05-09,4,0
167760,4983,346,2023-06-08,1,5
167767,5016,404,2023-06-05,2,0
167768,7230,198,2023-05-09,3,0
167769,1848,158,2023-10-01,3,15
167779,1325,534,2023-05-01,1,0
167784,2344,296,2023-07-10,3,5
167785,7638,399,2023-08-08,1,5
167787,3333,187,2023-04-11,2,0
167794,1083,411,2023-12-10,2,15
167796,8007,496,2023-05-09,2,2
167797,2701,510,2023-02-04,1,5
167808,2751,597,2023-06-02,1,5
167810,9950,477,2023-03-06,1,15
167811,1919,545,2023-02-08,2,5
167817,8677,514,2023-02-01,1,0
167818,5031,451,2023-11-11,2,0
167823,2376,101,2023-04-04,3,5
167833,3243,463,2023-11-06,2,2
167846,1410,496,2023-02-11,1,10
167867,5186,557,2023-12-02,2,0
167868,4220,460,2023-07-07,2,0
167871,805,591,2023-09-08,1,0
167872,2142,553,2023-03-09,3,0
167876,5642,332,2023-02-12,3,20
167881,9243,121,2023-03-12,2,0
167883,182,347,2023-08-06,4,5
167884,3982,527,2023-03-12,3,0
167885,3109,118,2023-08-10,3,10
167891,1611,408,2023-01-05,2,10
167895,8869,308,2023-02-09,1,5
167896,2037,463,2023-08-11,1,15
167902,6088,118,2023-01-06,3,10
167907,4840,239,2023-08-03,1,5
167909,2306,579,2023-07-01,1,0
167911,1079,169,2023-01-11,1,0
167914,1346,334,2023-03-01,3,0
167916,7316,272,2023-11-04,1,2
167924,7521,335,2023-03-05,3,0
167925,4476,507,2023-06-12,3,2
167927,8447,122,2023-11-08,3,2
167931,7405,324,2023-01-03,1,2
167932,2442,372,2023-01-10,1,0
167936,977,383,2023-10-04,2,2
167946,1349,337,2023-12-11,3,10
167947,9027,122,2023-03-06,2,0
167950,8824,317,2023-02-09,1,0
167951,8587,289,2023-11-01,1,5
167959,9359,340,2023-09-03,1,5
167964,6335,327,2023-09-11,2,0
167973,8388,357,2023-01-07,4,2
168012,6876,158,2023-05-06,5,15
168023,2148,492,2023-07-09,2,0
168026,7397,452,2023-03-12,1,0
168030,7605,452,2023-02-08,1,2
168033,4895,115,2023-10-12,1,0
168042,9270,214,2023-02-02,1,0
168045,2779,192,2023-08-09,3,5
168046,4826,290,2023-06-06,3,0
168048,2012,387,2023-06-12,1,0
168069,1651,151,2023-01-02,2,0
168070,5601,451,2023-07-05,2,0
168085,7962,192,2023-11-04,2,5
168087,5639,241,2023-02-03,3,2
168089,98,368,2023-04-10,3,0
168091,4705,210,2023-11-12,4,0
168096,5011,219,2023-07-10,3,0
168116,9892,479,2023-02-05,2,0
168120,2456,336,2023-12-09,3,0
168145,1544,349,2023-07-06,4,10
168148,9945,377,2023-12-08,3,0
168153,6452,396,2023-01-03,3,2
168156,4194,515,2023-07-10,1,15
168157,6227,274,2023-07-04,2,0
168162,9027,509,2023-11-11,3,0
168174,6152,497,2023-11-11,1,0
168185,4389,228,2023-11-10,3,15
168202,2279,466,2023-03-10,2,0
168209,6419,367,2023-07-07,1,0
168211,6916,475,2023-05-02,5,5
168217,8197,503,2023-12-01,3,0
168231,8075,354,2023-01-04,4,5
168240,9009,227,2023-07-07,1,5
168241,420,432,2023-12-09,1,0
168245,2858,586,2023-02-11,1,0
168246,4434,145,2023-02-11,5,0
168248,1045,496,2023-05-04,1,0
168250,5287,461,2023-11-02,1,0
168251,9525,550,2023-03-11,4,5
168254,3533,192,2023-05-02,2,5
168256,7227,405,2023-01-02,1,2
168260,1180,244,2023-12-02,2,5
168261,9893,580,2023-04-04,1,0
168268,8335,358,2023-01-02,1,0
168270,6524,425,2023-07-10,3,0
168282,5699,184,2023-08-07,1,10
168294,9191,279,2023-10-05,5,0
168297,5058,486,2023-08-05,3,0
168299,5510,106,2023-03-04,3,15
168304,9866,396,2023-08-07,2,0
168311,748,550,2023-01-09,1,0
168313,3792,282,2023-05-02,3,0
168315,5702,320,2023-08-04,2,5
168318,306,400,2023-05-10,3,0
168323,8719,118,2023-09-12,2,5
168324,7300,474,2023-08-08,1,0
168329,6419,272,2023-07-04,1,5
168357,3575,285,2023-06-08,3,0
168371,2122,391,2023-09-12,3,0
168373,8584,520,2023-03-03,4,5
168377,8922,578,2023-03-12,1,0
168381,8705,303,2023-12-06,2,0
168383,3086,348,2023-08-11,2,10
168384,2037,441,2023-10-08,1,0
168403,2412,396,2023-07-03,3,10
168409,6629,538,2023-12-10,1,20
168414,1110,384,2023-01-04,2,0
168415,6705,371,2023-09-06,4,0
168429,1863,105,2023-01-11,4,2
168433,9181,452,2023-04-07,1,0
168435,3670,315,2023-04-09,3,10
168447,7419,356,2023-02-05,2,0
168451,4196,127,2023-01-10,1,0
168453,1505,343,2023-05-04,2,0
168459,4381,519,2023-03-02,1,0
168467,7227,223,2023-12-06,2,5
168481,5002,151,2023-11-06,2,0
168483,4396,335,2023-07-07,1,0
168491,9620,106,2023-06-01,4,2
168503,4289,488,2023-02-08,1,0
168505,3947,515,2023-08-01,2,0
168508,4826,118,2023-11-10,2,2
168519,7048,409,2023-10-06,4,2
168523,7950,490,2023-08-04,3,0
168531,6758,132,2023-04-05,2,0
168546,3544,594,2023-08-10,5,20
168547,3152,587,2023-03-05,1,0
168548,4019,372,2023-06-08,3,0
168554,1358,253,2023-12-08,1,10
168563,7393,174,2023-06-07,5,0
168570,4263,368,2023-07-02,1,0
168576,651,530,2023-05-02,2,0
168586,4765,534,2023-04-03,2,0
168598,8612,162,2023-06-07,4,2
168600,8088,212,2023-07-12,2,10
168605,8866,418,2023-11-04,4,0
168606,486,296,2023-12-10,5,0
168614,5564,554,2023-09-12,1,0
168620,6116,249,2023-12-05,2,2
168622,5273,263,2023-01-08,3,2
168623,9243,239,2023-06-08,1,10
168626,7823,207,2023-01-12,2,0
168635,278,498,2023-05-04,1,0
168639,2586,341,2023-08-10,2,10
168640,8159,437,2023-12-04,2,10
168641,6160,136,2023-08-10,1,5
168661,4555,324,2023-02-10,1,0
168663,9479,432,2023-03-01,5,0
168680,5742,194,2023-07-09,3,0
168684,7699,219,2023-01-06,2,5
168688,657,213,2023-06-08,1,2
168691,1267,320,2023-04-04,3,2
168701,8278,262,2023-09-01,4,0
168716,364,186,2023-08-10,4,2
168723,8818,211,2023-05-11,3,10
168730,2789,522,2023-03-04,4,0
168737,8940,497,2023-03-03,3,5
168750,1119,432,2023-02-09,1,0
168756,7409,283,2023-07-10,1,0
168768,6791,413,2023-04-08,1,0
168781,1097,543,2023-02-08,2,0
168783,892,367,2023-05-08,3,2
168793,2515,324,2023-12-06,1,5
168794,9126,450,2023-04-01,1,2
168802,2030,374,2023-02-07,3,0
168816,6916,522,2023-06-02,2,0
168825,707,147,2023-08-03,2,0
168838,3108,446,2023-08-01,2,0
168848,6425,478,2023-11-04,2,5
168851,1061,146,2023-05-06,3,0
168853,8401,112,2023-06-07,1,0
168857,2321,594,2023-05-09,1,0
168862,2613,242,2023-06-07,3,0
168879,7235,587,2023-11-11,1,0
168895,6075,270,2023-06-06,2,5
168909,6234,210,2023-07-08,1,0
168911,5627,429,2023-06-01,2,0
168914,3731,546,2023-09-03,1,0
168921,3128,311,2023-09-10,2,2
168927,1384,253,2023-01-02,1,5
168941,7791,133,2023-08-12,2,10
168942,6634,287,2023-11-06,4,5
168945,8258,341,2023-07-09,1,5
168946,4251,195,2023-09-10,3,0
168949,5813,377,2023-04-01,3,2
168953,5242,454,2023-06-06,3,5
168954,1748,291,2023-02-10,3,10
168961,8896,389,2023-10-07,1,2
168968,1199,106,2023-08-08,1,0
168970,5457,151,2023-11-10,1,5
168976,9668,575,2023-07-07,2,15
168982,9283,600,2023-01-05,1,2
168983,3630,222,2023-10-12,2,0
168989,1128,152,2023-07-12,1,0
168991,9022,493,2023-09-06,1,20
168992,6700,136,2023-01-07,1,0
168994,9950,566,2023-08-11,1,15
168997,7148,228,2023-06-09,1,0
168998,1494,232,2023-03-07,1,0
169008,7290,580,2023-01-08,4,10
169014,3409,239,2023-05-05,2,0
169017,8295,149,2023-12-11,5,2
169024,8283,398,2023-11-10,4,0
169027,67,298,2023-09-07,2,0
169038,7578,206,2023-08-03,2,2
169040,86,141,2023-10-11,3,5
169046,2783,495,2023-08-07,3,10
169052,1761,270,2023-06-04,1,10
169065,9689,479,2023-06-09,3,5
169068,3492,378,2023-08-07,1,0
169069,3374,120,2023-04-02,3,2
169079,3,292,2023-02-04,1,0
169085,4255,559,2023-01-04,2,0
169090,1072,548,2023-02-04,3,0
169091,8525,560,2023-06-05,1,0
169093,3679,202,2023-09-03,3,2
169103,187,559,2023-07-08,1,0
169108,9420,291,2023-10-06,1,0
169116,9188,288,2023-01-08,4,5
169117,6236,456,2023-04-02,3,10
169122,1112,298,2023-10-03,4,0
169128,3136,476,2023-01-03,1,2
169130,3327,574,2023-09-01,3,5
169142,8679,237,2023-07-09,1,2
169143,1828,365,2023-09-06,1,5
169146,1128,368,2023-10-04,2,0
169152,7167,229,2023-02-03,1,0
169153,3788,528,2023-03-06,3,0
169166,6681,119,2023-08-06,2,0
169170,486,264,2023-12-08,3,0
169184,829,487,2023-07-03,2,10
169195,6720,388,2023-10-05,2,2
169200,3153,451,2023-10-12,4,0
169201,8576,206,2023-05-06,3,10
169204,4263,247,2023-06-08,4,0
169207,72,276,2023-07-05,1,0
169210,1601,308,2023-07-06,2,0
169212,6235,471,2023-12-07,3,0
169216,5950,254,2023-01-09,1,0
169225,5569,465,2023-11-10,1,0
169235,1672,445,2023-06-06,1,0
169237,7082,423,2023-02-10,3,0
169238,1569,421,2023-10-06,1,5
169239,3886,153,2023-06-10,1,10
169246,9386,272,2023-09-02,2,0
169251,5125,352,2023-10-02,3,0
169264,5337,348,2023-04-02,2,2
169272,8655,303,2023-03-07,4,2
169278,5741,389,2023-07-05,2,0
169285,1661,232,2023-11-09,1,0
169286,7315,183,2023-12-09,2,0
169300,4208,161,2023-07-08,1,0
169302,824,390,2023-08-08,1,0
169304,4027,544,2023-12-07,2,5
169306,4174,322,2023-02-01,3,0
169312,3479,136,2023-06-09,4,0
169320,3173,519,2023-07-09,4,0
169321,2145,383,2023-06-05,2,0
169323,4359,147,2023-10-06,1,0
169333,6535,465,2023-12-02,3,0
169334,6818,161,2023-09-11,1,0
169345,8365,509,2023-09-04,1,2
169348,829,441,2023-06-04,3,2
169362,3893,354,2023-07-09,1,5
169363,5430,188,2023-07-11,1,10
169368,602,364,2023-08-06,2,0
169376,8652,511,2023-07-08,1,0
169387,4981,482,2023-05-02,2,2
169391,6501,248,2023-05-01,2,15
169395,2520,538,2023-08-09,1,0
169397,5058,542,2023-04-05,1,2
169401,6302,164,2023-01-09,1,0
169409,1139,509,2023-06-12,3,5
169411,8138,433,2023-08-09,4,10
169430,4910,458,2023-07-02,2,0
169436,4938,109,2023-03-04,1,10
169444,5217,417,2023-01-11,1,0
169453,3247,394,2023-11-06,1,2
169455,7878,313,2023-05-02,1,5
169456,5381,466,2023-08-11,1,0
169464,1606,476,2023-01-10,4,0
169477,3269,508,2023-10-07,3,0
169484,4244,598,2023-09-09,3,0
169485,5499,456,2023-08-01,1,0
169487,7145,592,2023-03-09,3,10
169495,2048,184,2023-07-04,2,2
169497,1966,529,2023-04-11,2,0
169500,3362,594,2023-04-11,2,20
169501,60,349,2023-04-04,1,5
169505,5062,351,2023-12-10,2,0
169507,9811,269,2023-10-10,5,2
169518,8674,517,2023-12-11,4,0
169519,8482,440,2023-12-08,2,5
169522,9859,464,2023-10-01,1,2
169525,1837,516,2023-10-03,1,0
169529,572,463,2023-08-08,1,2
169534,5218,224,2023-10-10,2,20
169536,7580,264,2023-12-07,1,2
169539,6651,295,2023-09-07,3,0
169545,3840,434,2023-04-03,5,0
169569,838,142,2023-09-01,2,2
169575,1444,201,2023-01-11,2,0
169578,9120,284,2023-10-06,1,20
169585,4271,136,2023-01-05,1,5
169587,8996,409,2023-12-06,2,2
169594,2018,195,2023-04-04,5,0
169598,9394,304,2023-07-02,1,5
169599,3442,521,2023-08-05,1,0
169614,5213,406,2023-09-09,3,2
169615,8602,361,2023-04-02,2,10
169618,2037,177,2023-01-03,1,0
169620,3583,230,2023-05-02,4,10
169636,4994,591,2023-12-05,2,2
169646,5344,410,2023-09-10,1,0
169650,5578,424,2023-11-09,1,0
169662,7696,135,2023-08-02,5,5
169665,8179,568,2023-01-04,1,5
169668,7070,588,2023-09-01,2,0
169681,6970,212,2023-12-03,4,10
169682,8852,389,2023-03-06,3,0
169686,7665,348,2023-03-05,1,5
169690,6917,189,2023-08-10,3,0
169696,6725,485,2023-10-10,5,2
169702,1828,261,2023-05-05,1,0
169710,578,481,2023-08-01,3,0
169715,9696,447,2023-07-03,1,10
169717,9535,590,2023-11-08,3,5
169726,3885,518,2023-08-06,5,0
169729,6989,564,2023-12-10,1,2
169732,1688,576,2023-09-09,3,2
169738,2248,372,2023-05-11,1,0
169740,795,489,2023-01-08,3,10
169743,4873,515,2023-08-11,3,0
169744,6323,534,2023-07-09,4,0
169752,5909,417,2023-02-02,1,10
169769,8389,469,2023-05-08,1,10
169773,6998,410,2023-01-03,1,0
169777,3703,493,2023-11-06,2,0
169783,6068,197,2023-10-09,2,5
169787,7827,587,2023-04-06,4,2
169794,2649,539,2023-11-12,1,2
169798,3500,178,2023-12-02,2,0
169801,3733,418,2023-09-11,2,10
169803,1019,393,2023-12-12,2,2
169804,2414,136,2023-09-08,3,5
169811,4051,536,2023-04-08,2,10
169818,8919,264,2023-09-04,4,0
169821,9333,508,2023-03-09,3,0
169825,3484,574,2023-11-07,2,0
169826,6419,333,2023-08-05,1,0
169831,1013,204,2023-07-09,3,5
169832,1572,159,2023-02-06,3,0
169840,8656,477,2023-09-01,1,0
169844,5267,600,2023-11-03,2,0
169867,9420,237,2023-01-01,2,0
169876,4725,324,2023-06-01,2,2
169880,5726,259,2023-09-11,1,0
169896,1985,383,2023-12-06,2,10
169897,4647,507,2023-04-11,4,5
169902,3965,567,2023-12-04,2,5
169904,910,227,2023-05-12,3,15
169924,8709,391,2023-01-11,2,0
169932,9262,244,2023-01-03,2,5
169941,7558,445,2023-10-08,3,0
169946,1140,570,2023-07-06,3,0
169955,4165,336,2023-06-05,1,15
169956,9366,277,2023-04-05,1,2
169958,5402,273,2023-02-05,3,0
169965,5977,306,2023-11-07,1,5
169967,775,510,2023-10-09,3,0
169978,8905,584,2023-10-04,4,5
169985,4372,563,2023-12-02,3,0
169995,6031,378,2023-12-07,1,0
169997,3917,249,2023-04-10,1,5
170000,4269,499,2023-02-10,1,2
170003,6881,419,2023-10-11,2,0
170006,2454,472,2023-02-08,1,0
170009,1283,195,2023-01-01,5,0
170015,2148,508,2023-07-10,1,0
170018,9812,154,2023-10-12,4,2
170028,4290,265,2023-04-02,2,0
170030,7572,103,2023-07-08,1,0
170041,7402,221,2023-10-03,1,2
170043,8035,480,2023-11-08,1,0
170045,2807,112,2023-01-06,4,15
170051,6083,532,2023-01-08,2,0
170056,2203,251,2023-06-05,1,0
170065,5087,255,2023-08-01,5,0
170072,8138,343,2023-10-04,2,5
170074,1020,152,2023-01-02,1,10
170076,7860,362,2023-07-05,2,0
170078,1852,450,2023-12-10,3,0
170083,5987,140,2023-06-05,1,0
170086,6328,509,2023-08-04,5,5
170091,1305,563,2023-04-01,1,0
170093,1751,589,2023-01-09,3,10
170096,6543,414,2023-03-05,3,5
170099,7908,388,2023-06-11,1,0
170104,1333,593,2023-09-06,3,2
170107,85,584,2023-12-05,4,0
170121,8944,397,2023-03-09,2,0
170123,9354,558,2023-11-02,3,5
170133,9056,306,2023-07-06,1,2
170137,1407,402,2023-03-04,2,15
170167,2704,127,2023-06-03,1,0
170177,2691,301,2023-08-03,2,5
170188,3069,311,2023-10-11,3,2
170190,5701,259,2023-09-04,1,0
170193,5599,360,2023-07-07,1,0
170195,2872,227,2023-06-06,1,15
170196,8493,435,2023-05-05,2,0
170200,9295,562,2023-06-05,1,2
170201,3957,117,2023-02-05,1,0
170207,7330,259,2023-06-12,1,5
170211,8700,392,2023-08-05,4,15
170215,4276,381,2023-03-04,3,0
170217,8593,365,2023-06-12,1,0
170219,2436,110,2023-06-01,1,2
170236,6548,192,2023-01-09,1,2
170237,8983,462,2023-11-09,3,2
170243,8948,590,2023-10-10,3,0
170258,6241,320,2023-06-12,2,5
170262,3904,572,2023-01-07,3,0
170263,4827,437,2023-03-11,2,0
170264,1530,172,2023-12-11,1,10
170273,2456,385,2023-11-04,1,0
170276,3213,184,2023-08-03,1,10
170281,8421,467,2023-08-03,1,0
170283,4051,581,2023-02-04,1,5
170291,973,254,2023-05-11,3,5
170303,9654,579,2023-08-02,1,0
170333,3930,113,2023-02-07,1,0
170334,1311,583,2023-07-09,1,0
170338,7227,582,2023-03-02,2,0
170340,7959,316,2023-08-02,2,5
170341,4270,566,2023-04-08,1,5
170342,9793,496,2023-02-03,2,0
170348,7822,190,2023-03-08,2,0
170351,2857,217,2023-03-08,2,0
170352,1709,467,2023-09-02,1,5
170368,4240,424,2023-09-01,2,15
170381,6588,101,2023-10-05,1,0
170388,6960,205,2023-06-10,1,10
170389,4297,326,2023-12-06,1,15
170398,5167,557,2023-06-11,3,2
170399,1119,195,2023-10-07,3,2
170401,618,572,2023-06-07,5,2
170402,1279,209,2023-04-05,3,5
170407,2017,377,2023-03-04,1,0
170408,861,146,2023-04-09,1,2
170409,7620,357,2023-02-08,3,5
170425,1345,443,2023-02-12,3,15
170429,3324,117,2023-11-01,4,5
170431,412,289,2023-11-05,1,0
170441,2516,423,2023-01-04,1,0
170449,3338,115,2023-07-06,2,0
170452,1240,367,2023-07-09,3,2
170460,2219,285,2023-08-02,2,0
170469,4255,418,2023-03-01,3,5
170474,1189,478,2023-03-03,3,0
170500,6952,389,2023-05-09,1,0
170517,6431,124,2023-12-12,1,2
170518,6372,314,2023-07-07,1,5
170526,4485,104,2023-09-02,2,0
170528,4168,263,2023-06-03,3,0
170535,3124,520,2023-01-03,2,0
170557,6110,167,2023-11-02,1,2
170563,2079,531,2023-06-07,5,10
170565,6635,511,2023-01-05,1,5
170571,1164,326,2023-05-09,2,0
170578,9844,464,2023-03-02,1,0
170581,6172,428,2023-06-02,2,0
170600,6815,587,2023-10-11,4,15
170601,3574,125,2023-02-01,1,10
170602,7080,467,2023-06-05,1,0
170611,3820,144,2023-04-05,1,2
170612,3231,422,2023-09-11,2,0
170615,6827,491,2023-01-10,2,0
170616,4676,426,2023-06-03,3,0
170618,1038,380,2023-01-07,1,10
170620,9888,469,2023-04-07,2,0
170626,6368,529,2023-10-03,1,0
170644,8115,461,2023-07-11,2,2
170647,5464,531,2023-02-09,3,0
170648,9852,469,2023-03-03,2,0
170655,3366,179,2023-10-08,1,5
170663,2079,245,2023-06-11,1,0
170664,9686,137,2023-09-09,1,0
170667,8497,181,2023-05-02,2,0
170670,4027,321,2023-03-11,1,0
170675,6634,303,2023-05-01,1,0
170683,2995,284,2023-01-05,1,2
170685,9949,137,2023-05-10,2,0
170688,3311,358,2023-04-06,1,0
170691,5549,431,2023-06-07,1,5
170693,3501,579,2023-08-12,1,0
170696,1198,511,2023-04-01,1,0
170713,2899,486,2023-04-12,4,0
170728,6165,430,2023-05-03,1,0
170739,6198,316,2023-11-10,3,0
170741,2169,460,2023-03-05,1,0
170745,829,117,2023-09-06,3,0
170748,1127,374,2023-03-10,1,0
170750,9280,579,2023-03-04,3,0
170758,7719,120,2023-11-05,1,2
170762,4290,257,2023-05-05,3,0
170771,7847,102,2023-03-04,4,0
170780,5576,306,2023-06-12,3,2
170808,8357,364,2023-03-09,3,2
170810,4292,414,2023-03-08,1,0
170819,7126,160,2023-11-08,1,0
170821,6488,499,2023-04-03,1,0
170831,1644,240,2023-04-07,2,0
170836,8356,298,2023-09-10,1,2
170848,8064,211,2023-06-04,1,10
170852,4496,108,2023-07-12,1,5
170857,8761,323,2023-03-11,1,0
170858,635,424,2023-03-08,1,5
170859,2594,368,2023-09-03,1,0
170869,9765,560,2023-12-05,4,0
170871,120,161,2023-03-08,1,2
170877,5167,330,2023-12-06,1,2
170898,1806,277,2023-01-06,1,5
170910,515,275,2023-10-03,2,2
170914,5701,394,2023-08-05,2,0
170917,1075,433,2023-04-09,2,0
170923,4151,452,2023-01-04,1,0
170927,7226,179,2023-05-04,2,0
170933,4066,561,2023-11-05,1,5
170962,7550,413,2023-09-01,3,5
170969,7487,414,2023-11-03,1,0
170970,1828,529,2023-02-12,1,0
170971,9819,480,2023-01-07,2,0
170993,8066,244,2023-11-08,1,0
170994,8089,136,2023-05-10,2,0
170995,2691,583,2023-05-10,3,0
171001,3486,369,2023-06-02,3,0
171002,2737,176,2023-12-09,2,5
171003,3885,255,2023-02-10,1,0
171008,1815,522,2023-09-07,2,10
171009,1067,557,2023-04-07,2,0
171020,2217,437,2023-05-05,5,10
171021,6509,308,2023-12-09,4,5
171027,5287,372,2023-03-02,1,2
171036,5623,508,2023-06-05,3,0
171049,245,106,2023-09-09,5,2
171058,8516,146,2023-08-04,3,0
171085,2594,543,2023-06-03,3,2
171088,9188,180,2023-11-06,1,15
171116,6661,576,2023-08-04,2,0
171130,4324,558,2023-09-02,1,0
171138,7255,535,2023-02-05,1,5
171153,2841,541,2023-05-05,1,0
171154,6847,508,2023-06-05,1,0
171170,5438,519,2023-10-09,1,0
171173,8262,271,2023-04-12,3,0
171176,754,118,2023-08-02,4,5
171198,1025,147,2023-04-09,3,0
171213,5284,292,2023-06-05,3,5
171214,2003,532,2023-08-10,3,15
171222,5795,203,2023-07-10,4,2
171224,1592,416,2023-10-01,1,0
171229,1985,531,2023-07-07,3,5
171233,5042,462,2023-01-01,3,0
171243,8085,469,2023-01-07,1,0
171256,2678,443,2023-11-03,2,5
171274,8870,406,2023-04-12,4,0
171280,5033,469,2023-09-06,1,2
171283,5471,540,2023-04-07,2,5
171285,6541,413,2023-01-06,4,0
171287,4231,557,2023-09-05,2,0
171293,9202,478,2023-02-01,5,0
171296,1864,597,2023-08-09,2,0
171299,6021,156,2023-05-12,3,0
171301,8283,221,2023-04-01,2,5
171302,1279,329,2023-02-03,1,0
171304,5885,267,2023-10-04,3,0
171307,5472,557,2023-10-02,2,10
171320,9829,549,2023-01-07,1,0
171329,7123,555,2023-07-05,1,0
171354,705,213,2023-03-07,2,2
171371,4063,224,2023-12-03,1,0
171372,2695,317,2023-05-10,4,0
171377,8421,559,2023-01-03,3,10
171378,5771,550,2023-07-04,2,2
171380,5284,274,2023-03-09,1,0
171386,9921,273,2023-07-05,1,10
171402,3788,454,2023-12-12,2,0
171411,5893,136,2023-08-08,4,0
171413,2054,467,2023-11-10,3,5
171417,544,131,2023-02-08,1,10
171421,5626,244,2023-05-10,5,0
171436,8761,503,2023-12-03,1,10
171437,4953,299,2023-11-12,4,2
171462,5602,449,2023-05-07,1,0
171478,8255,176,2023-12-07,2,5
171482,6197,280,2023-03-10,2,20
171485,2448,186,2023-05-04,1,5
171486,3247,439,2023-02-12,1,0
171491,4955,278,2023-05-10,1,0
171493,6690,563,2023-01-08,5,5
171495,5393,422,2023-11-12,3,10
171501,6425,230,2023-06-10,2,0
171510,4942,571,2023-08-07,1,0
171512,9233,318,2023-09-09,1,2
171521,3967,530,2023-08-08,4,0
171526,4453,464,2023-08-11,1,0
171528,267,379,2023-07-07,1,5
171530,2690,132,2023-03-10,1,10
171538,3082,172,2023-06-02,1,5
171539,8541,282,2023-02-01,3,0
171542,5248,127,2023-03-12,3,0
171545,1634,349,2023-12-04,1,0
171565,736,381,2023-12-09,1,2
171574,1727,437,2023-09-12,1,0
171593,6254,485,2023-05-03,1,2
171603,5740,308,2023-09-01,1,0
171610,3548,531,2023-03-12,2,2
171616,6018,328,2023-09-12,5,0
171617,2382,209,2023-06-07,3,0
171618,7068,559,2023-01-10,2,0
171619,5621,354,2023-09-03,4,5
171630,2442,413,2023-11-06,1,0
171637,2297,254,2023-04-05,4,2
171638,7958,295,2023-01-12,4,0
171655,3067,174,2023-02-01,4,0
171656,442,389,2023-08-12,1,0
171670,5624,315,2023-05-05,1,0
171671,6381,478,2023-02-02,3,0
171676,2693,223,2023-03-10,3,0
171689,1820,169,2023-05-01,1,0
171690,5768,587,2023-02-01,5,0
171691,4375,345,2023-07-04,2,10
171712,7836,413,2023-09-02,1,0
171715,2315,145,2023-09-06,1,15
171721,3255,385,2023-08-05,1,0
171729,8912,292,2023-11-10,1,5
171730,6075,137,2023-02-03,1,15
171745,4598,114,2023-02-04,1,5
171749,6948,269,2023-03-10,3,0
171753,5648,473,2023-03-11,2,10
171761,5630,422,2023-08-04,1,0
171764,3348,248,2023-06-09,2,0
171773,4337,121,2023-11-09,3,0
171776,8192,400,2023-04-01,2,0
171782,5164,157,2023-05-09,3,0
171788,3006,525,2023-05-08,1,0
171790,578,443,2023-01-06,4,0
171792,9359,583,2023-05-09,2,10
171798,5215,273,2023-09-11,2,2
171800,5226,472,2023-04-04,4,2
171804,8396,439,2023-03-02,1,2
171805,5904,355,2023-01-03,3,0
171808,1251,108,2023-01-04,4,2
171809,7104,333,2023-08-10,1,0
171817,342,112,2023-11-11,1,2
171820,6299,409,2023-12-02,2,5
171832,3957,265,2023-07-01,2,0
171834,2818,218,2023-08-10,3,0
171842,1483,143,2023-07-03,3,0
171845,7717,560,2023-08-08,1,0
171852,9439,473,2023-06-01,1,0
171856,7564,572,2023-10-03,2,2
171857,4056,190,2023-05-06,2,0
171858,5484,248,2023-01-02,3,0
171861,9654,381,2023-07-02,3,0
171869,7808,476,2023-06-09,3,0
171881,8530,338,2023-09-04,3,10
171882,9617,330,2023-11-08,5,0
171889,1981,435,2023-04-09,2,2
171897,2628,374,2023-06-06,1,2
171898,2057,521,2023-02-10,1,0
171909,420,239,2023-06-04,3,5
171915,869,457,2023-05-05,2,5
171930,9021,289,2023-01-05,1,2
171938,5192,419,2023-01-08,1,2
171943,6624,174,2023-04-08,4,5
171951,9682,509,2023-01-05,3,20
171954,2530,352,2023-08-10,1,0
171967,5624,159,2023-02-04,3,10
171969,4749,550,2023-04-04,1,10
171980,5724,549,2023-09-10,3,5
171981,6906,112,2023-12-08,1,0
171987,6372,510,2023-01-03,2,5
171992,7185,138,2023-01-01,2,2
171997,3791,504,2023-06-09,4,0
172004,270,507,2023-08-12,2,2
172012,4025,325,2023-01-08,3,15
172018,5147,439,2023-12-12,1,5
172022,6183,264,2023-07-08,1,0
172029,4880,498,2023-06-06,4,0
172036,8866,334,2023-03-12,1,5
172044,5210,400,2023-08-07,1,0
172051,136,387,2023-02-01,3,0
172052,8474,253,2023-02-10,2,10
172055,2552,331,2023-10-05,5,5
172057,8882,139,2023-01-04,1,0
172058,6972,189,2023-03-07,2,0
172076,4953,199,2023-01-12,2,2
172078,6729,194,2023-04-08,1,5
172079,5850,462,2023-09-11,3,5
172090,8998,398,2023-05-08,1,2
172101,4373,215,2023-01-02,2,5
172105,9368,141,2023-12-04,1,0
172107,3778,336,2023-12-12,1,0
172115,4614,585,2023-06-04,1,0
172118,1829,508,2023-09-04,5,10
172120,5682,234,2023-04-03,2,0
172134,109,393,2023-01-06,1,2
172141,4922,182,2023-07-06,1,0
172166,9085,376,2023-06-08,1,0
172169,8287,215,2023-06-05,1,0
172192,6555,547,2023-06-03,3,5
172214,6871,227,2023-04-12,4,5
172215,7737,337,2023-05-02,2,5
172217,9633,391,2023-09-08,1,0
172225,8417,228,2023-12-04,1,5
172226,6654,256,2023-08-10,4,15
172227,8712,187,2023-06-12,3,5
172230,4049,579,2023-11-04,3,5
172236,7773,498,2023-10-06,5,5
172237,8906,369,2023-12-09,3,0
172239,3370,440,2023-10-11,1,5
172242,5317,439,2023-08-04,3,0
172246,3697,272,2023-03-09,1,0
172248,7958,137,2023-10-07,1,0
172251,7188,313,2023-07-06,3,5
172253,5363,481,2023-08-08,3,0
172257,259,532,2023-06-01,3,2
172259,9040,519,2023-09-06,3,10
172263,2177,227,2023-07-08,1,0
172272,4232,363,2023-03-06,2,0
172296,5248,437,2023-12-02,3,0
172305,7232,173,2023-08-09,1,5
172319,9436,411,2023-12-03,4,0
172322,6442,471,2023-02-04,3,5
172326,7992,139,2023-07-08,3,5
172327,8447,140,2023-06-01,3,0
172329,7952,207,2023-06-05,1,0
172342,7750,301,2023-03-05,3,0
172344,1240,381,2023-06-01,1,0
172354,7213,176,2023-01-02,1,0
172356,7366,144,2023-01-12,3,0
172367,2976,259,2023-09-01,1,0
172369,6412,500,2023-03-01,4,0
172371,3834,304,2023-01-12,2,10
172374,4647,402,2023-01-01,1,2
172375,7950,453,2023-06-11,1,10
172377,3190,482,2023-06-09,2,15
172380,1568,290,2023-04-01,1,0
172412,6808,390,2023-08-04,3,0
172414,5392,416,2023-09-12,4,0
172415,5838,125,2023-11-04,1,0
172422,3378,106,2023-07-07,3,10
172424,6515,235,2023-06-11,1,10
172433,3425,293,2023-03-12,3,0
172442,7102,367,2023-11-12,3,0
172448,3806,361,2023-04-06,2,5
172450,5353,445,2023-11-07,3,2
172454,664,498,2023-01-04,1,10
172460,2186,366,2023-12-06,3,2
172470,175,559,2023-04-11,3,0
172474,7665,246,2023-01-11,1,15
172477,6916,310,2023-11-04,3,5
172492,4194,533,2023-11-03,1,0
172502,3037,116,2023-11-04,3,2
172508,3333,178,2023-06-10,1,10
172512,468,445,2023-04-05,2,0
172513,6603,448,2023-06-11,1,2
172515,2282,560,2023-08-11,1,0
172524,8102,559,2023-12-03,1,5
172527,4704,519,2023-02-01,3,5
172541,2281,248,2023-02-07,1,2
172565,6758,231,2023-11-02,1,10
172577,6704,488,2023-09-09,1,15
172584,6148,417,2023-11-07,3,10
172591,5772,274,2023-09-09,3,2
172594,1760,531,2023-10-12,4,0
172597,896,376,2023-12-03,2,0
172604,4688,170,2023-08-09,1,5
172612,6353,431,2023-10-01,1,0
172624,8866,588,2023-12-01,1,15
172634,8283,568,2023-05-07,3,0
172640,8945,558,2023-07-06,2,0
172645,1239,250,2023-08-09,1,0
172650,9027,410,2023-01-11,4,2
172663,6978,106,2023-01-10,4,0
172666,5330,441,2023-08-05,2,0
172672,1417,140,2023-11-06,1,0
172682,6106,581,2023-02-02,4,2
172688,3817,271,2023-11-04,1,0
172691,3378,429,2023-11-08,2,0
172699,2678,173,2023-06-01,1,2
172702,3148,101,2023-04-07,1,0
172707,1478,455,2023-09-11,2,0
172708,1060,446,2023-05-10,3,0
172714,9009,117,2023-02-01,1,0
172717,85,423,2023-08-03,4,0
172718,1651,166,2023-01-07,2,0
172747,4114,488,2023-05-07,2,0
172753,4956,338,2023-01-09,1,0
172767,7593,161,2023-07-05,5,10
172769,6088,343,2023-07-10,1,2
172774,3548,150,2023-07-10,1,5
172780,3419,559,2023-01-01,1,0
172782,3643,338,2023-12-10,1,2
172785,5087,206,2023-11-05,5,10
172796,8746,550,2023-08-03,1,0
172811,3738,170,2023-05-12,2,0
172820,2628,311,2023-07-05,4,0
172831,1025,107,2023-02-03,2,0
172833,6819,515,2023-08-11,1,0
172840,1428,220,2023-01-08,3,15
172842,3703,590,2023-03-05,1,0
172848,5342,347,2023-04-09,2,10
172855,289,254,2023-10-02,3,0
172865,1558,498,2023-03-07,2,5
172869,6075,580,2023-12-07,1,0
172876,7037,220,2023-03-08,3,0
172878,3257,273,2023-10-07,1,0
172894,4738,320,2023-03-01,2,10
172899,7906,467,2023-10-09,2,0
172904,7967,197,2023-07-08,4,0
172905,6601,497,2023-10-08,4,2
172914,3583,285,2023-07-11,1,0
172916,4136,521,2023-08-12,1,0
172917,3698,400,2023-05-07,2,2
172923,6276,324,2023-05-04,2,0
172924,3925,134,2023-01-08,1,0
172931,8282,167,2023-08-02,4,15
172940,1381,360,2023-11-10,5,0
172950,2376,300,2023-12-02,1,0
172952,3426,234,2023-06-08,2,5
172954,2232,136,2023-04-10,3,0
172959,9755,202,2023-04-01,1,0
172968,6031,323,2023-09-06,4,10
172975,9954,189,2023-12-01,2,15
172976,6267,245,2023-06-08,2,0
172987,5339,287,2023-07-09,3,0
172991,7773,556,2023-07-01,5,0
172992,1751,348,2023-04-01,1,0
172997,1345,319,2023-12-07,1,10
172999,2807,117,2023-04-07,1,2
173007,4139,446,2023-02-03,1,5
173010,1598,504,2023-10-04,2,5
173013,8108,178,2023-07-01,3,10
173020,1232,243,2023-01-04,3,5
173026,4170,229,2023-11-09,1,10
173029,718,214,2023-09-11,1,5
173036,4811,314,2023-01-03,1,2
173051,2449,515,2023-02-05,3,0
173055,9617,262,2023-11-06,1,5
173062,1187,421,2023-02-10,3,0
173076,9407,579,2023-08-09,2,0
173081,6088,533,2023-07-09,1,0
173089,4616,326,2023-06-01,1,2
173100,7141,245,2023-06-09,3,0
173106,7797,305,2023-05-01,1,0
173116,8960,209,2023-08-01,3,10
173135,861,158,2023-02-12,1,2
173146,7704,246,2023-09-03,2,2
173149,2601,386,2023-06-04,1,5
173158,1546,155,2023-05-04,3,0
173186,6250,296,2023-01-02,4,0
173187,3985,515,2023-10-11,2,2
173189,1333,219,2023-05-10,4,0
173191,9888,351,2023-07-11,3,0
173193,2333,220,2023-07-07,2,0
173199,1558,485,2023-12-10,4,0
173211,829,600,2023-10-08,2,0
173222,5882,440,2023-02-09,2,0
173233,4222,475,2023-03-03,2,5
173235,8915,581,2023-03-05,1,0
173238,2578,480,2023-04-05,1,0
173245,2346,261,2023-08-07,3,5
173252,951,277,2023-06-12,1,0
173255,2595,575,2023-12-09,1,0
173257,3295,125,2023-02-07,1,2
173265,7696,135,2023-04-03,2,0
173266,2494,368,2023-01-04,1,0
173268,7531,440,2023-08-11,1,0
173269,2706,423,2023-06-10,1,0
173272,1231,471,2023-10-10,4,0
173276,2248,336,2023-05-06,1,0
173293,5189,183,2023-12-06,1,0
173302,5652,533,2023-07-08,2,2
173307,8178,193,2023-03-07,1,0
173312,9228,372,2023-08-09,1,0
173319,4426,144,2023-04-08,3,0
173327,4505,426,2023-06-11,3,0
173330,2417,223,2023-05-07,1,0
173344,1498,302,2023-12-03,3,5
173345,1421,243,2023-06-03,2,2
173370,6598,269,2023-02-07,1,5
173377,771,452,2023-04-07,1,0
173400,5274,486,2023-05-02,1,5
173401,7023,511,2023-06-05,1,5
173404,409,405,2023-09-07,2,0
173405,2582,447,2023-05-08,1,5
173408,1790,421,2023-05-01,4,0
173410,4475,374,2023-09-12,2,10
173431,8526,170,2023-11-06,2,2
173435,9443,499,2023-05-12,1,2
173437,3192,470,2023-05-11,1,2
173439,8625,306,2023-08-12,2,0
173443,6377,327,2023-10-06,1,0
173453,7837,215,2023-04-04,1,0
173458,3065,538,2023-01-02,1,10
173462,3965,172,2023-02-04,2,2
173470,6970,594,2023-09-08,2,0
173491,6727,325,2023-04-12,1,0
173492,9647,493,2023-08-11,2,0
173493,468,182,2023-11-05,3,0
173510,9893,562,2023-11-07,1,0
173519,1705,195,2023-08-04,3,15
173522,775,146,2023-03-07,1,0
173528,4738,137,2023-09-10,1,0
173530,4660,219,2023-11-04,1,0
173535,6315,381,2023-08-03,3,0
173550,7363,330,2023-11-02,3,0
173559,3948,438,2023-11-09,1,2
173561,2783,287,2023-09-07,2,0
173565,9172,497,2023-02-06,2,0
173569,2794,262,2023-10-04,2,0
173571,4453,571,2023-04-12,5,0
173576,3816,349,2023-05-07,2,5
173580,5993,460,2023-09-01,1,0
173582,9290,502,2023-06-08,3,2
173588,3611,308,2023-04-05,1,0
173592,7425,217,2023-02-11,1,0
173601,2842,425,2023-05-07,1,0
173612,5407,181,2023-01-02,3,2
173617,2418,203,2023-09-11,2,0
173624,4873,462,2023-03-08,5,5
173628,6538,150,2023-04-10,1,5
173633,4424,584,2023-04-03,2,5
173638,5418,373,2023-02-12,4,0
173662,5406,598,2023-04-07,2,0
173680,2026,342,2023-12-06,1,5
173684,2189,578,2023-02-02,1,0
173700,4324,311,2023-01-09,1,0
173723,7860,514,2023-04-07,1,0
173725,6871,237,2023-07-11,1,10
173729,748,539,2023-12-07,1,15
173732,7152,560,2023-08-11,4,0
173744,7722,301,2023-11-03,2,0
173745,7559,371,2023-08-03,1,20
173746,5709,488,2023-09-09,2,0
173749,5110,596,2023-01-11,4,0
173754,775,120,2023-04-07,3,2
173766,9304,121,2023-08-10,1,10
173772,4618,138,2023-05-12,2,0
173776,8628,163,2023-08-08,1,2
173777,8238,428,2023-07-02,1,10
173786,401,233,2023-09-10,1,10
173790,1077,326,2023-09-06,1,10
173795,7413,188,2023-02-03,1,5
173800,3544,313,2023-07-07,2,5
173808,7222,101,2023-01-02,4,0
173822,1028,451,2023-10-03,1,0
173828,5621,230,2023-05-10,1,0
173829,1172,404,2023-10-07,1,0
173831,5963,132,2023-11-06,3,0
173840,9403,247,2023-05-09,3,5
173843,4584,368,2023-06-07,2,0
173846,6186,356,2023-11-05,1,0
173847,1686,170,2023-12-02,1,0
173856,1745,434,2023-03-07,2,0
173860,2244,196,2023-06-11,1,0
173877,9587,206,2023-10-09,1,0
173898,1556,176,2023-02-03,2,5
173905,1019,238,2023-01-08,3,0
173907,1447,108,2023-11-12,2,10
173932,4341,455,2023-07-08,2,0
173933,1828,214,2023-12-11,4,10
173939,4384,498,2023-04-04,3,10
173940,7887,297,2023-12-10,2,0
173947,9419,190,2023-04-09,2,0
173960,7734,344,2023-05-06,1,2
173988,751,534,2023-03-11,3,5
173992,6147,120,2023-04-09,3,10
173994,7387,421,2023-05-10,1,0
173995,1323,412,2023-04-11,2,2
173998,8446,384,2023-08-08,1,0
174003,6302,283,2023-01-12,4,5
174005,8757,199,2023-02-12,1,0
174006,7141,557,2023-09-12,1,0
174008,5415,343,2023-06-05,1,0
174016,4879,559,2023-05-09,1,10
174017,7422,432,2023-03-02,3,0
174027,7531,118,2023-02-06,1,10
174032,7421,181,2023-02-04,1,0
174033,696,231,2023-08-07,1,5
174038,9086,571,2023-03-01,3,0
174043,9211,591,2023-02-09,3,0
174044,5757,155,2023-03-03,4,0
174066,5284,368,2023-01-04,1,0
174067,6678,321,2023-02-06,2,0
174072,3615,225,2023-07-04,1,0
174082,3492,201,2023-02-07,4,0
174086,7849,175,2023-08-11,2,5
174097,1001,374,2023-05-02,3,0
174105,1250,540,2023-05-10,2,2
174107,4220,199,2023-04-08,2,0
174122,6399,227,2023-07-09,4,5
174126,553,263,2023-10-04,3,2
174127,5940,167,2023-05-08,2,0
174129,3823,557,2023-02-01,2,0
174135,1391,117,2023-09-03,3,0
174142,6276,570,2023-08-05,2,2
174143,3499,408,2023-04-11,2,0
174147,1375,441,2023-02-02,1,5
174153,1043,399,2023-08-07,2,0
174160,2184,571,2023-03-08,2,2
174165,4915,278,2023-02-08,1,0
174174,9497,448,2023-09-03,3,0
174176,2709,179,2023-10-11,2,2
174180,8282,145,2023-07-12,2,0
174188,7606,515,2023-09-09,1,0
174213,2096,273,2023-01-11,3,0
174218,3204,213,2023-08-11,3,0
174226,9537,185,2023-07-12,1,0
174237,3795,449,2023-04-03,1,10
174254,7541,186,2023-02-01,1,0
174274,1941,498,2023-09-07,4,0
174275,7863,237,2023-08-04,4,15
174276,4330,328,2023-01-04,1,0
174279,5407,241,2023-09-06,1,0
174291,8462,465,2023-06-06,2,10
174292,4413,287,2023-02-05,1,0
174301,9363,163,2023-06-06,2,5
174306,6512,594,2023-03-10,2,0
174313,4247,443,2023-02-02,3,0
174319,1771,321,2023-08-07,1,10
174325,5080,169,2023-09-02,3,2
174338,3326,326,2023-10-06,1,0
174343,3287,162,2023-04-05,3,0
174350,8915,477,2023-09-03,2,0
174351,9162,315,2023-06-01,2,10
174354,7880,595,2023-08-01,1,0
174360,9419,323,2023-02-05,1,0
174362,3440,429,2023-12-07,1,5
174366,1868,533,2023-03-11,1,2
174369,8434,199,2023-10-04,2,5
174371,4981,537,2023-07-08,1,0
174374,9973,445,2023-11-09,3,0
174382,976,269,2023-02-09,1,2
174386,264,153,2023-06-07,3,2
174388,1771,331,2023-06-06,3,0
174391,2013,580,2023-08-05,1,5
174404,6872,349,2023-06-04,1,5
174408,2124,502,2023-07-08,4,2
174417,306,121,2023-07-10,3,0
174421,8709,111,2023-06-03,1,10
174426,4747,498,2023-01-03,1,0
174440,2318,433,2023-01-06,2,2
174441,2189,287,2023-11-07,1,0
174452,2979,563,2023-03-01,1,2
174454,9505,111,2023-12-03,1,2
174455,7145,264,2023-03-12,1,0
174463,5940,236,2023-02-12,2,0
174477,9161,505,2023-04-08,1,0
174480,5146,277,2023-03-09,2,5
174481,3901,580,2023-07-07,1,0
174483,7200,235,2023-12-11,2,0
174489,3644,104,2023-09-10,2,0
174503,5857,465,2023-07-12,4,0
174507,878,218,2023-04-08,2,5
174509,4695,233,2023-11-02,1,0
174517,8767,254,2023-05-09,4,5
174520,5042,533,2023-03-07,1,2
174530,1910,408,2023-12-08,2,5
174537,6166,209,2023-01-11,2,0
174538,9668,480,2023-08-03,1,0
174554,5884,324,2023-02-02,1,2
174555,1568,253,2023-04-02,3,0
174556,6118,340,2023-08-12,1,0
174558,381,322,2023-09-04,2,2
174560,8442,234,2023-07-02,1,10
174563,3557,409,2023-08-07,2,10
174574,934,147,2023-11-01,1,2
174575,2264,359,2023-07-10,2,5
174577,8423,549,2023-06-10,2,2
174583,4511,392,2023-08-03,2,0
174584,6044,309,2023-01-01,1,0
174589,2531,467,2023-06-08,1,0
174593,5273,196,2023-08-07,1,10
174599,8192,113,2023-03-10,1,0
174608,8823,253,2023-11-12,2,5
174610,2113,259,2023-07-03,2,5
174613,3625,415,2023-02-07,1,10
174616,5850,361,2023-05-03,1,2
174617,2470,221,2023-04-02,1,10
174628,5566,248,2023-02-07,1,0
174641,2243,562,2023-04-07,2,2
174644,1708,116,2023-11-12,4,0
174652,6031,131,2023-12-11,1,0
174657,1782,151,2023-09-06,3,0
174659,8265,551,2023-05-12,2,20
174665,6046,371,2023-02-11,3,2
174668,8648,471,2023-11-07,4,0
174669,6381,371,2023-03-12,2,2
174682,4681,255,2023-07-08,3,5
174684,9367,269,2023-08-04,1,2
174689,9273,416,2023-10-04,1,15
174698,2949,125,2023-03-05,2,2
174724,3070,406,2023-10-02,3,0
174728,7696,264,2023-09-06,1,0
174729,8448,344,2023-07-01,4,0
174735,3405,328,2023-07-02,2,2
174736,6852,287,2023-10-02,1,0
174749,3504,119,2023-10-02,5,15
174751,4621,402,2023-05-06,1,10
174755,4690,528,2023-09-09,5,2
174759,5839,497,2023-05-02,1,0
174761,3121,478,2023-05-11,2,0
174763,5178,285,2023-08-12,1,0
174768,6960,334,2023-04-09,2,15
174778,9366,452,2023-02-08,1,2
174799,7523,444,2023-08-10,4,0
174800,4614,277,2023-05-07,4,0
174826,7600,143,2023-02-10,2,0
174838,4098,250,2023-11-03,1,0
174854,3008,491,2023-02-07,1,0
174859,1047,535,2023-11-04,5,0
174860,8731,420,2023-03-03,4,0
174863,6189,596,2023-05-10,1,2
174865,2818,150,2023-02-03,1,2
174873,9378,497,2023-09-07,1,2
174876,9975,490,2023-03-12,2,0
174881,5700,112,2023-01-07,1,0
174884,5343,229,2023-02-11,4,0
174887,3731,478,2023-04-04,3,0
174890,7080,491,2023-09-11,1,0
174891,3855,507,2023-07-06,5,0
174905,7172,423,2023-10-09,1,0
174910,9112,433,2023-04-01,1,0
174920,5711,397,2023-01-12,1,2
174922,5685,545,2023-02-08,3,5
174925,6222,516,2023-11-12,1,0
174939,4271,115,2023-02-02,1,0
174940,8322,209,2023-08-06,2,2
174951,5792,194,2023-04-05,3,0
174962,8362,440,2023-05-07,1,2
174965,8570,229,2023-08-04,2,15
174971,9943,575,2023-04-05,2,2
174972,6727,329,2023-11-07,1,10
174979,9190,226,2023-09-03,1,0
174993,1043,484,2023-10-02,2,0
174996,2940,457,2023-06-08,1,0
174998,4398,188,2023-01-05,1,5
175001,2589,423,2023-03-03,1,0
175004,9029,127,2023-07-09,1,5
175010,5568,284,2023-06-08,4,0
175018,9190,223,2023-11-06,3,0
175031,2580,275,2023-07-06,2,5
175035,643,488,2023-10-05,4,2
175043,5706,528,2023-05-07,2,0
175044,4543,322,2023-05-10,2,0
175048,1318,500,2023-03-11,2,0
175054,8741,289,2023-08-08,1,5
175056,2150,226,2023-06-06,4,2
175057,3329,250,2023-10-09,3,0
175061,9290,200,2023-04-12,3,0
175072,1964,270,2023-07-07,1,10
175079,1282,395,2023-01-10,4,2
175080,6879,560,2023-12-06,3,2
175084,707,306,2023-04-09,3,5
175087,8746,420,2023-12-10,1,15
175089,9813,411,2023-03-09,1,0
175105,2974,361,2023-05-10,2,5
175110,8227,183,2023-02-11,4,5
175116,4261,506,2023-10-03,3,15
175117,9980,533,2023-03-12,3,0
175119,2269,571,2023-02-08,2,5
175121,7396,114,2023-09-02,2,0
175125,2648,193,2023-03-07,1,2
175128,8917,503,2023-01-02,1,0
175132,3855,425,2023-11-10,1,2
175133,2197,588,2023-03-11,1,0
175142,4557,289,2023-10-08,2,0
175158,8388,218,2023-09-06,3,0
175161,2650,519,2023-11-07,1,0
175164,5422,280,2023-02-01,1,2
175165,9022,357,2023-06-03,3,0
175174,8270,275,2023-09-04,3,0
175176,3540,495,2023-09-08,1,2
175191,2299,180,2023-10-02,1,0
175196,1035,442,2023-09-10,1,0
175201,5111,537,2023-02-03,1,0
175206,3729,577,2023-12-08,2,5
175208,2494,551,2023-06-12,1,0
175209,8275,414,2023-07-04,2,2
175230,7704,196,2023-05-03,1,0
175249,3999,228,2023-10-07,1,0
175250,891,347,2023-06-01,2,0
175251,3679,357,2023-08-01,3,10
175265,182,120,2023-10-01,2,10
175267,2936,578,2023-06-04,2,5
175271,7167,120,2023-12-12,1,0
175277,1804,499,2023-10-10,1,2
175279,829,135,2023-12-06,1,5
175282,5274,489,2023-02-04,4,0
175301,3034,307,2023-07-05,2,2
175307,3515,600,2023-06-04,1,5
175319,5476,360,2023-06-12,2,2
175323,1038,348,2023-03-07,2,0
175328,8426,171,2023-11-09,1,0
175337,1143,278,2023-06-10,5,15
175344,8322,194,2023-01-01,1,20
175346,4368,500,2023-05-10,1,10
175365,6535,284,2023-06-07,3,0
175370,1437,532,2023-08-06,3,0
175380,7785,459,2023-09-08,3,2
175382,457,114,2023-03-09,2,5
175386,4948,105,2023-02-09,3,2
175387,6225,584,2023-06-06,2,5
175389,554,260,2023-10-10,4,2
175390,7778,316,2023-02-10,1,5
175402,8537,403,2023-01-07,1,0
175404,993,352,2023-01-02,3,2
175413,1505,212,2023-06-03,1,2
175423,2095,469,2023-12-06,3,5
175427,577,566,2023-06-08,2,0
175428,8493,540,2023-05-01,1,0
175439,8713,406,2023-08-03,3,10
175444,1266,564,2023-05-05,2,2
175458,4213,290,2023-02-02,3,5
175462,6849,418,2023-05-05,3,0
175469,9366,263,2023-04-11,1,15
175471,6258,583,2023-01-07,3,15
175479,8424,123,2023-06-10,5,2
175488,5133,479,2023-02-05,3,10
175490,7311,428,2023-04-10,3,10
175505,7300,354,2023-03-02,2,0
175507,6124,592,2023-01-07,2,2
175510,8509,316,2023-10-04,1,0
175514,1243,413,2023-10-09,2,5
175521,5368,297,2023-04-09,3,2
175524,5264,485,2023-11-10,1,0
175527,7640,515,2023-10-02,2,2
175530,7980,361,2023-03-08,4,10
175533,6473,123,2023-05-02,1,10
175534,7397,595,2023-10-02,1,5
175547,4318,397,2023-10-11,2,0
175574,1626,526,2023-09-10,2,0
175582,9988,366,2023-04-12,2,0
175588,399,327,2023-11-01,2,2
175610,327,510,2023-03-04,1,2
175620,4624,253,2023-12-08,5,5
175635,1586,425,2023-07-08,1,5
175636,6851,467,2023-12-12,3,0
175640,6440,425,2023-09-08,2,0
175652,9181,345,2023-11-06,1,0
175653,3222,401,2023-01-06,1,0
175654,4139,402,2023-07-11,2,0
175660,8448,360,2023-02-02,1,0
175662,8166,117,2023-01-09,1,0
175665,7697,108,2023-10-05,1,0
175683,2201,326,2023-03-02,1,5
175686,1623,432,2023-04-04,2,5
175690,8728,129,2023-12-06,2,2
175694,4388,456,2023-03-05,4,0
175696,1638,473,2023-10-12,2,0
175715,901,422,2023-11-02,1,0
175716,6148,109,2023-08-06,4,2
175733,3808,525,2023-12-05,3,10
175735,5909,473,2023-03-06,5,0
175740,3507,263,2023-01-10,4,0
175744,661,280,2023-05-07,1,0
175747,6186,206,2023-03-07,2,0
175748,1837,405,2023-03-11,2,5
175759,2440,131,2023-02-02,4,15
175760,5530,590,2023-03-12,1,0
175762,9049,516,2023-04-10,1,2
175773,9982,184,2023-10-01,3,5
175776,814,283,2023-05-12,2,5
175777,5299,505,2023-02-11,2,2
175781,8746,106,2023-04-10,2,10
175784,2921,391,2023-02-05,1,0
175789,8258,136,2023-04-08,5,5
175790,215,137,2023-04-06,2,10
175798,9633,501,2023-01-07,1,0
175806,1341,322,2023-07-02,2,0
175817,416,106,2023-09-11,3,20
175833,8076,157,2023-03-04,2,5
175834,6079,369,2023-04-10,2,2
175842,2922,591,2023-01-10,5,0
175850,5241,486,2023-06-07,2,0
175853,4779,466,2023-07-09,3,2
175865,9058,468,2023-03-12,1,10
175880,1672,346,2023-03-07,2,0
175882,3851,531,2023-03-04,4,0
175883,3965,436,2023-10-07,2,5
175886,5133,127,2023-11-05,3,0
175888,2506,388,2023-05-06,3,5
175898,3594,223,2023-05-12,1,0
175903,5274,256,2023-01-06,2,0
175909,6657,497,2023-05-08,2,0
175927,3256,121,2023-01-03,3,0
175931,1644,239,2023-04-09,1,10
175932,5249,393,2023-08-04,2,2
175945,7188,599,2023-11-07,5,0
175946,9700,188,2023-05-02,2,0
175954,3925,532,2023-09-08,2,0
175956,2367,213,2023-09-03,1,0
175962,8576,514,2023-08-09,3,0
175988,5658,414,2023-02-07,1,0
175990,3720,385,2023-09-05,1,0
175991,8651,417,2023-05-04,1,0
176000,5396,211,2023-03-05,3,0
176005,8634,338,2023-04-10,1,5
176007,2613,382,2023-04-11,4,5
176008,3162,236,2023-03-01,1,5
176019,5016,428,2023-11-07,2,2
176026,2925,172,2023-01-07,5,0
176034,1414,269,2023-03-12,1,0
176038,4681,297,2023-09-06,2,0
176044,7590,523,2023-09-06,1,0
176046,9884,464,2023-09-06,1,10
176050,1067,385,2023-09-12,2,0
176071,3590,121,2023-06-10,1,10
176072,9799,518,2023-03-11,2,5
176073,8425,484,2023-03-11,2,0
176079,6378,457,2023-02-07,5,2
176100,4275,439,2023-09-01,5,10
176103,9518,564,2023-08-03,2,10
176108,553,450,2023-03-11,1,20
176112,9949,465,2023-12-07,2,0
176141,2251,321,2023-11-05,2,10
176148,6919,255,2023-12-09,3,5
176151,647,310,2023-01-04,1,2
176159,2815,419,2023-12-10,3,5
176172,6925,190,2023-08-12,1,0
176173,2757,474,2023-01-04,4,5
176176,6106,305,2023-10-06,2,5
176194,6079,201,2023-11-06,1,0
176199,9077,258,2023-07-04,3,10
176203,5729,446,2023-05-04,5,5
176212,2931,165,2023-03-02,2,2
176223,3269,468,2023-06-01,4,0
176229,5055,473,2023-07-11,1,0
176235,1435,108,2023-11-11,1,0
176240,2211,377,2023-05-03,1,10
176246,5691,289,2023-07-01,1,0
176248,2049,456,2023-03-12,1,10
176250,4430,564,2023-06-03,2,2
176257,8587,343,2023-12-11,3,0
176267,4811,384,2023-08-02,2,20
176271,7383,599,2023-03-05,1,0
176272,9629,411,2023-11-03,2,0
176276,8981,149,2023-05-07,3,0
176280,7335,310,2023-01-11,2,5
176304,2928,478,2023-11-01,2,2
176313,4179,510,2023-12-06,4,10
176328,1795,333,2023-02-12,2,5
176331,5265,483,2023-02-11,4,0
176340,517,370,2023-05-11,1,2
176349,1020,305,2023-02-12,3,10
176350,7393,279,2023-02-07,3,0
176355,4952,261,2023-02-07,1,0
176360,5218,513,2023-07-12,1,0
176366,425,527,2023-06-08,1,2
176374,7883,455,2023-09-05,3,0
176375,1274,330,2023-08-05,3,2
176384,6063,315,2023-07-09,1,5
176386,3733,305,2023-09-08,3,5
176389,8829,560,2023-02-07,3,0
176396,2022,298,2023-01-08,1,0
176399,249,572,2023-05-03,1,0
176403,5898,323,2023-11-10,1,0
176405,7375,363,2023-12-01,1,10
176454,7296,123,2023-08-03,2,0
176460,2273,435,2023-04-10,2,15
176463,5863,283,2023-12-12,1,0
176480,3926,150,2023-10-11,1,5
176483,8424,227,2023-05-12,3,0
176484,9829,547,2023-09-05,1,0
176485,3672,472,2023-12-07,2,0
176486,7113,202,2023-07-04,1,15
176487,2450,380,2023-09-09,2,2
176489,6015,560,2023-12-09,1,10
176494,3320,296,2023-10-03,1,5
176497,194,232,2023-02-03,2,0
176508,6147,348,2023-02-05,1,0
176510,5475,576,2023-02-07,2,5
176515,4201,305,2023-05-06,3,0
176526,5099,493,2023-06-01,1,10
176543,2665,513,2023-11-09,1,5
176544,962,441,2023-08-01,2,0
176555,1647,291,2023-06-05,3,5
176557,1047,224,2023-12-02,1,0
176560,4804,279,2023-09-03,1,2
176565,2531,191,2023-02-02,5,5
176566,8184,409,2023-04-11,1,0
176567,7721,148,2023-08-03,1,5
176582,8430,477,2023-04-01,2,2
176584,8388,405,2023-11-10,2,2
176587,7002,138,2023-02-10,1,0
176604,2771,466,2023-10-12,5,15
176613,4681,139,2023-10-06,2,0
176625,2113,285,2023-07-10,1,0
176637,3823,488,2023-03-02,1,0
176638,5310,290,2023-05-07,3,0
176642,5494,120,2023-05-08,3,0
176646,2217,547,2023-12-12,3,0
176648,3982,568,2023-03-06,3,0
176656,8992,181,2023-10-04,2,5
176666,8494,252,2023-04-02,4,5
176668,2899,254,2023-12-06,2,10
176681,7032,112,2023-04-03,3,0
176686,25,335,2023-06-10,3,0
176687,8324,457,2023-09-06,1,2
176701,6951,232,2023-07-04,2,5
176723,6264,241,2023-03-05,1,0
176733,5162,493,2023-03-12,3,0
176739,663,172,2023-10-11,2,15
176758,2072,196,2023-07-06,2,0
176761,3885,521,2023-07-03,2,0
176774,1505,191,2023-01-08,2,0
176792,990,104,2023-07-01,2,0
176795,8602,548,2023-08-04,2,5
176796,7697,120,2023-10-05,1,0
176798,6929,153,2023-11-03,3,0
176813,6313,545,2023-10-03,1,0
176814,1039,172,2023-09-09,1,0
176844,2321,229,2023-01-02,1,10
176848,6669,119,2023-08-09,1,0
176849,8262,572,2023-06-12,2,15
176852,5795,473,2023-04-01,1,0
176855,2700,119,2023-08-11,2,0
176859,6653,271,2023-05-09,1,2
176860,1852,394,2023-07-10,1,0
176861,9027,574,2023-07-01,3,0
176866,896,588,2023-06-12,2,0
176870,338,290,2023-03-03,1,2
176891,1395,135,2023-05-02,4,0
176894,4828,137,2023-05-04,3,0
176899,9578,492,2023-11-10,1,0
176911,6489,184,2023-06-07,1,15
176922,4280,289,2023-12-04,2,0
176928,2578,518,2023-12-09,4,15
176933,1244,198,2023-11-07,3,2
176943,6707,368,2023-12-10,2,5
176946,1686,170,2023-04-10,3,0
176950,1631,527,2023-09-08,1,5
176951,7930,191,2023-06-08,4,0
176961,1272,517,2023-08-06,2,0
176967,1939,110,2023-08-08,3,0
176971,9982,273,2023-05-07,2,20
176982,6349,176,2023-02-08,1,0
176992,5973,108,2023-12-05,5,0
177010,4608,126,2023-04-05,1,0
177018,4690,343,2023-12-06,1,0
177037,6473,249,2023-03-07,4,0
177041,9367,528,2023-10-05,3,2
177056,1196,547,2023-01-07,3,0
177069,1647,542,2023-09-01,3,0
177078,3365,186,2023-08-03,3,2
177091,6736,134,2023-07-04,3,0
177092,4757,582,2023-10-11,2,0
177095,7981,293,2023-10-06,1,0
177102,9855,284,2023-12-11,1,0
177108,4042,123,2023-06-02,2,0
177112,7081,387,2023-10-11,2,0
177115,5392,574,2023-07-09,3,0
177134,4507,315,2023-07-08,3,10
177139,7526,494,2023-01-12,1,0
177143,602,551,2023-12-09,1,0
177146,553,591,2023-12-05,2,5
177159,5112,369,2023-11-09,3,0
177164,7253,236,2023-07-07,1,5
177174,5353,329,2023-04-05,3,0
177181,9046,451,2023-04-01,4,0
177183,5102,238,2023-07-09,1,2
177193,5106,118,2023-02-10,2,5
177195,7820,103,2023-05-05,1,0
177196,9,201,2023-01-09,4,2
177201,7067,520,2023-05-12,1,0
177222,3574,243,2023-10-10,2,0
177236,8203,267,2023-12-12,3,5
177237,57,493,2023-04-05,1,0
177244,9750,498,2023-10-08,1,0
177248,6844,544,2023-04-12,2,10
177249,5514,480,2023-07-02,1,15
177257,474,312,2023-02-04,1,0
177276,6925,300,2023-07-10,5,2
177280,2936,272,2023-05-12,2,0
177284,381,292,2023-11-10,2,10
177285,4453,392,2023-05-12,1,0
177297,5010,325,2023-05-11,1,0
177300,3327,133,2023-07-03,3,10
177309,6711,435,2023-02-06,3,10
177312,4019,567,2023-08-11,3,0
177319,4437,309,2023-09-07,1,0
177324,4290,346,2023-10-08,1,10
177328,2210,592,2023-07-03,1,15
177330,9893,361,2023-06-06,3,10
177332,8457,365,2023-11-12,2,0
177343,8002,230,2023-05-11,1,0
177356,973,555,2023-08-05,4,5
177361,5212,455,2023-02-10,1,0
177363,1822,542,2023-11-01,4,5
177376,4009,425,2023-07-12,2,0
177390,7419,194,2023-02-04,3,0
177393,731,580,2023-03-12,1,20
177395,1622,495,2023-08-12,2,5
177399,6942,439,2023-11-08,5,0
177409,1279,518,2023-01-06,1,2
177413,5344,590,2023-01-01,1,0
177426,4087,529,2023-12-04,1,0
177427,5231,228,2023-06-09,1,0
177430,6313,225,2023-08-11,1,15
177432,3646,504,2023-12-07,2,0
177435,9355,511,2023-10-11,1,0
177442,3687,157,2023-07-04,1,0
177452,6832,235,2023-03-08,1,0
177455,6562,210,2023-01-10,3,0
177461,9905,534,2023-09-12,1,0
177466,3442,523,2023-11-05,2,0
177470,4864,388,2023-10-05,1,0
177482,5101,487,2023-11-11,3,0
177483,4464,314,2023-04-10,1,0
177484,1247,105,2023-08-11,1,0
177487,4396,479,2023-06-10,1,2
177492,5773,408,2023-02-06,1,5
177495,1288,502,2023-01-02,4,0
177513,3557,583,2023-09-09,1,0
177519,6378,162,2023-11-05,3,0
177533,5838,437,2023-06-03,2,0
177543,6978,528,2023-05-06,2,2
177550,2815,172,2023-05-12,1,0
177554,4178,141,2023-02-09,1,5
177558,1933,145,2023-10-07,2,0
177570,8913,150,2023-01-10,2,15
177572,7699,169,2023-03-04,3,5
177584,2633,510,2023-11-01,2,10
177590,175,396,2023-05-12,3,0
177594,6746,399,2023-08-04,2,5
177599,3222,300,2023-08-08,2,2
177606,4555,120,2023-06-12,1,10
177610,2735,428,2023-08-11,5,5
177611,1239,505,2023-09-02,1,0
177618,9450,207,2023-10-12,3,5
177628,2,188,2023-06-09,1,0
177629,9570,544,2023-07-05,1,5
177638,86,421,2023-05-05,5,0
177644,1243,187,2023-11-04,2,2
177648,8829,173,2023-10-04,2,0
177657,5559,494,2023-01-12,4,0
177659,3589,423,2023-01-02,1,0
177666,7192,247,2023-04-05,1,0
177668,2965,552,2023-11-07,4,0
177673,5637,566,2023-05-03,3,0
177675,4994,123,2023-07-02,1,0
177681,3935,296,2023-10-06,2,0
177685,7531,595,2023-01-04,2,0
177696,2893,103,2023-04-05,1,5
177703,9471,381,2023-08-07,3,0
177705,9419,436,2023-09-05,2,0
177707,7472,502,2023-07-08,2,0
177712,5518,200,2023-03-06,2,2
177713,2707,256,2023-02-10,2,0
177715,7050,301,2023-04-04,2,0
177722,4804,247,2023-03-07,3,10
177739,2578,165,2023-05-01,4,2
177741,6917,233,2023-10-11,1,10
177747,3124,306,2023-04-05,5,0
177764,3805,327,2023-01-04,2,2
177766,4660,314,2023-07-05,3,0
177768,1962,456,2023-05-09,2,2
177780,7425,116,2023-06-04,1,2
177793,5990,551,2023-12-05,1,2
177794,2968,103,2023-09-05,1,2
177798,2666,556,2023-09-05,2,2
177804,5514,363,2023-04-05,3,2
177808,4989,409,2023-05-10,3,0
177810,7167,299,2023-06-03,3,0
177814,398,593,2023-09-12,1,2
177817,5455,556,2023-09-01,4,0
177824,86,139,2023-04-01,2,0
177830,9557,253,2023-11-02,1,15
177833,842,288,2023-06-12,1,0
177847,7387,215,2023-05-12,1,10
177849,4734,355,2023-03-08,1,0
177856,9861,309,2023-12-09,1,5
177869,9793,470,2023-10-11,2,0
177878,1637,185,2023-07-11,3,2
177896,910,287,2023-10-12,3,0
177924,4510,138,2023-10-03,2,5
177935,3326,198,2023-11-01,2,2
177942,9467,383,2023-05-12,1,0
177948,4291,197,2023-06-06,1,5
177949,1143,399,2023-04-08,1,0
177950,1686,269,2023-01-12,2,0
177954,8089,265,2023-03-06,2,2
177983,3280,118,2023-06-12,1,2
177993,8755,548,2023-09-05,1,5
178001,9304,219,2023-09-05,1,5
178006,9333,278,2023-05-08,1,0
178029,9964,227,2023-02-09,1,5
178033,2452,350,2023-01-12,3,0
178045,4910,324,2023-01-06,1,0
178050,7887,241,2023-03-01,1,5
178051,411,577,2023-11-12,4,2
178064,9893,410,2023-11-10,1,5
178065,2332,251,2023-07-08,1,0
178074,3738,275,2023-10-12,4,0
178084,3485,205,2023-01-09,2,0
178091,273,188,2023-06-04,4,5
178115,3174,315,2023-08-07,1,5
178118,433,530,2023-09-07,1,0
178120,8472,482,2023-06-08,2,0
178125,4390,427,2023-08-02,1,0
178128,8555,235,2023-02-08,1,0
178133,5688,527,2023-02-11,1,0
178139,4679,486,2023-07-08,4,0
178142,4210,379,2023-12-03,3,2
178145,2189,276,2023-03-09,1,10
178146,3613,136,2023-06-11,3,5
178150,3149,265,2023-08-02,1,0
178172,5245,177,2023-08-11,4,15
178180,5540,545,2023-03-10,2,5
178193,8548,357,2023-06-09,1,5
178195,5210,240,2023-04-02,1,0
178197,2232,450,2023-06-08,3,0
178205,4300,236,2023-02-08,1,15
178206,7002,374,2023-03-02,3,0
178217,5498,471,2023-05-07,1,0
178218,8042,188,2023-12-06,2,2
178220,9619,291,2023-02-04,1,0
178226,6299,508,2023-08-03,1,0
178234,468,417,2023-05-03,4,0
178243,6373,363,2023-01-01,4,0
178244,3124,154,2023-12-02,3,0
178251,7734,471,2023-09-05,1,20
178253,340,600,2023-09-05,5,0
178256,4637,305,2023-12-01,1,0
178261,1323,552,2023-03-08,3,0
178263,3557,333,2023-06-12,1,0
178264,3787,581,2023-01-10,3,10
178267,1470,439,2023-08-10,3,0
178272,4684,360,2023-08-03,1,15
178276,2856,313,2023-08-07,2,0
178280,4432,361,2023-11-12,2,0
178281,8755,137,2023-10-12,4,2
178282,5198,403,2023-05-06,3,0
178283,4589,143,2023-08-03,1,0
178286,5632,240,2023-08-11,2,15
178289,306,455,2023-10-02,1,5
178303,1586,192,2023-06-09,1,2
178304,6235,531,2023-11-03,3,2
178310,6843,133,2023-05-09,5,0
178312,7144,247,2023-07-07,1,0
178330,8121,120,2023-07-01,2,0
178331,2990,548,2023-08-04,4,2
178349,1143,392,2023-11-12,1,5
178353,3473,214,2023-09-11,2,0
178362,4576,249,2023-07-03,4,0
178364,6610,533,2023-05-09,5,5
178370,4873,450,2023-01-08,2,0
178373,327,426,2023-01-02,2,2
178374,391,275,2023-07-05,1,0
178376,5961,336,2023-08-11,1,10
178386,4324,386,2023-05-02,1,0
178393,9349,342,2023-09-02,1,0
178398,9378,490,2023-07-03,1,5
178399,7080,526,2023-03-11,1,2
178419,6165,262,2023-01-02,3,20
178438,2441,576,2023-09-10,4,2
178444,6106,361,2023-11-01,2,0
178447,2361,126,2023-05-09,3,0
178448,8399,296,2023-12-08,3,0
178452,8433,289,2023-01-11,3,0
178454,8681,579,2023-09-12,3,2
178467,9693,460,2023-11-03,4,0
178470,5565,349,2023-12-11,1,0
178491,9743,330,2023-08-07,1,2
178493,5202,371,2023-04-09,1,0
178496,9672,548,2023-08-02,1,10
178520,5476,461,2023-11-08,1,5
178523,8278,283,2023-06-08,1,0
178526,3585,452,2023-09-01,1,10
178530,8202,466,2023-03-03,4,5
178531,948,279,2023-06-08,2,0
178537,2467,361,2023-05-11,1,0
178539,6316,457,2023-05-12,1,2
178546,2208,344,2023-10-11,1,0
178561,734,481,2023-07-11,2,0
178567,2615,257,2023-10-01,2,15
178571,2707,425,2023-03-05,3,0
178573,6630,279,2023-04-07,3,0
178582,2533,331,2023-03-08,4,5
178589,4841,489,2023-03-12,2,2
178601,6400,316,2023-06-08,3,0
178602,6469,588,2023-01-11,5,10
178607,5555,434,2023-11-06,2,15
178610,1540,275,2023-10-08,3,0
178617,6138,180,2023-01-10,1,0
178618,6308,432,2023-10-10,1,2
178623,2684,500,2023-04-06,1,2
178636,4844,299,2023-07-03,2,0
178643,6343,199,2023-06-04,1,0
178664,1410,205,2023-05-06,3,10
178666,9110,113,2023-06-04,3,0
178679,6132,432,2023-12-04,3,10
178680,1705,356,2023-01-05,1,10
178691,2236,404,2023-02-10,1,0
178697,5858,275,2023-09-07,3,2
178708,5709,538,2023-06-06,1,0
178712,6060,448,2023-04-03,2,5
178719,6097,425,2023-07-07,3,0
178723,7500,465,2023-08-12,1,0
178729,7304,405,2023-12-06,5,0
178740,9040,213,2023-10-05,2,5
178745,3349,582,2023-05-02,2,10
178757,4389,454,2023-09-05,2,0
178764,8142,141,2023-11-05,2,2
178765,4330,589,2023-11-09,1,2
178770,7234,271,2023-01-02,4,5
178780,3895,490,2023-09-12,1,10
178785,8460,251,2023-08-03,2,10
178793,4398,576,2023-06-12,1,0
178802,6786,220,2023-07-02,1,0
178803,9898,526,2023-08-04,4,5
178818,7736,155,2023-09-03,3,15
178826,4136,116,2023-12-03,1,0
178837,7892,235,2023-10-04,2,10
178838,4080,300,2023-02-07,1,5
178854,1119,311,2023-07-05,1,2
178855,8138,166,2023-11-11,3,2
178862,2238,593,2023-12-02,2,10
178876,5629,503,2023-06-12,1,0
178886,9866,593,2023-02-03,2,0
178889,6432,185,2023-05-01,1,2
178895,2655,556,2023-12-10,1,0
178898,1562,355,2023-11-02,4,0
178904,7359,414,2023-03-08,2,10
178909,1953,226,2023-08-06,3,5
178911,4661,358,2023-05-12,3,0
178923,145,372,2023-08-01,1,2
178925,9589,391,2023-03-04,2,2
178937,5765,529,2023-10-02,1,0
178943,9112,355,2023-09-12,1,5
178947,5353,586,2023-09-10,1,2
178955,1020,574,2023-02-03,1,0
178960,5033,390,2023-10-11,2,10
178966,7294,147,2023-04-01,4,2
178967,4233,266,2023-10-03,2,0
178978,4044,229,2023-10-11,1,5
178983,5773,162,2023-05-02,3,0
178986,7213,145,2023-04-05,1,0
178989,6725,256,2023-04-02,1,0
178990,9752,524,2023-12-08,1,0
178996,6827,389,2023-10-12,3,0
178997,6541,213,2023-03-04,3,0
178999,6832,427,2023-04-11,2,0
179007,1702,136,2023-09-08,2,5
179010,3280,437,2023-07-08,1,0
179012,788,148,2023-03-09,2,0
179046,8767,550,2023-04-03,1,5
179052,7644,209,2023-07-08,4,0
179061,3612,147,2023-07-12,5,0
179073,9613,321,2023-08-12,2,0
179074,2217,251,2023-10-01,1,5
179083,5940,347,2023-04-12,3,0
179087,1025,156,2023-01-04,2,0
179089,9297,371,2023-07-09,2,5
179094,8264,559,2023-08-02,2,10
179095,2734,373,2023-12-11,2,2
179099,3995,210,2023-03-09,3,5
179101,3097,362,2023-10-02,1,10
179111,8589,172,2023-10-06,4,5
179112,1008,491,2023-03-06,1,2
179114,7667,163,2023-06-09,2,2
179116,6601,494,2023-07-04,1,10
179121,7970,490,2023-12-01,3,0
179126,4238,394,2023-10-09,1,0
179142,5202,598,2023-06-03,1,5
179151,5138,126,2023-09-05,3,0
179160,5169,475,2023-01-03,3,5
179166,3324,298,2023-02-12,1,10
179189,2775,514,2023-02-06,2,0
179205,5753,363,2023-01-10,2,0
179212,3803,409,2023-10-08,4,5
179215,9352,595,2023-11-06,5,2
179221,1973,106,2023-10-10,1,0
179226,4824,346,2023-12-10,1,0
179231,2714,398,2023-11-09,1,0
179235,2715,240,2023-08-04,3,0
179237,1474,334,2023-08-12,1,2
179260,9812,553,2023-01-03,1,2
179261,9628,205,2023-06-11,2,20
179268,9215,287,2023-11-02,5,0
179269,357,191,2023-10-10,3,5
179274,3641,218,2023-04-07,1,0
179279,8328,492,2023-06-09,2,15
179288,7463,374,2023-08-09,1,0
179292,9819,521,2023-09-02,1,2
179294,6636,194,2023-06-08,1,0
179298,6524,512,2023-07-08,2,0
179299,4255,320,2023-01-05,1,2
179302,1156,143,2023-08-02,1,0
179304,8208,153,2023-11-08,2,0
179308,4732,105,2023-09-10,2,2
179311,6172,173,2023-01-08,2,0
179329,9281,220,2023-02-06,1,0
179335,276,494,2023-02-01,1,10
179370,1225,490,2023-12-01,4,0
179371,9171,365,2023-07-04,3,0
179373,4811,149,2023-02-11,1,0
179374,1437,305,2023-01-09,2,2
179386,2553,259,2023-02-06,2,0
179398,734,346,2023-09-06,1,0
179400,98,172,2023-05-02,3,0
179406,9750,506,2023-10-03,1,0
179407,1928,443,2023-09-10,3,10
179408,4014,405,2023-04-01,1,0
179411,8482,336,2023-11-11,2,2
179415,1448,325,2023-01-01,1,0
179419,6307,464,2023-06-02,1,0
179427,5716,415,2023-05-11,2,0
179429,3791,115,2023-07-11,1,0
179435,1381,161,2023-08-06,3,0
179452,9215,532,2023-09-12,5,10
179454,3426,477,2023-06-02,2,15
179457,29,500,2023-05-06,2,2
179461,1138,149,2023-04-07,1,0
179462,9705,564,2023-07-05,1,0
179463,2048,325,2023-11-10,3,5
179466,5206,244,2023-12-08,2,0
179470,1494,446,2023-05-06,1,0
179480,2712,554,2023-03-08,2,0
179489,7380,108,2023-04-04,4,5
179493,6895,591,2023-03-01,1,0
179501,5568,348,2023-08-12,2,0
179503,3182,424,2023-12-07,1,2
179514,7188,354,2023-11-04,1,5
179522,8377,160,2023-03-05,2,0
179525,7165,338,2023-07-08,2,0
179536,829,262,2023-07-10,1,0
179537,5007,207,2023-11-11,1,0
179539,5540,221,2023-04-02,2,10
179541,2783,393,2023-09-08,4,0
179542,175,515,2023-11-05,3,2
179545,4875,293,2023-09-04,2,5
179546,3778,151,2023-11-10,2,15
179556,1189,471,2023-02-10,2,0
179560,4773,481,2023-08-11,1,0
179561,6309,388,2023-04-01,5,0
179569,7228,511,2023-08-07,1,2
179574,2404,500,2023-12-08,2,2
179580,2814,438,2023-11-05,2,0
179596,4380,248,2023-07-09,3,5
179606,1746,198,2023-11-07,1,10
179608,7569,130,2023-04-03,1,0
179610,9258,468,2023-04-10,5,2
179627,8861,548,2023-06-06,3,15
179628,3746,561,2023-08-07,1,2
179638,242,238,2023-11-12,3,0
179639,1028,487,2023-03-07,3,0
179640,1039,249,2023-08-08,1,0
179641,83,147,2023-04-07,4,15
179645,5381,331,2023-06-02,2,0
179654,168,391,2023-12-07,2,10
179665,279,330,2023-02-01,1,0
179669,5146,438,2023-02-06,2,5
179671,8493,589,2023-01-03,3,15
179683,5457,291,2023-02-11,1,0
179688,2338,467,2023-02-01,1,0
179689,1726,331,2023-05-11,3,5
179691,9657,340,2023-02-09,5,0
179692,1886,205,2023-11-01,3,5
179695,7972,238,2023-10-06,1,5
179696,3326,134,2023-09-02,2,0
179697,1505,373,2023-01-10,3,2
179711,7239,373,2023-08-08,1,0
179727,5213,501,2023-03-03,2,0
179730,3785,262,2023-10-01,1,2
179734,6982,416,2023-03-08,2,0
179741,6774,439,2023-12-07,1,10
179754,4778,276,2023-01-01,3,5
179755,2837,536,2023-03-01,1,0
179758,7145,185,2023-05-10,1,2
179780,5284,178,2023-12-06,1,0
179788,999,409,2023-06-10,2,0
179789,2782,486,2023-06-04,5,0
179790,2807,461,2023-02-06,1,15
179795,8917,412,2023-04-03,2,5
179796,4837,492,2023-11-03,2,0
179808,4075,205,2023-12-06,2,5
179813,6191,280,2023-03-04,4,5
179818,7425,303,2023-11-01,1,2
179830,7296,564,2023-06-01,5,0
179842,1127,191,2023-08-01,1,0
179847,6473,273,2023-12-07,2,0
179856,8681,553,2023-09-10,1,0
179857,6036,340,2023-08-11,3,0
179861,3851,274,2023-04-04,1,2
179863,981,525,2023-01-03,1,5
179865,1782,546,2023-02-09,1,2
179868,278,168,2023-11-02,4,2
179874,839,349,2023-08-12,3,5
179879,7429,239,2023-09-02,1,5
179887,8922,277,2023-04-02,4,0
179888,7135,177,2023-10-05,3,2
179894,4114,266,2023-12-01,2,5
179907,7461,308,2023-08-12,3,2
179909,4066,478,2023-05-11,4,0
179910,9633,547,2023-04-09,3,0
179916,2586,220,2023-04-02,1,0
179917,145,262,2023-01-12,3,0
179920,4840,284,2023-06-04,4,0
179922,5381,131,2023-05-02,1,0
179929,7254,218,2023-11-05,1,5
179936,2316,144,2023-12-12,2,2
179937,4946,547,2023-08-09,1,5
179946,2983,145,2023-12-03,1,0
179954,9588,591,2023-01-07,3,10
179957,7729,475,2023-09-11,1,10
179960,384,199,2023-03-12,1,15
179973,4641,437,2023-01-03,1,10
179978,6475,304,2023-11-05,4,0
179987,2760,414,2023-06-07,1,0
180002,6310,176,2023-05-04,1,0
180008,9921,473,2023-11-02,2,5
180014,4837,546,2023-10-08,3,0
180019,5599,335,2023-01-06,3,0
180023,5177,273,2023-08-03,2,0
180035,1530,550,2023-09-09,1,5
180041,1904,495,2023-12-01,1,0
180052,4359,385,2023-04-02,3,0
180054,7521,554,2023-11-07,2,0
180057,8255,261,2023-11-05,1,0
180070,7197,507,2023-05-07,1,0
180078,9681,225,2023-12-07,2,0
180079,3358,396,2023-02-12,1,5
180087,8239,565,2023-08-11,2,0
180106,9639,452,2023-04-11,4,2
180121,8540,366,2023-10-02,1,10
180127,147,552,2023-06-12,3,0
180138,9928,427,2023-10-01,2,0
180146,425,348,2023-09-03,4,0
180164,5711,562,2023-02-03,1,0
180173,8755,332,2023-05-06,1,15
180174,8428,136,2023-09-01,2,2
180186,2122,294,2023-08-03,1,0
180191,401,459,2023-07-01,1,0
180200,8332,295,2023-01-12,3,0
180204,198,534,2023-01-05,3,10
180216,2281,398,2023-01-07,2,5
180221,2301,107,2023-01-09,1,5
180223,368,250,2023-04-12,5,2
180232,6657,415,2023-06-07,4,2
180239,5992,183,2023-09-05,1,10
180242,7695,492,2023-01-03,4,0
180247,3504,422,2023-11-11,1,5
180252,6377,485,2023-02-07,2,2
180261,3028,423,2023-12-09,2,5
180264,420,220,2023-03-10,3,0
180272,706,257,2023-01-02,2,0
180275,4139,310,2023-05-09,1,10
180280,6122,372,2023-03-10,1,0
180286,3065,381,2023-10-12,2,0
180290,1355,478,2023-10-01,1,0
180292,5420,510,2023-07-05,3,0
180302,9341,250,2023-06-12,1,0
180307,5782,576,2023-05-10,1,0
180315,4160,558,2023-08-11,1,0
180327,2685,293,2023-03-11,5,10
180342,49,231,2023-02-01,1,15
180343,9588,599,2023-07-02,2,0
180344,7159,380,2023-03-03,3,0
180346,2533,298,2023-09-11,2,0
180348,2164,349,2023-08-09,2,0
180349,8442,331,2023-05-07,1,0
180356,605,186,2023-06-05,2,2
180358,5530,248,2023-12-01,2,0
180359,8423,549,2023-09-12,1,0
180361,2391,454,2023-06-01,2,10
180367,9202,293,2023-11-11,2,0
180379,431,216,2023-01-03,1,5
180380,542,304,2023-03-01,4,10
180384,1624,145,2023-11-02,1,0
180387,6480,600,2023-01-08,2,5
180391,1791,425,2023-06-09,1,5
180401,5476,576,2023-11-04,4,0
180416,2026,262,2023-06-03,1,0
180421,2751,402,2023-12-09,2,0
180423,4292,322,2023-06-04,2,0
180431,4899,493,2023-03-03,1,0
180436,7009,330,2023-01-08,3,0
180441,1453,299,2023-07-04,1,2
180444,4790,335,2023-01-04,1,2
180450,1584,387,2023-07-05,1,0
180453,2091,339,2023-11-08,4,10
180463,3684,496,2023-10-09,3,10
180473,468,274,2023-02-04,1,2
180482,7675,320,2023-07-09,1,2
180488,6431,569,2023-12-06,2,5
180490,9276,581,2023-02-03,2,10
180495,8999,589,2023-06-09,1,2
180498,3378,303,2023-04-08,2,0
180506,4192,575,2023-04-12,1,0
180507,9612,141,2023-09-08,5,0
180510,5820,111,2023-02-03,1,0
180511,2333,171,2023-04-03,2,2
180513,6862,426,2023-08-11,2,0
180514,3164,223,2023-09-04,2,5
180528,8091,536,2023-05-05,3,2
180529,5182,408,2023-12-09,1,10
180533,4270,323,2023-01-08,1,2
180536,8878,363,2023-05-01,2,0
180546,6486,511,2023-10-07,4,0
180547,805,572,2023-10-07,2,0
180548,9130,587,2023-02-03,1,10
180558,4019,259,2023-09-12,1,0
180574,788,385,2023-10-09,2,10
180575,5146,345,2023-03-03,1,0
180577,8024,265,2023-06-05,3,0
180598,4840,423,2023-01-09,3,5
180604,2591,378,2023-07-12,1,2
180608,7222,562,2023-04-09,2,0
180635,8722,347,2023-01-07,1,0
180639,348,512,2023-10-12,3,0
180642,3955,273,2023-12-09,2,20
180645,4938,160,2023-05-12,1,2
180646,2925,248,2023-01-02,2,15
180648,6634,137,2023-03-05,1,0
180656,397,153,2023-08-04,1,0
180662,3174,158,2023-01-07,3,0
180663,5177,267,2023-01-04,3,2
180670,9477,342,2023-01-10,1,0
180676,6823,216,2023-08-09,1,10
180683,4955,190,2023-07-12,2,15
180686,4151,382,2023-02-11,1,0
180688,3056,486,2023-01-08,1,0
180722,8017,158,2023-02-05,1,0
180724,6879,573,2023-08-03,4,5
180731,3169,210,2023-12-01,3,10
180732,3978,508,2023-09-07,2,10
180733,7082,492,2023-08-07,1,2
180739,1094,159,2023-05-08,1,0
180742,5295,452,2023-04-10,2,2
180746,6110,118,2023-01-03,2,0
180758,2665,417,2023-02-03,3,0
180763,9283,102,2023-06-10,1,0
180770,1478,323,2023-08-07,3,10
180781,4311,450,2023-05-11,2,0
180790,9843,186,2023-02-03,3,0
180793,7823,159,2023-08-11,4,0
180795,2332,190,2023-09-02,1,10
180799,2036,262,2023-06-10,1,0
180805,605,126,2023-05-08,3,5
180813,9386,599,2023-09-09,1,0
180816,2060,493,2023-12-11,1,0
180817,4899,336,2023-07-01,3,15
180819,5913,189,2023-08-12,3,15
180829,1346,517,2023-12-10,2,0
180842,5543,529,2023-07-11,4,0
180846,1239,353,2023-02-12,2,10
180848,6575,486,2023-03-01,3,0
180852,8433,226,2023-11-07,4,2
180854,2039,345,2023-11-07,1,0
180863,1292,359,2023-12-11,2,0
180865,6036,274,2023-11-04,1,0
180870,2100,293,2023-06-06,1,0
180874,4942,449,2023-12-12,2,0
180879,1687,526,2023-04-08,2,0
180888,4983,483,2023-05-12,4,0
180891,2490,197,2023-03-09,1,10
180900,457,167,2023-06-10,1,10
180905,3925,292,2023-02-09,2,15
180906,4555,590,2023-09-12,1,0
180913,4765,237,2023-07-06,2,5
180921,6838,549,2023-11-10,1,0
180922,1725,257,2023-06-05,4,0
180942,7254,343,2023-12-01,3,0
180943,1033,408,2023-05-02,1,0
180951,8053,225,2023-03-08,2,0
180952,3603,545,2023-11-12,1,2
180953,7695,113,2023-02-10,1,0
180957,517,284,2023-09-09,3,0
180959,398,166,2023-02-01,4,0
180966,9654,505,2023-03-04,3,0
180967,1052,165,2023-11-06,1,5
180968,5621,399,2023-03-05,1,15
180981,8794,213,2023-10-12,2,5
180986,904,324,2023-07-03,2,0
180990,2829,165,2023-03-03,4,10
181009,2226,434,2023-05-12,3,0
181015,9138,250,2023-01-07,1,0
181021,5674,227,2023-04-10,2,0
181023,7784,142,2023-09-09,2,5
181029,7984,342,2023-06-12,1,2
181032,742,580,2023-10-10,2,5
181041,6523,552,2023-10-02,2,0
181046,8365,356,2023-12-10,1,2
181052,4738,335,2023-10-10,4,2
181053,5621,335,2023-08-06,4,0
181061,9458,290,2023-07-07,1,2
181066,580,407,2023-07-01,1,0
181074,4614,271,2023-09-02,1,10
181079,4368,515,2023-12-04,2,2
181080,3065,599,2023-03-09,2,5
181085,2456,431,2023-08-03,2,0
181086,5172,310,2023-11-06,1,0
181087,3340,508,2023-12-05,1,10
181090,3864,447,2023-10-05,4,0
181092,6570,121,2023-05-08,1,0
181093,1447,259,2023-11-01,1,10
181100,8824,119,2023-04-04,2,0
181113,6361,203,2023-05-07,3,0
181117,4285,576,2023-02-12,2,2
181119,3006,349,2023-08-01,3,0
181121,9738,469,2023-02-04,2,0
181126,1970,425,2023-12-11,1,0
181128,9890,245,2023-11-12,1,0
181131,6653,460,2023-08-07,2,0
181132,2058,279,2023-01-11,1,0
181141,7022,324,2023-10-02,2,15
181149,8187,336,2023-11-03,3,0
181153,7635,305,2023-08-09,1,0
181161,2674,509,2023-01-03,2,10
181168,2921,223,2023-09-01,1,0
181174,9176,201,2023-04-05,2,2
181178,2771,122,2023-08-07,1,2
181196,8119,551,2023-08-11,2,0
181203,8595,444,2023-04-02,1,5
181206,8917,385,2023-02-06,2,0
181215,855,478,2023-11-09,1,2
181219,3067,206,2023-11-06,1,0
181247,9508,422,2023-08-12,1,20
181257,8780,159,2023-10-07,5,0
181264,9513,409,2023-02-01,1,10
181270,8369,355,2023-04-04,3,0
181279,5648,502,2023-07-08,3,2
181294,878,384,2023-10-12,1,0
181298,535,218,2023-05-02,2,5
181302,2478,373,2023-07-10,1,0
181307,9578,578,2023-11-04,2,0
181310,4594,239,2023-12-04,2,2
181312,9236,161,2023-01-07,1,0
181313,9359,542,2023-05-12,2,2
181318,6669,288,2023-11-05,1,0
181339,497,167,2023-07-10,1,0
181343,689,365,2023-05-09,1,5
181351,4326,242,2023-06-10,5,0
181357,1992,109,2023-01-09,2,0
181358,2030,316,2023-02-08,1,0
181376,2857,502,2023-01-02,3,0
181383,7380,264,2023-09-12,1,0
181384,9333,490,2023-11-03,3,5
181390,9503,213,2023-01-04,1,0
181391,183,167,2023-06-03,2,5
181392,9719,347,2023-08-04,4,15
181394,4164,403,2023-09-12,2,10
181398,948,201,2023-11-07,3,0
181399,6840,438,2023-09-09,1,10
181401,7408,509,2023-12-08,2,0
181403,2655,495,2023-06-07,2,0
181413,4549,107,2023-09-05,1,0
181424,2344,366,2023-02-09,2,15
181428,2506,436,2023-06-08,2,2
181435,8555,355,2023-04-10,3,0
181438,6736,137,2023-05-07,3,0
181440,7213,127,2023-04-09,1,0
181453,9299,595,2023-02-07,1,10
181471,4401,300,2023-02-07,2,0
181474,2136,402,2023-10-09,4,0
181490,2218,585,2023-01-11,5,0
181494,2553,320,2023-01-10,1,0
181498,9354,224,2023-07-03,3,15
181507,7840,338,2023-11-02,1,0
181508,7864,565,2023-02-09,3,5
181512,6440,168,2023-01-10,2,0
181527,9172,117,2023-08-03,3,2
181531,2788,231,2023-03-03,1,10
181535,8295,239,2023-07-03,2,10
181536,7292,494,2023-04-05,1,10
181539,5933,460,2023-07-11,2,5
181543,6818,111,2023-09-01,1,0
181548,5182,579,2023-09-06,1,10
181555,3317,229,2023-04-02,2,2
181570,11,210,2023-10-12,5,0
181575,1239,304,2023-12-06,1,0
181578,6693,347,2023-04-02,2,10
181592,9027,392,2023-02-06,1,15
181598,5618,111,2023-09-06,2,0
181608,718,526,2023-06-03,1,0
181609,4955,209,2023-05-07,1,2
181627,5106,599,2023-10-03,2,0
181628,3374,361,2023-08-07,2,0
181634,4027,167,2023-11-05,1,5
181643,7501,400,2023-04-01,1,2
181645,6355,339,2023-04-03,1,2
181648,6334,341,2023-06-05,1,2
181656,3405,390,2023-04-02,5,5
181661,5847,460,2023-06-02,2,0
181662,1979,470,2023-06-04,1,0
181665,3691,347,2023-03-06,5,10
181671,577,396,2023-06-11,2,0
181672,8774,395,2023-06-10,4,2
181677,3814,405,2023-07-09,1,5
181686,8819,315,2023-06-02,1,0
181700,4786,120,2023-02-09,1,0
181706,7048,538,2023-01-11,1,0
181711,5062,226,2023-08-07,1,10
181732,3930,424,2023-12-08,1,0
181750,2248,450,2023-02-07,1,5
181786,3500,303,2023-04-11,3,0
181787,5994,244,2023-08-07,1,0
181797,1886,503,2023-03-07,3,15
181803,8584,359,2023-02-08,1,0
181808,5886,306,2023-03-03,1,5
181815,791,566,2023-05-11,3,0
181819,3684,340,2023-03-04,3,2
181820,4077,113,2023-08-01,1,10
181826,7152,489,2023-06-12,3,5
181831,5104,216,2023-01-12,2,2
181840,5330,456,2023-03-01,2,0
181846,2269,374,2023-01-02,1,0
181856,8006,196,2023-05-08,2,10
181870,3809,140,2023-07-04,2,2
181872,5691,342,2023-03-08,3,15
181875,9432,350,2023-07-10,1,0
181879,1166,447,2023-01-01,2,0
181883,1584,288,2023-03-09,1,0
181887,7135,204,2023-05-11,5,2
181901,4535,194,2023-12-09,3,2
181902,1390,516,2023-05-10,1,5
181907,4747,480,2023-04-09,1,10
181913,7778,316,2023-03-06,3,0
181915,4480,161,2023-05-09,1,0
181917,339,266,2023-02-10,1,5
181923,861,585,2023-05-06,1,0
181924,2420,331,2023-08-03,1,5
181925,5033,251,2023-12-12,1,0
181931,7609,439,2023-02-01,3,5
181932,1033,449,2023-10-02,1,0
181941,7232,262,2023-05-02,2,0
181953,1381,363,2023-12-07,1,0
181959,8858,205,2023-12-10,4,0
181965,4664,518,2023-04-12,2,2
181971,7785,406,2023-08-10,1,0
181981,6349,573,2023-04-06,1,0
181983,6303,573,2023-10-04,1,2
182012,4110,561,2023-08-05,2,0
182013,8655,370,2023-01-04,2,10
182023,3882,171,2023-02-10,3,0
182030,8547,421,2023-08-12,1,20
182044,9176,478,2023-07-05,2,0
182047,1210,599,2023-09-07,2,0
182057,6071,340,2023-10-02,3,0
182059,3357,393,2023-06-01,1,0
182061,6700,231,2023-07-01,2,5
182064,1250,153,2023-07-02,1,5
182074,4426,457,2023-01-10,3,0
182076,1690,480,2023-11-11,4,0
182078,9723,340,2023-07-10,1,10
182080,1467,176,2023-06-02,1,2
182081,2778,433,2023-12-08,2,0
182083,6714,266,2023-11-06,3,0
182088,6353,450,2023-07-12,4,5
182091,1128,223,2023-08-04,1,0
182103,2802,330,2023-10-04,1,10
182108,5904,404,2023-03-04,3,5
182113,830,372,2023-08-09,1,2
182135,2648,189,2023-09-01,2,10
182151,7755,390,2023-11-03,2,0
182155,6966,319,2023-06-12,3,0
182158,8228,293,2023-01-04,3,0
182160,8306,159,2023-12-02,3,2
182171,6387,111,2023-05-10,2,0
182177,3269,565,2023-05-06,1,0
182182,8726,489,2023-11-08,3,5
182188,4618,276,2023-06-04,1,0
182189,4877,429,2023-02-10,3,5
182192,1453,504,2023-02-01,2,5
182200,9599,395,2023-03-06,2,0
182206,2539,105,2023-06-08,2,0
182208,6538,280,2023-10-06,1,5
182225,49,241,2023-07-01,1,0
182233,3533,462,2023-06-01,1,0
182234,515,164,2023-06-03,1,5
182238,1063,177,2023-04-05,1,0
182245,1999,209,2023-08-12,1,10
182253,3817,486,2023-03-10,1,0
182258,5363,553,2023-09-02,1,0
182261,446,461,2023-09-12,4,0
182275,830,166,2023-01-04,2,0
182278,2625,118,2023-05-08,2,0
182280,1454,179,2023-05-06,2,0
182286,8899,356,2023-10-05,1,5
182289,855,225,2023-10-03,2,0
182296,1213,584,2023-06-05,4,0
182304,6378,359,2023-01-02,1,0
182315,2411,376,2023-12-02,3,0
182319,9683,238,2023-06-12,1,10
182328,7863,208,2023-06-04,1,10
182334,658,377,2023-07-03,1,10
182337,9925,458,2023-02-07,2,0
182339,2481,543,2023-09-07,1,0
182342,9295,421,2023-04-09,2,0
182350,4146,315,2023-08-05,2,0
182352,2531,149,2023-02-09,1,0
182357,2122,507,2023-11-08,1,0
182363,2595,364,2023-11-08,3,5
182364,4593,205,2023-05-06,1,0
182378,920,483,2023-01-04,1,0
182379,1466,401,2023-08-12,2,0
182402,7598,316,2023-08-01,4,0
182407,5337,439,2023-10-07,3,0
182417,2760,472,2023-11-05,1,15
182428,7215,215,2023-07-02,1,0
182437,6422,413,2023-09-08,1,0
182443,6976,204,2023-06-02,3,5
182449,8434,361,2023-07-07,4,0
182469,6586,157,2023-05-08,2,15
182472,518,180,2023-11-12,1,2
182484,3540,473,2023-01-08,1,0
182486,1329,111,2023-11-06,1,0
182504,4679,151,2023-09-07,2,5
182513,8866,136,2023-05-10,3,10
182516,8669,464,2023-03-09,1,0
182520,6657,410,2023-11-11,1,0
182524,7165,403,2023-05-06,4,0
182534,870,424,2023-02-07,1,15
182539,8273,267,2023-08-03,4,5
182542,8839,143,2023-09-10,4,0
182546,8474,432,2023-12-02,1,0
182555,5878,443,2023-01-01,3,2
182562,7544,123,2023-10-12,1,15
182611,6316,288,2023-07-02,1,0
182619,6309,125,2023-06-12,2,2
182621,5196,431,2023-11-04,1,5
182640,6044,584,2023-06-05,2,2
182644,4891,267,2023-08-11,1,0
182647,3687,117,2023-06-07,4,0
182656,8007,507,2023-04-04,3,10
182657,5081,253,2023-11-12,2,0
182658,791,412,2023-06-05,3,10
182662,5368,370,2023-03-01,3,0
182667,493,581,2023-01-04,2,0
182668,9272,580,2023-08-02,3,0
182671,4218,136,2023-01-03,1,0
182676,5331,472,2023-09-12,1,20
182684,3680,520,2023-09-04,4,2
182697,7575,347,2023-09-11,2,0
182705,6942,515,2023-08-09,2,10
182712,1881,376,2023-09-08,1,0
182714,8423,472,2023-10-06,1,0
182725,6166,432,2023-01-05,3,0
182733,201,546,2023-08-11,1,15
182736,604,151,2023-06-04,2,0
182738,9020,379,2023-01-09,1,2
182741,8091,577,2023-03-06,1,0
182748,3855,591,2023-12-11,1,10
182756,6399,439,2023-07-03,5,0
182760,2539,257,2023-06-02,5,0
182765,5011,441,2023-05-03,2,0
182770,1283,347,2023-02-10,1,15
182784,6384,397,2023-05-02,4,0
182794,94,365,2023-09-05,4,5
182797,8197,268,2023-06-05,2,0
182799,4199,165,2023-04-10,3,2
182806,1140,456,2023-02-07,2,10
182815,9647,282,2023-09-09,1,0
182830,7918,461,2023-12-10,1,0
182834,4106,370,2023-06-03,3,0
182842,634,335,2023-11-10,3,0
182844,4199,492,2023-07-01,3,2
182846,6436,590,2023-11-10,1,0
182850,8107,119,2023-10-12,1,0
182854,9450,243,2023-02-11,5,5
182863,1358,175,2023-05-09,2,0
182871,7739,484,2023-12-03,2,5
182872,4731,125,2023-12-08,4,0
182874,6088,154,2023-02-08,4,10
182876,8659,379,2023-07-04,2,0
182888,9330,186,2023-06-04,2,10
182892,9612,109,2023-10-02,1,0
182900,1247,551,2023-06-09,4,0
182909,8527,333,2023-03-01,1,10
182923,7291,160,2023-08-08,3,0
182926,325,348,2023-11-12,1,5
182928,4741,503,2023-09-10,1,10
182929,4743,498,2023-08-04,1,0
182943,5835,364,2023-08-08,1,5
182948,8593,339,2023-11-04,1,0
182963,6211,517,2023-07-02,2,5
182964,4388,290,2023-12-02,1,5
182968,8945,125,2023-05-11,1,0
182977,9262,570,2023-07-10,2,10
182981,1448,566,2023-05-11,1,0
182989,159,368,2023-03-04,2,5
182991,3212,548,2023-05-07,1,5
182992,5458,372,2023-10-12,1,0
182995,8442,154,2023-08-05,3,0
182997,8682,517,2023-02-07,4,0
183012,3227,345,2023-05-10,3,0
183023,5620,531,2023-09-04,1,10
183035,7093,346,2023-02-01,1,0
183051,4477,369,2023-06-10,1,0
183061,1247,312,2023-05-11,1,0
183062,1920,567,2023-10-11,1,0
183069,8799,513,2023-11-09,1,15
183070,4393,181,2023-03-12,2,0
183084,5680,514,2023-09-03,1,0
183085,4826,299,2023-04-08,1,0
183090,2613,475,2023-05-04,2,10
183095,4420,451,2023-11-05,1,0
183104,1700,196,2023-08-08,1,0
183105,8319,317,2023-10-02,1,5
183117,2513,400,2023-06-07,3,0
183129,7100,385,2023-05-09,2,0
183132,4686,355,2023-12-09,5,0
183135,9619,442,2023-01-09,3,0
183137,5701,340,2023-07-05,3,0
183142,4749,218,2023-12-05,3,0
183145,8457,223,2023-06-12,3,5
183147,4505,160,2023-11-10,1,0
183189,3040,397,2023-07-05,1,2
183190,3746,446,2023-10-01,1,5
183191,8744,446,2023-12-01,2,2
183195,6307,497,2023-09-02,1,2
183202,4955,148,2023-08-09,4,20
183206,9556,503,2023-06-05,3,0
183208,9657,245,2023-05-05,1,0
183214,7526,117,2023-05-05,1,0
183223,2189,192,2023-01-08,4,5
183247,9905,270,2023-05-07,1,0
183250,9822,448,2023-08-10,1,0
183254,8948,101,2023-09-02,3,5
183276,9663,167,2023-10-06,1,0
183277,5426,352,2023-11-07,1,0
183278,215,171,2023-08-06,1,0
183282,5333,125,2023-05-07,5,10
183283,1707,109,2023-01-08,1,2
183286,5604,401,2023-06-03,1,0
183294,4100,101,2023-05-06,1,10
183300,2964,569,2023-02-11,2,5
183312,2979,240,2023-10-09,1,2
183325,2104,102,2023-06-05,2,0
183329,5627,171,2023-09-01,2,0
183331,9585,374,2023-02-06,4,5
183332,2983,272,2023-06-05,1,0
183346,861,292,2023-03-07,2,0
183356,884,140,2023-03-03,1,2
183357,9685,164,2023-12-01,1,0
183369,8948,136,2023-10-12,1,10
183390,8899,488,2023-09-03,1,5
183394,8945,232,2023-01-04,1,0
183395,1850,573,2023-05-06,3,0
183400,1784,114,2023-11-08,5,10
183404,8869,346,2023-03-04,1,0
183414,7130,177,2023-07-09,1,15
183415,5353,323,2023-08-10,2,2
183430,2121,586,2023-11-10,1,5
183432,9562,545,2023-11-05,1,0
183452,3093,360,2023-08-07,2,0
183459,9991,208,2023-10-04,4,5
183460,8310,223,2023-05-02,1,0
183463,8941,459,2023-04-11,2,0
183472,7168,212,2023-01-04,1,10
183473,9353,203,2023-04-06,3,5
183476,428,509,2023-04-11,1,0
183481,7561,221,2023-08-04,5,0
183490,3888,509,2023-09-09,1,15
183495,9890,165,2023-04-12,2,0
183501,6023,384,2023-07-11,2,2
183506,4664,475,2023-10-10,3,0
183515,431,421,2023-10-02,2,0
183516,7007,358,2023-09-06,2,0
183533,6992,112,2023-05-12,1,0
183559,4361,505,2023-04-03,1,2
183564,6067,426,2023-08-05,2,10
183575,8434,486,2023-12-04,1,0
183576,9935,589,2023-02-10,2,5
183589,183,382,2023-09-03,4,10
183600,5057,259,2023-09-11,3,0
183605,2224,339,2023-03-09,2,15
183614,736,304,2023-08-03,3,15
183623,6789,138,2023-09-10,1,0
183627,9422,425,2023-11-12,1,0
183628,6489,518,2023-09-03,3,0
183630,8103,320,2023-10-11,1,0
183638,2249,592,2023-08-02,1,5
183666,1453,395,2023-01-08,2,0
183671,2411,449,2023-01-06,2,0
183672,5464,511,2023-03-11,2,0
183678,3479,132,2023-09-07,4,0
183682,1645,307,2023-09-06,1,2
183683,7734,345,2023-12-06,2,10
183707,7603,502,2023-01-07,5,10
183723,3544,569,2023-09-10,4,0
183729,7290,449,2023-04-03,1,0
183734,9964,369,2023-05-10,2,0
183744,6532,434,2023-12-03,3,0
183746,4039,422,2023-05-01,1,0
183748,4531,517,2023-07-09,3,2
183749,277,209,2023-02-12,2,2
183752,3160,466,2023-05-10,2,2
183758,4381,511,2023-06-02,1,0
183765,9598,418,2023-09-11,1,15
183766,1639,516,2023-03-01,1,10
183770,4616,160,2023-10-10,1,5
183772,3507,235,2023-09-09,1,0
183775,6608,129,2023-12-01,1,0
183791,154,257,2023-11-11,2,2
183792,4612,104,2023-05-04,2,0
183805,2396,322,2023-09-03,2,0
183812,5629,143,2023-09-01,3,0
183815,7614,162,2023-01-03,3,5
183824,4936,319,2023-06-02,2,2
183827,7824,157,2023-08-11,1,0
183841,9049,113,2023-09-10,2,0
183842,4948,582,2023-09-02,4,0
183856,2414,487,2023-10-03,3,0
183857,7878,457,2023-05-08,3,2
183859,1585,391,2023-03-10,1,0
183866,4075,453,2023-08-02,1,5
183869,1024,553,2023-08-12,1,0
183875,4370,301,2023-02-02,1,0
183878,9011,294,2023-12-12,1,0
183880,2938,536,2023-01-08,1,0
183886,1037,489,2023-01-06,1,0
183892,7122,489,2023-07-10,1,0
183898,9823,542,2023-06-11,4,0
183903,2553,572,2023-01-06,1,0
183906,8589,334,2023-01-06,3,0
183909,1819,250,2023-05-02,2,5
183912,3927,536,2023-12-12,1,10
183913,442,138,2023-05-07,1,0
183918,1341,480,2023-07-02,1,0
183936,2779,462,2023-11-07,1,5
183938,8726,390,2023-04-07,2,0
183941,6222,277,2023-03-02,1,5
183943,1911,572,2023-01-08,2,5
183947,6079,317,2023-03-03,1,2
183951,2792,531,2023-01-11,1,0
183955,3128,405,2023-12-10,1,0
183957,8457,323,2023-11-09,3,0
183970,2177,341,2023-02-06,2,10
183971,4637,199,2023-12-04,5,10
183974,7007,397,2023-02-04,1,0
183977,1079,585,2023-06-03,1,0
183983,4871,432,2023-07-06,1,0
183988,9838,166,2023-07-05,2,5
183991,6907,428,2023-05-03,1,0
183996,957,426,2023-08-02,4,0
184011,2695,375,2023-03-06,2,0
184017,7710,422,2023-01-08,1,0
184021,9020,465,2023-04-11,1,0
184028,9580,236,2023-01-07,3,0
184054,8780,478,2023-08-11,2,2
184057,8869,120,2023-04-06,2,5
184058,2322,223,2023-02-02,3,5
184063,5215,129,2023-01-06,2,10
184082,6316,143,2023-07-01,1,15
184084,7481,377,2023-04-12,2,0
184085,3047,191,2023-06-02,2,0
184093,159,273,2023-03-02,1,20
184107,5202,514,2023-05-03,3,5
184113,7123,351,2023-09-03,1,10
184119,2344,250,2023-04-12,3,2
184125,669,473,2023-03-06,3,2
184127,8437,565,2023-05-08,4,5
184130,6907,110,2023-10-07,4,0
184133,429,434,2023-03-05,1,5
184138,9380,458,2023-01-07,1,2
184145,4655,425,2023-05-11,5,2
184157,6678,175,2023-09-02,2,0
184158,6152,471,2023-05-09,1,0
184162,6752,279,2023-12-09,1,0
184163,124,194,2023-04-12,1,2
184174,7047,585,2023-06-11,3,10
184180,7058,448,2023-10-04,1,2
184183,4496,158,2023-03-06,2,2
184194,6423,494,2023-08-03,3,0
184199,5712,251,2023-11-10,1,5
184204,7188,435,2023-08-04,1,0
184205,6507,526,2023-10-03,1,2
184206,8979,225,2023-05-07,1,0
184211,2552,165,2023-06-02,1,0
184215,3597,179,2023-04-11,1,0
184216,2175,287,2023-10-10,3,10
184225,416,505,2023-02-12,2,20
184232,4989,102,2023-11-12,1,5
184245,5599,549,2023-09-06,2,0
184259,6044,494,2023-02-12,1,0
184296,3892,249,2023-08-10,3,0
184297,9788,366,2023-01-09,2,5
184304,8817,142,2023-01-04,1,2
184310,4146,254,2023-12-03,1,0
184326,2418,211,2023-02-02,3,10
184356,205,282,2023-05-10,3,5
184359,9116,336,2023-06-03,1,0
184369,4944,299,2023-02-03,2,2
184371,7797,414,2023-02-08,1,0
184372,8666,120,2023-02-03,5,0
184373,7847,110,2023-05-04,4,0
184380,5299,285,2023-08-11,2,2
184387,6661,582,2023-02-07,3,5
184393,7122,419,2023-08-06,5,5
184405,8817,274,2023-06-11,1,0
184421,9725,305,2023-12-11,2,0
184432,7858,303,2023-08-10,2,5
184440,8839,239,2023-07-06,3,0
184445,534,353,2023-04-09,1,0
184447,3486,496,2023-04-11,2,0
184458,4320,565,2023-09-09,2,0
184460,350,329,2023-05-01,2,5
184462,2128,221,2023-01-08,1,0
184471,108,185,2023-07-06,1,0
184480,2441,583,2023-04-04,1,10
184481,8764,514,2023-03-03,4,0
184483,8227,399,2023-09-03,4,0
184492,1013,132,2023-09-05,1,0
184510,9226,104,2023-07-07,5,0
184514,426,484,2023-01-09,3,0
184519,6919,474,2023-09-01,1,2
184531,2685,282,2023-11-07,1,0
184532,7951,399,2023-07-06,1,0
184535,3320,455,2023-12-10,2,0
184537,544,109,2023-02-09,4,2
184539,3079,324,2023-08-03,5,5
184551,1298,285,2023-09-05,1,0
184566,9027,241,2023-02-11,2,0
184568,462,202,2023-04-03,4,0
184580,2949,438,2023-06-10,5,2
184591,182,406,2023-01-05,2,2
184600,4889,190,2023-08-08,3,0
184612,2284,461,2023-08-07,2,2
184622,7544,387,2023-09-02,1,2
184625,2313,496,2023-08-10,3,0
184630,8298,398,2023-09-07,1,2
184638,5014,447,2023-06-05,1,10
184641,3430,158,2023-12-05,1,0
184648,3775,516,2023-03-06,1,0
184661,5510,481,2023-08-01,1,2
184664,5920,407,2023-04-10,1,0
184682,5164,262,2023-04-07,1,0
184689,5633,210,2023-06-05,2,0
184703,8535,266,2023-06-06,3,0
184710,7294,322,2023-02-10,2,0
184713,1820,430,2023-03-02,2,0
184715,1127,580,2023-12-04,1,5
184723,1698,107,2023-05-10,3,0
184725,2113,380,2023-05-01,4,0
184730,5732,394,2023-03-11,1,2
184731,8143,365,2023-03-10,1,0
184745,411,145,2023-04-09,1,0
184748,6353,565,2023-11-02,4,0
184761,5760,300,2023-08-01,1,0
184767,7363,117,2023-10-08,1,0
184774,6110,553,2023-11-08,3,0
184775,5589,109,2023-01-12,1,0
184785,5385,214,2023-12-09,1,0
184787,3855,232,2023-11-02,1,5
184793,9304,155,2023-10-04,3,0
184807,9130,377,2023-04-04,1,5
184808,5243,271,2023-05-01,4,0
184811,1928,216,2023-03-08,1,0
184812,2022,465,2023-10-04,3,0
184818,411,473,2023-08-02,1,0
184819,6922,159,2023-11-12,1,10
184824,3999,106,2023-09-08,1,0
184826,4112,155,2023-04-10,1,0
184837,6259,385,2023-02-11,2,0
184843,2128,174,2023-01-05,3,20
184846,8444,168,2023-10-06,2,0
184862,999,452,2023-03-05,1,0
184863,291,496,2023-04-05,3,0
184871,9436,371,2023-05-05,2,0
184873,4511,508,2023-11-07,2,5
184874,1909,159,2023-06-05,2,0
184877,986,432,2023-09-04,1,2
184878,4809,314,2023-07-08,2,0
184881,3047,583,2023-06-07,1,15
184886,2189,107,2023-11-03,1,0
184889,6515,311,2023-02-04,4,0
184892,9788,538,2023-07-03,2,0
184893,6888,375,2023-04-07,2,0
184910,2036,137,2023-09-04,2,0
184925,7712,593,2023-03-05,4,0
184929,766,585,2023-06-08,3,5
184934,8648,600,2023-11-03,2,2
184944,4354,600,2023-05-04,2,10
184946,4576,565,2023-09-04,3,10
184951,5878,389,2023-08-04,2,0
184952,9686,209,2023-02-06,3,10
184954,1686,472,2023-08-06,2,2
184957,4145,399,2023-02-12,3,0
184961,2697,528,2023-09-05,1,0
184971,253,433,2023-11-01,2,5
184975,2605,333,2023-01-07,2,0
184987,6258,155,2023-07-07,1,0
184994,604,570,2023-02-09,2,5
184998,1480,423,2023-01-04,1,0
185005,6166,149,2023-02-07,1,2
185006,6543,116,2023-05-09,1,0
185019,2113,473,2023-04-07,2,0
185028,5385,279,2023-04-12,3,0
185035,3481,522,2023-08-11,2,0
185037,8782,540,2023-09-01,1,0
185042,9950,280,2023-05-12,3,5
185047,7637,204,2023-10-01,1,2
185057,544,284,2023-01-01,2,0
185059,6349,348,2023-07-04,1,0
185066,2744,577,2023-01-07,2,2
185098,3286,448,2023-11-09,4,0
185099,5420,600,2023-11-10,3,10
185108,6626,188,2023-02-09,4,0
185118,795,580,2023-06-12,1,5
185119,2687,318,2023-04-11,4,0
185120,8539,256,2023-04-05,2,0
185126,3877,245,2023-12-01,5,0
185127,2208,294,2023-11-11,1,0
185139,4280,465,2023-09-04,1,2
185143,7396,551,2023-10-12,3,0
185155,9859,151,2023-05-12,1,0
185156,6826,356,2023-08-02,3,5
185160,9525,183,2023-04-07,2,0
185170,4594,150,2023-03-10,3,5
185171,7365,343,2023-07-09,1,0
185174,4630,207,2023-12-03,1,0
185175,3851,306,2023-10-05,1,0
185179,4867,171,2023-05-11,1,2
185188,8336,530,2023-10-11,1,15
185193,2160,331,2023-02-09,1,2
185198,5301,198,2023-08-04,1,0
185205,3851,307,2023-06-01,2,0
185219,3486,397,2023-09-04,2,2
185225,7611,592,2023-02-11,2,2
185241,6958,410,2023-03-12,4,0
185252,4063,436,2023-09-01,2,10
185261,8621,445,2023-01-02,2,0
185262,7982,548,2023-08-03,3,0
185263,6067,305,2023-05-02,1,0
185272,2482,350,2023-07-01,1,0
185274,8501,269,2023-03-01,2,10
185276,3126,216,2023-05-02,5,0
185282,3935,437,2023-10-10,2,0
185292,9545,199,2023-09-10,1,0
185307,9819,282,2023-02-02,1,10
185315,3292,120,2023-02-05,3,15
185318,2965,274,2023-11-01,1,10
185325,380,570,2023-06-12,2,0
185332,2332,120,2023-11-12,4,0
185337,6292,302,2023-03-05,1,0
185339,2594,253,2023-03-02,1,2
185347,5389,312,2023-03-08,2,0
185348,2197,180,2023-08-10,1,0
185349,1685,594,2023-04-10,4,0
185351,5147,178,2023-05-01,1,0
185356,8282,189,2023-02-10,1,5
185357,8948,109,2023-09-02,1,10
185374,1437,351,2023-04-12,1,0
185379,9116,297,2023-02-11,2,15
185382,7214,244,2023-03-01,2,5
185383,5786,514,2023-10-11,1,2
185388,7472,430,2023-10-06,4,5
185391,9109,151,2023-04-06,3,10
185407,7266,269,2023-06-10,1,0
185409,1126,534,2023-03-12,2,2
185418,3462,510,2023-12-01,2,2
185424,1801,537,2023-09-05,1,0
185427,2842,487,2023-06-06,1,0
185429,6530,482,2023-07-06,1,0
185439,4016,102,2023-03-12,5,0
185440,6864,293,2023-06-08,1,0
185454,2017,539,2023-09-03,2,0
185463,2674,471,2023-06-01,1,0
185484,201,417,2023-12-09,2,0
185492,8998,101,2023-07-12,1,10
185494,1067,323,2023-09-11,2,0
185501,9562,467,2023-06-09,2,0
185502,9323,104,2023-06-03,1,0
185507,1856,294,2023-12-04,5,0
185508,7797,193,2023-07-10,1,5
185514,5567,264,2023-04-02,4,0
185525,5172,134,2023-06-04,1,0
185526,1459,592,2023-04-05,3,2
185541,3585,223,2023-04-11,1,0
185552,8077,412,2023-08-03,1,5
185553,6356,328,2023-03-01,3,0
185558,363,487,2023-02-04,2,2
185559,3746,570,2023-01-12,2,10
185562,9819,433,2023-07-03,2,0
185565,6178,166,2023-04-03,3,0
185566,6264,436,2023-07-07,1,2
185569,9793,253,2023-12-09,1,0
185577,7234,548,2023-05-04,2,0
185581,3403,249,2023-02-02,3,10
185586,7008,231,2023-03-03,2,10
185587,5661,451,2023-11-02,1,0
185591,6476,459,2023-03-04,1,0
185607,9855,452,2023-10-03,1,0
185622,6682,280,2023-07-06,2,2
185623,246,377,2023-04-11,2,0
185624,7239,481,2023-02-07,2,10
185641,4981,222,2023-07-10,4,5
185645,4783,307,2023-06-03,1,10
185649,9572,125,2023-08-11,3,2
185678,7798,468,2023-09-11,1,20
185680,1641,344,2023-10-05,1,2
185696,7234,304,2023-04-02,1,10
185702,7332,547,2023-06-11,3,10
185709,9205,184,2023-02-04,1,10
185717,2538,370,2023-04-07,2,2
185720,4098,500,2023-03-01,1,10
185726,3246,121,2023-02-01,2,10
185728,71,250,2023-11-04,1,10
185730,8584,467,2023-08-03,1,5
185731,4047,321,2023-06-11,2,0
185741,1358,470,2023-08-08,3,0
185756,9273,217,2023-09-06,5,0
185761,6998,135,2023-08-08,3,2
185770,120,255,2023-06-05,4,10
185776,7369,442,2023-08-10,1,5
185778,6241,217,2023-04-08,2,5
185789,6088,217,2023-05-03,2,0
185790,7616,541,2023-02-11,2,0
185795,5691,371,2023-08-10,1,2
185801,839,205,2023-12-01,2,2
185810,7318,519,2023-10-10,3,0
185822,6231,338,2023-01-02,2,5
185832,1970,437,2023-03-03,2,5
185833,4238,194,2023-04-09,1,2
185839,4233,235,2023-07-04,2,0
185843,818,187,2023-03-11,2,15
185869,3147,339,2023-07-10,1,0
185876,7773,464,2023-03-12,1,0
185877,1598,465,2023-10-01,4,10
185891,5358,524,2023-06-08,1,0
185892,7213,209,2023-03-04,4,0
185893,9884,216,2023-12-06,1,0
185900,1130,581,2023-10-12,1,0
185903,9041,521,2023-03-08,2,20
185910,6711,148,2023-05-10,4,2
185922,1072,391,2023-10-11,1,0
185932,9537,453,2023-04-04,1,5
185947,3567,318,2023-01-03,1,0
185971,2072,505,2023-01-02,3,0
185973,3722,490,2023-04-02,1,0
185982,4393,450,2023-08-06,3,0
185983,1856,314,2023-02-01,2,10
185984,5760,595,2023-11-01,2,2
185986,6854,485,2023-06-01,3,0
185989,2522,362,2023-05-04,5,0
186001,6193,499,2023-02-09,4,10
186011,8992,566,2023-03-09,1,2
186013,7234,500,2023-07-01,3,0
186017,229,480,2023-10-07,4,5
186025,1040,282,2023-03-05,1,0
186031,2964,492,2023-04-12,1,5
186036,9477,301,2023-02-04,1,0
186038,9535,135,2023-07-09,2,0
186042,4940,332,2023-12-07,1,0
186044,6586,473,2023-02-01,1,10
186046,4723,180,2023-06-09,4,5
186050,8944,530,2023-03-04,1,0
186052,5174,518,2023-03-04,3,0
186063,2595,189,2023-02-11,2,15
186073,4715,195,2023-09-12,2,0
186084,750,379,2023-09-08,1,0
186085,875,310,2023-11-04,1,0
186095,9595,115,2023-12-03,2,5
186107,9369,552,2023-03-01,4,0
186108,8112,311,2023-01-05,3,0
186109,9275,113,2023-02-06,2,0
186111,7475,240,2023-10-12,4,10
186129,2248,480,2023-03-11,1,0
186131,186,362,2023-02-12,1,0
186146,7837,370,2023-04-12,1,2
186153,1304,537,2023-01-09,5,0
186157,5273,308,2023-03-06,1,0
186170,9355,420,2023-10-07,1,0
186193,4025,143,2023-08-02,1,0
186195,6898,551,2023-04-09,1,0
186201,1355,254,2023-04-05,1,2
186210,5717,553,2023-02-10,2,5
186218,1196,445,2023-01-07,4,2
186220,4873,482,2023-05-11,3,2
186232,8227,119,2023-06-05,1,0
186237,7710,196,2023-04-04,5,10
186239,2492,226,2023-01-09,1,2
186243,273,298,2023-08-09,2,0
186248,9363,412,2023-09-06,2,10
186266,8127,101,2023-01-08,1,0
186273,6432,334,2023-03-08,2,2
186280,1349,209,2023-05-07,1,2
186292,9070,418,2023-11-09,1,2
186302,4317,444,2023-02-12,1,0
186305,5321,422,2023-03-11,1,0
186315,2872,190,2023-04-10,1,0
186317,3363,567,2023-09-02,1,0
186321,9138,161,2023-11-09,3,10
186323,330,309,2023-11-03,1,2
186326,5231,393,2023-03-12,2,0
186333,169,122,2023-09-11,3,10
186346,2620,418,2023-12-04,3,0
186380,3823,549,2023-04-01,4,0
186381,1130,471,2023-04-05,3,0
186386,6106,539,2023-11-04,1,0
186390,1815,541,2023-10-07,2,0
186393,7244,272,2023-04-07,2,0
186399,4084,460,2023-05-05,2,15
186406,4220,384,2023-09-10,1,5
186419,160,219,2023-04-06,2,0
186421,2507,479,2023-10-10,2,0
186425,8896,545,2023-03-02,2,0
186440,661,301,2023-07-08,2,5
186444,5186,109,2023-06-02,4,5
186449,842,549,2023-03-11,1,0
186451,1144,600,2023-02-02,2,0
186452,32,523,2023-03-11,2,0
186453,9000,529,2023-09-08,1,0
186467,6280,189,2023-04-08,1,0
186468,3778,140,2023-08-09,2,0
186478,7785,342,2023-10-05,2,0
186486,1583,527,2023-12-05,4,2
186487,72,520,2023-12-08,2,5
186499,5981,157,2023-02-05,2,0
186504,5883,395,2023-11-07,2,0
186508,9570,145,2023-01-03,4,10
186517,4916,358,2023-06-07,2,2
186521,7895,567,2023-01-08,1,0
186523,6746,143,2023-08-12,1,0
186527,7487,450,2023-09-10,1,5
186532,2442,143,2023-08-05,1,5
186538,1634,159,2023-11-01,3,2
186545,6199,173,2023-10-03,1,2
186549,9712,524,2023-09-05,3,10
186562,7972,328,2023-02-11,3,0
186569,9025,409,2023-01-02,2,0
186576,9224,145,2023-11-11,1,0
186582,4461,290,2023-04-08,3,2
186591,2395,114,2023-08-11,3,0
186594,1049,316,2023-11-09,4,0
186597,2922,295,2023-06-12,2,2
186598,5516,497,2023-02-11,1,0
186610,7842,101,2023-11-01,1,10
186613,3828,303,2023-02-04,1,0
186614,4868,345,2023-01-12,1,2
186618,3749,303,2023-03-01,1,0
186626,4272,215,2023-01-11,1,0
186629,6052,392,2023-08-10,3,2
186630,6352,236,2023-07-04,2,0
186631,486,105,2023-08-06,2,5
186640,8730,481,2023-08-06,1,2
186642,6313,504,2023-08-09,3,0
186647,544,434,2023-10-01,1,0
186655,1919,208,2023-12-11,2,2
186659,4375,383,2023-05-05,4,15
186670,8639,441,2023-01-03,1,10
186671,9871,364,2023-09-11,2,0
186674,3287,408,2023-02-01,4,5
186676,8031,580,2023-05-02,1,5
186684,6655,501,2023-12-10,1,15
186695,8903,290,2023-10-06,1,2
186698,7836,320,2023-02-11,1,2
186699,8950,388,2023-10-04,1,0
186701,2513,451,2023-06-11,4,0
186704,2507,345,2023-04-12,5,10
186711,1061,466,2023-02-10,1,0
186716,5375,327,2023-11-12,2,10
186722,8421,444,2023-02-08,1,0
186729,474,395,2023-10-05,1,0
186733,6392,557,2023-07-12,4,0
186744,2079,600,2023-02-05,1,5
186752,2105,268,2023-01-02,2,0
186754,981,235,2023-02-01,1,0
186759,9837,549,2023-07-06,1,0
186764,4076,363,2023-03-04,4,10
186768,6027,479,2023-11-05,2,2
186770,6242,539,2023-06-12,5,10
186778,7970,403,2023-08-06,2,5
186787,3365,335,2023-06-04,2,2
186789,9033,158,2023-08-05,3,0
186802,3121,164,2023-09-10,1,10
186804,7737,278,2023-10-01,2,5
186807,233,586,2023-05-09,3,0
186813,3011,162,2023-04-03,1,0
186814,4814,112,2023-02-03,2,0
186819,5982,583,2023-02-09,1,0
186824,876,503,2023-01-02,1,5
186825,9599,573,2023-12-09,1,5
186832,2369,127,2023-08-01,2,0
186839,9893,496,2023-01-06,1,0
186841,9765,535,2023-08-10,2,5
186845,5964,162,2023-07-01,1,15
186855,9125,224,2023-04-12,4,2
186856,5504,505,2023-01-11,1,0
186873,8493,447,2023-08-11,3,5
186875,3032,357,2023-06-03,1,2
186903,3409,278,2023-09-05,5,5
186913,4777,356,2023-07-01,1,0
186914,6725,209,2023-04-07,2,0
186915,1060,532,2023-10-05,1,0
186920,5071,216,2023-12-01,1,5
186923,7517,564,2023-09-11,1,5
186930,9410,238,2023-10-09,1,5
186931,5685,332,2023-12-06,2,10
186938,3147,386,2023-04-10,2,2
186943,5627,329,2023-05-03,1,0
186957,3841,189,2023-12-10,1,0
186959,8818,531,2023-06-08,1,2
186960,3909,404,2023-09-11,1,5
186965,2088,183,2023-04-06,3,0
186968,416,400,2023-02-09,4,0
186979,3791,400,2023-04-02,2,5
186984,2164,101,2023-09-02,2,5
186985,416,190,2023-06-08,1,0
186987,5732,175,2023-04-08,3,5
186989,5204,544,2023-08-07,3,0
186994,7893,303,2023-08-10,1,15
186995,602,311,2023-04-08,2,2
187000,327,455,2023-09-03,2,0
187005,3249,465,2023-03-03,5,5
187006,7580,326,2023-09-02,3,2
187024,9576,281,2023-04-01,2,0
187028,4432,102,2023-01-08,1,0
187030,1819,426,2023-04-04,1,0
187033,2792,468,2023-07-07,1,10
187034,6021,495,2023-11-04,3,0
187037,7798,109,2023-06-12,5,10
187042,6541,431,2023-03-10,4,5
187043,3401,414,2023-11-06,1,0
187053,3828,535,2023-12-05,1,5
187060,3219,213,2023-03-01,1,0
187077,497,460,2023-11-02,3,0
187083,2238,530,2023-12-11,2,0
187093,9905,587,2023-05-12,1,15
187097,8812,163,2023-11-10,2,2
187099,5451,311,2023-10-06,3,10
187103,3252,308,2023-07-09,1,10
187105,8541,385,2023-02-07,1,0
187107,8263,444,2023-05-12,1,0
187108,6876,508,2023-12-05,1,0
187114,9111,395,2023-10-11,1,15
187120,5253,135,2023-10-03,2,0
187121,6858,172,2023-04-09,3,0
187131,3913,501,2023-08-08,3,15
187138,1950,592,2023-06-12,2,0
187144,7012,452,2023-04-04,1,0
187147,4549,350,2023-09-03,1,2
187164,1979,575,2023-05-11,2,15
187165,3290,128,2023-06-07,3,0
187167,397,312,2023-07-08,1,10
187173,6530,402,2023-02-02,1,2
187176,962,208,2023-06-08,1,2
187199,8335,153,2023-11-04,2,5
187201,821,561,2023-02-03,4,0
187202,6118,173,2023-05-11,2,0
187204,1274,583,2023-09-03,1,0
187212,3063,564,2023-08-04,2,10
187217,3481,501,2023-08-01,1,0
187220,9888,434,2023-02-11,1,10
187230,7620,532,2023-11-09,2,2
187231,9738,221,2023-05-02,1,10
187232,9211,403,2023-08-02,2,0
187238,8262,270,2023-05-06,4,0
187246,8906,547,2023-12-08,3,5
187247,277,187,2023-05-07,1,0
187248,2605,399,2023-09-12,3,2
187256,8834,212,2023-10-09,3,2
187257,5979,221,2023-02-12,1,0
187283,7165,317,2023-01-06,4,5
187284,2227,300,2023-12-02,4,0
187287,4716,117,2023-01-09,3,0
187297,5238,161,2023-01-05,2,0
187303,6391,431,2023-04-07,1,0
187305,8903,139,2023-08-06,1,0
187308,4616,104,2023-05-02,1,5
187312,7722,327,2023-05-12,2,10
187316,6686,587,2023-11-03,3,5
187318,1606,475,2023-08-01,5,5
187331,8475,343,2023-10-07,2,0
187333,9100,334,2023-12-07,3,0
187335,7382,454,2023-07-02,1,0
187346,5301,455,2023-01-12,2,5
187348,6297,519,2023-07-07,4,0
187349,6989,169,2023-11-03,1,2
187360,4426,421,2023-01-02,1,0
187365,8539,255,2023-02-08,1,5
187368,7015,514,2023-09-03,1,0
187387,409,249,2023-04-03,1,0
187389,3445,103,2023-08-04,1,0
187395,7637,501,2023-05-05,1,0
187399,7822,304,2023-02-05,5,2
187400,2438,190,2023-01-08,1,0
187403,5567,389,2023-10-11,1,5
187422,3792,327,2023-01-02,1,2
187425,4039,114,2023-07-01,4,0
187429,9852,187,2023-01-09,1,0
187436,9819,133,2023-08-02,5,10
187438,839,561,2023-09-11,1,0
187447,3219,463,2023-03-07,1,0
187458,6287,477,2023-05-05,1,5
187459,1480,600,2023-12-07,1,0
187475,3206,190,2023-11-02,2,0
187486,1278,401,2023-09-05,2,0
187503,1342,310,2023-02-01,2,2
187507,4684,465,2023-04-02,3,10
187512,2804,338,2023-07-12,2,0
187521,9432,436,2023-02-12,2,2
187538,8460,471,2023-05-02,5,5
187542,2722,329,2023-03-10,5,0
187544,7244,458,2023-01-10,1,0
187545,1341,419,2023-12-11,3,2
187549,7981,279,2023-04-08,1,0
187552,625,163,2023-12-07,3,0
187554,3893,317,2023-08-01,3,0
187555,4231,494,2023-07-06,1,0
187557,4053,122,2023-07-06,2,2
187559,8103,573,2023-04-02,2,0
187562,411,371,2023-01-07,1,2
187564,565,337,2023-07-02,3,0
187569,5160,108,2023-01-09,1,2
187570,8836,455,2023-08-12,1,5
187571,301,570,2023-11-10,3,2
187577,6451,307,2023-10-10,2,0
187581,7285,167,2023-06-07,3,10
187589,4084,425,2023-09-02,2,0
187601,712,598,2023-08-10,3,0
187607,7725,278,2023-05-03,1,0
187626,7697,321,2023-05-01,1,5
187639,6558,440,2023-12-05,2,5
187642,2944,341,2023-05-07,1,2
187644,9743,467,2023-08-03,2,0
187652,1586,536,2023-07-10,3,0
187657,2819,433,2023-07-02,2,0
187664,2497,445,2023-03-01,1,0
187668,1300,308,2023-03-11,1,0
187670,9061,516,2023-05-10,1,2
187675,4535,566,2023-07-08,1,10
187687,6021,415,2023-07-10,5,10
187690,6773,498,2023-09-01,2,15
187706,1404,155,2023-08-08,2,0
187708,7081,278,2023-05-10,1,0
187712,3261,258,2023-05-08,2,0
187724,273,187,2023-02-09,1,0
187730,994,409,2023-04-02,3,0
187734,4565,320,2023-11-03,5,15
187747,5920,149,2023-01-07,2,5
187750,5484,194,2023-05-01,1,15
187756,1253,224,2023-12-04,2,0
187768,8196,158,2023-11-09,2,0
187770,4311,503,2023-06-12,2,2
187790,8730,326,2023-07-07,1,0
187792,286,435,2023-08-09,3,0
187824,2318,350,2023-08-11,3,0
187825,9720,495,2023-11-12,1,0
187827,5802,380,2023-11-07,1,2
187828,4315,102,2023-02-09,2,0
187829,6473,491,2023-01-06,2,10
187830,4612,456,2023-08-12,2,2
187833,8202,498,2023-05-11,1,10
187841,5199,567,2023-05-12,1,0
187842,397,533,2023-09-10,2,0
187852,7254,562,2023-09-12,1,5
187854,5196,534,2023-07-05,3,0
187855,9684,520,2023-03-10,5,0
187860,2223,517,2023-11-11,2,0
187871,145,121,2023-01-08,2,0
187887,9647,343,2023-03-09,1,0
187888,7994,185,2023-05-08,1,0
187891,2095,469,2023-01-02,5,0
187893,6992,462,2023-12-11,1,0
187905,6191,124,2023-12-07,1,0
187906,8651,484,2023-02-07,2,2
187911,3809,285,2023-04-07,3,0
187942,7977,351,2023-07-02,2,10
187949,5042,478,2023-11-08,1,0
187957,6716,105,2023-03-07,1,0
187959,7575,112,2023-04-01,1,2
187962,2506,497,2023-04-04,3,0
187966,9640,469,2023-12-02,1,0
187971,957,358,2023-12-10,3,0
187972,2322,347,2023-11-05,1,0
187984,2444,357,2023-07-06,2,10
187986,5301,394,2023-10-03,3,0
187995,5273,473,2023-01-10,2,0
188003,5789,599,2023-12-08,5,0
188005,6971,592,2023-02-04,1,5
188007,7298,298,2023-02-02,2,2
188010,7899,167,2023-08-07,3,0
188012,2977,375,2023-09-08,4,0
188013,9497,128,2023-09-09,3,0
188015,5882,443,2023-11-11,3,0
188024,5898,466,2023-07-10,4,5
188026,4953,461,2023-12-01,1,2
188040,6686,129,2023-04-07,3,2
188044,5418,584,2023-10-08,2,0
188045,7215,312,2023-11-07,1,10
188050,9822,424,2023-03-06,3,15
188064,1341,494,2023-05-08,3,0
188085,7308,558,2023-06-02,2,0
188088,6819,157,2023-05-10,2,5
188089,6501,471,2023-05-02,2,0
188102,5252,282,2023-04-05,3,0
188105,9323,114,2023-01-06,1,5
188114,6280,461,2023-11-04,2,2
188119,7020,454,2023-02-08,4,5
188135,7304,467,2023-12-02,4,10
188145,7160,221,2023-10-09,3,10
188154,5274,395,2023-07-01,3,0
188169,6950,153,2023-11-06,1,0
188174,1922,216,2023-04-05,4,0
188180,6451,384,2023-09-06,1,15
188181,5555,243,2023-07-02,1,0
188186,8890,384,2023-07-08,1,2
188198,5385,376,2023-09-07,1,0
188203,7261,338,2023-08-09,3,5
188210,6608,150,2023-03-02,1,0
188212,3290,250,2023-03-08,1,2
188224,9151,587,2023-12-05,2,2
188228,1024,186,2023-04-06,5,0
188230,5231,108,2023-04-05,4,0
188231,4044,373,2023-11-01,1,0
188235,3783,545,2023-02-09,1,0
188240,2361,563,2023-03-04,1,15
188251,1688,477,2023-04-11,4,2
188266,7822,176,2023-01-11,2,0
188267,5716,238,2023-12-11,5,0
188290,5790,554,2023-04-12,1,10
188304,3374,221,2023-01-06,2,0
188310,1243,490,2023-04-07,4,2
188313,7893,130,2023-09-08,1,5
188319,3069,595,2023-08-09,1,0
188321,6054,148,2023-11-02,3,0
188338,5070,284,2023-02-12,2,5
188339,11,183,2023-12-10,3,0
188341,1323,185,2023-05-01,5,2
188344,877,532,2023-05-06,1,0
188353,7183,556,2023-03-06,4,0
188367,556,579,2023-02-06,1,0
188372,7292,354,2023-01-02,1,0
188379,456,398,2023-09-06,4,0
188381,151,388,2023-10-07,2,5
188382,838,379,2023-02-11,2,0
188385,6762,599,2023-09-01,1,5
188399,9791,165,2023-08-03,1,5
188402,9130,510,2023-02-07,1,5
188416,4053,505,2023-07-08,1,5
188419,7197,437,2023-06-09,1,0
188421,7805,319,2023-07-03,1,2
188430,6152,566,2023-08-04,1,2
188440,923,178,2023-03-04,1,0
188445,6908,361,2023-07-11,2,0
188464,842,219,2023-06-09,2,0
188491,3492,349,2023-08-05,2,0
188500,2367,555,2023-02-01,4,0
188501,4039,439,2023-09-04,1,2
188508,4380,578,2023-05-02,1,0
188512,9647,290,2023-04-01,1,0
188519,3316,245,2023-06-01,2,10
188528,3844,575,2023-03-02,1,2
188530,9260,407,2023-01-12,2,0
188531,786,490,2023-07-07,2,0
188541,7070,317,2023-12-04,1,0
188545,814,117,2023-08-08,1,5
188557,5621,258,2023-12-08,2,0
188559,2033,546,2023-09-01,3,0
188564,7880,337,2023-08-10,3,0
188567,2420,234,2023-11-06,3,0
188568,786,527,2023-11-12,1,0
188586,6361,535,2023-06-03,3,0
188602,8585,138,2023-02-03,2,0
188616,5652,392,2023-02-09,1,0
188624,4151,500,2023-12-12,1,2
188640,4050,305,2023-11-06,2,0
188647,6771,539,2023-10-06,2,0
188654,8934,403,2023-05-07,1,0
188666,2857,135,2023-03-12,4,0
188672,6859,159,2023-08-05,5,15
188673,3358,480,2023-02-04,2,2
188681,4778,333,2023-09-03,1,10
188685,8262,527,2023-04-09,1,0
188687,7279,173,2023-02-08,3,0
188689,9228,433,2023-12-06,5,2
188694,7836,290,2023-01-06,2,0
188696,2712,133,2023-05-12,1,5
188701,9232,406,2023-03-02,1,0
188703,3719,568,2023-02-08,2,10
188713,9041,294,2023-08-09,5,2
188715,4056,248,2023-05-07,1,0
188724,9252,545,2023-06-11,4,0
188731,3087,452,2023-09-07,1,5
188733,1885,131,2023-09-10,2,15
188739,1011,205,2023-05-06,2,0
188761,4686,192,2023-12-06,1,0
188763,999,176,2023-09-08,4,0
188768,67,443,2023-08-12,3,0
188774,1950,184,2023-04-10,4,0
188775,1798,257,2023-01-07,3,5
188786,5808,183,2023-08-08,1,2
188788,1001,297,2023-11-02,4,0
188789,3333,590,2023-02-07,4,0
188797,8399,241,2023-01-09,1,0
188801,8423,290,2023-03-07,3,10
188805,1808,122,2023-07-08,2,2
188806,5648,280,2023-12-08,2,0
188809,3855,582,2023-06-04,4,2
188817,4266,253,2023-12-09,1,0
188824,6088,278,2023-11-01,1,2
188826,8948,532,2023-03-01,1,0
188836,7836,108,2023-12-01,2,5
188839,948,374,2023-09-03,2,2
188847,6097,197,2023-01-06,3,0
188848,9272,211,2023-12-05,3,10
188856,5724,422,2023-07-02,3,0
188879,2873,109,2023-02-01,2,0
188885,2219,532,2023-02-07,2,0
188890,5104,121,2023-11-12,2,5
188894,8981,138,2023-08-05,1,0
188904,186,299,2023-07-05,2,10
188910,6370,175,2023-06-02,2,10
188919,6538,528,2023-11-04,3,0
188925,9675,488,2023-06-12,1,2
188931,186,400,2023-02-05,3,0
188933,1955,571,2023-04-03,5,0
188936,4910,598,2023-10-05,3,2
188937,8680,450,2023-03-09,2,2
188940,825,393,2023-08-04,2,0
188947,1569,423,2023-07-11,2,0
188949,2783,486,2023-04-06,2,10
188960,6368,184,2023-02-10,3,15
188963,5331,504,2023-09-12,1,0
188969,5362,154,2023-01-02,2,0
188983,2397,212,2023-09-08,4,0
188990,4084,506,2023-08-02,1,2
188998,9683,298,2023-10-08,3,5
189006,2766,285,2023-01-03,4,0
189020,3687,313,2023-05-05,1,0
189021,2162,534,2023-09-08,2,0
189029,5362,333,2023-05-11,3,0
189041,3930,470,2023-01-07,3,10
189049,8367,409,2023-11-03,4,0
189063,165,554,2023-05-01,3,2
189067,9232,597,2023-03-06,2,2
189077,7008,436,2023-03-07,1,2
189085,2109,151,2023-04-07,2,0
189086,9264,496,2023-09-02,4,2
189096,420,278,2023-02-04,2,5
189099,5147,211,2023-11-07,4,0
189101,9111,493,2023-09-05,1,0
189102,8049,424,2023-04-12,3,10
189108,6052,494,2023-03-01,1,0
189113,8905,219,2023-05-04,5,0
189114,1272,259,2023-11-09,2,5
189127,2414,533,2023-12-07,1,0
189133,4240,273,2023-08-08,2,5
189159,8829,211,2023-09-09,1,2
189161,3737,252,2023-11-08,1,5
189162,5982,393,2023-01-03,1,0
189167,5772,205,2023-08-06,1,5
189168,2238,335,2023-10-01,1,0
189173,9973,220,2023-11-11,5,0
189180,8974,572,2023-05-10,1,0
189189,350,171,2023-06-08,1,0
189194,4933,589,2023-05-12,1,0
189202,2323,583,2023-11-12,4,0
189229,2837,489,2023-02-02,1,0
189232,9620,355,2023-09-08,2,2
189234,7887,471,2023-11-06,3,10
189244,5333,375,2023-03-10,2,5
189251,8819,141,2023-04-09,1,2
189253,9033,448,2023-10-01,1,0
189257,8899,248,2023-01-12,1,5
189261,7890,154,2023-08-06,1,0
189264,8237,370,2023-08-05,2,10
189265,6403,597,2023-05-07,4,10
189270,913,238,2023-10-04,2,0
189277,6411,590,2023-08-03,1,0
189280,539,453,2023-05-10,1,0
189282,6110,448,2023-05-12,1,0
189285,5856,366,2023-09-10,3,2
189302,3600,430,2023-05-08,2,5
189307,7276,516,2023-02-07,1,0
189315,3056,241,2023-08-07,2,0
189316,6254,436,2023-02-07,1,0
189322,4840,123,2023-02-08,1,0
189327,3893,267,2023-04-05,3,5
189328,2771,260,2023-03-06,1,0
189338,5396,102,2023-07-09,3,0
189348,4507,399,2023-04-05,1,0
189349,6786,129,2023-11-11,4,0
189352,6501,481,2023-10-03,1,0
189359,936,317,2023-07-07,1,5
189360,1568,210,2023-10-11,1,0
189368,7419,342,2023-06-03,3,0
189370,3333,398,2023-11-12,2,0
189376,8665,104,2023-06-05,1,2
189385,8299,351,2023-06-06,3,0
189386,9680,114,2023-12-06,3,0
189391,3823,338,2023-05-02,2,0
189392,981,555,2023-02-01,3,0
189400,418,254,2023-02-07,1,0
189402,634,526,2023-07-08,2,10
189404,1612,452,2023-01-09,3,10
189419,2905,203,2023-05-01,4,20
189426,6797,222,2023-06-05,1,0
189427,176,103,2023-11-03,3,0
189432,1049,116,2023-12-06,1,0
189436,1612,578,2023-05-08,2,2
189439,2779,293,2023-07-03,1,15
189440,4434,576,2023-05-04,2,10
189447,6123,390,2023-03-08,1,0
189451,1028,579,2023-03-10,1,10
189456,1868,111,2023-10-04,3,0
189457,8475,203,2023-07-06,2,10
189466,3758,504,2023-03-04,1,15
189467,6303,419,2023-04-06,2,5
189469,4877,390,2023-09-12,2,0
189472,3162,209,2023-12-04,5,0
189475,1123,300,2023-05-10,2,0
189493,2221,314,2023-12-12,1,0
189494,3855,531,2023-06-10,2,5
189502,1062,530,2023-05-04,2,0
189517,8885,468,2023-12-02,4,20
189520,7913,282,2023-01-07,1,0
189521,7654,345,2023-09-12,3,10
189540,5101,413,2023-01-12,1,5
189549,5977,242,2023-02-10,2,2
189560,8602,226,2023-03-02,3,0
189569,7221,396,2023-11-10,4,0
189573,9207,111,2023-04-04,2,5
189580,5133,496,2023-10-03,1,0
189603,8409,463,2023-08-11,2,2
189607,7263,152,2023-01-11,3,10
189615,1231,375,2023-12-01,1,0
189616,3809,334,2023-10-06,2,0
189628,6161,448,2023-02-10,5,0
189630,7580,126,2023-07-05,3,0
189639,9111,421,2023-08-02,1,10
189644,5969,526,2023-02-12,1,0
189651,5276,535,2023-04-01,3,2
189654,9041,182,2023-01-10,1,5
189656,5798,500,2023-06-11,1,0
189670,4746,479,2023-09-09,1,0
189673,4539,585,2023-07-06,1,0
189675,8503,143,2023-02-11,1,0
189677,3049,247,2023-12-08,2,0
189693,8092,101,2023-01-04,3,2
189699,5330,263,2023-01-07,5,10
189705,3821,442,2023-12-02,1,10
189708,7847,425,2023-01-05,2,0
189713,232,109,2023-11-09,2,10
189735,9888,274,2023-09-04,5,0
189740,515,166,2023-10-05,3,15
189770,5685,320,2023-10-08,2,5
189780,341,328,2023-07-10,1,15
189787,2559,442,2023-08-12,3,2
189794,731,215,2023-02-03,1,0
189799,7257,219,2023-03-02,2,15
189801,4989,270,2023-01-06,3,15
189805,5739,506,2023-10-09,2,5
189815,2595,483,2023-10-04,1,5
189840,9364,121,2023-09-08,1,2
189855,5129,513,2023-03-09,1,0
189858,1102,472,2023-02-03,1,0
189868,7131,272,2023-12-01,1,2
189872,2037,214,2023-05-04,2,0
189873,5248,402,2023-12-12,2,0
189879,165,280,2023-06-05,1,15
189882,884,136,2023-11-03,3,20
189890,9232,530,2023-03-12,3,0
189896,3821,157,2023-03-09,1,2
189897,6966,102,2023-04-11,1,0
189906,233,585,2023-02-03,2,0
189913,6710,174,2023-08-02,2,0
189916,6549,406,2023-08-04,1,2
189917,8817,127,2023-07-12,1,0
189919,1953,558,2023-08-07,2,0
189922,9069,190,2023-03-03,2,5
189924,4828,463,2023-11-03,2,0
189949,7392,401,2023-05-11,1,0
189950,5159,200,2023-02-07,2,5
189957,7130,107,2023-07-09,2,15
189958,7037,477,2023-03-08,2,10
189963,1049,536,2023-09-07,3,10
189970,6786,445,2023-04-09,1,0
189971,4442,436,2023-03-12,1,2
189973,4455,174,2023-04-04,1,0
189981,6018,505,2023-07-05,1,0
189983,730,435,2023-04-06,5,10
189988,1690,451,2023-05-07,5,0
190002,631,268,2023-03-02,1,0
190004,5498,309,2023-04-04,2,5
190006,1586,542,2023-01-10,1,0
190012,8417,506,2023-01-07,1,15
190013,3097,596,2023-04-06,1,0
190014,7197,206,2023-04-02,1,5
190021,7020,191,2023-08-06,4,0
190022,5397,456,2023-08-01,1,0
190027,2361,146,2023-12-04,1,2
190033,7769,412,2023-12-08,3,5
190038,8281,566,2023-11-11,1,10
190063,410,383,2023-10-04,2,10
190066,612,300,2023-10-04,2,10
190067,9192,477,2023-04-03,1,0
190075,7092,508,2023-08-09,1,10
190079,9027,243,2023-06-01,1,0
190085,4477,211,2023-04-07,3,0
190087,8306,207,2023-01-12,2,5
190112,2436,270,2023-03-07,1,10
190116,2776,277,2023-11-10,2,0
190118,7476,513,2023-11-10,1,10
190125,6083,213,2023-06-09,2,2
190126,8409,492,2023-03-09,1,0
190127,8905,271,2023-03-10,2,0
190130,926,483,2023-07-04,2,0
190139,7428,257,2023-06-07,1,0
190145,7154,380,2023-02-11,2,2
190150,4782,140,2023-08-04,4,15
190165,1920,590,2023-11-05,1,5
190169,8135,139,2023-12-10,1,0
190172,4891,151,2023-03-02,1,0
190174,442,279,2023-10-10,2,0
190181,2077,366,2023-03-02,1,0
190187,5492,230,2023-04-08,1,0
190190,9156,172,2023-03-06,3,15
190192,1045,555,2023-09-02,4,10
190202,1709,418,2023-02-10,1,15
190207,3689,593,2023-02-05,3,0
190225,5016,113,2023-01-02,3,0
190234,1119,125,2023-08-02,2,10
190243,3623,562,2023-02-10,1,2
190253,2153,496,2023-07-05,2,0
190257,5494,433,2023-06-06,2,10
190259,497,334,2023-03-08,1,0
190260,5676,501,2023-07-02,1,0
190263,6479,293,2023-01-06,1,2
190272,8680,235,2023-07-05,1,0
190294,4716,384,2023-04-11,1,0
190308,8103,333,2023-01-03,2,5
190310,474,137,2023-12-02,2,10
190311,198,113,2023-06-09,2,10
190316,6849,150,2023-10-12,3,0
190327,5543,342,2023-01-01,2,5
190334,1417,345,2023-07-05,1,5
190348,1569,374,2023-05-07,4,0
190360,4955,357,2023-07-11,1,5
190365,8713,341,2023-11-12,1,0
190371,7073,538,2023-05-02,1,2
190372,4044,371,2023-03-12,3,10
190374,7378,356,2023-07-12,1,0
190377,3895,472,2023-10-05,2,5
190383,5011,148,2023-03-06,5,2
190388,7569,483,2023-03-03,1,5
190415,4267,352,2023-07-06,4,2
190420,2794,583,2023-07-05,1,2
190421,5732,369,2023-01-05,2,10
190424,4424,282,2023-10-11,2,5
190430,303,327,2023-12-01,1,2
190434,658,224,2023-09-02,1,2
190436,2122,320,2023-09-09,4,10
190452,456,563,2023-01-12,2,15
190455,916,293,2023-06-04,1,0
190460,5884,483,2023-03-12,1,0
190463,7600,491,2023-12-07,1,5
190466,196,494,2023-01-07,4,0
190468,6075,437,2023-04-11,2,10
190473,6881,159,2023-08-01,1,0
190478,8960,164,2023-05-11,1,0
190479,3691,400,2023-10-08,3,10
190483,1454,106,2023-07-03,1,10
190485,7009,196,2023-06-12,2,5
190505,7388,322,2023-10-01,1,0
190510,6095,291,2023-12-12,3,0
190516,1928,401,2023-03-03,2,10
190518,7952,389,2023-01-04,1,0
190532,9541,455,2023-10-12,4,5
190544,2722,294,2023-03-08,1,5
190549,7842,137,2023-03-09,2,2
190565,4181,384,2023-05-07,1,0
190601,3065,250,2023-08-05,1,5
190609,6746,265,2023-10-07,3,0
190617,9033,150,2023-09-08,1,0
190627,8467,191,2023-11-05,4,0
190630,7148,449,2023-07-06,3,2
190642,3134,180,2023-08-08,1,2
190653,6663,484,2023-07-08,2,0
190658,8565,468,2023-07-02,1,2
190681,6395,129,2023-02-08,1,5
190707,1217,175,2023-05-10,3,2
190708,3257,173,2023-11-04,3,5
190710,5223,254,2023-06-08,4,10
190712,7289,320,2023-07-08,2,0
190728,7784,181,2023-01-02,3,0
190731,578,462,2023-01-12,1,0
190737,3511,555,2023-06-10,3,0
190739,8324,459,2023-06-11,4,0
190776,9069,538,2023-04-01,1,2
190783,9589,166,2023-12-02,1,0
190786,9861,584,2023-02-06,3,2
190793,198,341,2023-08-01,1,0
190803,8472,351,2023-11-09,1,0
190823,5177,491,2023-04-06,2,2
190826,468,278,2023-05-03,2,5
190827,2299,267,2023-06-05,1,0
190832,4873,189,2023-03-12,4,2
190834,8730,538,2023-03-04,2,2
190836,7165,241,2023-06-04,2,0
190842,4922,395,2023-01-04,3,0
190861,2935,473,2023-10-10,4,0
190870,6231,342,2023-02-06,1,2
190871,1466,361,2023-11-06,1,5
190873,7012,326,2023-01-10,3,2
190883,8319,551,2023-12-12,1,2
190887,9361,237,2023-10-06,1,2
190892,9743,355,2023-03-08,3,10
190894,8680,144,2023-06-07,1,15
190907,8761,460,2023-02-11,2,5
190908,3935,545,2023-09-11,2,0
190913,6343,587,2023-07-09,3,15
190922,925,169,2023-08-02,1,0
190923,3828,559,2023-03-12,1,2
190930,9969,286,2023-04-10,3,0
190938,3109,168,2023-10-08,1,0
190945,3528,593,2023-04-12,3,5
190957,8771,531,2023-05-12,1,5
190988,1794,433,2023-12-02,3,5
190993,7285,407,2023-09-07,4,0
191008,7359,543,2023-03-09,1,2
191015,8401,584,2023-01-12,4,5
191019,3775,294,2023-02-12,1,10
191020,8107,161,2023-04-07,3,0
191029,8690,151,2023-10-12,3,15
191034,3720,209,2023-09-11,2,0
191051,8907,271,2023-06-12,2,5
191055,6629,466,2023-08-08,3,0
191056,5807,409,2023-11-08,1,2
191066,5053,238,2023-06-01,1,2
191067,3225,537,2023-11-01,2,2
191068,5441,304,2023-08-10,1,0
191072,7365,573,2023-07-01,2,15
191074,8819,583,2023-04-08,3,0
191075,6916,203,2023-01-08,1,0
191080,6225,160,2023-10-11,3,2
191089,8031,150,2023-04-04,3,5
191115,8814,149,2023-04-09,2,0
191118,814,248,2023-06-09,1,0
191120,1304,305,2023-04-04,1,0
191124,3806,186,2023-12-03,5,0
191126,729,131,2023-04-06,3,0
191132,9809,507,2023-08-02,1,2
191139,4429,277,2023-11-09,3,0
191147,4782,132,2023-02-02,1,10
191151,8328,394,2023-08-10,1,20
191157,625,424,2023-06-06,2,0
191160,5423,227,2023-08-06,2,15
191166,3124,460,2023-07-08,5,2
191172,4824,519,2023-03-09,3,0
191181,2539,134,2023-11-05,2,0
191182,9377,462,2023-01-02,4,0
191185,9110,385,2023-06-08,3,0
191189,6858,503,2023-09-06,1,0
191198,3729,580,2023-01-09,1,0
191208,8823,465,2023-03-04,1,15
191211,6411,285,2023-11-11,2,0
191224,3957,494,2023-09-05,2,15
191228,9444,269,2023-12-04,1,10
191230,6058,123,2023-05-11,3,2
191233,8219,215,2023-01-09,5,0
191245,8965,514,2023-04-09,3,10
191249,4716,252,2023-07-12,2,0
191263,7080,431,2023-05-03,1,10
191265,6770,440,2023-08-03,1,0
191266,6122,121,2023-04-06,4,0
191277,3720,278,2023-10-06,1,5
191286,4278,180,2023-04-05,5,10
191296,721,310,2023-01-04,1,10
191333,6562,238,2023-08-07,1,5
191341,572,103,2023-10-12,4,0
191343,3296,548,2023-02-10,2,5
191344,4681,520,2023-09-08,4,0
191353,3374,437,2023-09-05,3,10
191362,484,271,2023-07-02,3,10
191369,7485,286,2023-07-03,1,0
191376,4058,525,2023-01-03,3,0
191377,4779,259,2023-08-07,3,15
191383,934,510,2023-05-06,1,15
191386,6628,300,2023-08-01,1,0
191391,4191,273,2023-07-01,1,0
191398,1801,554,2023-01-04,2,0
191401,1647,433,2023-02-08,3,0
191407,7125,255,2023-07-06,1,15
191411,6490,135,2023-02-08,3,2
191418,9011,262,2023-05-03,2,0
191426,5006,433,2023-04-05,1,0
191434,3877,263,2023-10-04,1,0
191440,5125,383,2023-05-07,5,0
191451,5451,420,2023-04-06,2,0
191459,9852,444,2023-06-02,3,5
191464,6685,294,2023-07-07,1,0
191473,1038,226,2023-11-11,1,2
191474,1454,194,2023-01-11,1,0
191476,3502,255,2023-12-09,1,0
191487,5724,550,2023-02-04,3,2
191490,9672,267,2023-01-05,1,20
191496,2091,312,2023-07-10,1,5
191513,9096,393,2023-02-04,3,2
191520,8203,150,2023-07-05,1,0
191524,9158,310,2023-10-05,1,2
191535,4709,228,2023-08-09,2,2
191549,2139,141,2023-12-06,3,0
191555,8530,172,2023-04-07,1,0
191570,2729,186,2023-01-06,3,0
191573,72,374,2023-10-01,3,0
191574,6989,473,2023-07-04,4,0
191580,3548,384,2023-12-09,2,0
191592,3629,446,2023-06-12,1,0
191599,8021,388,2023-12-05,1,0
191603,7849,431,2023-09-06,4,0
191610,6708,259,2023-05-05,1,0
191622,6839,325,2023-05-08,1,2
191626,4733,515,2023-02-09,3,0
191632,5990,473,2023-05-11,1,2
191649,8679,463,2023-10-10,1,10
191651,4272,324,2023-08-12,3,0
191653,6109,515,2023-10-03,1,0
191657,7880,478,2023-06-01,2,0
191665,2497,267,2023-10-01,1,5
191668,8280,107,2023-06-11,1,10
191698,9364,543,2023-09-09,2,5
191710,773,215,2023-06-04,1,0
191716,1453,103,2023-11-06,1,2
191722,9249,274,2023-09-06,2,0
191723,9416,496,2023-07-02,1,5
191725,6896,222,2023-04-09,3,0
191727,6972,467,2023-06-02,1,2
191733,4292,293,2023-08-03,3,0
191739,5241,250,2023-04-03,2,2
191758,9689,266,2023-09-02,3,10
191772,8537,401,2023-05-11,2,0
191774,6762,198,2023-07-01,2,5
191791,2235,453,2023-08-04,2,0
191792,5863,367,2023-02-03,1,0
191800,9251,396,2023-06-09,2,10
191804,6361,287,2023-10-01,5,15
191811,4844,193,2023-05-12,3,2
191815,4924,529,2023-03-07,3,0
191817,6661,210,2023-09-10,2,0
191822,6419,555,2023-09-11,1,0
191826,7425,315,2023-09-11,2,0
191828,4569,378,2023-11-05,1,0
191830,5747,149,2023-03-11,4,10
191861,8983,216,2023-05-03,3,2
191866,5964,422,2023-04-09,3,10
191867,410,419,2023-02-06,2,5
191884,5206,403,2023-05-10,1,10
191898,1509,553,2023-02-01,2,5
191899,6067,149,2023-01-04,2,0
191904,4452,125,2023-09-04,2,2
191906,5878,435,2023-06-11,1,10
191908,423,234,2023-05-05,2,5
191914,1852,177,2023-02-09,1,0
191932,8462,424,2023-09-11,4,0
191933,8283,290,2023-05-09,4,0
191939,897,428,2023-12-01,2,0
191949,7308,209,2023-06-01,5,0
191952,3533,410,2023-02-03,1,0
191954,7574,524,2023-03-05,2,0
191967,7665,320,2023-01-02,1,0
191968,1837,325,2023-04-02,1,0
191971,124,235,2023-06-12,3,2
191973,1864,555,2023-09-04,1,0
191978,2336,126,2023-11-08,1,2
191982,8262,371,2023-07-03,4,0
191987,7332,432,2023-07-06,2,0
191990,1649,103,2023-09-03,4,2
191991,8992,365,2023-05-04,1,0
192002,4297,285,2023-02-04,3,0
192007,2884,284,2023-09-12,1,15
192022,7266,510,2023-05-03,2,10
192027,1709,189,2023-08-09,2,0
192040,827,112,2023-01-11,1,0
192041,2702,456,2023-06-05,3,0
192043,6083,541,2023-12-09,2,2
192050,2878,254,2023-02-02,4,0
192053,4843,168,2023-04-03,2,0
192059,8034,163,2023-09-04,3,5
192064,6235,160,2023-08-04,1,0
192067,2282,191,2023-12-12,1,0
192068,7222,208,2023-09-06,2,10
192072,9219,302,2023-12-09,1,0
192074,9010,248,2023-05-08,1,5
192075,4014,134,2023-07-06,1,10
192081,8007,402,2023-06-07,1,0
192086,2026,310,2023-01-08,1,5
192090,5438,258,2023-12-07,5,5
192092,3909,127,2023-11-05,1,0
192102,4940,153,2023-07-06,1,2
192113,1076,322,2023-10-10,2,0
192119,6178,272,2023-04-03,4,2
192121,1011,543,2023-08-08,1,0
192129,2490,156,2023-09-02,5,2
192130,4428,123,2023-04-05,3,0
192152,5153,595,2023-11-08,1,2
192158,7695,185,2023-01-08,5,2
192162,7229,228,2023-08-03,1,2
192180,4285,227,2023-04-08,4,0
192185,5986,167,2023-07-10,1,0
192187,9475,391,2023-06-05,1,15
192192,9760,156,2023-08-11,1,2
192197,5530,421,2023-03-11,2,15
192206,2775,478,2023-11-12,2,2
192209,2591,403,2023-03-07,1,0
192211,9595,168,2023-09-04,1,0
192216,9369,585,2023-03-03,2,2
192220,6054,472,2023-12-02,2,0
192224,4530,579,2023-05-10,1,2
192234,5732,376,2023-11-10,1,15
192237,6190,585,2023-04-11,1,0
192262,6929,589,2023-12-05,2,2
192284,6351,558,2023-10-02,4,0
192292,3295,534,2023-04-05,3,0
192295,891,160,2023-01-11,1,10
192298,1992,221,2023-06-03,4,15
192305,1327,236,2023-01-02,2,5
192313,7409,468,2023-05-04,2,5
192316,582,558,2023-07-06,2,0
192334,1450,576,2023-09-11,3,10
192335,8768,427,2023-06-04,2,0
192340,8006,434,2023-06-07,3,0
192351,4490,448,2023-09-10,2,0
192357,9249,497,2023-04-08,3,0
192363,2197,585,2023-06-12,1,0
192364,783,287,2023-05-02,3,0
192369,6834,214,2023-08-03,1,0
192375,9890,365,2023-06-03,2,0
192392,5599,439,2023-01-12,3,2
192414,9560,365,2023-03-07,3,2
192416,1432,236,2023-04-06,2,15
192428,181,123,2023-02-07,3,0
192430,6767,245,2023-01-05,1,0
192437,7822,137,2023-12-12,1,10
192442,6259,325,2023-06-09,3,2
192445,1453,506,2023-08-01,1,5
192446,5564,441,2023-03-06,1,0
192450,3670,309,2023-03-02,2,0
192453,7308,435,2023-01-02,1,2
192473,4844,392,2023-03-10,2,10
192476,4016,148,2023-01-03,2,0
192479,3011,310,2023-03-07,2,20
192483,5510,497,2023-01-12,1,0
192487,9675,215,2023-06-03,1,2
192492,1033,226,2023-10-12,3,0
192493,6492,301,2023-12-07,1,2
192501,4511,550,2023-03-08,2,0
192508,7672,592,2023-04-04,1,0
192514,2995,253,2023-01-01,1,2
192515,2517,258,2023-02-11,1,5
192517,2884,415,2023-12-08,2,2
192526,7363,125,2023-02-05,1,2
192531,819,151,2023-05-12,1,0
192538,2091,576,2023-06-12,1,0
192548,3613,519,2023-11-09,2,0
192552,4475,394,2023-02-02,4,0
192562,1,449,2023-04-08,3,2
192563,5469,122,2023-05-11,1,0
192564,8031,423,2023-05-02,1,20
192568,6369,386,2023-10-04,2,0
192575,5110,437,2023-03-08,1,5
192581,566,381,2023-06-07,1,0
192591,8835,369,2023-08-09,1,2
192594,1438,136,2023-10-01,1,2
192595,1886,592,2023-02-02,2,0
192599,506,108,2023-10-03,1,0
192601,7084,127,2023-04-08,2,2
192602,2367,451,2023-05-11,3,10
192606,6540,213,2023-02-06,1,0
192607,6583,589,2023-07-01,2,15
192619,7990,286,2023-12-05,1,10
192638,3711,366,2023-09-09,1,0
192650,4238,113,2023-02-08,1,0
192652,7849,198,2023-04-12,1,0
192661,1941,484,2023-06-11,1,0
192667,2715,515,2023-02-02,4,2
192676,4386,300,2023-11-04,1,0
192679,651,128,2023-11-05,1,5
192699,1848,209,2023-04-12,1,5
192711,1466,132,2023-05-01,1,0
192717,4426,149,2023-06-10,1,2
192719,4716,451,2023-09-02,3,5
192720,6476,406,2023-07-09,3,0
192724,8675,274,2023-12-10,2,0
192732,4291,594,2023-09-10,3,0
192749,1253,283,2023-02-12,1,0
192751,759,377,2023-10-11,1,0
192762,3544,285,2023-03-06,1,5
192766,436,362,2023-12-01,1,0
192769,6712,531,2023-09-06,1,0
192784,3925,158,2023-07-08,3,15
192803,1390,469,2023-08-12,4,0
192810,2565,282,2023-08-12,2,10
192814,5566,392,2023-12-06,5,0
192815,9695,436,2023-07-03,1,10
192822,8228,418,2023-12-06,1,5
192833,8262,386,2023-01-07,2,2
192838,3118,218,2023-04-02,2,0
192839,1911,378,2023-07-04,1,10
192864,3613,153,2023-03-12,1,20
192870,4614,557,2023-12-11,3,0
192878,9513,592,2023-02-01,1,5
192880,5441,549,2023-03-10,2,0
192887,7083,409,2023-04-03,3,0
192894,2601,124,2023-01-06,2,0
192895,8024,291,2023-11-10,3,0
192909,8846,311,2023-02-09,1,5
192914,3292,315,2023-02-01,1,0
192916,9503,547,2023-02-11,2,0
192929,1812,566,2023-06-04,3,5
192946,9125,201,2023-09-08,3,5
192947,1437,240,2023-11-01,4,5
192950,6075,195,2023-07-01,1,0
192955,1206,126,2023-04-04,3,0
192967,5321,359,2023-03-12,2,0
192969,6479,134,2023-07-01,2,2
192982,9866,496,2023-11-02,5,0
192986,6536,430,2023-07-09,1,2
192992,8681,534,2023-11-03,3,5
192993,5555,465,2023-07-11,1,0
193001,9823,456,2023-07-02,3,0
193010,4429,595,2023-01-02,3,0
193028,3613,180,2023-01-11,1,2
193042,3775,223,2023-06-10,1,0
193050,8066,457,2023-12-08,1,0
193059,5761,486,2023-10-04,1,10
193063,1292,259,2023-07-04,2,5
193082,4950,416,2023-11-08,3,10
193086,8538,371,2023-10-01,2,0
193093,1623,512,2023-05-11,1,0
193096,2235,514,2023-02-11,3,0
193104,4709,492,2023-01-10,1,0
193108,7034,266,2023-11-01,1,2
193109,1725,363,2023-07-11,1,0
193110,4578,560,2023-04-08,1,0
193117,8525,229,2023-02-11,2,5
193126,8657,416,2023-07-03,1,5
193135,3502,594,2023-11-11,1,0
193140,7674,313,2023-04-07,1,0
193145,9477,191,2023-12-12,1,10
193152,1626,508,2023-08-09,1,0
193157,1417,586,2023-04-07,1,0
193158,7289,471,2023-06-12,2,5
193160,8849,111,2023-04-02,1,0
193185,5885,353,2023-07-11,3,0
193190,9355,121,2023-08-09,3,0
193191,5363,129,2023-03-01,2,5
193196,9639,297,2023-05-12,1,2
193222,4663,432,2023-01-07,1,0
193223,561,419,2023-11-08,4,0
193231,1240,245,2023-09-06,1,5
193234,8277,198,2023-10-07,4,5
193246,3303,323,2023-12-07,1,2
193251,1771,397,2023-03-06,1,0
193257,9785,324,2023-07-08,3,0
193259,8834,486,2023-12-09,3,0
193264,2218,276,2023-07-12,1,10
193267,3314,536,2023-12-07,4,5
193268,7523,580,2023-06-07,2,5
193278,5782,386,2023-07-07,3,0
193287,340,501,2023-01-09,2,0
193291,3821,234,2023-06-04,3,0
193298,9945,205,2023-04-05,2,2
193301,4568,406,2023-09-12,2,5
193305,5555,242,2023-03-10,3,10
193306,3804,197,2023-04-07,4,10
193308,2164,168,2023-03-04,2,0
193316,1237,588,2023-09-01,1,10
193334,840,133,2023-12-03,1,2
193335,557,535,2023-03-05,1,0
193345,1780,368,2023-11-01,3,0
193358,1189,523,2023-02-12,5,0
193363,3728,258,2023-05-04,2,0
193364,8142,186,2023-05-10,1,2
193375,1434,339,2023-12-11,2,0
193395,2,467,2023-02-04,2,5
193408,5236,598,2023-02-01,2,0
193414,4907,422,2023-03-09,1,15
193417,4594,268,2023-06-11,2,0
193424,8443,416,2023-04-05,3,0
193447,3849,409,2023-06-10,1,0
193463,5407,296,2023-04-08,2,0
193470,6917,418,2023-03-02,1,0
193472,3319,520,2023-02-01,1,5
193484,4811,572,2023-07-07,2,0
193486,6739,251,2023-04-08,4,0
193487,6663,430,2023-08-03,1,5
193502,4530,599,2023-03-06,2,0
193509,1593,523,2023-06-10,2,2
193515,8102,345,2023-02-04,1,5
193516,9892,494,2023-05-04,1,2
193520,4039,524,2023-11-06,2,10
193525,9681,136,2023-06-01,4,2
193526,7042,436,2023-08-07,1,0
193537,3130,179,2023-06-01,2,0
193543,8918,360,2023-01-08,1,0
193545,1583,305,2023-05-11,2,0
193552,3594,149,2023-02-11,3,0
193585,9675,402,2023-04-05,3,15
193588,7397,151,2023-06-02,2,5
193589,8457,305,2023-01-03,2,0
193599,1342,236,2023-12-08,4,0
193612,1049,162,2023-02-01,3,10
193624,6727,285,2023-06-07,5,10
193630,4359,486,2023-08-01,3,2
193632,4584,101,2023-05-12,2,2
193635,5081,308,2023-03-10,2,0
193640,8823,111,2023-10-05,2,0
193650,7092,209,2023-02-10,1,10
193653,6165,388,2023-09-07,1,0
193659,2552,195,2023-05-10,1,0
193660,249,257,2023-11-04,1,0
193669,7899,110,2023-04-06,1,0
193684,844,474,2023-05-07,3,5
193686,153,406,2023-11-04,3,0
193695,4030,381,2023-05-05,4,2
193706,5205,534,2023-05-12,1,0
193707,4663,551,2023-03-01,5,0
193709,9251,173,2023-06-01,4,2
193712,7289,251,2023-07-03,1,2
193713,3967,477,2023-09-01,1,0
193721,489,336,2023-10-04,3,2
193722,1556,560,2023-12-07,1,0
193737,3086,144,2023-10-10,2,2
193748,9378,239,2023-09-01,3,0
193757,3152,472,2023-09-09,2,0
193766,3926,136,2023-07-11,3,0
193769,8042,320,2023-12-10,2,0
193776,4808,423,2023-12-12,1,2
193780,6558,324,2023-06-09,1,2
193782,2385,209,2023-03-07,3,2
193783,6329,359,2023-09-09,3,10
193784,6198,536,2023-06-12,1,0
193785,3129,588,2023-05-10,4,5
193791,1568,340,2023-04-03,1,0
193807,2826,325,2023-07-03,1,0
193814,5415,219,2023-09-11,1,5
193819,9386,256,2023-04-10,2,5
193822,1809,484,2023-10-09,3,0
193830,8227,193,2023-05-08,4,15
193837,9100,174,2023-08-03,1,0
193842,7154,389,2023-09-02,2,0
193847,6896,462,2023-02-06,1,0
193854,357,428,2023-09-02,1,5
193857,7999,553,2023-03-03,2,0
193860,1836,105,2023-04-06,1,5
193861,4281,405,2023-07-02,1,10
193864,7504,435,2023-01-11,1,0
193870,8903,440,2023-01-02,3,0
193879,489,588,2023-06-06,4,2
193880,7541,375,2023-09-09,2,0
193890,8927,205,2023-03-03,1,2
193891,8548,108,2023-02-04,3,0
193892,6960,281,2023-12-01,2,0
193915,4918,530,2023-02-06,1,0
193916,6177,181,2023-03-08,2,20
193935,2497,346,2023-05-08,1,0
193943,8064,121,2023-10-09,3,2
193948,7102,190,2023-02-06,2,0
193950,7892,290,2023-11-07,1,10
193955,2105,425,2023-02-03,4,0
193956,9353,175,2023-10-08,1,15
193962,2226,118,2023-05-06,1,10
193967,7602,188,2023-08-05,1,10
193977,5765,265,2023-02-01,1,2
193981,4243,379,2023-03-06,2,0
193995,1052,196,2023-06-08,2,0
193997,1379,145,2023-11-07,1,0
193998,2927,546,2023-01-07,1,0
194000,1837,137,2023-08-08,3,0
194003,5426,593,2023-10-12,4,0
194006,5883,242,2023-05-08,2,0
194007,5777,594,2023-10-05,2,2
194018,8409,393,2023-07-08,3,2
194027,3398,155,2023-12-02,3,10
194043,8595,393,2023-09-03,5,10
194047,7564,491,2023-10-02,1,2
194055,309,362,2023-12-09,1,0
194073,9759,172,2023-12-04,1,2
194077,5932,153,2023-05-12,1,0
194083,2235,564,2023-02-12,3,0
194086,9483,388,2023-06-12,1,2
194088,655,583,2023-09-06,3,0
194092,3295,195,2023-06-11,3,2
194094,5051,164,2023-11-02,2,5
194102,6936,128,2023-12-08,1,15
194104,2013,303,2023-01-10,1,10
194107,7425,246,2023-08-02,1,0
194140,1585,410,2023-11-10,1,5
194149,4381,540,2023-05-11,2,0
194156,5880,340,2023-08-01,4,2
194157,4598,378,2023-09-09,3,0
194159,5441,525,2023-06-07,2,5
194164,986,263,2023-03-09,3,2
194169,8127,176,2023-07-03,1,2
194170,824,578,2023-04-05,1,0
194172,935,238,2023-05-06,2,2
194188,5504,197,2023-10-01,3,0
194194,1875,194,2023-02-04,3,0
194195,6193,287,2023-05-05,1,0
194215,4280,200,2023-02-11,1,0
194223,1306,439,2023-08-08,1,20
194238,7079,252,2023-12-05,2,0
194240,9390,283,2023-01-05,1,0
194248,6536,417,2023-08-01,4,0
194261,1487,488,2023-06-12,3,0
194263,5368,130,2023-10-02,5,5
194271,6515,220,2023-11-06,4,5
194275,5093,161,2023-11-09,2,0
194287,4677,264,2023-02-10,1,0
194289,5956,234,2023-09-07,1,0
194291,8584,206,2023-03-04,4,0
194305,1595,458,2023-04-09,2,0
194314,7237,226,2023-12-08,3,0
194341,8726,508,2023-04-03,1,15
194343,4841,376,2023-03-05,1,0
194344,4114,544,2023-03-12,3,5
194345,2160,316,2023-01-05,1,0
194354,4255,365,2023-01-09,2,0
194356,7624,384,2023-10-07,1,5
194383,6972,171,2023-06-09,1,0
194392,7712,461,2023-11-12,1,0
194393,6882,485,2023-05-10,1,5
194396,9596,473,2023-12-03,1,0
194401,9950,472,2023-10-08,1,0
194414,4424,239,2023-09-03,3,0
194419,2313,313,2023-08-09,2,0
194433,3670,309,2023-06-03,1,0
194436,9330,379,2023-01-02,3,0
194453,3697,343,2023-12-10,3,2
194468,7167,188,2023-02-12,4,0
194469,3823,200,2023-09-01,1,0
194505,8424,113,2023-07-10,1,5
194506,2506,413,2023-04-06,3,10
194519,1727,231,2023-01-08,1,10
194524,6966,598,2023-04-02,1,0
194527,2481,364,2023-04-05,2,2
194530,2322,505,2023-12-12,1,5
194532,256,431,2023-09-08,3,0
194539,2749,475,2023-11-06,1,0
194545,6418,348,2023-04-08,1,10
194547,4593,305,2023-01-04,3,0
194553,3136,257,2023-04-06,3,2
194562,6608,582,2023-02-06,3,10
194564,1816,238,2023-05-05,3,0
194569,9928,348,2023-01-08,3,0
194573,7950,326,2023-06-09,1,5
194577,918,529,2023-12-03,1,0
194582,5673,338,2023-02-04,1,0
194585,5411,265,2023-06-04,4,0
194587,871,584,2023-06-08,1,0
194589,1903,379,2023-08-10,3,5
194593,6015,526,2023-04-05,1,0
194598,8031,127,2023-01-03,3,2
194599,878,129,2023-10-08,3,10
194601,2332,153,2023-10-03,2,0
194616,1279,395,2023-04-12,1,0
194623,6827,104,2023-02-12,1,2
194631,6303,360,2023-10-05,1,5
194632,7696,553,2023-11-12,1,0
194635,3378,363,2023-01-04,3,0
194636,7222,104,2023-02-10,3,0
194638,1709,251,2023-01-04,1,0
194639,5494,264,2023-04-03,1,0
194646,9080,420,2023-06-08,1,2
194649,7152,141,2023-03-07,3,0
194656,910,425,2023-09-01,1,5
194662,7135,199,2023-07-01,1,0
194664,9505,464,2023-09-02,2,0
194673,2905,208,2023-09-02,2,2
194680,6250,325,2023-06-05,1,5
194690,1543,390,2023-02-07,1,2
194701,493,164,2023-12-01,4,0
194710,8377,314,2023-12-02,1,0
194718,1790,285,2023-12-01,4,0
194725,9943,527,2023-05-12,1,0
194731,8825,265,2023-11-07,1,10
194737,7026,488,2023-07-02,1,0
194740,4942,339,2023-04-08,5,10
194743,5167,526,2023-01-01,3,5
194748,1815,506,2023-06-10,2,0
194754,8135,446,2023-02-02,1,0
194759,9061,493,2023-12-11,1,10
194762,8200,598,2023-09-10,1,0
194763,1264,181,2023-08-12,4,0
194768,9386,586,2023-05-08,2,0
194770,9949,535,2023-04-06,2,0
194773,1289,179,2023-06-09,4,10
194775,1369,216,2023-02-07,3,2
194795,3943,271,2023-12-02,5,0
194796,3691,192,2023-04-10,2,10
194816,2539,504,2023-01-10,1,5
194825,1950,552,2023-12-08,1,5
194827,5274,593,2023-01-08,2,0
194831,4045,318,2023-09-09,3,0
194832,4835,440,2023-03-02,2,0
194834,3926,112,2023-01-09,3,0
194836,9416,213,2023-11-04,4,0
194837,1875,137,2023-12-09,1,0
194842,9379,268,2023-04-11,3,0
194844,2095,470,2023-01-02,5,0
194854,1480,383,2023-03-06,2,0
194857,2559,484,2023-07-11,4,2
194863,9807,360,2023-08-09,1,5
194870,7210,335,2023-06-03,2,0
194872,6067,290,2023-02-11,1,0
194879,6907,586,2023-01-07,2,2
194889,1875,265,2023-03-08,3,15
194912,1507,539,2023-11-07,5,5
194923,3885,392,2023-12-04,3,0
194925,5174,260,2023-10-05,3,5
194938,4749,587,2023-07-04,3,5
194941,8700,511,2023-10-12,1,0
194943,7769,333,2023-11-01,1,20
194955,9319,539,2023-02-10,1,0
194956,5961,380,2023-01-10,1,15
194961,5215,520,2023-07-03,4,0
194962,5429,412,2023-04-04,1,0
194967,7675,383,2023-02-12,1,15
194979,3340,517,2023-11-07,1,0
194984,1143,570,2023-06-10,2,0
194996,3834,208,2023-07-09,4,0
195016,2281,130,2023-10-10,2,0
195018,3069,525,2023-09-11,1,0
195023,6310,186,2023-10-04,4,10
195027,3108,208,2023-04-05,4,2
195031,8270,274,2023-05-11,1,0
195035,1761,198,2023-06-12,3,15
195046,4056,214,2023-05-08,1,5
195047,7736,310,2023-04-11,2,0
195055,276,341,2023-02-11,1,0
195071,4323,374,2023-08-06,1,0
195079,1281,371,2023-01-01,3,0
195085,1466,223,2023-03-06,1,0
195093,4016,508,2023-09-01,1,0
195096,9612,525,2023-10-08,3,10
195106,651,515,2023-05-06,3,0
195112,8668,294,2023-03-07,2,0
195125,8769,588,2023-09-09,1,2
195142,6259,565,2023-12-09,1,2
195146,2216,487,2023-03-06,1,2
195158,3927,400,2023-03-06,4,5
195161,875,132,2023-02-01,1,0
195169,9264,441,2023-12-10,3,0
195173,9496,259,2023-11-05,1,0
195175,1797,326,2023-09-03,1,0
195180,4521,360,2023-12-09,2,2
195195,6595,235,2023-08-01,5,0
195200,3827,277,2023-09-01,2,0
195212,6142,285,2023-11-11,1,0
195213,8223,353,2023-06-10,1,10
195233,2321,408,2023-10-03,3,0
195236,8278,350,2023-01-12,1,10
195242,5000,565,2023-02-10,2,0
195248,7847,488,2023-10-03,3,15
195260,9125,525,2023-03-04,2,0
195274,3959,518,2023-01-03,2,0
195288,1899,272,2023-07-02,3,0
195298,3903,269,2023-10-01,2,0
195303,9589,554,2023-12-06,3,5
195309,5350,296,2023-06-07,2,2
195316,6666,263,2023-11-02,1,0
195325,6590,285,2023-09-05,1,0
195328,2122,113,2023-10-06,1,2
195332,5218,323,2023-04-11,2,0
195336,8627,523,2023-07-07,4,0
195338,7750,248,2023-07-06,3,0
195340,1902,421,2023-02-12,1,5
195348,9550,348,2023-04-05,3,0
195356,9620,504,2023-09-07,3,10
195362,7276,463,2023-03-08,2,2
195363,2685,483,2023-02-01,1,0
195364,1560,427,2023-12-08,3,2
195371,2169,253,2023-05-12,1,0
195376,1333,300,2023-01-09,2,0
195378,5786,358,2023-01-01,3,0
195385,9120,260,2023-01-05,3,5
195405,730,509,2023-02-06,2,0
195413,7778,509,2023-01-08,4,2
195417,8666,206,2023-03-10,2,0
195419,8869,228,2023-11-10,2,2
195422,480,102,2023-05-10,4,2
195426,5130,244,2023-12-01,5,0
195442,7440,309,2023-03-12,3,10
195444,9146,597,2023-01-07,1,0
195446,3471,431,2023-09-08,1,0
195457,7032,166,2023-05-02,3,2
195458,8166,304,2023-06-12,1,0
195459,8657,264,2023-06-12,2,0
195473,6960,550,2023-08-12,1,15
195475,9617,579,2023-02-05,2,0
195479,1028,353,2023-12-09,1,0
195480,3125,522,2023-11-12,1,2
195481,8143,496,2023-08-09,2,0
195495,176,110,2023-01-07,1,2
195502,5387,518,2023-10-04,4,10
195503,223,338,2023-05-09,3,5
195516,2429,449,2023-06-05,1,5
195525,1283,540,2023-09-12,1,0
195527,3510,187,2023-06-10,1,10
195529,4016,221,2023-06-12,1,0
195538,4871,379,2023-05-01,1,2
195544,6598,516,2023-03-09,5,0
195548,9396,218,2023-07-06,1,0
195566,5496,439,2023-01-11,3,0
195570,1848,250,2023-06-11,3,0
195582,8582,122,2023-09-08,1,0
195586,83,317,2023-04-12,2,0
195589,1979,509,2023-06-10,1,10
195597,2335,226,2023-04-08,2,2
195602,913,545,2023-02-02,1,5
195614,944,523,2023-10-06,1,0
195618,6682,552,2023-05-10,1,5
195619,2506,507,2023-08-06,3,10
195626,7890,201,2023-02-10,2,0
195632,2826,450,2023-09-03,1,0
195634,182,403,2023-09-08,2,0
195638,2139,429,2023-04-05,1,0
195642,6770,424,2023-09-10,1,0
195650,3917,533,2023-06-09,1,0
195655,750,396,2023-05-10,1,0
195658,3583,253,2023-02-07,2,0
195661,4215,448,2023-02-08,3,0
195664,9593,376,2023-10-06,1,0
195666,7926,156,2023-09-09,1,0
195668,2620,286,2023-03-07,3,10
195672,8557,201,2023-01-05,1,0
195677,1725,189,2023-05-03,1,0
195678,1745,226,2023-12-12,2,0
195680,8357,444,2023-06-01,1,0
195685,4824,241,2023-08-10,1,2
195690,6236,201,2023-01-09,3,0
195692,1326,220,2023-06-12,1,2
195695,4653,142,2023-09-02,2,0
195696,9799,258,2023-08-08,1,0
195721,2281,277,2023-02-03,2,0
195722,5310,556,2023-04-08,2,5
195724,3365,184,2023-06-02,2,0
195732,1742,175,2023-09-08,3,2
195733,6744,147,2023-08-03,1,0
195740,8829,453,2023-02-04,2,0
195766,910,554,2023-01-09,3,0
195770,1970,157,2023-05-12,2,0
195773,8746,487,2023-01-10,4,0
195791,8136,164,2023-06-11,3,0
195793,8927,364,2023-02-07,4,5
195804,8582,464,2023-09-10,1,0
195808,4727,307,2023-06-08,4,2
195810,4757,222,2023-05-12,3,0
195817,6514,225,2023-09-04,1,2
195821,7553,159,2023-06-01,1,2
195822,6070,564,2023-02-05,2,10
195848,7442,429,2023-04-12,3,0
195855,4397,564,2023-01-12,1,0
195856,5338,382,2023-08-05,1,0
195879,1973,261,2023-08-08,1,0
195881,6629,161,2023-01-12,3,0
195886,8361,170,2023-07-06,2,5
195891,4280,397,2023-09-07,5,2
195892,9273,508,2023-11-04,1,5
195897,7083,580,2023-09-11,2,0
195898,6834,367,2023-11-09,1,5
195908,1189,134,2023-02-03,1,10
195911,3526,435,2023-05-12,3,0
195918,551,599,2023-04-06,1,2
195919,9446,579,2023-01-05,1,0
195922,4690,547,2023-05-05,2,0
195926,7316,528,2023-06-09,2,0
195928,2977,450,2023-11-12,1,0
195929,5395,144,2023-06-08,2,2
195932,2322,449,2023-11-07,1,0
195947,8261,513,2023-12-03,4,0
195948,8974,497,2023-08-02,1,5
195962,1039,109,2023-12-06,3,0
195964,10,189,2023-10-08,4,10
195968,309,168,2023-02-11,2,5
195969,5630,262,2023-07-09,3,2
195981,3128,123,2023-01-08,1,0
195984,6899,304,2023-07-03,1,0
195995,7155,554,2023-12-06,5,0
195998,4326,172,2023-10-02,1,5
196001,5213,369,2023-05-10,1,0
196004,7408,379,2023-04-01,1,10
196010,1043,383,2023-09-01,3,0
196013,455,265,2023-11-05,1,0
196023,2033,453,2023-03-06,1,0
196032,8941,115,2023-05-07,2,10
196044,2224,303,2023-09-02,1,0
196046,9,389,2023-06-01,2,0
196047,1292,313,2023-01-01,2,0
196061,8899,567,2023-05-01,2,0
196062,6142,213,2023-09-11,2,5
196064,9236,364,2023-12-02,2,0
196067,3443,342,2023-11-12,2,5
196073,1160,439,2023-01-02,1,0
196074,4584,241,2023-11-03,4,2
196080,368,231,2023-09-04,1,10
196082,8428,248,2023-09-04,1,0
196088,8544,543,2023-05-10,1,20
196102,459,394,2023-08-01,3,2
196131,8782,118,2023-03-02,1,0
196157,1417,508,2023-08-04,1,0
196188,9822,316,2023-05-08,3,0
196200,7230,111,2023-07-03,1,2
196216,6879,304,2023-09-03,1,0
196226,233,124,2023-06-02,1,10
196232,1838,164,2023-07-04,3,5
196246,456,124,2023-09-10,5,10
196249,561,194,2023-07-08,1,0
196267,6351,259,2023-10-12,2,20
196270,233,453,2023-04-03,1,0
196277,986,121,2023-03-08,2,0
196279,5162,490,2023-11-07,1,5
196295,3427,435,2023-02-03,1,5
196298,4019,464,2023-02-06,2,0
196303,5883,237,2023-07-03,2,10
196310,1771,417,2023-06-06,1,2
196332,2173,213,2023-05-01,1,5
196350,8744,399,2023-01-03,2,2
196352,2012,545,2023-01-07,3,5
196354,5637,593,2023-02-03,5,0
196361,1581,217,2023-09-08,2,5
196362,9518,383,2023-04-04,2,0
196367,3474,297,2023-04-04,4,0
196384,2332,569,2023-05-07,3,20
196389,121,405,2023-06-01,1,0
196390,1624,576,2023-07-08,4,0
196391,2473,435,2023-12-06,2,5
196406,1049,147,2023-11-09,3,10
196410,6280,182,2023-08-08,1,0
196420,431,589,2023-05-07,3,5
196427,9402,140,2023-02-10,1,0
196433,6235,403,2023-03-04,2,2
196435,8468,202,2023-05-10,1,0
196447,1784,510,2023-11-10,1,5
196450,6547,126,2023-09-11,1,0
196467,2164,279,2023-09-08,2,5
196482,5167,167,2023-01-08,1,5
196484,920,565,2023-07-04,1,0
196490,5071,412,2023-02-11,1,15
196503,7409,568,2023-12-03,1,10
196511,7934,468,2023-12-06,1,0
196512,6310,256,2023-03-09,5,0
196518,9521,167,2023-07-01,1,0
196538,9772,181,2023-07-07,1,2
196540,7123,196,2023-07-06,2,0
196544,7047,309,2023-12-10,4,5
196549,2130,439,2023-10-02,1,15
196553,2589,569,2023-02-11,1,5
196555,4194,472,2023-05-07,4,2
196567,7192,375,2023-12-11,3,2
196568,7946,397,2023-02-11,2,0
196569,9925,594,2023-07-01,1,0
196575,5016,223,2023-02-10,1,0
196582,5267,223,2023-04-04,2,2
196618,7805,222,2023-01-05,1,0
196622,7363,140,2023-08-06,2,0
196632,4594,260,2023-11-10,2,0
196637,4782,242,2023-12-05,1,5
196639,8913,384,2023-08-05,2,2
196642,8539,363,2023-09-10,3,0
196643,9746,565,2023-01-09,5,15
196647,5233,523,2023-11-06,1,0
196651,8202,384,2023-04-08,3,2
196665,1747,454,2023-07-09,1,10
196669,8680,309,2023-08-06,2,10
196693,2925,248,2023-01-05,1,0
196695,5856,523,2023-06-06,2,0
196712,3056,330,2023-11-10,1,5
196713,9077,325,2023-03-10,2,2
196714,2417,546,2023-02-01,2,0
196718,1769,514,2023-05-01,3,0
196725,3364,308,2023-02-09,1,0
196729,3069,291,2023-08-02,2,2
196739,2633,578,2023-11-02,1,5
196751,4521,527,2023-02-06,1,10
196756,6452,319,2023-11-09,1,10
196759,2211,190,2023-10-01,2,2
196778,876,327,2023-12-06,1,0
196789,1381,337,2023-04-03,1,2
196812,8442,570,2023-07-08,3,2
196815,5133,322,2023-02-06,2,0
196820,8381,300,2023-05-03,3,0
196823,154,134,2023-02-07,1,2
196826,6654,415,2023-04-04,2,2
196830,3270,151,2023-11-05,3,10
196848,8941,413,2023-01-03,1,0
196852,5368,527,2023-02-04,1,5
196854,2893,419,2023-05-06,4,0
196856,348,466,2023-11-04,2,0
196867,9372,335,2023-02-12,1,5
196877,1255,479,2023-11-03,2,0
196879,4213,244,2023-05-12,2,10
196882,338,449,2023-11-07,1,2
196887,4969,401,2023-03-09,5,0
196895,1542,410,2023-08-04,4,0
196897,1213,548,2023-07-04,3,15
196906,7575,133,2023-02-01,2,0
196907,3022,108,2023-05-09,2,0
196924,4103,153,2023-02-09,1,10
196925,7235,246,2023-06-11,1,2
196930,7126,244,2023-07-08,1,0
196935,3575,575,2023-09-02,2,0
196943,7948,513,2023-04-03,1,10
196948,6934,130,2023-09-12,3,10
196964,905,572,2023-12-07,2,0
196971,5604,447,2023-04-09,2,2
196975,5619,410,2023-05-09,1,5
196981,7895,412,2023-06-06,2,0
196982,1139,595,2023-06-09,2,0
196990,4359,583,2023-04-07,1,0
196997,8280,428,2023-11-08,1,10
197001,57,372,2023-06-04,2,0
197004,4549,525,2023-01-06,2,2
197005,9205,502,2023-02-09,1,0
197022,8814,259,2023-10-08,3,0
197024,5167,554,2023-08-04,2,0
197025,1113,102,2023-06-12,1,0
197030,1670,160,2023-07-07,3,0
197038,6610,158,2023-06-02,1,10
197044,6629,311,2023-05-09,1,0
197053,1601,590,2023-05-09,1,10
197058,712,255,2023-06-12,1,0
197060,4171,340,2023-12-12,1,10
197090,287,539,2023-04-01,1,0
197096,94,518,2023-01-10,3,0
197103,5427,443,2023-12-01,3,2
197117,9460,548,2023-01-02,4,0
197122,9508,200,2023-02-06,5,0
197137,1013,535,2023-04-06,3,10
197142,6395,316,2023-10-01,1,0
197148,9628,248,2023-01-08,3,0
197149,5129,265,2023-11-01,2,2
197156,8493,196,2023-07-08,3,0
197160,3246,225,2023-08-09,1,0
197166,5633,244,2023-07-12,3,0
197171,5080,406,2023-12-01,1,0
197173,4243,436,2023-08-07,2,2
197180,7785,545,2023-08-01,1,0
197198,3462,485,2023-09-04,2,0
197212,8974,509,2023-10-11,2,2
197213,3965,329,2023-02-09,1,0
197227,4827,345,2023-05-04,3,5
197233,7908,436,2023-11-12,2,10
197240,5775,206,2023-12-03,4,0
197241,2012,500,2023-03-02,2,0
197243,7970,423,2023-07-12,2,0
197245,8213,418,2023-06-09,3,0
197246,9699,493,2023-09-02,5,0
197252,8690,308,2023-03-09,1,0
197253,7009,462,2023-03-01,1,2
197255,1946,323,2023-07-05,3,0
197256,7422,325,2023-02-01,4,2
197259,3622,209,2023-09-03,5,0
197264,6852,450,2023-10-03,3,0
197272,2553,533,2023-12-08,2,10
197283,1624,217,2023-06-01,2,0
197287,5080,410,2023-06-03,2,2
197298,1180,149,2023-02-08,1,2
197303,7624,185,2023-09-03,3,0
197316,8084,353,2023-06-01,1,0
197318,519,561,2023-09-12,1,5
197325,8037,128,2023-06-06,1,2
197333,9672,450,2023-02-09,1,0
197357,8213,424,2023-11-04,4,0
197361,7682,390,2023-01-01,1,0
197364,1771,116,2023-07-07,3,0
197367,7887,462,2023-03-09,1,0
197370,2700,501,2023-11-08,2,0
197372,7228,139,2023-11-02,1,0
197373,357,252,2023-02-11,3,2
197374,1302,585,2023-03-06,2,10
197376,8531,400,2023-05-02,2,0
197380,2232,168,2023-09-11,1,0
197390,9550,241,2023-12-07,3,0
197399,805,459,2023-03-01,1,0
197400,6088,520,2023-01-07,3,0
197404,1940,522,2023-04-10,1,0
197411,5441,182,2023-08-09,1,2
197419,7042,327,2023-07-06,1,0
197431,8771,526,2023-11-12,1,0
197447,3349,492,2023-04-08,1,0
197452,6323,188,2023-05-09,1,0
197455,585,564,2023-07-12,2,5
197458,3218,544,2023-08-06,2,5
197460,6431,530,2023-03-09,1,20
197465,3631,253,2023-10-11,3,0
197467,7228,303,2023-07-05,3,0
197475,8136,355,2023-08-03,1,2
197491,3280,331,2023-08-06,1,0
197501,3212,495,2023-08-02,3,0
197506,3611,198,2023-07-08,2,0
197539,6368,500,2023-03-12,2,5
197551,9743,461,2023-07-08,3,0
197555,4244,119,2023-10-03,3,0
197560,5248,583,2023-06-10,1,5
197566,7068,290,2023-03-12,4,0
197569,1955,430,2023-11-06,4,0
197594,412,486,2023-03-05,1,15
197613,7955,322,2023-02-10,3,0
197621,5133,474,2023-05-03,3,5
197634,2670,453,2023-03-12,1,0
197636,539,209,2023-06-03,3,0
197647,4589,451,2023-12-03,3,5
197650,4704,306,2023-01-07,2,2
197667,8525,145,2023-03-01,3,10
197669,1690,534,2023-01-07,3,0
197672,1906,554,2023-09-10,1,0
197676,9697,510,2023-11-06,5,5
197692,6985,253,2023-08-04,4,0
197723,6812,172,2023-07-08,2,10
197732,5821,425,2023-11-06,3,0
197748,8584,200,2023-11-03,1,0
197753,1598,489,2023-12-02,1,5
197755,5204,202,2023-10-04,1,0
197757,6897,178,2023-08-05,4,5
197759,9982,525,2023-12-11,2,5
197772,6372,517,2023-05-08,1,0
197779,2242,361,2023-06-07,4,0
197787,6536,141,2023-06-06,1,0
197797,1933,510,2023-05-08,1,0
197800,3504,505,2023-08-12,1,20
197814,8310,452,2023-10-03,2,0
197840,3303,422,2023-12-01,2,0
197841,4725,263,2023-06-05,3,10
197844,518,275,2023-04-09,3,5
197848,5070,225,2023-01-09,2,0
197865,805,564,2023-10-09,3,0
197869,758,402,2023-01-11,1,5
197881,5438,246,2023-05-09,3,0
197891,5509,359,2023-10-09,1,5
197901,910,170,2023-08-11,2,10
197934,4372,350,2023-01-10,3,0
197943,1863,271,2023-04-09,1,0
197963,750,433,2023-03-05,5,5
197966,2818,433,2023-12-12,4,10
197976,9213,241,2023-01-12,2,10
197987,3803,130,2023-01-09,2,0
197991,7955,495,2023-10-06,2,0
197994,5571,319,2023-12-10,2,5
197999,5364,104,2023-11-12,1,0
198016,1007,451,2023-08-10,1,0
198021,4485,498,2023-10-02,1,5
198027,625,283,2023-06-10,1,5
198029,2858,576,2023-12-07,1,0
198034,420,160,2023-11-03,1,10
198050,3999,540,2023-12-01,4,2
198055,8927,176,2023-06-05,1,0
198056,7749,173,2023-05-05,4,2
198060,286,515,2023-06-05,4,0
198069,1649,265,2023-10-01,4,0
198072,4429,278,2023-01-09,2,2
198075,5652,369,2023-08-11,2,0
198080,8719,236,2023-08-02,2,0
198092,1634,292,2023-10-08,1,2
198097,6815,441,2023-09-12,5,0
198123,9405,461,2023-11-05,2,0
198125,1272,573,2023-10-09,3,0
198126,264,414,2023-01-10,1,0
198132,4397,548,2023-05-09,1,0
198174,7380,547,2023-11-04,2,0
198183,9110,520,2023-01-10,3,2
198187,9729,208,2023-11-11,1,2
198194,5777,432,2023-11-09,1,0
198200,5236,190,2023-10-09,1,0
198204,6789,585,2023-08-01,1,2
198214,4297,214,2023-10-06,1,10
198222,9598,247,2023-07-03,1,0
198224,6713,209,2023-05-06,1,2
198227,6793,277,2023-10-04,3,0
198229,1795,596,2023-11-05,1,0
198230,1038,465,2023-05-03,4,0
198238,3738,514,2023-04-05,2,5
198246,7581,257,2023-08-09,4,5
198249,6352,529,2023-07-04,1,0
198252,4397,163,2023-07-04,2,0
198261,2802,437,2023-12-06,1,0
198276,4199,171,2023-08-09,2,2
198277,5994,304,2023-12-06,2,10
198285,5569,393,2023-02-12,4,0
198291,754,307,2023-09-06,2,5
198297,8965,239,2023-07-01,2,2
198298,1003,256,2023-04-02,2,0
198308,4272,360,2023-06-10,1,0
198314,1466,212,2023-11-04,3,0
198326,3233,180,2023-05-08,3,10
198327,6548,337,2023-08-10,4,10
198330,6313,442,2023-08-07,2,0
198339,3577,374,2023-01-04,1,0
198345,4828,191,2023-10-11,2,0
198353,3670,321,2023-08-03,2,5
198359,2539,460,2023-04-10,4,0
198372,5524,563,2023-06-07,1,15
198376,3629,392,2023-10-10,1,0
198379,5300,107,2023-01-12,3,0
198384,3124,301,2023-09-01,2,0
198389,9695,451,2023-03-12,3,0
198391,8674,300,2023-09-07,3,0
198392,3065,457,2023-07-08,2,0
198400,7600,187,2023-08-07,2,0
198415,5621,223,2023-04-04,3,0
198416,6254,229,2023-05-07,1,0
198426,2649,228,2023-07-05,3,5
198435,5133,536,2023-12-09,1,0
198470,5509,403,2023-12-07,4,0
198478,9405,349,2023-12-12,2,0
198482,1478,594,2023-02-10,2,10
198508,3598,573,2023-07-01,3,5
198523,4567,487,2023-07-09,1,0
198534,918,273,2023-12-09,3,0
198539,8741,284,2023-10-05,2,0
198548,9572,335,2023-02-07,4,10
198549,6088,487,2023-05-11,2,15
198552,5213,197,2023-09-01,1,0
198563,2494,230,2023-12-03,3,0
198566,7717,311,2023-03-03,3,0
198575,7393,233,2023-02-06,2,2
198582,9444,323,2023-12-07,1,2
198584,4862,449,2023-07-04,1,2
198595,3729,595,2023-01-04,1,0
198598,8885,139,2023-08-02,1,0
198608,3134,422,2023-09-11,1,0
198609,3223,575,2023-06-10,1,15
198613,5071,420,2023-04-03,1,0
198620,4953,159,2023-07-05,1,2
198630,1039,359,2023-04-09,2,15
198636,7436,243,2023-01-01,1,0
198641,8728,414,2023-08-05,4,2
198646,3643,187,2023-05-04,1,2
198651,8818,438,2023-02-04,1,0
198658,6369,422,2023-02-01,2,2
198675,3128,184,2023-07-09,5,5
198676,6654,126,2023-10-02,1,0
198679,7170,333,2023-07-05,3,5
198689,2057,488,2023-06-01,2,0
198690,8284,539,2023-07-02,1,0
198704,5310,381,2023-11-10,3,15
198714,3622,269,2023-11-01,1,0
198719,4171,232,2023-11-06,2,0
198725,2091,484,2023-07-11,2,10
198729,5411,423,2023-12-08,1,0
198742,6888,483,2023-12-06,1,0
198746,8906,470,2023-06-02,1,0
198754,1974,130,2023-07-07,2,10
198759,8228,505,2023-06-01,2,0
198764,6042,466,2023-01-02,3,5
198765,1038,522,2023-08-03,2,2
198771,159,576,2023-02-01,1,0
198779,1387,367,2023-08-04,2,0
198788,2856,217,2023-10-02,2,5
198793,4464,368,2023-08-06,1,10
198802,1060,279,2023-11-01,5,0
198805,5396,527,2023-09-04,4,10
198807,6922,410,2023-09-01,1,0
198816,486,461,2023-04-03,2,0
198820,9211,158,2023-08-01,1,0
198823,2712,279,2023-01-02,1,0
198825,5559,303,2023-03-07,3,0
198829,6338,214,2023-07-04,1,2
198843,1763,310,2023-08-06,1,5
198844,4244,235,2023-01-09,1,0
198850,1969,482,2023-05-09,2,0
198851,6826,495,2023-12-04,3,15
198856,246,340,2023-02-04,2,10
198863,9416,455,2023-07-12,4,0
198864,4179,131,2023-11-10,1,5
198867,6220,296,2023-01-01,1,0
198874,9780,558,2023-07-01,2,15
198877,4650,506,2023-01-02,1,0
198898,6308,156,2023-03-02,1,0
198901,3636,593,2023-02-10,1,2
198902,5295,220,2023-12-09,1,5
198908,2562,325,2023-01-05,4,0
198931,4584,563,2023-04-11,1,2
198941,7564,504,2023-08-02,2,10
198944,8152,285,2023-09-10,1,0
198946,2236,503,2023-05-08,1,2
198951,6536,520,2023-02-03,4,0
198964,1060,401,2023-08-12,1,5
198976,1139,114,2023-01-10,4,15
198978,3901,365,2023-10-04,1,0
198979,4739,582,2023-06-11,2,0
198985,7878,338,2023-10-02,1,0
198986,9348,262,2023-07-01,1,0
198996,9905,174,2023-06-11,1,2
199000,9233,521,2023-10-07,4,0
199016,8545,130,2023-02-03,1,0
199021,2226,322,2023-09-09,3,0
199029,6595,126,2023-12-02,1,0
199059,2033,227,2023-07-03,2,0
199094,3056,281,2023-09-08,1,0
199097,6175,491,2023-10-10,1,10
199118,8878,329,2023-02-10,1,0
199123,7926,494,2023-09-08,3,0
199138,2224,451,2023-11-08,3,2
199141,1379,120,2023-07-10,2,0
199143,2951,107,2023-02-11,1,0
199144,1305,228,2023-10-01,1,10
199146,6452,545,2023-10-01,1,2
199148,3785,599,2023-02-05,3,2
199149,8829,239,2023-08-01,1,0
199153,6614,574,2023-01-11,2,0
199157,2017,444,2023-08-09,4,5
199172,2685,403,2023-03-01,1,0
199177,9691,474,2023-04-03,3,10
199182,3882,590,2023-02-07,3,10
199192,7441,402,2023-04-04,3,5
199195,4434,312,2023-04-10,2,0
199196,8641,124,2023-09-10,2,10
199198,8351,366,2023-09-03,4,0
199200,9925,586,2023-12-03,4,10
199205,5549,417,2023-01-04,1,10
199218,7697,366,2023-04-11,1,0
199222,4174,164,2023-12-06,1,0
199225,4237,115,2023-05-03,2,0
199230,5807,330,2023-03-04,2,10
199235,8280,593,2023-05-03,1,0
199239,972,428,2023-04-12,1,0
199241,8915,257,2023-11-12,3,0
199246,9593,335,2023-07-06,1,0
199255,1138,154,2023-12-08,1,0
199260,1634,576,2023-08-07,5,5
199264,3292,540,2023-06-03,3,2
199269,5621,420,2023-05-11,4,0
199280,5396,310,2023-07-02,1,2
199287,3430,399,2023-09-02,1,5
199289,842,580,2023-06-07,4,5
199292,7281,170,2023-08-01,1,0
199303,5476,435,2023-09-02,1,2
199304,3806,438,2023-03-04,1,2
199311,5566,414,2023-11-09,1,10
199325,2571,570,2023-04-10,1,0
199330,5058,412,2023-02-05,1,0
199331,6490,314,2023-12-05,2,0
199335,9589,284,2023-11-05,2,0
199353,7955,190,2023-03-07,1,10
199358,8780,129,2023-10-07,2,0
199368,9572,464,2023-06-09,1,0
199372,4955,427,2023-08-08,4,15
199386,7291,591,2023-08-03,1,2
199392,7609,438,2023-04-11,1,0
199402,4537,372,2023-11-04,4,0
199411,9809,419,2023-10-02,3,15
199421,9765,116,2023-03-09,1,5
199425,5256,174,2023-05-10,1,10
199449,8771,402,2023-07-07,3,2
199466,8281,591,2023-03-04,1,0
199467,3557,198,2023-02-09,1,2
199478,5790,401,2023-06-03,5,5
199482,3212,448,2023-04-04,1,0
199485,2109,463,2023-01-01,1,0
199487,1702,290,2023-01-07,1,15
199492,4647,344,2023-12-03,2,0
199495,1966,468,2023-09-01,1,10
199499,6893,561,2023-10-11,1,0
199506,5537,426,2023-12-11,1,0
199508,2158,204,2023-02-12,3,0
199510,8858,180,2023-10-05,3,0
199511,581,135,2023-02-11,3,2
199516,5402,530,2023-03-11,1,0
199525,1819,145,2023-10-03,2,0
199529,9381,552,2023-10-04,1,0
199538,3700,151,2023-02-05,1,0
199556,7769,493,2023-04-06,1,0
199558,5010,500,2023-12-11,1,0
199563,5837,441,2023-01-02,1,20
199574,8179,105,2023-03-03,2,10
199575,242,459,2023-07-03,2,5
199576,8944,314,2023-05-04,2,0
199579,6895,227,2023-09-08,2,0
199583,7421,497,2023-06-09,1,2
199584,8979,123,2023-01-03,1,10
199600,3893,342,2023-03-02,5,0
199608,7688,108,2023-02-01,2,5
199615,814,210,2023-02-12,1,2
199619,2522,212,2023-07-02,2,2
199623,2909,443,2023-09-11,4,0
199626,5226,279,2023-05-06,1,2
199627,8719,108,2023-08-06,2,10
199631,8280,275,2023-12-04,2,0
199633,8809,182,2023-06-12,3,5
199634,6264,457,2023-09-08,3,10
199643,109,521,2023-01-12,3,0
199649,4899,534,2023-01-11,1,0
199655,6614,306,2023-12-04,2,2
199661,998,389,2023-12-07,1,10
199666,4490,194,2023-02-07,3,0
199667,8090,215,2023-04-01,3,0
199675,5321,482,2023-05-11,2,2
199676,5075,311,2023-01-05,2,5
199678,9986,311,2023-06-11,2,5
199679,9319,113,2023-02-04,1,5
199680,1119,162,2023-04-04,1,0
199681,9332,539,2023-05-02,1,10
199687,5666,561,2023-02-11,1,5
199695,2737,562,2023-08-06,3,0
199713,4837,332,2023-07-12,1,10
199719,2049,280,2023-12-09,1,0
199721,9366,582,2023-09-11,5,0
199725,6910,226,2023-12-05,3,5
199729,1725,489,2023-08-09,4,0
199735,8996,213,2023-01-12,1,5
199766,8142,186,2023-04-08,1,2
199768,7959,246,2023-09-05,2,0
199789,8540,467,2023-08-09,1,0
199799,8535,439,2023-07-01,2,2
199803,6189,273,2023-11-01,2,5
199808,410,217,2023-07-01,3,2
199812,4828,122,2023-06-11,3,10
199815,6651,454,2023-09-08,3,0
199820,7823,162,2023-10-05,3,0
199823,924,154,2023-04-04,1,0
199826,4048,539,2023-02-04,2,0
199832,1690,113,2023-10-09,3,0
199834,6345,384,2023-07-09,2,0
199835,2522,130,2023-03-04,2,0
199837,837,109,2023-04-12,4,0
199840,534,208,2023-06-08,1,2
199873,2701,101,2023-11-11,3,2
199886,2091,539,2023-12-03,1,0
199889,5110,384,2023-05-05,5,0
199895,6044,332,2023-05-09,1,0
199896,8077,400,2023-05-05,2,5
199905,5768,303,2023-02-11,4,15
199906,8142,403,2023-09-07,3,0
199917,6505,450,2023-06-11,1,2
199928,2218,337,2023-12-09,2,10
199929,2322,185,2023-12-08,2,0
199930,5782,484,2023-09-07,2,2
199933,6030,468,2023-10-01,1,20
199936,5172,513,2023-04-05,2,0
199943,4215,597,2023-04-09,3,0
199953,825,480,2023-01-05,1,10
199955,7369,569,2023-03-04,1,15
